id,source_term,type,pinyin,label,curated_gloss
CAU_00000,脉弦,CAU,Maixian,Wiry pulse,True
CAU_00001,脉细数,CAU,Maixishu,Fine rapid pulse,True
CAU_00002,脉沉细,CAU,Maichenxi,Deep fine pulse,True
CAU_00003,脉滑数,CAU,Maihuashu,Slippery rapid pulse,True
CAU_00004,脉弦数,CAU,Maixianshu,Wiry rapid pulse,True
CAU_00005,脉细,CAU,Maixi,Fine pulse,True
CAU_00006,脉沉,CAU,Maichen,Deep pulse,True
CAU_00007,脉数,CAU,Maishu,Rapid pulse,True
CAU_00008,脉浮,CAU,Maifu,Floating pulse,True
CAU_00009,气虚,CAU,Qixu,Qi deficiency,True
CAU_00010,脉细弱,CAU,Maixiruo,Maixiruo,False
CAU_00011,脉濡,CAU,Mairu,Mairu,False
CAU_00012,阴虚,CAU,Yinxu,Yinxu,False
CAU_00013,湿热,CAU,Shire,Shire,False
CAU_00014,脉滑,CAU,Maihua,Maihua,False
CAU_00015,脾虚,CAU,Pixu,Pixu,False
CAU_00016,风寒,CAU,Fenghan,Fenghan,False
CAU_00017,无力,CAU,Wuli,Wuli,False
CAU_00018,血虚,CAU,Xuexu,Xuexu,False
CAU_00019,脉弦滑,CAU,Maixianhua,Maixianhua,False
CAU_00020,气滞血瘀,CAU,Qizhixueyu,Qizhixueyu,False
CAU_00021,脉弱,CAU,Mairuo,Mairuo,False
CAU_00022,脉洪数,CAU,Maihongshu,Maihongshu,False
CAU_00023,烦躁,CAU,Fanzao,Fanzao,False
CAU_00024,阳虚,CAU,Yangxu,Yangxu,False
CAU_00025,气血两虚,CAU,Qixueliangxu,Qixueliangxu,False
CAU_00026,血瘀,CAU,Xueyu,Xueyu,False
CAU_00027,风热,CAU,Fengre,Fengre,False
CAU_00028,肾虚,CAU,Shenxu,Shenxu,False
CAU_00029,肾阴虚,CAU,Shenyinxu,Shenyinxu,False
CAU_00030,脉细涩,CAU,Maixise,Maixise,False
CAU_00031,胃热,CAU,Weire,Weire,False
CAU_00032,脉缓,CAU,Maihuan,Maihuan,False
CAU_00033,数,CAU,Shu,Shu,False
CAU_00034,脾肾,CAU,Pishen,Pishen,False
CAU_00035,不安,CAU,Buan,Buan,False
CAU_00036,热毒炽盛,CAU,Reduchisheng,Reduchisheng,False
CAU_00037,神疲,CAU,Shenpi,Shenpi,False
CAU_00038,脉涩,CAU,Maise,Maise,False
CAU_00039,脉细弦,CAU,Maixixian,Maixixian,False
CAU_00040,胃虚,CAU,Weixu,Weixu,False
CAU_00041,脉虚,CAU,Maixu,Maixu,False
CAU_00042,细涩,CAU,Xise,Xise,False
CAU_00043,肺虚,CAU,Feixu,Lung deficiency,True
CAU_00044,内热,CAU,Neire,Neire,False
CAU_00045,热毒,CAU,Redu,Redu,False
CAU_00046,缓,CAU,Huan,Huan,False
CAU_00047,脉浮数,CAU,Maifushu,Maifushu,False
CAU_00048,肝肾不足,CAU,Ganshenbuzu,Ganshenbuzu,False
CAU_00049,肺热,CAU,Feire,Feire,False
CAU_00050,脉弦细,CAU,Maixianxi,Maixianxi,False
CAU_00051,脉沉细无力,CAU,Maichenxiwuli,Maichenxiwuli,False
CAU_00052,结代,CAU,Jiedai,Jiedai,False
CAU_00053,伤寒,CAU,Shanghan,Cold damage,True
CAU_00054,气逆,CAU,Qini,Qini,False
CAU_00055,湿热下注,CAU,Shirexiazhu,Shirexiazhu,False
CAU_00056,脉滑实,CAU,Maihuashi,Maihuashi,False
CAU_00057,脾气虚,CAU,Piqixu,Piqixu,False
CAU_00058,虚寒,CAU,Xuhan,Xuhan,False
CAU_00059,虚火上炎,CAU,Xuhuoshangyan,Xuhuoshangyan,False
CAU_00060,阴虚火旺,CAU,Yinxuhuowang,Yinxuhuowang,False
CAU_00061,内伤,CAU,Neishang,Neishang,False
CAU_00062,肝气郁结,CAU,Ganqiyujie,Ganqiyujie,False
CAU_00063,脉洪,CAU,Maihong,Maihong,False
CAU_00064,脾失健运,CAU,Pishijianyun,Spleen failing to transport,True
CAU_00065,气滞,CAU,Qizhi,Qizhi,False
CAU_00066,气血不足,CAU,Qixuebuzu,Qixuebuzu,False
CAU_00067,滑数,CAU,Huashu,Huashu,False
CAU_00068,肝肾阴虚,CAU,Ganshenyinxu,Ganshenyinxu,False
CAU_00069,肝郁,CAU,Ganyu,Ganyu,False
CAU_00070,脉弦涩,CAU,Maixianse,Maixianse,False
CAU_00071,脉虚弱,CAU,Maixuruo,Maixuruo,False
CAU_00072,虚热,CAU,Xure,Xure,False
CAU_00073,阴虚内热,CAU,Yinxuneire,Yinxuneire,False
CAU_00074,少阳,CAU,Shaoyang,Shaoyang,False
CAU_00075,弦细,CAU,Xianxi,Xianxi,False
CAU_00076,肾阴亏虚,CAU,Shenyinkuixu,Shenyinkuixu,False
CAU_00077,脉实,CAU,Maishi,Maishi,False
CAU_00078,脉弦紧,CAU,Maixianjin,Maixianjin,False
CAU_00079,脉微,CAU,Maiwei,Maiwei,False
CAU_00080,脉濡数,CAU,Mairushu,Mairushu,False
CAU_00081,脾肾阳虚,CAU,Pishenyangxu,Pishenyangxu,False
CAU_00082,四肢厥冷,CAU,Sizhijueleng,Sizhijueleng,False
CAU_00083,气血虚弱,CAU,Qixuexuruo,Qixuexuruo,False
CAU_00084,湿热蕴结,CAU,Shireyunjie,Shireyunjie,False
CAU_00085,痰瘀互结,CAU,Tanyuhujie,Tanyuhujie,False
CAU_00086,肝火,CAU,Ganhuo,Ganhuo,False
CAU_00087,肝郁气滞,CAU,Ganyuqizhi,Ganyuqizhi,False
CAU_00088,肾阴不足,CAU,Shenyinbuzu,Shenyinbuzu,False
CAU_00089,脉微欲绝,CAU,Maiweiyujue,Maiweiyujue,False
CAU_00090,脉濡缓,CAU,Mairuhuan,Mairuhuan,False
CAU_00091,脉细无力,CAU,Maixiwuli,Maixiwuli,False
CAU_00092,脾胃虚弱,CAU,Piweixuruo,Piweixuruo,False
CAU_00093,弦滑,CAU,Xianhua,Xianhua,False
CAU_00094,气血亏虚,CAU,Qixuekuixu,Qixuekuixu,False
CAU_00095,火盛,CAU,Huosheng,Huosheng,False
CAU_00096,痰湿,CAU,Tanshi,Tanshi,False
CAU_00097,神昏谵语,CAU,Shenhunzhanyu,Shenhunzhanyu,False
CAU_00098,肝旺,CAU,Ganwang,Ganwang,False
CAU_00099,肝阳上亢,CAU,Ganyangshangkang,Ganyangshangkang,False
CAU_00100,肾阳不足,CAU,Shenyangbuzu,Shenyangbuzu,False
CAU_00101,脉弦细数,CAU,Maixianxishu,Maixianxishu,False
CAU_00102,迫血妄行,CAU,Poxuewangxing,Poxuewangxing,False
CAU_00103,阴血亏虚,CAU,Yinxuekuixu,Yinxuekuixu,False
CAU_00104,弦数,CAU,Xianshu,Xianshu,False
CAU_00105,气血虚,CAU,Qixuexu,Qixuexu,False
CAU_00106,气阴两虚,CAU,Qiyinliangxu,Qiyinliangxu,False
CAU_00107,浮数,CAU,Fushu,Fushu,False
CAU_00108,肾气不足,CAU,Shenqibuzu,Shenqibuzu,False
CAU_00109,脉大,CAU,Maida,Maida,False
CAU_00110,脉沉紧,CAU,Maichenjin,Maichenjin,False
CAU_00111,脉沉细或涩,CAU,Maichenxihuose,Maichenxihuose,False
CAU_00112,脉洪大,CAU,Maihongda,Maihongda,False
CAU_00113,脉濡细,CAU,Mairuxi,Mairuxi,False
CAU_00114,脏躁,CAU,Zangzao,Zangzao,False
CAU_00115,脱,CAU,Tuo,Tuo,False
CAU_00116,脾阳不振,CAU,Piyangbuzhen,Piyangbuzhen,False
CAU_00117,阳衰,CAU,Yangshuai,Yangshuai,False
CAU_00118,五心烦热,CAU,Wuxinfanre,Wuxinfanre,False
CAU_00119,厥阴,CAU,Jueyin,Jueyin,False
CAU_00120,气郁化火,CAU,Qiyuhuahuo,Qiyuhuahuo,False
CAU_00121,水气,CAU,Shuiqi,Shuiqi,False
CAU_00122,湿热壅盛,CAU,Shireyongsheng,Shireyongsheng,False
CAU_00123,濡,CAU,Ru,Ru,False
CAU_00124,热盛,CAU,Resheng,Resheng,False
CAU_00125,神昏,CAU,Shenhun,Shenhun,False
CAU_00126,神疲乏力,CAU,Shenpifali,Shenpifali,False
CAU_00127,肝血不足,CAU,Ganxuebuzu,Ganxuebuzu,False
CAU_00128,肾亏,CAU,Shenkui,Shenkui,False
CAU_00129,肾阳虚,CAU,Shenyangxu,Shenyangxu,False
CAU_00130,胃火内炽,CAU,Weihuoneichi,Weihuoneichi,False
CAU_00131,脉弦滑或滑数,CAU,Maixianhuahuohuashu,Maixianhuahuohuashu,False
CAU_00132,脉沉弱,CAU,Maichenruo,Maichenruo,False
CAU_00133,脉浮紧,CAU,Maifujin,Maifujin,False
CAU_00134,脉紧,CAU,Maijin,Maijin,False
CAU_00135,脉象虚数,CAU,Maixiangxushu,Maixiangxushu,False
CAU_00136,脾气虚弱,CAU,Piqixuruo,Piqixuruo,False
CAU_00137,脾胃虚寒,CAU,Piweixuhan,Piweixuhan,False
CAU_00138,脾虚不运,CAU,Pixubuyun,Pixubuyun,False
CAU_00139,脾虚湿蕴,CAU,Pixushiyun,Pixushiyun,False
CAU_00140,虚热内生,CAU,Xureneisheng,Xureneisheng,False
CAU_00141,血热,CAU,Xuere,Xuere,False
CAU_00142,阴血不足,CAU,Yinxuebuzu,Yinxuebuzu,False
CAU_00143,风热外袭,CAU,Fengrewaixi,Fengrewaixi,False
CAU_00144,内生虚热,CAU,Neishengxure,Neishengxure,False
CAU_00145,吴茱萸,CAU,Wuzhuyu,Wuzhuyu,False
CAU_00146,心虚,CAU,Xinxu,Xinxu,False
CAU_00147,毒盛,CAU,Dusheng,Dusheng,False
CAU_00148,气血不行,CAU,Qixuebuxing,Qixuebuxing,False
CAU_00149,气逆不降,CAU,Qinibujiang,Qinibujiang,False
CAU_00150,湿热内生,CAU,Shireneisheng,Shireneisheng,False
CAU_00151,湿热内蕴,CAU,Shireneiyun,Shireneiyun,False
CAU_00152,火毒炽盛,CAU,Huoduchisheng,Huoduchisheng,False
CAU_00153,热入营血,CAU,Reruyingxue,Reruyingxue,False
CAU_00154,肝火偏旺,CAU,Ganhuopianwang,Ganhuopianwang,False
CAU_00155,肝虚,CAU,Ganxu,Ganxu,False
CAU_00156,肝郁化热,CAU,Ganyuhuare,Ganyuhuare,False
CAU_00157,肝郁脾虚,CAU,Ganyupixu,Ganyupixu,False
CAU_00158,胃失和降,CAU,Weishihejiang,Weishihejiang,False
CAU_00159,胸胁苦满,CAU,Xiongxiekuman,Xiongxiekuman,False
CAU_00160,胸膈满闷,CAU,Xionggemanmen,Xionggemanmen,False
CAU_00161,脉沉弦,CAU,Maichenxian,Maichenxian,False
CAU_00162,脉沉滑,CAU,Maichenhua,Maichenhua,False
CAU_00163,脉缓弱,CAU,Maihuanruo,Maihuanruo,False
CAU_00164,脉象沉数,CAU,Maixiangchenshu,Maixiangchenshu,False
CAU_00165,脉象细数,CAU,Maixiangxishu,Maixiangxishu,False
CAU_00166,脉迟紧,CAU,Maichijin,Maichijin,False
CAU_00167,脾虚失运,CAU,Pixushiyun,Pixushiyun,False
CAU_00168,虚烦,CAU,Xufan,Xufan,False
CAU_00169,见鬼状,CAU,Jianguizhuang,Jianguizhuang,False
CAU_00170,邪陷心肝,CAU,Xiexianxingan,Xiexianxingan,False
CAU_00171,阴虚阳亢,CAU,Yinxuyangkang,Yinxuyangkang,False
CAU_00172,风热湿邪,CAU,Fengreshixie,Fengreshixie,False
CAU_00173,六脉浮数,CAU,Liumaifushu,Liumaifushu,False
CAU_00174,冲气上逆,CAU,Chongqishangni,Chongqishangni,False
CAU_00175,外寒郁遏肺火,CAU,Waihanyuefeihuo,Waihanyuefeihuo,False
CAU_00176,夜卧不安,CAU,Yewobuan,Yewobuan,False
CAU_00177,宣肺化痰,CAU,Xuanfeihuatan,Xuanfeihuatan,False
CAU_00178,寒饮伏肺,CAU,Hanyinfufei,Hanyinfufei,False
CAU_00179,带脉之急,CAU,Daimaizhiji,Daimaizhiji,False
CAU_00180,弦涩,CAU,Xianse,Xianse,False
CAU_00181,心烦不寐,CAU,Xinfanbumei,Xinfanbumei,False
CAU_00182,心肝热盛,CAU,Xinganresheng,Xinganresheng,False
CAU_00183,心肾俱虚,CAU,Xinshenjuxu,Xinshenjuxu,False
CAU_00184,心阴不足,CAU,Xinyinbuzu,Xinyinbuzu,False
CAU_00185,或细数,CAU,Huoxishu,Huoxishu,False
CAU_00186,气机郁结,CAU,Qijiyujie,Qijiyujie,False
CAU_00187,气虚明显,CAU,Qixumingxian,Qixumingxian,False
CAU_00188,气虚血瘀,CAU,Qixuxueyu,Qixuxueyu,False
CAU_00189,气阴两伤,CAU,Qiyinliangshang,Qiyinliangshang,False
CAU_00190,水湿泛滥,CAU,Shuishifanlan,Shuishifanlan,False
CAU_00191,清阳不升,CAU,Qingyangbusheng,Qingyangbusheng,False
CAU_00192,痹阻气血,CAU,Bizuqixue,Bizuqixue,False
CAU_00193,细弦数,CAU,Xixianshu,Xixianshu,False
CAU_00194,细弱,CAU,Xiruo,Xiruo,False
CAU_00195,肝寒里逆,CAU,Ganhanlini,Ganhanlini,False
CAU_00196,肝肾两亏,CAU,Ganshenliangkui,Ganshenliangkui,False
CAU_00197,肝肾亏虚,CAU,Ganshenkuixu,Ganshenkuixu,False
CAU_00198,肝肾精血不足,CAU,Ganshenjingxuebuzu,Ganshenjingxuebuzu,False
CAU_00199,肝脾不调,CAU,Ganpibudiao,Ganpibudiao,False
CAU_00200,肝脾郁怒,CAU,Ganpiyunu,Ganpiyunu,False
CAU_00201,肝郁化火,CAU,Ganyuhuahuo,Ganyuhuahuo,False
CAU_00202,肺气亏虚,CAU,Feiqikuixu,Feiqikuixu,False
CAU_00203,肺经风热,CAU,Feijingfengre,Feijingfengre,False
CAU_00204,肺肾两虚,CAU,Feishenliangxu,Feishenliangxu,False
CAU_00205,肺阴不足,CAU,Feiyinbuzu,Feiyinbuzu,False
CAU_00206,肾气虚,CAU,Shenqixu,Shenqixu,False
CAU_00207,肾虚不固,CAU,Shenxubugu,Shenxubugu,False
CAU_00208,胃中虚火,CAU,Weizhongxuhuo,Weizhongxuhuo,False
CAU_00209,胃火上炎,CAU,Weihuoshangyan,Weihuoshangyan,False
CAU_00210,胸膈烦闷,CAU,Xionggefanmen,Xionggefanmen,False
CAU_00211,脉多沉实,CAU,Maiduochenshi,Maiduochenshi,False
CAU_00212,脉小,CAU,Maixiao,Maixiao,False
CAU_00213,脉弱无力,CAU,Mairuowuli,Mairuowuli,False
CAU_00214,脉微弱,CAU,Maiweiruo,Maiweiruo,False
CAU_00215,脉必洪数,CAU,Maibihongshu,Maibihongshu,False
CAU_00216,脉数有力,CAU,Maishuyouli,Maishuyouli,False
CAU_00217,脉沉细虚数,CAU,Maichenxixushu,Maichenxixushu,False
CAU_00218,脉洪疾,CAU,Maihongji,Maihongji,False
CAU_00219,脉细滑数,CAU,Maixihuashu,Maixihuashu,False
CAU_00220,脉细软,CAU,Maixiruan,Maixiruan,False
CAU_00221,脉象模糊,CAU,Maixiangmohu,Maixiangmohu,False
CAU_00222,脉象虚弱,CAU,Maixiangxuruo,Maixiangxuruo,False
CAU_00223,脏腑积热,CAU,Zangfujire,Zangfujire,False
CAU_00224,脾胃气虚,CAU,Piweiqixu,Piweiqixu,False
CAU_00225,脾胃湿热,CAU,Piweishire,Piweishire,False
CAU_00226,脾胃湿盛,CAU,Piweishisheng,Piweishisheng,False
CAU_00227,脾胃虚,CAU,Piweixu,Piweixu,False
CAU_00228,腑气不通,CAU,Fuqibutong,Fuqibutong,False
CAU_00229,芤,CAU,Kou,Kou,False
CAU_00230,营血亏虚,CAU,Yingxuekuixu,Yingxuekuixu,False
CAU_00231,虚大,CAU,Xuda,Xuda,False
CAU_00232,虚火,CAU,Xuhuo,Xuhuo,False
CAU_00233,血海枯竭,CAU,Xuehaikujie,Xuehaikujie,False
CAU_00234,里实热盛,CAU,Lishiresheng,Lishiresheng,False
CAU_00235,里热,CAU,Lire,Lire,False
CAU_00236,阳虚阴盛,CAU,Yangxuyinsheng,Yangxuyinsheng,False
CAU_00237,风燥,CAU,Fengzao,Fengzao,False
CAU_00238,上盛下虚,CAU,Shangshengxiaxu,Shangshengxiaxu,False
CAU_00239,中气下陷,CAU,Zhongqixiaxian,Zhongqixiaxian,False
CAU_00240,中阳不振,CAU,Zhongyangbuzhen,Zhongyangbuzhen,False
CAU_00241,余邪未清,CAU,Yuxieweiqing,Yuxieweiqing,False
CAU_00242,元气亏损,CAU,Yuanqikuisun,Yuanqikuisun,False
CAU_00243,六脉弦数,CAU,Liumaixianshu,Liumaixianshu,False
CAU_00244,六脉弦紧,CAU,Liumaixianjin,Six pulses wiry and tight,True
CAU_00245,六脉洪大,CAU,Liumaihongda,Liumaihongda,False
CAU_00246,六脉细数者,CAU,Liumaixishuzhe,Liumaixishuzhe,False
CAU_00247,劳伤肾气,CAU,Laoshangshenqi,Laoshangshenqi,False
CAU_00248,厥气上迫,CAU,Jueqishangpo,Jueqishangpo,False
CAU_00249,口苦心烦,CAU,Koukuxinfan,Koukuxinfan,False
CAU_00250,嗜睡,CAU,Shishui,Shishui,False
CAU_00251,外邪侵袭,CAU,Waixieqinxi,Waixieqinxi,False
CAU_00252,太阳经中风,CAU,Taiyangjingzhongfeng,Taiyangjingzhongfeng,False
CAU_00253,寒湿,CAU,Hanshi,Hanshi,False
CAU_00254,寒湿入络,CAU,Hanshiruluo,Hanshiruluo,False
CAU_00255,尺脉必弦紧,CAU,Chimaibixianjin,Chimaibixianjin,False
CAU_00256,尿闭,CAU,Niaobi,Niaobi,False
CAU_00257,弦细数,CAU,Xianxishu,Xianxishu,False
CAU_00258,心悸失眠,CAU,Xinjishimian,Xinjishimian,False
CAU_00259,心气不足,CAU,Xinqibuzu,Xinqibuzu,False
CAU_00260,心火亢盛,CAU,Xinhuokangsheng,Xinhuokangsheng,False
CAU_00261,心火内扰,CAU,Xinhuoneirao,Xinhuoneirao,False
CAU_00262,心火妄动,CAU,Xinhuowangdong,Xinhuowangdong,False
CAU_00263,心经积热,CAU,Xinjingjire,Xinjingjire,False
CAU_00264,心脾两亏,CAU,Xinpiliangkui,Xinpiliangkui,False
CAU_00265,心脾两虚,CAU,Xinpiliangxu,Xinpiliangxu,False
CAU_00266,心脾积热,CAU,Xinpijire,Xinpijire,False
CAU_00267,心营亏虚,CAU,Xinyingkuixu,Xinyingkuixu,False
CAU_00268,昏迷,CAU,Hunmi,Hunmi,False
CAU_00269,欲伤肾精,CAU,Yushangshenjing,Yushangshenjing,False
CAU_00270,正气亏虚,CAU,Zhengqikuixu,Zhengqikuixu,False
CAU_00271,正虚邪留,CAU,Zhengxuxieliu,Zhengxuxieliu,False
CAU_00272,气机郁滞,CAU,Qijiyuzhi,Qijiyuzhi,False
CAU_00273,气滞痰凝,CAU,Qizhitanning,Qizhitanning,False
CAU_00274,气短乏力,CAU,Qiduanfali,Qiduanfali,False
CAU_00275,气血两亏,CAU,Qixueliangkui,Qixueliangkui,False
CAU_00276,气血壅滞,CAU,Qixueyongzhi,Qixueyongzhi,False
CAU_00277,气血失和,CAU,Qixueshihe,Qixueshihe,False
CAU_00278,气血瘀滞,CAU,Qixueyuzhi,Qixueyuzhi,False
CAU_00279,沉弦,CAU,Chenxian,Chenxian,False
CAU_00280,沉弱,CAU,Chenruo,Chenruo,False
CAU_00281,沉细,CAU,Chenxi,Chenxi,False
CAU_00282,沉迟,CAU,Chenchi,Chenchi,False
CAU_00283,泻肺平喘,CAU,Xiefeipingchuan,Xiefeipingchuan,False
CAU_00284,洪数,CAU,Hongshu,Hongshu,False
CAU_00285,渗湿,CAU,Shenshi,Shenshi,False
CAU_00286,湿滞,CAU,Shizhi,Shizhi,False
CAU_00287,湿热交蒸,CAU,Shirejiaozheng,Shirejiaozheng,False
CAU_00288,湿热壅滞,CAU,Shireyongzhi,Shireyongzhi,False
CAU_00289,濡数,CAU,Rushu,Rushu,False
CAU_00290,火毒凝结,CAU,Huoduningjie,Huoduningjie,False
CAU_00291,火毒壅盛,CAU,Huoduyongsheng,Huoduyongsheng,False
CAU_00292,火热炽盛,CAU,Huorechisheng,Huorechisheng,False
CAU_00293,热毒内蕴,CAU,Reduneiyun,Reduneiyun,False
CAU_00294,热毒蕴结,CAU,Reduyunjie,Reduyunjie,False
CAU_00295,热淫于内,CAU,Reyinyunei,Reyinyunei,False
CAU_00296,热盛伤阴,CAU,Reshengshangyin,Reshengshangyin,False
CAU_00297,痰气交阻,CAU,Tanqijiaozu,Tanqijiaozu,False
CAU_00298,痰火内盛,CAU,Tanhuoneisheng,Tanhuoneisheng,False
CAU_00299,痰痫,CAU,Tanxian,Tanxian,False
CAU_00300,瘀塞络脉,CAU,Yusailuomai,Yusailuomai,False
CAU_00301,目失濡养,CAU,Mushiruyang,Mushiruyang,False
CAU_00302,真阴亏损,CAU,Zhenyinkuisun,Zhenyinkuisun,False
CAU_00303,神志异常,CAU,Shenzhiyichang,Shenzhiyichang,False
CAU_00304,精血亏损,CAU,Jingxuekuisun,Jingxuekuisun,False
CAU_00305,肝失条达,CAU,Ganshitiaoda,Ganshitiaoda,False
CAU_00306,肝失疏泄,CAU,Ganshishuxie,Ganshishuxie,False
CAU_00307,肝气强,CAU,Ganqiqiang,Ganqiqiang,False
CAU_00308,肝气郁滞,CAU,Ganqiyuzhi,Ganqiyuzhi,False
CAU_00309,肝经湿热,CAU,Ganjingshire,Ganjingshire,False
CAU_00310,肝经郁热,CAU,Ganjingyure,Ganjingyure,False
CAU_00311,肝肺风热,CAU,Ganfeifengre,Ganfeifengre,False
CAU_00312,肝胆湿热,CAU,Gandanshire,Gandanshire,False
CAU_00313,肝胆火旺,CAU,Gandanhuowang,Gandanhuowang,False
CAU_00314,肝血燥,CAU,Ganxuezao,Ganxuezao,False
CAU_00315,肝郁痰凝,CAU,Ganyutanning,Ganyutanning,False
CAU_00316,肝风内动,CAU,Ganfengneidong,Ganfengneidong,False
CAU_00317,肢冷脉伏,CAU,Zhilengmaifu,Zhilengmaifu,False
CAU_00318,肺失宣降,CAU,Feishixuanjiang,Feishixuanjiang,False
CAU_00319,肺寒,CAU,Feihan,Feihan,False
CAU_00320,肺气上逆,CAU,Feiqishangni,Feiqishangni,False
CAU_00321,肺气虚,CAU,Feiqixu,Feiqixu,False
CAU_00322,肺燥,CAU,Feizao,Feizao,False
CAU_00323,肺经火郁气分,CAU,Feijinghuoyuqifen,Feijinghuoyuqifen,False
CAU_00324,肺经蕴热,CAU,Feijingyunre,Feijingyunre,False
CAU_00325,肺胃热盛,CAU,Feiweiresheng,Feiweiresheng,False
CAU_00326,肺胃郁热,CAU,Feiweiyure,Feiweiyure,False
CAU_00327,肺脉按之无力,CAU,Feimaianzhiwuli,Feimaianzhiwuli,False
CAU_00328,肺脉独迟,CAU,Feimaiduchi,Feimaiduchi,False
CAU_00329,肺脾失调,CAU,Feipishitiao,Feipishitiao,False
CAU_00330,肾劳虚损,CAU,Shenlaoxusun,Shenlaoxusun,False
CAU_00331,肾火郁遏,CAU,Shenhuoyue,Shenhuoyue,False
CAU_00332,肾精亏损,CAU,Shenjingkuisun,Shenjingkuisun,False
CAU_00333,肾阳久衰,CAU,Shenyangjiushuai,Shenyangjiushuai,False
CAU_00334,肾阴亏损,CAU,Shenyinkuisun,Shenyinkuisun,False
CAU_00335,胃气上逆,CAU,Weiqishangni,Weiqishangni,False
CAU_00336,胎上逼心,CAU,Taishangbixin,Taishangbixin,False
CAU_00337,胎动不安,CAU,Taidongbuan,Taidongbuan,False
CAU_00338,胸脘痞闷,CAU,Xiongwanpimen,Xiongwanpimen,False
CAU_00339,胸闷心烦,CAU,Xiongmenxinfan,Xiongmenxinfan,False
CAU_00340,脉乍紧者,CAU,Maizhajinzhe,Abruptly tight pulse,True
CAU_00341,脉乱不齐,CAU,Mailuanbuqi,Mailuanbuqi,False
CAU_00342,脉伏或沉弦,CAU,Maifuhuochenxian,Maifuhuochenxian,False
CAU_00343,脉向弱细小,CAU,Maixiangruoxixiao,Maixiangruoxixiao,False
CAU_00344,脉左关弦数,CAU,Maizuoguanxianshu,Maizuoguanxianshu,False
CAU_00345,脉弦滑或沉细,CAU,Maixianhuahuochenxi,Maixianhuahuochenxi,False
CAU_00346,脉弦紧或浮紧,CAU,Maixianjinhuofujin,Maixianjinhuofujin,False
CAU_00347,脉微细,CAU,Maiweixi,Maiweixi,False
CAU_00348,脉必弦微,CAU,Maibixianwei,Maibixianwei,False
CAU_00349,脉必数,CAU,Maibishu,Maibishu,False
CAU_00350,脉必结涩,CAU,Maibijiese,Maibijiese,False
CAU_00351,脉搏沉迟,CAU,Maibochenchi,Maibochenchi,False
CAU_00352,脉数或浮数,CAU,Maishuhuofushu,Maishuhuofushu,False
CAU_00353,脉来弦硬,CAU,Mailaixianying,Mailaixianying,False
CAU_00354,脉沉无力,CAU,Maichenwuli,Maichenwuli,False
CAU_00355,脉沉细涩,CAU,Maichenxise,Maichenxise,False
CAU_00356,脉沉细滑,CAU,Maichenxihua,Maichenxihua,False
CAU_00357,脉沉细虚,CAU,Maichenxixu,Maichenxixu,False
CAU_00358,脉沉迟,CAU,Maichenchi,Maichenchi,False
CAU_00359,脉洪滑,CAU,Maihonghua,Maihonghua,False
CAU_00360,脉滑有力,CAU,Maihuayouli,Maihuayouli,False
CAU_00361,脉细滑,CAU,Maixihua,Maixihua,False
CAU_00362,脉虚而细,CAU,Maixuerxi,Maixuerxi,False
CAU_00363,脉见缓弱者,CAU,Maijianhuanruozhe,Maijianhuanruozhe,False
CAU_00364,脉证,CAU,Maizheng,Maizheng,False
CAU_00365,脉象举按俱弦,CAU,Maixiangjuanjuxian,Maixiangjuanjuxian,False
CAU_00366,脉象弦数,CAU,Maixiangxianshu,Maixiangxianshu,False
CAU_00367,脉象沉伏,CAU,Maixiangchenfu,Maixiangchenfu,False
CAU_00368,脉象沉滑,CAU,Maixiangchenhua,Maixiangchenhua,False
CAU_00369,脉象濡弱,CAU,Maixiangruruo,Maixiangruruo,False
CAU_00370,脉迟,CAU,Maichi,Maichi,False
CAU_00371,脾气下陷,CAU,Piqixiaxian,Piqixiaxian,False
CAU_00372,脾气不足,CAU,Piqibuzu,Piqibuzu,False
CAU_00373,脾气亏虚,CAU,Piqikuixu,Piqikuixu,False
CAU_00374,脾气郁结,CAU,Piqiyujie,Piqiyujie,False
CAU_00375,脾肺气虚,CAU,Pifeiqixu,Pifeiqixu,False
CAU_00376,脾肾两虚,CAU,Pishenliangxu,Pishenliangxu,False
CAU_00377,脾肾阳衰,CAU,Pishenyangshuai,Pishenyangshuai,False
CAU_00378,脾胃不和,CAU,Piweibuhe,Piweibuhe,False
CAU_00379,脾胃不足,CAU,Piweibuzu,Piweibuzu,False
CAU_00380,脾胃伏火,CAU,Piweifuhuo,Piweifuhuo,False
CAU_00381,脾胃实热,CAU,Piweishire,Piweishire,False
CAU_00382,脾阳虚弱,CAU,Piyangxuruo,Piyangxuruo,False
CAU_00383,脾阳颓败,CAU,Piyangtuibai,Piyangtuibai,False
CAU_00384,蒙蔽清窍,CAU,Mengbiqingqiao,Mengbiqingqiao,False
CAU_00385,虚火内亢,CAU,Xuhuoneikang,Xuhuoneikang,False
CAU_00386,虚风内动,CAU,Xufengneidong,Xufengneidong,False
CAU_00387,虫积内扰,CAU,Chongjineirao,Chongjineirao,False
CAU_00388,血不上荣,CAU,Xuebushangrong,Xuebushangrong,False
CAU_00389,血燥,CAU,Xuezao,Xuezao,False
CAU_00390,运行不畅,CAU,Yunxingbuchang,Yunxingbuchang,False
CAU_00391,通腑泄热,CAU,Tongfuxiere,Tongfuxiere,False
CAU_00392,邪毒壅盛,CAU,Xieduyongsheng,Xieduyongsheng,False
CAU_00393,郁结伤脾,CAU,Yujieshangpi,Yujieshangpi,False
CAU_00394,阳明实者脉伏,CAU,Yangmingshizhemaifu,Yangmingshizhemaifu,False
CAU_00395,阳明经中风,CAU,Yangmingjingzhongfeng,Yangmingjingzhongfeng,False
CAU_00396,阳气亢盛,CAU,Yangqikangsheng,Yangqikangsheng,False
CAU_00397,阳邪,CAU,Yangxie,Yangxie,False
CAU_00398,阴津亏损,CAU,Yinjinkuisun,Yinjinkuisun,False
CAU_00399,阴火炎上,CAU,Yinhuoyanshang,Yinhuoyanshang,False
CAU_00400,阴痫,CAU,Yinxian,Yinxian,False
CAU_00401,阴虚之象,CAU,Yinxuzhixiang,Yinxuzhixiang,False
CAU_00402,阴虚失纳,CAU,Yinxushina,Yinxushina,False
CAU_00403,风伤肠络,CAU,Fengshangchangluo,Fengshangchangluo,False
CAU_00404,风伤脾胃,CAU,Fengshangpiwei,Fengshangpiwei,False
CAU_00405,风寒袭肺,CAU,Fenghanxifei,Fenghanxifei,False
CAU_00406,风湿蕴肤,CAU,Fengshiyunfu,Fengshiyunfu,False
CAU_00407,风热停留,CAU,Fengretingliu,Fengretingliu,False
CAU_00408,风热在表,CAU,Fengrezaibiao,Fengrezaibiao,False
CAU_00409,风热燥涩,CAU,Fengrezaose,Fengrezaose,False
CAU_00410,风痫,CAU,Fengxian,Fengxian,False
CAU_00411,风痰,CAU,Fengtan,Wind-phlegm,True
CAU_00412,食积,CAU,Shiji,Shiji,False
CAU_00413,黄疸,CAU,Huangdan,Huangdan,False
CAU_00414,三焦气化不利,CAU,Sanjiaoqihuabuli,Sanjiaoqihuabuli,False
CAU_00415,上入肝经,CAU,Shangruganjing,Shangruganjing,False
CAU_00416,上部之脉洪紧,CAU,Shangbuzhimaihongjin,Shangbuzhimaihongjin,False
CAU_00417,下元虚冷,CAU,Xiayuanxuleng,Xiayuanxuleng,False
CAU_00418,不月之症,CAU,Buyuezhizheng,Buyuezhizheng,False
CAU_00419,不溏,CAU,Butang,Butang,False
CAU_00420,中气虚弱,CAU,Zhongqixuruo,Zhongqixuruo,False
CAU_00421,中焦虚寒,CAU,Zhongjiaoxuhan,Zhongjiaoxuhan,False
CAU_00422,中虚气怯,CAU,Zhongxuqiqie,Zhongxuqiqie,False
CAU_00423,中阳不足,CAU,Zhongyangbuzu,Zhongyangbuzu,False
CAU_00424,中风,CAU,Zhongfeng,Zhongfeng,False
CAU_00425,主热毒壅结不解,CAU,Zhureduyongjiebujie,Zhureduyongjiebujie,False
CAU_00426,乳积热伤,CAU,Rujireshang,Rujireshang,False
CAU_00427,五脏蕴毒,CAU,Wuzangyundu,Wuzangyundu,False
CAU_00428,以滋大肠,CAU,Yizidachang,Yizidachang,False
CAU_00429,伏邪不解,CAU,Fuxiebujie,Fuxiebujie,False
CAU_00430,伤害阳气,CAU,Shanghaiyangqi,Shanghaiyangqi,False
CAU_00431,伤寒遗毒,CAU,Shanghanyidu,Shanghanyidu,False
CAU_00432,体虚,CAU,Tixu,Tixu,False
CAU_00433,佝偻病,CAU,Gouloubing,Gouloubing,False
CAU_00434,元本虚弱,CAU,Yuanbenxuruo,Yuanbenxuruo,False
CAU_00435,元虚挟风,CAU,Yuanxuxiefeng,Yuanxuxiefeng,False
CAU_00436,六脉微弱,CAU,Liumaiweiruo,Liumaiweiruo,False
CAU_00437,六脉洪大急数,CAU,Liumaihongdajishu,Liumaihongdajishu,False
CAU_00438,六脉皆沉濡而缓,CAU,Liumaijiechenruerhuan,Liumaijiechenruerhuan,False
CAU_00439,其脉大,CAU,Qimaida,Qimaida,False
CAU_00440,其脉如平,CAU,Qimairuping,Qimairuping,False
CAU_00441,其脉浮,CAU,Qimaifu,Qimaifu,False
CAU_00442,内寒外热,CAU,Neihanwaire,Neihanwaire,False
CAU_00443,内生蛆虫,CAU,Neishengquchong,Neishengquchong,False
CAU_00444,内陷心包,CAU,Neixianxinbao,Neixianxinbao,False
CAU_00445,内陷营血,CAU,Neixianyingxue,Neixianyingxue,False
CAU_00446,冷一阵,CAU,Lengyizhen,Lengyizhen,False
CAU_00447,冷少热多,CAU,Lengshaoreduo,Lengshaoreduo,False
CAU_00448,刺手太阴阳明,CAU,Cishoutaiyinyangming,Cishoutaiyinyangming,False
CAU_00449,刺手少阴,CAU,Cishoushaoyin,Cishoushaoyin,False
CAU_00450,刺足厥阴,CAU,Cizujueyin,Cizujueyin,False
CAU_00451,刺足太阳少阴,CAU,Cizutaiyangshaoyin,Cizutaiyangshaoyin,False
CAU_00452,刺足太阴,CAU,Cizutaiyin,Cizutaiyin,False
CAU_00453,劳伤元气,CAU,Laoshangyuanqi,Laoshangyuanqi,False
CAU_00454,劳伤冲任,CAU,Laoshangchongren,Laoshangchongren,False
CAU_00455,厥后微露热形,CAU,Juehouweilurexing,Juehouweilurexing,False
CAU_00456,厥阴麻痹,CAU,Jueyinmabi,Jueyinmabi,False
CAU_00457,发为战栗,CAU,Faweizhanli,Faweizhanli,False
CAU_00458,右关脉洪数,CAU,Youguanmaihongshu,Youguanmaihongshu,False
CAU_00459,右关脉见沉数,CAU,Youguanmaijianchenshu,Youguanmaijianchenshu,False
CAU_00460,右寸关弦紧,CAU,Youcunguanxianjin,Youcunguanxianjin,False
CAU_00461,右寸关脉弦紧,CAU,Youcunguanmaixianjin,Youcunguanmaixianjin,False
CAU_00462,右尺脉时微洪,CAU,Youchimaishiweihong,Youchimaishiweihong,False
CAU_00463,右手脉绝,CAU,Youshoumaijue,Youshoumaijue,False
CAU_00464,右脉多胜于左,CAU,Youmaiduoshengyuzuo,Youmaiduoshengyuzuo,False
CAU_00465,右脉滑大,CAU,Youmaihuada,Youmaihuada,False
CAU_00466,右脉空大,CAU,Youmaikongda,Youmaikongda,False
CAU_00467,吐必涌猛,CAU,Tubiyongmeng,Tubiyongmeng,False
CAU_00468,吐泻津液耗损,CAU,Tuxiejinyehaosun,Tuxiejinyehaosun,False
CAU_00469,呼吸衰竭,CAU,Huxishuaijie,Huxishuaijie,False
CAU_00470,命火衰惫,CAU,Minghuoshuaibei,Minghuoshuaibei,False
CAU_00471,喘嗽,CAU,Chuansou,Chuansou,False
CAU_00472,噫气不除,CAU,Yiqibuchu,Yiqibuchu,False
CAU_00473,土湿阳亏,CAU,Tushiyangkui,Tushiyangkui,False
CAU_00474,土虚木亢,CAU,Tuxumukang,Tuxumukang,False
CAU_00475,培补肝肾,CAU,Peibuganshen,Peibuganshen,False
CAU_00476,外受风热,CAU,Waishoufengre,Waishoufengre,False
CAU_00477,多食易饥,CAU,Duoshiyiji,Duoshiyiji,False
CAU_00478,夜惊睡眠不宁,CAU,Yejingshuimianbuning,Yejingshuimianbuning,False
CAU_00479,大泄气血,CAU,Daxieqixue,Daxieqixue,False
CAU_00480,大虚之候,CAU,Daxuzhihou,Daxuzhihou,False
CAU_00481,太阳证,CAU,Taiyangzheng,Taiyangzheng,False
CAU_00482,太阴经中风,CAU,Taiyinjingzhongfeng,Taiyinjingzhongfeng,False
CAU_00483,夹阴伤寒,CAU,Jiayinshanghan,Jiayinshanghan,False
CAU_00484,子脏寒故,CAU,Zizanghangu,Zizanghangu,False
CAU_00485,客寒包火,CAU,Kehanbaohuo,Kehanbaohuo,False
CAU_00486,寒凝,CAU,Hanning,Hanning,False
CAU_00487,寒凝中脘,CAU,Hanningzhongwan,Hanningzhongwan,False
CAU_00488,寒凝心脉,CAU,Hanningxinmai,Hanningxinmai,False
CAU_00489,寒凝血海,CAU,Hanningxuehai,Hanningxuehai,False
CAU_00490,寒凝血瘀,CAU,Hanningxueyu,Hanningxueyu,False
CAU_00491,寒厥,CAU,Hanjue,Hanjue,False
CAU_00492,寒属脾经,CAU,Hanshupijing,Hanshupijing,False
CAU_00493,寒气壅结,CAU,Hanqiyongjie,Hanqiyongjie,False
CAU_00494,寒气外攻,CAU,Hanqiwaigong,Hanqiwaigong,False
CAU_00495,寒湿内盛,CAU,Hanshineisheng,Hanshineisheng,False
CAU_00496,寒湿内阻,CAU,Hanshineizu,Hanshineizu,False
CAU_00497,寒湿阻络,CAU,Hanshizuluo,Hanshizuluo,False
CAU_00498,寒痰内阻,CAU,Hantanneizu,Hantanneizu,False
CAU_00499,寒胃虫动,CAU,Hanweichongdong,Hanweichongdong,False
CAU_00500,寒血入胞,CAU,Hanxuerubao,Hanxuerubao,False
CAU_00501,寒象明显,CAU,Hanxiangmingxian,Hanxiangmingxian,False
CAU_00502,寒邪兼夹风湿,CAU,Hanxiejianjiafengshi,Hanxiejianjiafengshi,False
CAU_00503,寒邪凝结,CAU,Hanxieningjie,Hanxieningjie,False
CAU_00504,寒闭于外,CAU,Hanbiyuwai,Hanbiyuwai,False
CAU_00505,寸脉大,CAU,Cunmaida,Cunmaida,False
CAU_00506,寻之则弱,CAU,Xunzhizeruo,Xunzhizeruo,False
CAU_00507,小涩,CAU,Xiaose,Xiaose,False
CAU_00508,少许赤丝细脉,CAU,Shaoxuchisiximai,Shaoxuchisiximai,False
CAU_00509,少阳疟夹厥阴,CAU,Shaoyangnvejiajueyin,Shaoyangnvejiajueyin,False
CAU_00510,少阴气多血少,CAU,Shaoyinqiduoxueshao,Shaoyinqiduoxueshao,False
CAU_00511,少阴经中风,CAU,Shaoyinjingzhongfeng,Shaoyinjingzhongfeng,False
CAU_00512,左关必弦洪,CAU,Zuoguanbixianhong,Zuoguanbixianhong,False
CAU_00513,左关脉弦洪,CAU,Zuoguanmaixianhong,Zuoguanmaixianhong,False
CAU_00514,左手脉无力,CAU,Zuoshoumaiwuli,Zuoshoumaiwuli,False
CAU_00515,带数,CAU,Daishu,Daishu,False
CAU_00516,干呕心烦,CAU,Ganouxinfan,Ganouxinfan,False
CAU_00517,平肝嘈杂似饥,CAU,Pinggancaozashiji,Pinggancaozashiji,False
CAU_00518,弦紧有力,CAU,Xianjinyouli,Xianjinyouli,False
CAU_00519,形症脉气俱实,CAU,Xingzhengmaiqijushi,Xingzhengmaiqijushi,False
CAU_00520,形脱,CAU,Xingtuo,Xingtuo,False
CAU_00521,微数,CAU,Weishu,Weishu,False
CAU_00522,心下满闷,CAU,Xinxiamanmen,Xinxiamanmen,False
CAU_00523,心不宁,CAU,Xinbuning,Xinbuning,False
CAU_00524,心中满而烦,CAU,Xinzhongmanerfan,Xinzhongmanerfan,False
CAU_00525,心悸怔忡,CAU,Xinjizhengchong,Xinjizhengchong,False
CAU_00526,心悸重,CAU,Xinjizhong,Xinjizhong,False
CAU_00527,心情烦闷,CAU,Xinqingfanmen,Xinqingfanmen,False
CAU_00528,心气不交,CAU,Xinqibujiao,Xinqibujiao,False
CAU_00529,心气之弱,CAU,Xinqizhiruo,Xinqizhiruo,False
CAU_00530,心气虚损,CAU,Xinqixusun,Xinqixusun,False
CAU_00531,心气郁结,CAU,Xinqiyujie,Xinqiyujie,False
CAU_00532,心火上炎,CAU,Xinhuoshangyan,Xinhuoshangyan,False
CAU_00533,心火乘脾,CAU,Xinhuochengpi,Xinhuochengpi,False
CAU_00534,心火偏亢,CAU,Xinhuopiankang,Xinhuopiankang,False
CAU_00535,心火独旺,CAU,Xinhuoduwang,Xinhuoduwang,False
CAU_00536,心火盛,CAU,Xinhuosheng,Xinhuosheng,False
CAU_00537,心火脾湿,CAU,Xinhuopishi,Xinhuopishi,False
CAU_00538,心烦不宁,CAU,Xinfanbuning,Xinfanbuning,False
CAU_00539,心烦口干,CAU,Xinfankougan,Xinfankougan,False
CAU_00540,心热烦燥神迷,CAU,Xinrefanzaoshenmi,Xinrefanzaoshenmi,False
CAU_00541,心肺风热,CAU,Xinfeifengre,Xinfeifengre,False
CAU_00542,心肾不交,CAU,Xinshenbujiao,Xinshenbujiao,False
CAU_00543,心肾不足,CAU,Xinshenbuzu,Xinshenbuzu,False
CAU_00544,心肾虚,CAU,Xinshenxu,Xinshenxu,False
CAU_00545,心脾亏虚,CAU,Xinpikuixu,Xinpikuixu,False
CAU_00546,心脾火动,CAU,Xinpihuodong,Xinpihuodong,False
CAU_00547,心血不足,CAU,Xinxuebuzu,Xinxuebuzu,False
CAU_00548,心血凝滞,CAU,Xinxueningzhi,Xinxueningzhi,False
CAU_00549,心阳不振,CAU,Xinyangbuzhen,Xinyangbuzhen,False
CAU_00550,急性尿路感染,CAU,Jixingniaoluganran,Jixingniaoluganran,False
CAU_00551,恣欲伤肾,CAU,Ziyushangshen,Ziyushangshen,False
CAU_00552,恶血凝结,CAU,Exueningjie,Exueningjie,False
CAU_00553,情志不舒,CAU,Qingzhibushu,Qingzhibushu,False
CAU_00554,情志失调,CAU,Qingzhishitiao,Qingzhishitiao,False
CAU_00555,惊悸恍惚,CAU,Jingjihuanghu,Jingjihuanghu,False
CAU_00556,惊痫,CAU,Jingxian,Jingxian,False
CAU_00557,感染邪毒,CAU,Ganranxiedu,Ganranxiedu,False
CAU_00558,或洪或数,CAU,Huohonghuoshu,Huohonghuoshu,False
CAU_00559,或洪或软,CAU,Huohonghuoruan,Huohonghuoruan,False
CAU_00560,或细若虾游,CAU,Huoxiruoxiayou,Huoxiruoxiayou,False
CAU_00561,摄纳失常,CAU,Shenashichang,Shenashichang,False
CAU_00562,撮空理线,CAU,Cuokonglixian,Cuokonglixian,False
CAU_00563,攻窜两胁,CAU,Gongcuanliangxie,Gongcuanliangxie,False
CAU_00564,数日伏火之厥,CAU,Shurifuhuozhijue,Shurifuhuozhijue,False
CAU_00565,数而有力,CAU,Shueryouli,Shueryouli,False
CAU_00566,无火证,CAU,Wuhuozheng,Wuhuozheng,False
CAU_00567,昏眩仆地,CAU,Hunxuanpudi,Hunxuanpudi,False
CAU_00568,智力不健,CAU,Zhilibujian,Zhilibujian,False
CAU_00569,暑伤胃气,CAU,Shushangweiqi,Shushangweiqi,False
CAU_00570,暑热余邪不清,CAU,Shureyuxiebuqing,Shureyuxiebuqing,False
CAU_00571,暑热内蕴,CAU,Shureneiyun,Shureneiyun,False
CAU_00572,暑热毒邪,CAU,Shureduxie,Shureduxie,False
CAU_00573,暑邪内伏,CAU,Shuxieneifu,Shuxieneifu,False
CAU_00574,正气不足,CAU,Zhengqibuzu,Zhengqibuzu,False
CAU_00575,正气虚弱,CAU,Zhengqixuruo,Zhengqixuruo,False
CAU_00576,正虚痰凝,CAU,Zhengxutanning,Zhengxutanning,False
CAU_00577,正虚邪恋,CAU,Zhengxuxielian,Zhengxuxielian,False
CAU_00578,毒气深沉,CAU,Duqishenchen,Duqishenchen,False
CAU_00579,毒窜睾腹,CAU,Ducuangaofu,Ducuangaofu,False
CAU_00580,毒风蕴热,CAU,Dufengyunre,Dufengyunre,False
CAU_00581,气上冲心,CAU,Qishangchongxin,Qishangchongxin,False
CAU_00582,气不化水,CAU,Qibuhuashui,Qibuhuashui,False
CAU_00583,气不施化,CAU,Qibushihua,Qibushihua,False
CAU_00584,气不足,CAU,Qibuzu,Qibuzu,False
CAU_00585,气乏,CAU,Qifa,Qifa,False
CAU_00586,气冲脘痛,CAU,Qichongwantong,Qichongwantong,False
CAU_00587,气机不利,CAU,Qijibuli,Qijibuli,False
CAU_00588,气机受阻,CAU,Qijishouzu,Qijishouzu,False
CAU_00589,气机逆乱,CAU,Qijiniluan,Qijiniluan,False
CAU_00590,气液耗伤,CAU,Qiyehaoshang,Qiyehaoshang,False
CAU_00591,气滞二陈流,CAU,Qizhierchenliu,Qizhierchenliu,False
CAU_00592,气滞成痞,CAU,Qizhichengpi,Qizhichengpi,False
CAU_00593,气热,CAU,Qire,Qire,False
CAU_00594,气竭肝伤,CAU,Qijieganshang,Qijieganshang,False
CAU_00595,气脱阳亡,CAU,Qituoyangwang,Qituoyangwang,False
CAU_00596,气营两燔,CAU,Qiyingliangfan,Qiyingliangfan,False
CAU_00597,气虚倦怠,CAU,Qixujuandai,Qixujuandai,False
CAU_00598,气虚发热,CAU,Qixufare,Qixufare,False
CAU_00599,气虚热盛,CAU,Qixuresheng,Qixuresheng,False
CAU_00600,气虚瘀阻,CAU,Qixuyuzu,Qixuyuzu,False
CAU_00601,气虚血少,CAU,Qixuxueshao,Qixuxueshao,False
CAU_00602,气血上逆,CAU,Qixueshangni,Qixueshangni,False
CAU_00603,气血不和,CAU,Qixuebuhe,Qixuebuhe,False
CAU_00604,气血之虚,CAU,Qixuezhixu,Qixuezhixu,False
CAU_00605,气血亏损,CAU,Qixuekuisun,Qixuekuisun,False
CAU_00606,气血俱盛,CAU,Qixuejusheng,Qixuejusheng,False
CAU_00607,气血俱虚,CAU,Qixuejuxu,Qixuejuxu,False
CAU_00608,气血凝滞,CAU,Qixueningzhi,Qixueningzhi,False
CAU_00609,气血劳伤,CAU,Qixuelaoshang,Qixuelaoshang,False
CAU_00610,气血受阻,CAU,Qixueshouzu,Qixueshouzu,False
CAU_00611,气血壅阻,CAU,Qixueyongzu,Qixueyongzu,False
CAU_00612,气血失守,CAU,Qixueshishou,Qixueshishou,False
CAU_00613,气血瘀滞不行,CAU,Qixueyuzhibuxing,Qixueyuzhibuxing,False
CAU_00614,气血纵横,CAU,Qixuezongheng,Qixuezongheng,False
CAU_00615,气血虚少,CAU,Qixuexushao,Qixuexushao,False
CAU_00616,气血阴阳虚衰,CAU,Qixueyinyangxushuai,Qixueyinyangxushuai,False
CAU_00617,气衰言微,CAU,Qishuaiyanwei,Qishuaiyanwei,False
CAU_00618,气逆上冲,CAU,Qinishangchong,Qinishangchong,False
CAU_00619,气郁火结,CAU,Qiyuhuojie,Qiyuhuojie,False
CAU_00620,气阴亏损,CAU,Qiyinkuisun,Qiyinkuisun,False
CAU_00621,气阴亏虚,CAU,Qiyinkuixu,Qiyinkuixu,False
CAU_00622,气阴耗伤,CAU,Qiyinhaoshang,Qiyinhaoshang,False
CAU_00623,水不制火,CAU,Shuibuzhihuo,Shuibuzhihuo,False
CAU_00624,水亏于下,CAU,Shuikuiyuxia,Shuikuiyuxia,False
CAU_00625,水停心下,CAU,Shuitingxinxia,Shuitingxinxia,False
CAU_00626,水停肺肾,CAU,Shuitingfeishen,Shuitingfeishen,False
CAU_00627,水毒内闭,CAU,Shuiduneibi,Shuiduneibi,False
CAU_00628,水湿内阻,CAU,Shuishineizu,Shuishineizu,False
CAU_00629,水邪泛滥,CAU,Shuixiefanlan,Shuixiefanlan,False
CAU_00630,水饮壅结,CAU,Shuiyinyongjie,Shuiyinyongjie,False
CAU_00631,汗出脉微,CAU,Hanchumaiwei,Hanchumaiwei,False
CAU_00632,沉滑,CAU,Chenhua,Chenhua,False
CAU_00633,注鼻疳,CAU,Zhubigan,Zhubigan,False
CAU_00634,泻热止呕湿热重,CAU,Xierezhioushirezhong,Xierezhioushirezhong,False
CAU_00635,津亏,CAU,Jinkui,Jinkui,False
CAU_00636,津枯邪滞,CAU,Jinkuxiezhi,Jinkuxiezhi,False
CAU_00637,浊气上逆,CAU,Zhuoqishangni,Zhuoqishangni,False
CAU_00638,浊气不降,CAU,Zhuoqibujiang,Zhuoqibujiang,False
CAU_00639,浊阴难降,CAU,Zhuoyinnanjiang,Zhuoyinnanjiang,False
CAU_00640,浮大,CAU,Fuda,Fuda,False
CAU_00641,浮滑,CAU,Fuhua,Fuhua,False
CAU_00642,浮滑数,CAU,Fuhuashu,Fuhuashu,False
CAU_00643,浮缓,CAU,Fuhuan,Fuhuan,False
CAU_00644,消瘦乏力,CAU,Xiaoshoufali,Xiaoshoufali,False
CAU_00645,消食兼胃热气滞,CAU,Xiaoshijianweireqizhi,Xiaoshijianweireqizhi,False
CAU_00646,清窍失养,CAU,Qingqiaoshiyang,Qingqiaoshiyang,False
CAU_00647,清阳气虚,CAU,Qingyangqixu,Qingyangqixu,False
CAU_00648,温中燥湿,CAU,Wenzhongzaoshi,Wenzhongzaoshi,False
CAU_00649,温热风暑之邪,CAU,Wenrefengshuzhixie,Wenrefengshuzhixie,False
CAU_00650,温补胃阳,CAU,Wenbuweiyang,Wenbuweiyang,False
CAU_00651,温邪伤肺,CAU,Wenxieshangfei,Wenxieshangfei,False
CAU_00652,温邪时毒,CAU,Wenxieshidu,Wenxieshidu,False
CAU_00653,湿冷,CAU,Shileng,Shileng,False
CAU_00654,湿毒瘀结,CAU,Shiduyujie,Shiduyujie,False
CAU_00655,湿毒袭表,CAU,Shiduxibiao,Shiduxibiao,False
CAU_00656,湿浊内生,CAU,Shizhuoneisheng,Shizhuoneisheng,False
CAU_00657,湿浊内盛,CAU,Shizhuoneisheng,Shizhuoneisheng,False
CAU_00658,湿浊瘀阻,CAU,Shizhuoyuzu,Shizhuoyuzu,False
CAU_00659,湿浊较重,CAU,Shizhuojiaozhong,Shizhuojiaozhong,False
CAU_00660,湿淫,CAU,Shiyin,Shiyin,False
CAU_00661,湿热久困,CAU,Shirejiukun,Shirejiukun,False
CAU_00662,湿热伤气,CAU,Shireshangqi,Shireshangqi,False
CAU_00663,湿热浸淫,CAU,Shirejinyin,Shirejinyin,False
CAU_00664,湿热火毒,CAU,Shirehuodu,Shirehuodu,False
CAU_00665,湿热蕴肤,CAU,Shireyunfu,Shireyunfu,False
CAU_00666,湿热虫邪,CAU,Shirechongxie,Shirechongxie,False
CAU_00667,湿热较重,CAU,Shirejiaozhong,Shirejiaozhong,False
CAU_00668,湿热郁久,CAU,Shireyujiu,Shireyujiu,False
CAU_00669,湿痰内生,CAU,Shitanneisheng,Shitanneisheng,False
CAU_00670,湿痰酿脓,CAU,Shitanniangnong,Shitanniangnong,False
CAU_00671,湿邪侵犯脑户,CAU,Shixieqinfannaohu,Shixieqinfannaohu,False
CAU_00672,湿邪偏重,CAU,Shixiepianzhong,Shixiepianzhong,False
CAU_00673,湿邪内闭,CAU,Shixieneibi,Shixieneibi,False
CAU_00674,湿邪留滞经脉肌肤,CAU,Shixieliuzhijingmaijifu,Shixieliuzhijingmaijifu,False
CAU_00675,湿邪阻遏,CAU,Shixiezue,Shixiezue,False
CAU_00676,湿郁中焦,CAU,Shiyuzhongjiao,Shiyuzhongjiao,False
CAU_00677,滑腻,CAU,Huani,Huani,False
CAU_00678,潮热骨蒸,CAU,Chaoreguzheng,Chaoreguzheng,False
CAU_00679,濡细,CAU,Ruxi,Ruxi,False
CAU_00680,火不得发,CAU,Huobudefa,Huobudefa,False
CAU_00681,火性暴烈,CAU,Huoxingbaolie,Huoxingbaolie,False
CAU_00682,火毒上攻,CAU,Huodushanggong,Huodushanggong,False
CAU_00683,火毒入营,CAU,Huoduruying,Huoduruying,False
CAU_00684,火毒内攻,CAU,Huoduneigong,Huoduneigong,False
CAU_00685,火毒内陷,CAU,Huoduneixian,Huoduneixian,False
CAU_00686,火气上逆,CAU,Huoqishangni,Huoqishangni,False
CAU_00687,火炎于上,CAU,Huoyanyushang,Huoyanyushang,False
CAU_00688,火烁肺金,CAU,Huoshuofeijin,Fire scorching lung metal,True
CAU_00689,火热不止,CAU,Huorebuzhi,Huorebuzhi,False
CAU_00690,火躁,CAU,Huozao,Huozao,False
CAU_00691,火邪刑金,CAU,Huoxiexingjin,Huoxiexingjin,False
CAU_00692,火郁于内,CAU,Huoyuyunei,Huoyuyunei,False
CAU_00693,灼热无汗,CAU,Zhuorewuhan,Zhuorewuhan,False
CAU_00694,热久痞结,CAU,Rejiupijie,Rejiupijie,False
CAU_00695,热伤胃阴,CAU,Reshangweiyin,Reshangweiyin,False
CAU_00696,热厥,CAU,Rejue,Rejue,False
CAU_00697,热微厥亦微,CAU,Reweijueyiwei,Reweijueyiwei,False
CAU_00698,热毒上攻,CAU,Redushanggong,Redushanggong,False
CAU_00699,热毒内犯,CAU,Reduneifan,Reduneifan,False
CAU_00700,热毒内陷,CAU,Reduneixian,Reduneixian,False
CAU_00701,热毒壅盛,CAU,Reduyongsheng,Reduyongsheng,False
CAU_00702,热毒壅结,CAU,Reduyongjie,Reduyongjie,False
CAU_00703,热毒瘀阻,CAU,Reduyuzu,Reduyuzu,False
CAU_00704,热毒结血,CAU,Redujiexue,Redujiexue,False
CAU_00705,热毒蕴积,CAU,Reduyunji,Reduyunji,False
CAU_00706,热气浮越,CAU,Reqifuyue,Reqifuyue,False
CAU_00707,热气熏蒸,CAU,Reqixunzheng,Reqixunzheng,False
CAU_00708,热淋,CAU,Relin,Relin,False
CAU_00709,热深厥亦深,CAU,Reshenjueyishen,Reshenjueyishen,False
CAU_00710,热灼气营,CAU,Rezhuoqiying,Rezhuoqiying,False
CAU_00711,热灼筋脉,CAU,Rezhuojinmai,Rezhuojinmai,False
CAU_00712,热炽腑实,CAU,Rechifushi,Rechifushi,False
CAU_00713,热痞,CAU,Repi,Repi,False
CAU_00714,热盛生风,CAU,Reshengshengfeng,Reshengshengfeng,False
CAU_00715,热盛阴虚,CAU,Reshengyinxu,Reshengyinxu,False
CAU_00716,热积肺胃,CAU,Rejifeiwei,Rejifeiwei,False
CAU_00717,热邪伤阴,CAU,Rexieshangyin,Rexieshangyin,False
CAU_00718,热邪偏胜,CAU,Rexiepiansheng,Rexiepiansheng,False
CAU_00719,热邪内陷,CAU,Rexieneixian,Rexieneixian,False
CAU_00720,热邪灼阴,CAU,Rexiezhuoyin,Rexiezhuoyin,False
CAU_00721,热重,CAU,Rezhong,Rezhong,False
CAU_00722,热重湿少,CAU,Rezhongshishao,Rezhongshishao,False
CAU_00723,燥湿化浊脘闷不饥,CAU,Zaoshihuazhuowanmenbuji,Zaoshihuazhuowanmenbuji,False
CAU_00724,生化汤,CAU,Shenghua Tang,Shenghua Tang,False
CAU_00725,疝瘕之症,CAU,Shanjiazhizheng,Shanjiazhizheng,False
CAU_00726,疟伤胃阳,CAU,Nveshangweiyang,Nveshangweiyang,False
CAU_00727,疟疾,CAU,Nveji,Nveji,False
CAU_00728,痄腮,CAU,Zhasai,Zhasai,False
CAU_00729,病久体虚,CAU,Bingjiutixu,Bingjiutixu,False
CAU_00730,病气不足,CAU,Bingqibuzu,Bingqibuzu,False
CAU_00731,痛引耳窍,CAU,Tongyinerqiao,Tongyinerqiao,False
CAU_00732,痞满胀甚,CAU,Pimanzhangshen,Pimanzhangshen,False
CAU_00733,痰浊内蕴,CAU,Tanzhuoneiyun,Tanzhuoneiyun,False
CAU_00734,痰涎壅盛,CAU,Tanxianyongsheng,Tanxianyongsheng,False
CAU_00735,痰湿阻遏,CAU,Tanshizue,Tanshizue,False
CAU_00736,痰火上扰,CAU,Tanhuoshangrao,Tanhuoshangrao,False
CAU_00737,痰火升扰,CAU,Tanhuoshengrao,Tanhuoshengrao,False
CAU_00738,痰火易升,CAU,Tanhuoyisheng,Tanhuoyisheng,False
CAU_00739,痰热上扰,CAU,Tanreshangrao,Tanreshangrao,False
CAU_00740,痰热内盛,CAU,Tanreneisheng,Tanreneisheng,False
CAU_00741,痰热内结,CAU,Tanreneijie,Tanreneijie,False
CAU_00742,痰热壅盛,CAU,Tanreyongsheng,Tanreyongsheng,False
CAU_00743,痰热蕴肺,CAU,Tanreyunfei,Tanreyunfei,False
CAU_00744,痰热血燥,CAU,Tanrexuezao,Tanrexuezao,False
CAU_00745,痰热闭肺,CAU,Tanrebifei,Tanrebifei,False
CAU_00746,痰瘀凝结,CAU,Tanyuningjie,Tanyuningjie,False
CAU_00747,痰瘀化热,CAU,Tanyuhuare,Tanyuhuare,False
CAU_00748,痰瘀气郁,CAU,Tanyuqiyu,Tanyuqiyu,False
CAU_00749,痰瘀阻络,CAU,Tanyuzuluo,Tanyuzuluo,False
CAU_00750,痰郁化火,CAU,Tanyuhuahuo,Tanyuhuahuo,False
CAU_00751,痰郁气结,CAU,Tanyuqijie,Tanyuqijie,False
CAU_00752,痰阻,CAU,Tanzu,Tanzu,False
CAU_00753,瘀滞胞宫,CAU,Yuzhibaogong,Yuzhibaogong,False
CAU_00754,瘀热挟湿,CAU,Yurexieshi,Yurexieshi,False
CAU_00755,瘀血内阻,CAU,Yuxueneizu,Yuxueneizu,False
CAU_00756,瘀血阻滞,CAU,Yuxuezuzhi,Yuxuezuzhi,False
CAU_00757,白屑散在,CAU,Baixiesanzai,Baixiesanzai,False
CAU_00758,白睛淡赤,CAU,Baijingdanchi,Baijingdanchi,False
CAU_00759,盖肾恶燥,CAU,Gaishenezao,Gaishenezao,False
CAU_00760,盖血虚,CAU,Gaixuexu,Gaixuexu,False
CAU_00761,盛火上炎,CAU,Shenghuoshangyan,Shenghuoshangyan,False
CAU_00762,目眦生眵,CAU,Muzishengchi,Muzishengchi,False
CAU_00763,目络壅阻,CAU,Muluoyongzu,Muluoyongzu,False
CAU_00764,眼花,CAU,Yanhua,Yanhua,False
CAU_00765,睡卧不宁,CAU,Shuiwobuning,Shuiwobuning,False
CAU_00766,矢气频作,CAU,Shiqipinzuo,Shiqipinzuo,False
CAU_00767,短气乏力,CAU,Duanqifali,Duanqifali,False
CAU_00768,短气疲乏,CAU,Duanqipifa,Duanqipifa,False
CAU_00769,神不清明,CAU,Shenbuqingming,Shenbuqingming,False
CAU_00770,神志不清,CAU,Shenzhibuqing,Shenzhibuqing,False
CAU_00771,神志恍惚,CAU,Shenzhihuanghu,Shenzhihuanghu,False
CAU_00772,神志昏糊,CAU,Shenzhihunhu,Shenzhihunhu,False
CAU_00773,神昏谵妄,CAU,Shenhunzhanwang,Shenhunzhanwang,False
CAU_00774,神机闭塞,CAU,Shenjibise,Shenjibise,False
CAU_00775,神气困乏,CAU,Shenqikunfa,Shenqikunfa,False
CAU_00776,神窍闭阻,CAU,Shenqiaobizu,Shenqiaobizu,False
CAU_00777,神虚气弱,CAU,Shenxuqiruo,Shenxuqiruo,False
CAU_00778,秋燥嗽渴,CAU,Qiuzaosouke,Qiuzaosouke,False
CAU_00779,积劳内虚,CAU,Jilaoneixu,Jilaoneixu,False
CAU_00780,秽湿着里,CAU,Huishizheli,Huishizheli,False
CAU_00781,窒息阴阳离决,CAU,Zhixiyinyanglijue,Zhixiyinyanglijue,False
CAU_00782,筋痿,CAU,Jinwei,Jinwei,False
CAU_00783,筋脉失养,CAU,Jinmaishiyang,Jinmaishiyang,False
CAU_00784,筋脉挛急,CAU,Jinmailuanji,Jinmailuanji,False
CAU_00785,筋骨内变,CAU,Jinguneibian,Jinguneibian,False
CAU_00786,筋骨腐蚀,CAU,Jingufushi,Jingufushi,False
CAU_00787,精气不交,CAU,Jingqibujiao,Jingqibujiao,False
CAU_00788,精神不定,CAU,Jingshenbuding,Jingshenbuding,False
CAU_00789,精神抑郁,CAU,Jingshenyiyu,Jingshenyiyu,False
CAU_00790,精血不足,CAU,Jingxuebuzu,Jingxuebuzu,False
CAU_00791,精血匮乏,CAU,Jingxuekuifa,Jingxuekuifa,False
CAU_00792,精血虚衰,CAU,Jingxuexushuai,Jingxuexushuai,False
CAU_00793,紧劲,CAU,Jinjin,Jinjin,False
CAU_00794,紫绀明显,CAU,Ziganmingxian,Ziganmingxian,False
CAU_00795,紫绛,CAU,Zijiang,Zijiang,False
CAU_00796,纳谷不化,CAU,Nagubuhua,Nagubuhua,False
CAU_00797,细,CAU,Xi,Xi,False
CAU_00798,细数,CAU,Xishu,Xishu,False
CAU_00799,细缓,CAU,Xihuan,Xihuan,False
CAU_00800,经少经闭,CAU,Jingshaojingbi,Jingshaojingbi,False
CAU_00801,统摄无权,CAU,Tongshewuquan,Tongshewuquan,False
CAU_00802,耗伤阴津,CAU,Haoshangyinjin,Haoshangyinjin,False
CAU_00803,肌肉消削,CAU,Jirouxiaoxue,Jirouxiaoxue,False
CAU_00804,肌肤失养,CAU,Jifushiyang,Jifushiyang,False
CAU_00805,肝亢,CAU,Gankang,Gankang,False
CAU_00806,肝伤血枯,CAU,Ganshangxueku,Ganshangxueku,False
CAU_00807,肝受邪,CAU,Ganshouxie,Ganshouxie,False
CAU_00808,肝心脾实,CAU,Ganxinpishi,Ganxinpishi,False
CAU_00809,肝急,CAU,Ganji,Ganji,False
CAU_00810,肝木乘脾,CAU,Ganmuchengpi,Ganmuchengpi,False
CAU_00811,肝木偏旺,CAU,Ganmupianwang,Ganmupianwang,False
CAU_00812,肝气因忧郁而闭塞,CAU,Ganqiyinyouyuerbise,Ganqiyinyouyuerbise,False
CAU_00813,肝气大旺,CAU,Ganqidawang,Ganqidawang,False
CAU_00814,肝气更旺,CAU,Ganqigengwang,Ganqigengwang,False
CAU_00815,肝气犯胃,CAU,Ganqifanwei,Ganqifanwei,False
CAU_00816,肝气益耗,CAU,Ganqiyihao,Ganqiyihao,False
CAU_00817,肝火上炎,CAU,Ganhuoshangyan,Ganhuoshangyan,False
CAU_00818,肝火内动,CAU,Ganhuoneidong,Ganhuoneidong,False
CAU_00819,肝火厥逆,CAU,Ganhuojueni,Ganhuojueni,False
CAU_00820,肝火怒动,CAU,Ganhuonudong,Ganhuonudong,False
CAU_00821,肝火更炽,CAU,Ganhuogengchi,Ganhuogengchi,False
CAU_00822,肝火灼阴,CAU,Ganhuozhuoyin,Ganhuozhuoyin,False
CAU_00823,肝火郁结,CAU,Ganhuoyujie,Ganhuoyujie,False
CAU_00824,肝热炽盛,CAU,Ganrechisheng,Ganrechisheng,False
CAU_00825,肝盛两虚,CAU,Ganshengliangxu,Ganshengliangxu,False
CAU_00826,肝经之旺,CAU,Ganjingzhiwang,Ganjingzhiwang,False
CAU_00827,肝经有火,CAU,Ganjingyouhuo,Ganjingyouhuo,False
CAU_00828,肝经湿毒,CAU,Ganjingshidu,Ganjingshidu,False
CAU_00829,肝经热盛,CAU,Ganjingresheng,Ganjingresheng,False
CAU_00830,肝经郁火,CAU,Ganjingyuhuo,Ganjingyuhuo,False
CAU_00831,肝经风热,CAU,Ganjingfengre,Ganjingfengre,False
CAU_00832,肝肺积热,CAU,Ganfeijire,Ganfeijire,False
CAU_00833,肝肾之虚,CAU,Ganshenzhixu,Ganshenzhixu,False
CAU_00834,肝肾亏损,CAU,Ganshenkuisun,Ganshenkuisun,False
CAU_00835,肝肾受毒,CAU,Ganshenshoudu,Ganshenshoudu,False
CAU_00836,肝肾湿热,CAU,Ganshenshire,Ganshenshire,False
CAU_00837,肝肾胃三经湿火,CAU,Ganshenweisanjingshihuo,Ganshenweisanjingshihuo,False
CAU_00838,肝肾阴亏,CAU,Ganshenyinkui,Ganshenyinkui,False
CAU_00839,肝胆气郁化火,CAU,Gandanqiyuhuahuo,Gandanqiyuhuahuo,False
CAU_00840,肝胆火炽,CAU,Gandanhuochi,Gandanhuochi,False
CAU_00841,肝胆火热,CAU,Gandanhuore,Gandanhuore,False
CAU_00842,肝胆风热,CAU,Gandanfengre,Gandanfengre,False
CAU_00843,肝脾气逆,CAU,Ganpiqini,Ganpiqini,False
CAU_00844,肝脾火闭,CAU,Ganpihuobi,Ganpihuobi,False
CAU_00845,肝脾瘀结,CAU,Ganpiyujie,Ganpiyujie,False
CAU_00846,肝脾郁火,CAU,Ganpiyuhuo,Ganpiyuhuo,False
CAU_00847,肝虚血少,CAU,Ganxuxueshao,Ganxuxueshao,False
CAU_00848,肝血亏损,CAU,Ganxuekuisun,Ganxuekuisun,False
CAU_00849,肝血虚,CAU,Ganxuexu,Ganxuexu,False
CAU_00850,肝郁火旺,CAU,Ganyuhuowang,Ganyuhuowang,False
CAU_00851,肝郁犯脾,CAU,Ganyufanpi,Ganyufanpi,False
CAU_00852,肝郁血热,CAU,Ganyuxuere,Ganyuxuere,False
CAU_00853,肝阳偏亢,CAU,Ganyangpiankang,Ganyangpiankang,False
CAU_00854,肝阳暴张,CAU,Ganyangbaozhang,Ganyangbaozhang,False
CAU_00855,肝阴亏损,CAU,Ganyinkuisun,Ganyinkuisun,False
CAU_00856,肠腑不运,CAU,Changfubuyun,Changfubuyun,False
CAU_00857,肺中积热,CAU,Feizhongjire,Feizhongjire,False
CAU_00858,肺冷虚寒,CAU,Feilengxuhan,Feilengxuhan,False
CAU_00859,肺叶痿弱,CAU,Feiyeweiruo,Feiyeweiruo,False
CAU_00860,肺失润降,CAU,Feishirunjiang,Feishirunjiang,False
CAU_00861,肺失清肃,CAU,Feishiqingsu,Feishiqingsu,False
CAU_00862,肺气壅塞,CAU,Feiqiyongse,Feiqiyongse,False
CAU_00863,肺气壅阻,CAU,Feiqiyongzu,Feiqiyongzu,False
CAU_00864,肺气胀满,CAU,Feiqizhangman,Feiqizhangman,False
CAU_00865,肺气虚寒,CAU,Feiqixuhan,Feiqixuhan,False
CAU_00866,肺气虚弱,CAU,Feiqixuruo,Feiqixuruo,False
CAU_00867,肺火之亢盛,CAU,Feihuozhikangsheng,Feihuozhikangsheng,False
CAU_00868,肺火亢盛,CAU,Feihuokangsheng,Feihuokangsheng,False
CAU_00869,肺炎,CAU,Feiyan,Feiyan,False
CAU_00870,肺热津亏,CAU,Feirejinkui,Feirejinkui,False
CAU_00871,肺焦叶枯,CAU,Feijiaoyeku,Feijiaoyeku,False
CAU_00872,肺燥失养,CAU,Feizaoshiyang,Feizaoshiyang,False
CAU_00873,肺燥津亏,CAU,Feizaojinkui,Feizaojinkui,False
CAU_00874,肺痿,CAU,Feiwei,Feiwei,False
CAU_00875,肺盛伤肝,CAU,Feishengshanggan,Feishengshanggan,False
CAU_00876,肺经有火,CAU,Feijingyouhuo,Feijingyouhuo,False
CAU_00877,肺经火郁血分,CAU,Feijinghuoyuxuefen,Feijinghuoyuxuefen,False
CAU_00878,肺经燥盛,CAU,Feijingzaosheng,Feijingzaosheng,False
CAU_00879,肺肝积热,CAU,Feiganjire,Feiganjire,False
CAU_00880,肺肾阳衰,CAU,Feishenyangshuai,Feishenyangshuai,False
CAU_00881,肺肾阴虚,CAU,Feishenyinxu,Feishenyinxu,False
CAU_00882,肺胀,CAU,Feizhang,Feizhang,False
CAU_00883,肺胃热毒,CAU,Feiweiredu,Feiweiredu,False
CAU_00884,肺脉沉涩,CAU,Feimaichense,Feimaichense,False
CAU_00885,肺脏闭塞,CAU,Feizangbise,Feizangbise,False
CAU_00886,肺脾受损,CAU,Feipishousun,Feipishousun,False
CAU_00887,肺脾气虚,CAU,Feipiqixu,Feipiqixu,False
CAU_00888,肺衰竭,CAU,Feishuaijie,Feishuaijie,False
CAU_00889,肺郁痰盛,CAU,Feiyutansheng,Feiyutansheng,False
CAU_00890,肺阳虚,CAU,Feiyangxu,Feiyangxu,False
CAU_00891,肺阴亏损,CAU,Feiyinkuisun,Feiyinkuisun,False
CAU_00892,肺阴亏虚,CAU,Feiyinkuixu,Feiyinkuixu,False
CAU_00893,肾失固摄,CAU,Shenshigushe,Shenshigushe,False
CAU_00894,肾失摄纳,CAU,Shenshishena,Shenshishena,False
CAU_00895,肾气上凌,CAU,Shenqishangling,Shenqishangling,False
CAU_00896,肾气不固,CAU,Shenqibugu,Shenqibugu,False
CAU_00897,肾气亏虚,CAU,Shenqikuixu,Shenqikuixu,False
CAU_00898,肾气凌心,CAU,Shenqilingxin,Shenqilingxin,False
CAU_00899,肾水不足,CAU,Shenshuibuzu,Shenshuibuzu,False
CAU_00900,肾水亏虚,CAU,Shenshuikuixu,Shenshuikuixu,False
CAU_00901,肾火长期郁遏,CAU,Shenhuochangqiyue,Shenhuochangqiyue,False
CAU_00902,肾精亏虚,CAU,Shenjingkuixu,Shenjingkuixu,False
CAU_00903,肾经湿热,CAU,Shenjingshire,Shenjingshire,False
CAU_00904,肾经火毒,CAU,Shenjinghuodu,Shenjinghuodu,False
CAU_00905,肾经虚热,CAU,Shenjingxure,Shenjingxure,False
CAU_00906,肾虚水泛,CAU,Shenxushuifan,Shenxushuifan,False
CAU_00907,肾阳不振,CAU,Shenyangbuzhen,Shenyangbuzhen,False
CAU_00908,肾阳亏虚,CAU,Shenyangkuixu,Shenyangkuixu,False
CAU_00909,胁脘胀满,CAU,Xiewanzhangman,Xiewanzhangman,False
CAU_00910,胃中有热,CAU,Weizhongyoure,Weizhongyoure,False
CAU_00911,胃寒虫断,CAU,Weihanchongduan,Weihanchongduan,False
CAU_00912,胃气不降,CAU,Weiqibujiang,Weiqibujiang,False
CAU_00913,胃气虚弱,CAU,Weiqixuruo,Weiqixuruo,False
CAU_00914,胃气虚滞,CAU,Weiqixuzhi,Weiqixuzhi,False
CAU_00915,胃火烁血,CAU,Weihuoshuoxue,Weihuoshuoxue,False
CAU_00916,胃热内郁,CAU,Weireneiyu,Weireneiyu,False
CAU_00917,胃纳不振,CAU,Weinabuzhen,Weinabuzhen,False
CAU_00918,胃肠不和,CAU,Weichangbuhe,Weichangbuhe,False
CAU_00919,胃肠结热,CAU,Weichangjiere,Weichangjiere,False
CAU_00920,胃脘枯槁,CAU,Weiwankugao,Weiwankugao,False
CAU_00921,胃阳大伤,CAU,Weiyangdashang,Weiyangdashang,False
CAU_00922,胃阴不足,CAU,Weiyinbuzu,Weiyinbuzu,False
CAU_00923,胆失通降,CAU,Danshitongjiang,Danshitongjiang,False
CAU_00924,胆腑气郁,CAU,Danfuqiyu,Danfuqiyu,False
CAU_00925,胎动冲心,CAU,Taidongchongxin,Taidongchongxin,False
CAU_00926,胎奔上心,CAU,Taibenshangxin,Taibenshangxin,False
CAU_00927,胎无血荫,CAU,Taiwuxueyin,Taiwuxueyin,False
CAU_00928,胎气上逼,CAU,Taiqishangbi,Taiqishangbi,False
CAU_00929,胎气不足,CAU,Taiqibuzu,Taiqibuzu,False
CAU_00930,胎气壅塞,CAU,Taiqiyongse,Taiqiyongse,False
CAU_00931,胎气壅滞,CAU,Taiqiyongzhi,Taiqiyongzhi,False
CAU_00932,胞宫虚寒,CAU,Baogongxuhan,Baogongxuhan,False
CAU_00933,胞脉受损,CAU,Baomaishousun,Baomaishousun,False
CAU_00934,胞脉受阻,CAU,Baomaishouzu,Baomaishouzu,False
CAU_00935,胸中气乱,CAU,Xiongzhongqiluan,Xiongzhongqiluan,False
CAU_00936,胸满不能卧,CAU,Xiongmanbunengwo,Xiongmanbunengwo,False
CAU_00937,胸满气憋,CAU,Xiongmanqibie,Xiongmanqibie,False
CAU_00938,脉两尺弦紧而洪,CAU,Mailiangchixianjinerhong,Mailiangchixianjinerhong,False
CAU_00939,脉乍大乍小,CAU,Maizhadazhaxiao,Maizhadazhaxiao,False
CAU_00940,脉伏不见,CAU,Maifubujian,Maifubujian,False
CAU_00941,脉促,CAU,Maicu,Maicu,False
CAU_00942,脉右小弱,CAU,Maiyouxiaoruo,Maiyouxiaoruo,False
CAU_00943,脉多弦细,CAU,Maiduoxianxi,Maiduoxianxi,False
CAU_00944,脉多浮,CAU,Maiduofu,Maiduofu,False
CAU_00945,脉大而数,CAU,Maidaershu,Maidaershu,False
CAU_00946,脉大而数者,CAU,Maidaershuzhe,Maidaershuzhe,False
CAU_00947,脉如平,CAU,Mairuping,Mairuping,False
CAU_00948,脉实有力或弦涩,CAU,Maishiyoulihuoxianse,Maishiyoulihuoxianse,False
CAU_00949,脉实而滑,CAU,Maishierhua,Maishierhua,False
CAU_00950,脉小数,CAU,Maixiaoshu,Maixiaoshu,False
CAU_00951,脉小而涩,CAU,Maixiaoerse,Maixiaoerse,False
CAU_00952,脉弦或沉而涩,CAU,Maixianhuochenerse,Maixianhuochenerse,False
CAU_00953,脉弦或脉乍大乍小,CAU,Maixianhuomaizhadazhaxiao,Maixianhuomaizhadazhaxiao,False
CAU_00954,脉弦数有力,CAU,Maixianshuyouli,Maixianshuyouli,False
CAU_00955,脉弦细]涩,CAU,Maixianxi]se,Maixianxi]se,False
CAU_00956,脉弦细无力,CAU,Maixianxiwuli,Maixianxiwuli,False
CAU_00957,脉弦细芤迟,CAU,Maixianxikouchi,Maixianxikouchi,False
CAU_00958,脉微神困,CAU,Maiweishenkun,Maiweishenkun,False
CAU_00959,脉微虚,CAU,Maiweixu,Maiweixu,False
CAU_00960,脉必弦滑,CAU,Maibixianhua,Maibixianhua,False
CAU_00961,脉必数而有力,CAU,Maibishueryouli,Maibishueryouli,False
CAU_00962,脉必沉涩,CAU,Maibichense,Maibichense,False
CAU_00963,脉必沉而迟,CAU,Maibichenerchi,Maibichenerchi,False
CAU_00964,脉必滑,CAU,Maibihua,Maibihua,False
CAU_00965,脉必细,CAU,Maibixi,Maibixi,False
CAU_00966,脉必细缓,CAU,Maibixihuan,Maibixihuan,False
CAU_00967,脉必迟细,CAU,Maibichixi,Maibichixi,False
CAU_00968,脉散大,CAU,Maisanda,Maisanda,False
CAU_00969,脉散大无力,CAU,Maisandawuli,Maisandawuli,False
CAU_00970,脉数#zz*[@]虚热,CAU,Maishu#zz*[@]xure,Maishu#zz*[@]xure,False
CAU_00971,脉数或沉微欲绝,CAU,Maishuhuochenweiyujue,Maishuhuochenweiyujue,False
CAU_00972,脉数滑,CAU,Maishuhua,Maishuhua,False
CAU_00973,脉无力,CAU,Maiwuli,Maiwuli,False
CAU_00974,脉来弦滑,CAU,Mailaixianhua,Mailaixianhua,False
CAU_00975,脉来弦象,CAU,Mailaixianxiang,Mailaixianxiang,False
CAU_00976,脉来沉细,CAU,Mailaichenxi,Mailaichenxi,False
CAU_00977,脉来细弦,CAU,Mailaixixian,Mailaixixian,False
CAU_00978,脉沉实,CAU,Maichenshi,Maichenshi,False
CAU_00979,脉沉弦细迟,CAU,Maichenxianxichi,Maichenxianxichi,False
CAU_00980,脉沉微细,CAU,Maichenweixi,Maichenweixi,False
CAU_00981,脉沉细弦,CAU,Maichenxixian,Maichenxixian,False
CAU_00982,脉沉细弱,CAU,Maichenxiruo,Maichenxiruo,False
CAU_00983,脉沉细或沉缓或细弱,CAU,Maichenxihuochenhuanhuoxiruo,Maichenxihuochenhuanhuoxiruo,False
CAU_00984,脉沉细或细弱或细数,CAU,Maichenxihuoxiruohuoxishu,Maichenxihuoxiruohuoxishu,False
CAU_00985,脉沉细滑或结代,CAU,Maichenxihuahuojiedai,Maichenxihuahuojiedai,False
CAU_00986,脉沉而迟缓,CAU,Maichenerchihuan,Maichenerchihuan,False
CAU_00987,脉洪大有力,CAU,Maihongdayouli,Maihongdayouli,False
CAU_00988,脉洪大而数,CAU,Maihongdaershu,Maihongdaershu,False
CAU_00989,脉洪实,CAU,Maihongshi,Maihongshi,False
CAU_00990,脉浮数或弦浮,CAU,Maifushuhuoxianfu,Maifushuhuoxianfu,False
CAU_00991,脉浮涩而短,CAU,Maifuseerduan,Maifuseerduan,False
CAU_00992,脉浮滑,CAU,Maifuhua,Maifuhua,False
CAU_00993,脉涩滞,CAU,Maisezhi,Maisezhi,False
CAU_00994,脉滑或弦滑,CAU,Maihuahuoxianhua,Maihuahuoxianhua,False
CAU_00995,脉滑数或浮滑数,CAU,Maihuashuhuofuhuashu,Maihuashuhuofuhuashu,False
CAU_00996,脉疾数,CAU,Maijishu,Maijishu,False
CAU_00997,脉疾数无力,CAU,Maijishuwuli,Maijishuwuli,False
CAU_00998,脉紧细,CAU,Maijinxi,Maijinxi,False
CAU_00999,脉细促,CAU,Maixicu,Maixicu,False
CAU_01000,脉细弱或细滑,CAU,Maixiruohuoxihua,Maixiruohuoxihua,False
CAU_01001,脉细微迟涩,CAU,Maixiweichise,Maixiweichise,False
CAU_01002,脉细略数,CAU,Maixilveshu,Maixilveshu,False
CAU_01003,脉细缓无力,CAU,Maixihuanwuli,Maixihuanwuli,False
CAU_01004,脉细而数,CAU,Maixiershu,Maixiershu,False
CAU_01005,脉络胀滞,CAU,Mailuozhangzhi,Mailuozhangzhi,False
CAU_01006,脉自沉,CAU,Maizichen,Maizichen,False
CAU_01007,脉芤,CAU,Maikou,Maikou,False
CAU_01008,脉虚而涩,CAU,Maixuerse,Maixuerse,False
CAU_01009,脉虽虚极,CAU,Maisuixuji,Maisuixuji,False
CAU_01010,脉见洪数,CAU,Maijianhongshu,Maijianhongshu,False
CAU_01011,脉见滑实,CAU,Maijianhuashi,Maijianhuashi,False
CAU_01012,脉见滑数,CAU,Maijianhuashu,Maijianhuashu,False
CAU_01013,脉见结代,CAU,Maijianjiedai,Maijianjiedai,False
CAU_01014,脉证寒者,CAU,Maizhenghanzhe,Maizhenghanzhe,False
CAU_01015,脉证热者,CAU,Maizhengrezhe,Maizhengrezhe,False
CAU_01016,脉象不数,CAU,Maixiangbushu,Maixiangbushu,False
CAU_01017,脉象数实,CAU,Maixiangshushi,Maixiangshushi,False
CAU_01018,脉象濡数,CAU,Maixiangrushu,Maixiangrushu,False
CAU_01019,脉象濡细,CAU,Maixiangruxi,Maixiangruxi,False
CAU_01020,脉象细弦或弦涩,CAU,Maixiangxixianhuoxianse,Maixiangxixianhuoxianse,False
CAU_01021,脉象细涩,CAU,Maixiangxise,Maixiangxise,False
CAU_01022,脉象虚弦,CAU,Maixiangxuxian,Maixiangxuxian,False
CAU_01023,脉转浮数,CAU,Maizhuanfushu,Maizhuanfushu,False
CAU_01024,脉软弱,CAU,Mairuanruo,Mairuanruo,False
CAU_01025,脉迟沉,CAU,Maichichen,Maichichen,False
CAU_01026,脉迟缓无力,CAU,Maichihuanwuli,Maichihuanwuli,False
CAU_01027,脉迟者,CAU,Maichizhe,Maichizhe,False
CAU_01028,脉阳濡而弱,CAU,Maiyangruerruo,Maiyangruerruo,False
CAU_01029,脏寒挟痰,CAU,Zanghanxietan,Zanghanxietan,False
CAU_01030,脏气血之虚,CAU,Zangqixuezhixu,Zangqixuezhixu,False
CAU_01031,脏肢厥冷,CAU,Zangzhijueleng,Zangzhijueleng,False
CAU_01032,脏腑不调,CAU,Zangfubudiao,Zangfubudiao,False
CAU_01033,脏腑阴阳失调,CAU,Zangfuyinyangshitiao,Zangfuyinyangshitiao,False
CAU_01034,脑失所养,CAU,Naoshisuoyang,Naoshisuoyang,False
CAU_01035,脓清不能敛者,CAU,Nongqingbunenglianzhe,Nongqingbunenglianzhe,False
CAU_01036,脱象,CAU,Tuoxiang,Tuoxiang,False
CAU_01037,脾弱,CAU,Piruo,Spleen weakness,True
CAU_01038,脾气不振,CAU,Piqibuzhen,Piqibuzhen,False
CAU_01039,脾气受损,CAU,Piqishousun,Piqishousun,False
CAU_01040,脾气虚热,CAU,Piqixure,Piqixure,False
CAU_01041,脾气败,CAU,Piqibai,Piqibai,False
CAU_01042,脾经有火,CAU,Pijingyouhuo,Pijingyouhuo,False
CAU_01043,脾经郁热,CAU,Pijingyure,Pijingyure,False
CAU_01044,脾络不通,CAU,Piluobutong,Piluobutong,False
CAU_01045,脾肺两虚,CAU,Pifeiliangxu,Pifeiliangxu,False
CAU_01046,脾肺受毒,CAU,Pifeishoudu,Pifeishoudu,False
CAU_01047,脾肺湿热,CAU,Pifeishire,Pifeishire,False
CAU_01048,脾肾虚弱,CAU,Pishenxuruo,Pishenxuruo,False
CAU_01049,脾肾阳微,CAU,Pishenyangwei,Pishenyangwei,False
CAU_01050,脾胃伤损,CAU,Piweishangsun,Piweishangsun,False
CAU_01051,脾胃受损,CAU,Piweishousun,Piweishousun,False
CAU_01052,脾胃失调,CAU,Piweishitiao,Piweishitiao,False
CAU_01053,脾胃积寒,CAU,Piweijihan,Piweijihan,False
CAU_01054,脾胃积热,CAU,Piweijire,Piweijire,False
CAU_01055,脾胃虚#寒,CAU,Piweixu#han,Piweixu#han,False
CAU_01056,脾胃衰败,CAU,Piweishuaibai,Piweishuaibai,False
CAU_01057,脾虚多痰,CAU,Pixuduotan,Pixuduotan,False
CAU_01058,脾虚气陷,CAU,Pixuqixian,Pixuqixian,False
CAU_01059,脾虚湿热,CAU,Pixushire,Pixushire,False
CAU_01060,脾虚肝旺,CAU,Pixuganwang,Pixuganwang,False
CAU_01061,脾虚肝郁,CAU,Pixuganyu,Pixuganyu,False
CAU_01062,脾虚血亏,CAU,Pixuxuekui,Pixuxuekui,False
CAU_01063,脾衰胃薄,CAU,Pishuaiweibao,Pishuaiweibao,False
CAU_01064,脾运不健,CAU,Piyunbujian,Piyunbujian,False
CAU_01065,脾郁湿注,CAU,Piyushizhu,Piyushizhu,False
CAU_01066,脾郁痰滞,CAU,Piyutanzhi,Piyutanzhi,False
CAU_01067,脾阳左升,CAU,Piyangzuosheng,Piyangzuosheng,False
CAU_01068,腠理不密,CAU,Coulibumi,Coulibumi,False
CAU_01069,腠疏染毒,CAU,Coushurandu,Coushurandu,False
CAU_01070,腹中雷鸣,CAU,Fuzhongleiming,Fuzhongleiming,False
CAU_01071,腹部中寒,CAU,Fubuzhonghan,Fubuzhonghan,False
CAU_01072,致伤神水,CAU,Zhishangshenshui,Zhishangshenshui,False
CAU_01073,舌尖红,CAU,Shejianhong,Shejianhong,False
CAU_01074,舒筋活络,CAU,Shujinhuoluo,Shujinhuoluo,False
CAU_01075,苦寒泄热,CAU,Kuhanxiere,Kuhanxiere,False
CAU_01076,萎软无力,CAU,Weiruanwuli,Weiruanwuli,False
CAU_01077,营养不良,CAU,Yingyangbuliang,Yingyangbuliang,False
CAU_01078,营卫两郁,CAU,Yingweiliangyu,Yingweiliangyu,False
CAU_01079,营卫失和,CAU,Yingweishihe,Yingweishihe,False
CAU_01080,营血实热,CAU,Yingxueshire,Yingxueshire,False
CAU_01081,虚倦无力,CAU,Xujuanwuli,Xujuanwuli,False
CAU_01082,虚夹痰热,CAU,Xujiatanre,Xujiatanre,False
CAU_01083,虚寒假热,CAU,Xuhanjiare,Xuhanjiare,False
CAU_01084,虚或沉细而弱,CAU,Xuhuochenxierruo,Xuhuochenxierruo,False
CAU_01085,虚数,CAU,Xushu,Xushu,False
CAU_01086,虚极而阳暴脱,CAU,Xujieryangbaotuo,Xujieryangbaotuo,False
CAU_01087,虚火上浮,CAU,Xuhuoshangfu,Xuhuoshangfu,False
CAU_01088,虚火为乘,CAU,Xuhuoweicheng,Xuhuoweicheng,False
CAU_01089,虚火内动,CAU,Xuhuoneidong,Xuhuoneidong,False
CAU_01090,虚火内炽,CAU,Xuhuoneichi,Xuhuoneichi,False
CAU_01091,虚火扰动阴血,CAU,Xuhuoraodongyinxue,Xuhuoraodongyinxue,False
CAU_01092,虚火灼津,CAU,Xuhuozhuojin,Xuhuozhuojin,False
CAU_01093,虚火郁内,CAU,Xuhuoyunei,Xuhuoyunei,False
CAU_01094,虚烦咳呛呕逆,CAU,Xufankeqiangouni,Xufankeqiangouni,False
CAU_01095,虚烦少寐,CAU,Xufanshaomei,Xufanshaomei,False
CAU_01096,虚热不退,CAU,Xurebutui,Xurebutui,False
CAU_01097,虚热内灼,CAU,Xureneizhuo,Xureneizhuo,False
CAU_01098,虚疟,CAU,Xunve,Xunve,False
CAU_01099,虚阳上浮,CAU,Xuyangshangfu,Xuyangshangfu,False
CAU_01100,虫症,CAU,Chongzheng,Chongzheng,False
CAU_01101,血不归经,CAU,Xuebuguijing,Xuebuguijing,False
CAU_01102,血不荣脉,CAU,Xueburongmai,Xueburongmai,False
CAU_01103,血为邪所迫,CAU,Xueweixiesuopo,Xueweixiesuopo,False
CAU_01104,血之旺,CAU,Xuezhiwang,Xuezhiwang,False
CAU_01105,血枯经绝,CAU,Xuekujingjue,Xuekujingjue,False
CAU_01106,血流滞缓,CAU,Xueliuzhihuan,Xueliuzhihuan,False
CAU_01107,血液耗,CAU,Xueyehao,Xueyehao,False
CAU_01108,血液通行,CAU,Xueyetongxing,Xueyetongxing,False
CAU_01109,血滞不行,CAU,Xuezhibuxing,Xuezhibuxing,False
CAU_01110,血热下迫,CAU,Xuerexiapo,Xuerexiapo,False
CAU_01111,血热内扰,CAU,Xuereneirao,Xuereneirao,False
CAU_01112,血瘀气滞,CAU,Xueyuqizhi,Xueyuqizhi,False
CAU_01113,血脉涩滞,CAU,Xuemaisezhi,Xuemaisezhi,False
CAU_01114,血脉瘀滞,CAU,Xuemaiyuzhi,Xuemaiyuzhi,False
CAU_01115,血脉瘀阻,CAU,Xuemaiyuzu,Xuemaiyuzu,False
CAU_01116,血虚失荣,CAU,Xuexushirong,Xuexushirong,False
CAU_01117,血虚风燥,CAU,Xuexufengzao,Xuexufengzao,False
CAU_01118,血行不利,CAU,Xuexingbuli,Xuexingbuli,False
CAU_01119,血阴而气阳,CAU,Xueyinerqiyang,Xueyinerqiyang,False
CAU_01120,表情淡漠,CAU,Biaoqingdanmo,Biaoqingdanmo,False
CAU_01121,谵妄,CAU,Zhanwang,Zhanwang,False
CAU_01122,败血停滞,CAU,Baixuetingzhi,Baixuetingzhi,False
CAU_01123,身腰骨节重着而痛，恶寒，午后身热，汗少，舌苔白滑或白粘，[@脉濡数,CAU,Shenyaogujiezhongzheertong，ehan，wuhoushenre，hanshao，shetaibaihuahuobaizhan，[@mairushu,Shenyaogujiezhongzheertong，ehan，wuhoushenre，hanshao，shetaibaihuahuobaizhan，[@mairushu,False
CAU_01124,邪伤心肺,CAU,Xieshangxinfei,Xieshangxinfei,False
CAU_01125,邪入心,CAU,Xieruxin,Xieruxin,False
CAU_01126,邪入肾,CAU,Xierushen,Xierushen,False
CAU_01127,邪在心胞,CAU,Xiezaixinbao,Xiezaixinbao,False
CAU_01128,邪毒侵心,CAU,Xieduqinxin,Xieduqinxin,False
CAU_01129,邪毒内侵,CAU,Xieduneiqin,Xieduneiqin,False
CAU_01130,邪毒外侵,CAU,Xieduwaiqin,Xieduwaiqin,False
CAU_01131,邪毒扰及胞宫,CAU,Xieduraojibaogong,Xieduraojibaogong,False
CAU_01132,邪毒攻喉,CAU,Xiedugonghou,Xiedugonghou,False
CAU_01133,邪毒炽盛,CAU,Xieduchisheng,Xieduchisheng,False
CAU_01134,邪毒闭肺,CAU,Xiedubifei,Xiedubifei,False
CAU_01135,邪气乘虚,CAU,Xieqichengxu,Xieqichengxu,False
CAU_01136,邪气壅盛,CAU,Xieqiyongsheng,Xieqiyongsheng,False
CAU_01137,邪气扰神,CAU,Xieqiraoshen,Xieqiraoshen,False
CAU_01138,邪气攻冲,CAU,Xieqigongchong,Xieqigongchong,False
CAU_01139,邪气甚伤经络,CAU,Xieqishenshangjingluo,Xieqishenshangjingluo,False
CAU_01140,邪气过盛,CAU,Xieqiguosheng,Xieqiguosheng,False
CAU_01141,邪滞耳窍,CAU,Xiezhierqiao,Xiezhierqiao,False
CAU_01142,邪灼心胞,CAU,Xiezhuoxinbao,Xiezhuoxinbao,False
CAU_01143,邪热火毒内壅,CAU,Xierehuoduneiyong,Xierehuoduneiyong,False
CAU_01144,邪结在胸中,CAU,Xiejiezaixiongzhong,Xiejiezaixiongzhong,False
CAU_01145,郁遏胀满,CAU,Yuezhangman,Yuezhangman,False
CAU_01146,酒毒挟寒,CAU,Jiuduxiehan,Jiuduxiehan,False
CAU_01147,里热炽盛,CAU,Lirechisheng,Lirechisheng,False
CAU_01148,重镇安神若眩晕,CAU,Zhongzhenanshenruoxuanyun,Zhongzhenanshenruoxuanyun,False
CAU_01149,阳乘,CAU,Yangcheng,Yangcheng,False
CAU_01150,阳亢,CAU,Yangkang,Yangkang,False
CAU_01151,阳分气虚,CAU,Yangfenqixu,Yangfenqixu,False
CAU_01152,阳明燥气合邪,CAU,Yangmingzaoqihexie,Yangmingzaoqihexie,False
CAU_01153,阳明燥火型,CAU,Yangmingzaohuoxing,Yangmingzaohuoxing,False
CAU_01154,阳气不足,CAU,Yangqibuzu,Yangqibuzu,False
CAU_01155,阳气亏虚,CAU,Yangqikuixu,Yangqikuixu,False
CAU_01156,阳气独亢,CAU,Yangqidukang,Yangqidukang,False
CAU_01157,阳气虚衰,CAU,Yangqixushuai,Yangqixushuai,False
CAU_01158,阳气衰弱,CAU,Yangqishuairuo,Yangqishuairuo,False
CAU_01159,阳热盛极,CAU,Yangreshengji,Yangreshengji,False
CAU_01160,阳痿,CAU,Yangwei,Yangwei,False
CAU_01161,阳盛血热,CAU,Yangshengxuere,Yangshengxuere,False
CAU_01162,阳虚不能溃,CAU,Yangxubunengkui,Yangxubunengkui,False
CAU_01163,阳虚气脱,CAU,Yangxuqituo,Yangxuqituo,False
CAU_01164,阳虚而胀,CAU,Yangxuerzhang,Yangxuerzhang,False
CAU_01165,阳虚脱陷,CAU,Yangxutuoxian,Yangxutuoxian,False
CAU_01166,阳跷阴跷,CAU,Yangqiaoyinqiao,Yangqiaoyinqiao,False
CAU_01167,阴亏失养,CAU,Yinkuishiyang,Yinkuishiyang,False
CAU_01168,阴伤气耗,CAU,Yinshangqihao,Yinshangqihao,False
CAU_01169,阴寒内盛,CAU,Yinhanneisheng,Yinhanneisheng,False
CAU_01170,阴极脏寒,CAU,Yinjizanghan,Yinjizanghan,False
CAU_01171,阴液亏虚,CAU,Yinyekuixu,Yinyekuixu,False
CAU_01172,阴液元气两伤,CAU,Yinyeyuanqiliangshang,Yinyeyuanqiliangshang,False
CAU_01173,阴火挟痰,CAU,Yinhuoxietan,Yinhuoxietan,False
CAU_01174,阴盛阳虚,CAU,Yinshengyangxu,Yinshengyangxu,False
CAU_01175,阴竭阳厥,CAU,Yinjieyangjue,Yinjieyangjue,False
CAU_01176,阴竭阳脱,CAU,Yinjieyangtuo,Yinjieyangtuo,False
CAU_01177,阴虚挟湿热,CAU,Yinxuxieshire,Yinxuxieshire,False
CAU_01178,阴虚有热,CAU,Yinxuyoure,Yinxuyoure,False
CAU_01179,阴虚毒恋,CAU,Yinxudulian,Yinxudulian,False
CAU_01180,阴虚血少,CAU,Yinxuxueshao,Yinxuxueshao,False
CAU_01181,阴血亏耗,CAU,Yinxuekuihao,Yinxuekuihao,False
CAU_01182,阴血虚,CAU,Yinxuexu,Yinxuexu,False
CAU_01183,阴邪外郁,CAU,Yinxiewaiyu,Yinxiewaiyu,False
CAU_01184,阴阳两虚,CAU,Yinyangliangxu,Yinyangliangxu,False
CAU_01185,阴阳二气乱于胸中,CAU,Yinyangerqiluanyuxiongzhong,Yinyangerqiluanyuxiongzhong,False
CAU_01186,阴阳失调,CAU,Yinyangshitiao,Yinyangshitiao,False
CAU_01187,阴阳脱离,CAU,Yinyangtuoli,Yinyangtuoli,False
CAU_01188,陈积,CAU,Chenji,Chenji,False
CAU_01189,霍乱,CAU,Huoluan,Huoluan,False
CAU_01190,面色不华,CAU,Miansebuhua,Miansebuhua,False
CAU_01191,面色青暗,CAU,Mianseqingan,Mianseqingan,False
CAU_01192,面色黯黑,CAU,Mianseanhei,Mianseanhei,False
CAU_01193,风冷入脐,CAU,Fenglengruqi,Fenglengruqi,False
CAU_01194,风夹寒邪犯肺,CAU,Fengjiahanxiefanfei,Fengjiahanxiefanfei,False
CAU_01195,风夹热邪犯肺,CAU,Fengjiarexiefanfei,Fengjiarexiefanfei,False
CAU_01196,风寒内侵,CAU,Fenghanneiqin,Fenghanneiqin,False
CAU_01197,风寒外袭,CAU,Fenghanwaixi,Fenghanwaixi,False
CAU_01198,风寒湿蕴,CAU,Fenghanshiyun,Fenghanshiyun,False
CAU_01199,风寒犯胃,CAU,Fenghanfanwei,Fenghanfanwei,False
CAU_01200,风毒之邪,CAU,Fengduzhixie,Fengduzhixie,False
CAU_01201,风毒喉痈,CAU,Fengduhouyong,Fengduhouyong,False
CAU_01202,风毒壅喉,CAU,Fengduyonghou,Fengduyonghou,False
CAU_01203,风水相搏,CAU,Fengshuixiangbo,Fengshuixiangbo,False
CAU_01204,风湿夹湿,CAU,Fengshijiashi,Fengshijiashi,False
CAU_01205,风湿火盛,CAU,Fengshihuosheng,Fengshihuosheng,False
CAU_01206,风湿蕴结,CAU,Fengshiyunjie,Fengshiyunjie,False
CAU_01207,风火淫郁,CAU,Fenghuoyinyu,Fenghuoyinyu,False
CAU_01208,风火热毒内盛,CAU,Fenghuoreduneisheng,Fenghuoreduneisheng,False
CAU_01209,风热乘脾,CAU,Fengrechengpi,Fengrechengpi,False
CAU_01210,风热伤络,CAU,Fengreshangluo,Fengreshangluo,False
CAU_01211,风热偏盛,CAU,Fengrepiansheng,Fengrepiansheng,False
CAU_01212,风热动风,CAU,Fengredongfeng,Fengredongfeng,False
CAU_01213,风热壅盛,CAU,Fengreyongsheng,Fengreyongsheng,False
CAU_01214,风热外侵,CAU,Fengrewaiqin,Fengrewaiqin,False
CAU_01215,风热夹瘀,CAU,Fengrejiayu,Fengrejiayu,False
CAU_01216,风热并重,CAU,Fengrebingzhong,Fengrebingzhong,False
CAU_01217,风热挟痰,CAU,Fengrexietan,Fengrexietan,False
CAU_01218,风热火毒等邪犯喉,CAU,Fengrehuodudengxiefanhou,Fengrehuodudengxiefanhou,False
CAU_01219,风热犯肺,CAU,Fengrefanfei,Fengrefanfei,False
CAU_01220,风热留恋,CAU,Fengreliulian,Fengreliulian,False
CAU_01221,风热血燥,CAU,Fengrexuezao,Fengrexuezao,False
CAU_01222,风热邪毒,CAU,Fengrexiedu,Fengrexiedu,False
CAU_01223,风疟,CAU,Fengnve,Fengnve,False
CAU_01224,风痰上壅,CAU,Fengtanshangyong,Fengtanshangyong,False
CAU_01225,风痰上犯,CAU,Fengtanshangfan,Fengtanshangfan,False
CAU_01226,风痰入里,CAU,Fengtanruli,Fengtanruli,False
CAU_01227,风痰壅目,CAU,Fengtanyongmu,Fengtanyongmu,False
CAU_01228,风痰热结,CAU,Fengtanrejie,Fengtanrejie,False
CAU_01229,风盛燥血,CAU,Fengshengzaoxue,Fengshengzaoxue,False
CAU_01230,风盛血燥,CAU,Fengshengxuezao,Fengshengxuezao,False
CAU_01231,风虚冷热,CAU,Fengxulengre,Fengxulengre,False
CAU_01232,风虚相抟,CAU,Fengxuxiangtuan,Fengxuxiangtuan,False
CAU_01233,风袭肝经,CAU,Fengxiganjing,Fengxiganjing,False
CAU_01234,风袭脾肺,CAU,Fengxipifei,Fengxipifei,False
CAU_01235,风邪伤肝,CAU,Fengxieshanggan,Fengxieshanggan,False
CAU_01236,风邪入肝,CAU,Fengxierugan,Fengxierugan,False
CAU_01237,风邪壅滞血脉,CAU,Fengxieyongzhixuemai,Fengxieyongzhixuemai,False
CAU_01238,风邪难解,CAU,Fengxienanjie,Fengxienanjie,False
CAU_01239,风闭,CAU,Fengbi,Fengbi,False
CAU_01240,风阳内动,CAU,Fengyangneidong,Fengyangneidong,False
CAU_01241,风阳内盛,CAU,Fengyangneisheng,Fengyangneisheng,False
CAU_01242,食滞脾胃,CAU,Shizhipiwei,Shizhipiwei,False
CAU_01243,食积化热,CAU,Shijihuare,Shijihuare,False
CAU_01244,食积挟热,CAU,Shijixiere,Shijixiere,False
CAU_01245,饮郁化热,CAU,Yinyuhuare,Yinyuhuare,False
CAU_01246,骨无荣养,CAU,Guwurongyang,Guwurongyang,False
CAU_01247,骨蒸潮热,CAU,Guzhengchaore,Guzhengchaore,False
CAU_01248,骨骼气血长期瘀结,CAU,Gugeqixuechangqiyujie,Gugeqixuechangqiyujie,False
CAU_01249,骨骼空虚,CAU,Gugekongxu,Gugekongxu,False
CAU_01250,髓减脑消,CAU,Suijiannaoxiao,Suijiannaoxiao,False
CAU_01251,髓海空虚,CAU,Suihaikongxu,Suihaikongxu,False
CAU_01252,麻疹,CAU,Mazhen,Mazhen,False
EFF_01253,清热,EFF,Qingre,Clear heat,True
EFF_01254,健脾,EFF,Jianpi,Fortify the spleen,True
EFF_01255,益气,EFF,Yiqi,Boost qi,True
EFF_01256,补肾,EFF,Bushen,Supplement the kidney,True
EFF_01257,活血化瘀,EFF,Huoxuehuayu,"Activate blood, resolve stasis",True
EFF_01258,清热解毒,EFF,Qingrejiedu,"Clear heat, resolve toxin",True
EFF_01259,滋阴,EFF,Ziyin,Enrich yin,True
EFF_01260,补气,EFF,Buqi,Supplement qi,True
EFF_01261,止血,EFF,Zhixue,Stanch bleeding,True
EFF_01262,健脾益气,EFF,Jianpiyiqi,"Fortify spleen, boost qi",True
EFF_01263,开窍,EFF,Kaiqiao,Kaiqiao,False
EFF_01264,补血,EFF,Buxue,Buxue,False
EFF_01265,养阴,EFF,Yangyin,Yangyin,False
EFF_01266,益气养阴,EFF,Yiqiyangyin,Yiqiyangyin,False
EFF_01267,凉血止血,EFF,Liangxuezhixue,Liangxuezhixue,False
EFF_01268,补肺,EFF,Bufei,Bufei,False
EFF_01269,和胃降逆,EFF,Heweijiangni,Heweijiangni,False
EFF_01270,疏肝理气,EFF,Shuganliqi,Shuganliqi,False
EFF_01271,滋阴清热,EFF,Ziyinqingre,Ziyinqingre,False
EFF_01272,解郁,EFF,Jieyu,Jieyu,False
EFF_01273,化痰散结,EFF,Huatansanjie,Huatansanjie,False
EFF_01274,滋阴降火,EFF,Ziyinjianghuo,Ziyinjianghuo,False
EFF_01275,祛湿,EFF,Qushi,Qushi,False
EFF_01276,温肾,EFF,Wenshen,Wenshen,False
EFF_01277,化痰,EFF,Huatan,Huatan,False
EFF_01278,安神,EFF,Anshen,Anshen,False
EFF_01279,疏肝解郁,EFF,Shuganjieyu,Shuganjieyu,False
EFF_01280,养心安神,EFF,Yangxinanshen,Yangxinanshen,False
EFF_01281,清肝泻火,EFF,Qingganxiehuo,Qingganxiehuo,False
EFF_01282,温补脾肾,EFF,Wenbupishen,Wenbupishen,False
EFF_01283,滋补肝肾,EFF,Zibuganshen,Zibuganshen,False
EFF_01284,行气止痛,EFF,Xingqizhitong,Xingqizhitong,False
EFF_01285,养阴清热,EFF,Yangyinqingre,Yangyinqingre,False
EFF_01286,养阴生津,EFF,Yangyinshengjin,Yangyinshengjin,False
EFF_01287,益肾,EFF,Yishen,Yishen,False
EFF_01288,解毒,EFF,Jiedu,Jiedu,False
EFF_01289,活血通络,EFF,Huoxuetongluo,Huoxuetongluo,False
EFF_01290,清胃泻火,EFF,Qingweixiehuo,Qingweixiehuo,False
EFF_01291,温补肾阳,EFF,Wenbushenyang,Wenbushenyang,False
EFF_01292,燥湿化痰,EFF,Zaoshihuatan,Zaoshihuatan,False
EFF_01293,顺气,EFF,Shunqi,Shunqi,False
EFF_01294,化瘀,EFF,Huayu,Huayu,False
EFF_01295,化瘀止血,EFF,Huayuzhixue,Huayuzhixue,False
EFF_01296,化瘀通络,EFF,Huayutongluo,Huayutongluo,False
EFF_01297,回阳,EFF,Huiyang,Huiyang,False
EFF_01298,寿胎丸,EFF,Shoutai Wan,Shoutai Wan,False
EFF_01299,平肝息风,EFF,Pingganxifeng,Pingganxifeng,False
EFF_01300,泻火解毒,EFF,Xiehuojiedu,Xiehuojiedu,False
EFF_01301,消瘿散结,EFF,Xiaoyingsanjie,Xiaoyingsanjie,False
EFF_01302,清利湿热,EFF,Qinglishire,Qinglishire,False
EFF_01303,益气养血,EFF,Yiqiyangxue,Yiqiyangxue,False
EFF_01304,益气活血,EFF,Yiqihuoxue,Yiqihuoxue,False
EFF_01305,祛风止痒,EFF,Qufengzhiyang,Qufengzhiyang,False
EFF_01306,祛风除湿,EFF,Qufengchushi,Qufengchushi,False
EFF_01307,行气利水,EFF,Xingqilishui,Xingqilishui,False
EFF_01308,通腑泻热,EFF,Tongfuxiere,Tongfuxiere,False
EFF_01309,养血调经,EFF,Yangxuetiaojing,Yangxuetiaojing,False
EFF_01310,凉血活血,EFF,Liangxuehuoxue,Liangxuehuoxue,False
EFF_01311,利咽消肿,EFF,Liyanxiaozhong,Liyanxiaozhong,False
EFF_01312,化气行水,EFF,Huaqixingshui,Huaqixingshui,False
EFF_01313,化痰止咳,EFF,Huatanzhike,Huatanzhike,False
EFF_01314,回阳救逆,EFF,Huiyangjiuni,Huiyangjiuni,False
EFF_01315,宣肺止咳,EFF,Xuanfeizhike,Xuanfeizhike,False
EFF_01316,平肝潜阳,EFF,Pingganqianyang,Pingganqianyang,False
EFF_01317,抑肝扶脾,EFF,Yiganfupi,Yiganfupi,False
EFF_01318,活血止痛,EFF,Huoxuezhitong,Huoxuezhitong,False
EFF_01319,消肿止痛,EFF,Xiaozhongzhitong,Xiaozhongzhitong,False
EFF_01320,消食化滞,EFF,Xiaoshihuazhi,Xiaoshihuazhi,False
EFF_01321,温阳利水,EFF,Wenyanglishui,Wenyanglishui,False
EFF_01322,温阳散寒,EFF,Wenyangsanhan,Wenyangsanhan,False
EFF_01323,滋养肝肾,EFF,Ziyangganshen,Ziyangganshen,False
EFF_01324,理气化痰,EFF,Liqihuatan,Liqihuatan,False
EFF_01325,生津止渴,EFF,Shengjinzhike,Shengjinzhike,False
EFF_01326,祛风散寒,EFF,Qufengsanhan,Qufengsanhan,False
EFF_01327,行气活血,EFF,Xingqihuoxue,Xingqihuoxue,False
EFF_01328,解毒消肿,EFF,Jieduxiaozhong,Jieduxiaozhong,False
EFF_01329,豁痰开窍,EFF,Huotankaiqiao,Huotankaiqiao,False
EFF_01330,利咽散结,EFF,Liyansanjie,Liyansanjie,False
EFF_01331,利水消肿,EFF,Lishuixiaozhong,Lishuixiaozhong,False
EFF_01332,固冲调经,EFF,Guchongtiaojing,Guchongtiaojing,False
EFF_01333,治肝,EFF,Zhigan,Zhigan,False
EFF_01334,活血散瘀,EFF,Huoxuesanyu,Huoxuesanyu,False
EFF_01335,活血祛瘀,EFF,Huoxuequyu,Huoxuequyu,False
EFF_01336,润肠通便,EFF,Runchangtongbian,Runchangtongbian,False
EFF_01337,清心泻火,EFF,Qingxinxiehuo,Qingxinxiehuo,False
EFF_01338,清暑化湿,EFF,Qingshuhuashi,Qingshuhuashi,False
EFF_01339,清肺化痰,EFF,Qingfeihuatan,Qingfeihuatan,False
EFF_01340,清营凉血,EFF,Qingyingliangxue,Qingyingliangxue,False
EFF_01341,清虚热,EFF,Qingxure,Qingxure,False
EFF_01342,理气止痛,EFF,Liqizhitong,Liqizhitong,False
EFF_01343,理气活血,EFF,Liqihuoxue,Liqihuoxue,False
EFF_01344,生风化燥,EFF,Shengfenghuazao,Shengfenghuazao,False
EFF_01345,疏风散寒,EFF,Shufengsanhan,Shufengsanhan,False
EFF_01346,益气固表,EFF,Yiqigubiao,Yiqigubiao,False
EFF_01347,育阴潜阳,EFF,Yuyinqianyang,Yuyinqianyang,False
EFF_01348,软坚散结,EFF,Ruanjiansanjie,Ruanjiansanjie,False
EFF_01349,降逆止呕,EFF,Jiangnizhiou,Jiangnizhiou,False
EFF_01350,养血润燥,EFF,Yangxuerunzao,Yangxuerunzao,False
EFF_01351,养阴益气,EFF,Yangyinyiqi,Yangyinyiqi,False
EFF_01352,凉血化斑,EFF,Liangxuehuaban,Liangxuehuaban,False
EFF_01353,凉血活瘀,EFF,Liangxuehuoyu,Liangxuehuoyu,False
EFF_01354,凉血祛风,EFF,Liangxuequfeng,Liangxuequfeng,False
EFF_01355,化湿止泻,EFF,Huashizhixie,Huashizhixie,False
EFF_01356,回阳固脱,EFF,Huiyanggutuo,Huiyanggutuo,False
EFF_01357,引热下行,EFF,Yinrexiaxing,Yinrexiaxing,False
EFF_01358,散寒通络,EFF,Sanhantongluo,Sanhantongluo,False
EFF_01359,止咳平喘,EFF,Zhikepingchuan,Zhikepingchuan,False
EFF_01360,泻热通腑,EFF,Xieretongfu,Xieretongfu,False
EFF_01361,活血调经,EFF,Huoxuetiaojing,Huoxuetiaojing,False
EFF_01362,润肺,EFF,Runfei,Runfei,False
EFF_01363,清化痰热,EFF,Qinghuatanre,Qinghuatanre,False
EFF_01364,清气凉营,EFF,Qingqiliangying,Qingqiliangying,False
EFF_01365,清泻肝火,EFF,Qingxieganhuo,Qingxieganhuo,False
EFF_01366,温肺化饮,EFF,Wenfeihua Yin,Wenfeihua Yin,False
EFF_01367,温肾健脾,EFF,Wenshenjianpi,Wenshenjianpi,False
EFF_01368,滋阴润肺,EFF,Ziyinrunfei,Ziyinrunfei,False
EFF_01369,生津润燥,EFF,Shengjinrunzao,Shengjinrunzao,False
EFF_01370,疏风散邪,EFF,Shufengsanxie,Shufengsanxie,False
EFF_01371,益肝肾,EFF,Yiganshen,Yiganshen,False
EFF_01372,芳化湿浊,EFF,Fanghuashizhuo,Fanghuashizhuo,False
EFF_01373,解毒化湿,EFF,Jieduhuashi,Jieduhuashi,False
EFF_01374,调补冲任,EFF,Diaobuchongren,Diaobuchongren,False
EFF_01375,辟秽解毒,EFF,Pihuijiedu,Pihuijiedu,False
EFF_01376,通淋排石,EFF,Tonglinpaishi,Tonglinpaishi,False
EFF_01377,降气化痰,EFF,Jiangqihuatan,Jiangqihuatan,False
EFF_01378,降气平喘,EFF,Jiangqipingchuan,Jiangqipingchuan,False
EFF_01379,以清肺热,EFF,Yiqingfeire,Yiqingfeire,False
EFF_01380,以解其毒,EFF,Yijieqidu,Yijieqidu,False
EFF_01381,健脾渗湿,EFF,Jianpishenshi,Jianpishenshi,False
EFF_01382,健脾益肺,EFF,Jianpiyifei,Jianpiyifei,False
EFF_01383,养血安胎,EFF,Yangxueantai,Yangxueantai,False
EFF_01384,养血息风,EFF,Yangxuexifeng,Yangxuexifeng,False
EFF_01385,养血祛风,EFF,Yangxuequfeng,Yangxuequfeng,False
EFF_01386,兼滋其阴,EFF,Jianziqiyin,Jianziqiyin,False
EFF_01387,凉血息风,EFF,Liangxuexifeng,Liangxuexifeng,False
EFF_01388,凉血止痛,EFF,Liangxuezhitong,Liangxuezhitong,False
EFF_01389,凉血解毒,EFF,Liangxuejiedu,Liangxuejiedu,False
EFF_01390,利湿消肿,EFF,Lishixiaozhong,Lishixiaozhong,False
EFF_01391,化气利水,EFF,Huaqilishui,Huaqilishui,False
EFF_01392,化瘀祛痰,EFF,Huayuqutan,Huayuqutan,False
EFF_01393,参附龙牡汤,EFF,Canfulongmu Tang,Canfulongmu Tang,False
EFF_01394,和络止痛,EFF,Heluozhitong,Heluozhitong,False
EFF_01395,和营退热,EFF,Heyingtuire,Heyingtuire,False
EFF_01396,固涩止泻,EFF,Gusezhixie,Gusezhixie,False
EFF_01397,大解热毒,EFF,Dajieredu,Dajieredu,False
EFF_01398,宣肺解毒,EFF,Xuanfeijiedu,Xuanfeijiedu,False
EFF_01399,宣肺解表,EFF,Xuanfeijiebiao,Xuanfeijiebiao,False
EFF_01400,托里排毒,EFF,Tuolipaidu,Tuolipaidu,False
EFF_01401,扶正祛邪,EFF,Fuzhengquxie,Fuzhengquxie,False
EFF_01402,收敛疮口,EFF,Shoulianchuangkou,Shoulianchuangkou,False
EFF_01403,暖肝散寒,EFF,Nuangansanhan,Nuangansanhan,False
EFF_01404,止咳化痰,EFF,Zhikehuatan,Zhikehuatan,False
EFF_01405,止咳安胎,EFF,Zhikeantai,Zhikeantai,False
EFF_01406,气血双补,EFF,Qixueshuangbu,Qixueshuangbu,False
EFF_01407,治热嗽,EFF,Zhiresou,Zhiresou,False
EFF_01408,泻热解毒,EFF,Xierejiedu,Xierejiedu,False
EFF_01409,活血,EFF,Huoxue,Huoxue,False
EFF_01410,活血通脉,EFF,Huoxuetongmai,Huoxuetongmai,False
EFF_01411,消疮散结,EFF,Xiaochuangsanjie,Xiaochuangsanjie,False
EFF_01412,消痰清火,EFF,Xiaotanqinghuo,Xiaotanqinghuo,False
EFF_01413,淡渗利湿,EFF,Danshenlishi,Danshenlishi,False
EFF_01414,清泻肺胃,EFF,Qingxiefeiwei,Qingxiefeiwei,False
EFF_01415,清热化痰,EFF,Qingrehuatan,Qingrehuatan,False
EFF_01416,清肝泄火,EFF,Qingganxiehuo,Qingganxiehuo,False
EFF_01417,清胃散,EFF,Qingwei San,Qingwei San,False
EFF_01418,清补脾,EFF,Qingbupi,Qingbupi,False
EFF_01419,清解余毒,EFF,Qingjieyudu,Qingjieyudu,False
EFF_01420,温中化,EFF,Wenzhonghua,Wenzhonghua,False
EFF_01421,温化寒湿,EFF,Wenhuahanshi,Wenhuahanshi,False
EFF_01422,温补心阳,EFF,Wenbuxinyang,Wenbuxinyang,False
EFF_01423,温补脾胃,EFF,Wenbupiwei,Wenbupiwei,False
EFF_01424,温阳化气,EFF,Wenyanghuaqi,Wenyanghuaqi,False
EFF_01425,滋养肾阴,EFF,Ziyangshenyin,Ziyangshenyin,False
EFF_01426,熄风止痛,EFF,Xifengzhitong,Xifengzhitong,False
EFF_01427,理脾疏肝,EFF,Lipishugan,Lipishugan,False
EFF_01428,琥珀丸,EFF,Hupo Wan,Hupo Wan,False
EFF_01429,甘温除热,EFF,Ganwenchure,Ganwenchure,False
EFF_01430,疏散风寒,EFF,Shusanfenghan,Shusanfenghan,False
EFF_01431,疏肝泄热,EFF,Shuganxiere,Shuganxiere,False
EFF_01432,疏风止痒,EFF,Shufengzhiyang,Shufengzhiyang,False
EFF_01433,疏风解表,EFF,Shufengjiebiao,Shufengjiebiao,False
EFF_01434,益气健脾,EFF,Yiqijianpi,Yiqijianpi,False
EFF_01435,益气敛汗,EFF,Yiqilianhan,Yiqilianhan,False
EFF_01436,祛瘀化湿,EFF,Quyuhuashi,Quyuhuashi,False
EFF_01437,祛风燥湿,EFF,Qufengzaoshi,Qufengzaoshi,False
EFF_01438,祛风通络,EFF,Qufengtongluo,Qufengtongluo,False
EFF_01439,纳气定喘,EFF,Naqidingchuan,Naqidingchuan,False
EFF_01440,纳肾,EFF,Nashen,Nashen,False
EFF_01441,缓急止痛,EFF,Huanjizhitong,Huanjizhitong,False
EFF_01442,舒肝理气,EFF,Shuganliqi,Shuganliqi,False
EFF_01443,行气化湿,EFF,Xingqihuashi,Xingqihuashi,False
EFF_01444,行气导滞,EFF,Xingqidaozhi,Xingqidaozhi,False
EFF_01445,行气消胀,EFF,Xingqixiaozhang,Xingqixiaozhang,False
EFF_01446,补中,EFF,Buzhong,Buzhong,False
EFF_01447,补养气血,EFF,Buyangqixue,Buyangqixue,False
EFF_01448,补益肾气,EFF,Buyishenqi,Buyishenqi,False
EFF_01449,补益脾肾,EFF,Buyipishen,Buyipishen,False
EFF_01450,补脾敛肺,EFF,Bupilianfei,Bupilianfei,False
EFF_01451,补阴,EFF,Buyin,Buyin,False
EFF_01452,解毒利咽,EFF,Jieduliyan,Jieduliyan,False
EFF_01453,解毒除瘴,EFF,Jieduchuzhang,Jieduchuzhang,False
EFF_01454,解表散寒,EFF,Jiebiaosanhan,Jiebiaosanhan,False
EFF_01455,调和肝脾,EFF,Tiaoheganpi,Tiaoheganpi,False
EFF_01456,调气和血,EFF,Diaoqihexue,Diaoqihexue,False
EFF_01457,运脾和胃,EFF,Yunpihewei,Yunpihewei,False
EFF_01458,通络止痛,EFF,Tongluozhitong,Tongluozhitong,False
EFF_01459,醒脾健胃,EFF,Xingpijianwei,Xingpijianwei,False
EFF_01460,降气和胃,EFF,Jiangqihewei,Jiangqihewei,False
EFF_01461,上窍不闭,EFF,Shangqiaobubi,Shangqiaobubi,False
EFF_01462,下窍能开,EFF,Xiaqiaonengkai,Xiaqiaonengkai,False
EFF_01463,以杀虫驱蛔,EFF,Yishachongquhui,Yishachongquhui,False
EFF_01464,以泄肺邪,EFF,Yixiefeixie,Yixiefeixie,False
EFF_01465,以温脾肾,EFF,Yiwenpishen,Yiwenpishen,False
EFF_01466,以滋肝阴,EFF,Yiziganyin,Yiziganyin,False
EFF_01467,以益肝血,EFF,Yiyiganxue,Yiyiganxue,False
EFF_01468,保肺清金,EFF,Baofeiqingjin,Baofeiqingjin,False
EFF_01469,健脾养血,EFF,Jianpiyangxue,Jianpiyangxue,False
EFF_01470,健脾化湿,EFF,Jianpihuashi,Jianpihuashi,False
EFF_01471,养心益脾,EFF,Yangxinyipi,Yangxinyipi,False
EFF_01472,养心阴和血脉,EFF,Yangxinyinhexuemai,Yangxinyinhexuemai,False
EFF_01473,养肝肾之阴,EFF,Yangganshenzhiyin,Yangganshenzhiyin,False
EFF_01474,养肝调经,EFF,Yanggantiaojing,Yanggantiaojing,False
EFF_01475,养血和中,EFF,Yangxuehezhong,Yangxuehezhong,False
EFF_01476,养血柔肝,EFF,Yangxuerougan,Yangxuerougan,False
EFF_01477,养血止血,EFF,Yangxuezhixue,Yangxuezhixue,False
EFF_01478,养血活血,EFF,Yangxuehuoxue,Yangxuehuoxue,False
EFF_01479,养血疏风,EFF,Yangxueshufeng,Yangxueshufeng,False
EFF_01480,养血益阴,EFF,Yangxueyiyin,Yangxueyiyin,False
EFF_01481,养血祛风润燥,EFF,Yangxuequfengrunzao,Yangxuequfengrunzao,False
EFF_01482,养血育胎,EFF,Yangxueyutai,Yangxueyutai,False
EFF_01483,养血顺气,EFF,Yangxueshunqi,Yangxueshunqi,False
EFF_01484,养阴增液,EFF,Yangyinzengye,Yangyinzengye,False
EFF_01485,养阴润肺,EFF,Yangyinrunfei,Yangyinrunfei,False
EFF_01486,养阴清心,EFF,Yangyinqingxin,Yangyinqingxin,False
EFF_01487,兼以疏风,EFF,Jianyishufeng,Jianyishufeng,False
EFF_01488,兼清郁热,EFF,Jianqingyure,Jianqingyure,False
EFF_01489,凉心滋肾,EFF,Liangxinzishen,Liangxinzishen,False
EFF_01490,凉肝息风,EFF,Liangganxifeng,Liangganxifeng,False
EFF_01491,凉肝滋肾,EFF,Liangganzishen,Liangganzishen,False
EFF_01492,凉肝通络,EFF,Lianggantongluo,Lianggantongluo,False
EFF_01493,凉营解毒,EFF,Liangyingjiedu,Liangyingjiedu,False
EFF_01494,凉血化瘀,EFF,Liangxuehuayu,Liangxuehuayu,False
EFF_01495,凉血开窍,EFF,Liangxuekaiqiao,Liangxuekaiqiao,False
EFF_01496,凉血散结,EFF,Liangxuesanjie,Liangxuesanjie,False
EFF_01497,凉血止痢,EFF,Liangxuezhili,Liangxuezhili,False
EFF_01498,凉血清胃,EFF,Liangxueqingwei,Liangxueqingwei,False
EFF_01499,分清泄浊,EFF,Fenqingxiezhuo,Fenqingxiezhuo,False
EFF_01500,利咽生津,EFF,Liyanshengjin,Liyanshengjin,False
EFF_01501,利气宣壅,EFF,Liqixuanyong,Liqixuanyong,False
EFF_01502,利气疏导,EFF,Liqishudao,Liqishudao,False
EFF_01503,利湿止痒,EFF,Lishizhiyang,Lishizhiyang,False
EFF_01504,利湿清暑,EFF,Lishiqingshu,Lishiqingshu,False
EFF_01505,利湿解毒,EFF,Lishijiedu,Lishijiedu,False
EFF_01506,利湿解热,EFF,Lishijiere,Lishijiere,False
EFF_01507,利胆退黄,EFF,Lidantuihuang,Lidantuihuang,False
EFF_01508,助运止泻,EFF,Zhuyunzhixie,Zhuyunzhixie,False
EFF_01509,助阳化浊,EFF,Zhuyanghuazhuo,Zhuyanghuazhuo,False
EFF_01510,化气行滞,EFF,Huaqixingzhi,Huaqixingzhi,False
EFF_01511,化湿和中,EFF,Huashihezhong,Huashihezhong,False
EFF_01512,化湿泄浊,EFF,Huashixiezhuo,Huashixiezhuo,False
EFF_01513,化湿消食,EFF,Huashixiaoshi,Huashixiaoshi,False
EFF_01514,化痰利气,EFF,Huatanliqi,Huatanliqi,False
EFF_01515,化痰和中,EFF,Huatanhezhong,Huatanhezhong,False
EFF_01516,化痰宁心,EFF,Huatanningxin,Huatanningxin,False
EFF_01517,化痰平喘,EFF,Huatanpingchuan,Huatanpingchuan,False
EFF_01518,化痰止呕,EFF,Huatanzhiou,Huatanzhiou,False
EFF_01519,化痰泄浊,EFF,Huatanxiezhuo,Huatanxiezhuo,False
EFF_01520,化痰活血宣痹通络,EFF,Huatanhuoxuexuanbitongluo,Huatanhuoxuexuanbitongluo,False
EFF_01521,化痰熄风,EFF,Huatanxifeng,Huatanxifeng,False
EFF_01522,化痰燥湿调经,EFF,Huatanzaoshitiaojing,Huatanzaoshitiaojing,False
EFF_01523,化痰祛湿,EFF,Huatanqushi,Huatanqushi,False
EFF_01524,化痰祛瘀通络,EFF,Huatanquyutongluo,Huatanquyutongluo,False
EFF_01525,化痰行瘀,EFF,Huatanxingyu,Huatanxingyu,False
EFF_01526,化痰通络,EFF,Huatantongluo,Huatantongluo,False
EFF_01527,化痰降气,EFF,Huatanjiangqi,Huatanjiangqi,False
EFF_01528,化痰降逆,EFF,Huatanjiangni,Huatanjiangni,False
EFF_01529,化瘀利水,EFF,Huayulishui,Huayulishui,False
EFF_01530,化瘀消肿,EFF,Huayuxiaozhong,Huayuxiaozhong,False
EFF_01531,化瘀通腑,EFF,Huayutongfu,Huayutongfu,False
EFF_01532,化饮利水,EFF,Huayinlishui,Huayinlishui,False
EFF_01533,升阳补气,EFF,Shengyangbuqi,Shengyangbuqi,False
EFF_01534,又清肺热,EFF,Youqingfeire,Youqingfeire,False
EFF_01535,和胃止逆,EFF,Heweizhini,Heweizhini,False
EFF_01536,和营活血,EFF,Heyinghuoxue,Heyinghuoxue,False
EFF_01537,和营祛寒化湿,EFF,Heyingquhanhuashi,Heyingquhanhuashi,False
EFF_01538,和解祛邪,EFF,Hejiequxie,Hejiequxie,False
EFF_01539,和解表里,EFF,Hejiebiaoli,Hejiebiaoli,False
EFF_01540,咯血唾血神效,EFF,Kaxietuoxueshenxiao,Kaxietuoxueshenxiao,False
EFF_01541,固冲止崩,EFF,Guchongzhibeng,Guchongzhibeng,False
EFF_01542,固本培元,EFF,Gubenpeiyuan,Gubenpeiyuan,False
EFF_01543,固涩小便,EFF,Gusexiaobian,Gusexiaobian,False
EFF_01544,固肾安胎,EFF,Gushenantai,Gushenantai,False
EFF_01545,固肾纳气,EFF,Gushennaqi,Gushennaqi,False
EFF_01546,固表敛汗,EFF,Gubiaolianhan,Gubiaolianhan,False
EFF_01547,培元固本,EFF,Peiyuanguben,Peiyuanguben,False
EFF_01548,填精养胎,EFF,Tianjingyangtai,Tianjingyangtai,False
EFF_01549,大泻肺气,EFF,Daxiefeiqi,Daxiefeiqi,False
EFF_01550,大补其血,EFF,Dabuqixue,Dabuqixue,False
EFF_01551,大补脾胃,EFF,Dabupiwei,Dabupiwei,False
EFF_01552,宁心安神,EFF,Ningxinanshen,Ningxinanshen,False
EFF_01553,宁心定悸,EFF,Ningxindingji,Ningxindingji,False
EFF_01554,宁心通络,EFF,Ningxintongluo,Ningxintongluo,False
EFF_01555,安神定悸,EFF,Anshendingji,Anshendingji,False
EFF_01556,安蛔止痛,EFF,Anhuizhitong,Anhuizhitong,False
EFF_01557,定心气,EFF,Dingxinqi,Dingxinqi,False
EFF_01558,定惊,EFF,Dingjing,Dingjing,False
EFF_01559,宜消肿,EFF,Yixiaozhong,Yixiaozhong,False
EFF_01560,宜甘润,EFF,Yiganrun,Yiganrun,False
EFF_01561,宜肺行水,EFF,Yifeixingshui,Yifeixingshui,False
EFF_01562,宜调血脉,EFF,Yidiaoxuemai,Yidiaoxuemai,False
EFF_01563,宜辛甘热去之,EFF,Yixinganrequzhi,Yixinganrequzhi,False
EFF_01564,宣畅气机,EFF,Xuanchangqiji,Xuanchangqiji,False
EFF_01565,宣肺散寒,EFF,Xuanfeisanhan,Xuanfeisanhan,False
EFF_01566,宣郁开窍,EFF,Xuanyukaiqiao,Xuanyukaiqiao,False
EFF_01567,宽肺化痰利膈,EFF,Kuanfeihuatanlige,Kuanfeihuatanlige,False
EFF_01568,寒热平调,EFF,Hanrepingdiao,Hanrepingdiao,False
EFF_01569,寒热并用,EFF,Hanrebingyong,Hanrebingyong,False
EFF_01570,导滞散结,EFF,Daozhisanjie,Daozhisanjie,False
EFF_01571,平肝熄风,EFF,Pingganxifeng,Pingganxifeng,False
EFF_01572,平肝降火,EFF,Pingganjianghuo,Pingganjianghuo,False
EFF_01573,开窍醒神,EFF,Kaiqiaoxingshen,Kaiqiaoxingshen,False
EFF_01574,开肺定喘,EFF,Kaifeidingchuan,Kaifeidingchuan,False
EFF_01575,开郁化痰,EFF,Kaiyuhuatan,Kaiyuhuatan,False
EFF_01576,引火归元,EFF,Yinhuoguiyuan,Yinhuoguiyuan,False
EFF_01577,强筋健骨,EFF,Qiangjinjiangu,Qiangjinjiangu,False
EFF_01578,息风化痰,EFF,Xifenghuatan,Xifenghuatan,False
EFF_01579,息风定惊,EFF,Xifengdingjing,Xifengdingjing,False
EFF_01580,息风止痒,EFF,Xifengzhiyang,Xifengzhiyang,False
EFF_01581,扶正固本,EFF,Fuzhengguben,Fuzhengguben,False
EFF_01582,扶正固脱,EFF,Fuzhenggutuo,Fuzhenggutuo,False
EFF_01583,扶正托毒,EFF,Fuzhengtuodu,Fuzhengtuodu,False
EFF_01584,扶正熄风,EFF,Fuzhengxifeng,Fuzhengxifeng,False
EFF_01585,振奋心阳,EFF,Zhenfenxinyang,Zhenfenxinyang,False
EFF_01586,排石通淋,EFF,Paishitonglin,Paishitonglin,False
EFF_01587,排脓通腑,EFF,Painongtongfu,Painongtongfu,False
EFF_01588,收敛止血,EFF,Shoulianzhixue,Shoulianzhixue,False
EFF_01589,收敛降火,EFF,Shoulianjianghuo,Shoulianjianghuo,False
EFF_01590,攻补兼施,EFF,Gongbujianshi,Gongbujianshi,False
EFF_01591,散寒化湿,EFF,Sanhanhuashi,Sanhanhuashi,False
EFF_01592,散寒化痰,EFF,Sanhanhuatan,Sanhanhuatan,False
EFF_01593,散寒燥湿,EFF,Sanhanzaoshi,Sanhanzaoshi,False
EFF_01594,散寒解表,EFF,Sanhanjiebiao,Sanhanjiebiao,False
EFF_01595,散寒通脉,EFF,Sanhantongmai,Sanhantongmai,False
EFF_01596,散寒除湿,EFF,Sanhanchushi,Sanhanchushi,False
EFF_01597,散治虚劳咳嗽,EFF,Sanzhixulaokesou,Sanzhixulaokesou,False
EFF_01598,散清肝火,EFF,Sanqingganhuo,Sanqingganhuo,False
EFF_01599,散瘀通络,EFF,Sanyutongluo,Sanyutongluo,False
EFF_01600,散结除痰,EFF,Sanjiechutan,Sanjiechutan,False
EFF_01601,暖下泄浊,EFF,Nuanxiaxiezhuo,Nuanxiaxiezhuo,False
EFF_01602,暖脾温肾,EFF,Nuanpiwenshen,Nuanpiwenshen,False
EFF_01603,有利小便,EFF,Youlixiaobian,Youlixiaobian,False
EFF_01604,柔筋止痛,EFF,Roujinzhitong,Roujinzhitong,False
EFF_01605,柔肝息风,EFF,Rouganxifeng,Rouganxifeng,False
EFF_01606,柔肝益胃,EFF,Rouganyiwei,Rouganyiwei,False
EFF_01607,止咳嗽,EFF,Zhikesou,Zhikesou,False
EFF_01608,止痛通络,EFF,Zhitongtongluo,Zhitongtongluo,False
EFF_01609,气化循环,EFF,Qihuaxunhuan,Qihuaxunhuan,False
EFF_01610,气顺痰清,EFF,Qishuntanqing,Qishuntanqing,False
EFF_01611,治宜扶阳,EFF,Zhiyifuyang,Zhiyifuyang,False
EFF_01612,治宜清火,EFF,Zhiyiqinghuo,Zhiyiqinghuo,False
EFF_01613,治肺气,EFF,Zhifeiqi,Zhifeiqi,False
EFF_01614,治虚劳热嗽,EFF,Zhixulaoresou,Zhixulaoresou,False
EFF_01615,泄浊解毒,EFF,Xiezhuojiedu,Xiezhuojiedu,False
EFF_01616,泄肾利湿,EFF,Xieshenlishi,Xieshenlishi,False
EFF_01617,泄邪平肝,EFF,Xiexiepinggan,Xiexiepinggan,False
EFF_01618,泻心凉血,EFF,Xiexinliangxue,Xiexinliangxue,False
EFF_01619,泻心火,EFF,Xiexinhuo,Xiexinhuo,False
EFF_01620,泻火祛瘀,EFF,Xiehuoquyu,Xiehuoquyu,False
EFF_01621,泻火通腑,EFF,Xiehuotongfu,Xiehuotongfu,False
EFF_01622,泻热利湿,EFF,Xierelishi,Xierelishi,False
EFF_01623,泻热通滞,EFF,Xieretongzhi,Xieretongzhi,False
EFF_01624,泻热降气,EFF,Xierejiangqi,Xierejiangqi,False
EFF_01625,泻肝胆实火,EFF,Xiegandanshihuo,Xiegandanshihuo,False
EFF_01626,泻肝解毒,EFF,Xieganjiedu,Xieganjiedu,False
EFF_01627,泻肺利气,EFF,Xiefeiliqi,Xiefeiliqi,False
EFF_01628,泻肺化痰,EFF,Xiefeihuatan,Xiefeihuatan,False
EFF_01629,泻肺行水,EFF,Xiefeixingshui,Xiefeixingshui,False
EFF_01630,泻肺逐水,EFF,Xiefeizhushui,Xiefeizhushui,False
EFF_01631,活血下胎,EFF,Huoxuexiatai,Huoxuexiatai,False
EFF_01632,活血利水,EFF,Huoxuelishui,Huoxuelishui,False
EFF_01633,活血散结,EFF,Huoxuesanjie,Huoxuesanjie,False
EFF_01634,活血消滞,EFF,Huoxuexiaozhi,Huoxuexiaozhi,False
EFF_01635,活血消症,EFF,Huoxuexiaozheng,Huoxuexiaozheng,False
EFF_01636,活血祛瘀生新,EFF,Huoxuequyushengxin,Huoxuequyushengxin,False
EFF_01637,活血通经,EFF,Huoxuetongjing,Huoxuetongjing,False
EFF_01638,消乳化食,EFF,Xiaoruhuashi,Xiaoruhuashi,False
EFF_01639,消积下气,EFF,Xiaojixiaqi,Xiaojixiaqi,False
EFF_01640,消积理脾,EFF,Xiaojilipi,Xiaojilipi,False
EFF_01641,消肿利咽,EFF,Xiaozhongliyan,Xiaozhongliyan,False
EFF_01642,消除疼痛,EFF,Xiaochutengtong,Xiaochutengtong,False
EFF_01643,消食导滞,EFF,Xiaoshidaozhi,Xiaoshidaozhi,False
EFF_01644,润燥降气,EFF,Runzaojiangqi,Runzaojiangqi,False
EFF_01645,润肺止咳,EFF,Runfeizhike,Runfeizhike,False
EFF_01646,润肺生津,EFF,Runfeishengjin,Runfeishengjin,False
EFF_01647,清上温下,EFF,Qingshangwenxia,Qingshangwenxia,False
EFF_01648,清其湿热,EFF,Qingqishire,Qingqishire,False
EFF_01649,清化胆热,EFF,Qinghuadanre,Qinghuadanre,False
EFF_01650,清化郁热,EFF,Qinghuayure,Qinghuayure,False
EFF_01651,清声润肺,EFF,Qingshengrunfei,Qingshengrunfei,False
EFF_01652,清大肠,EFF,Qingdachang,Qingdachang,False
EFF_01653,清心平肝,EFF,Qingxinpinggan,Qingxinpinggan,False
EFF_01654,清心开窍,EFF,Qingxinkaiqiao,Qingxinkaiqiao,False
EFF_01655,清心泻肝,EFF,Qingxinxiegan,Qingxinxiegan,False
EFF_01656,清心泻脾,EFF,Qingxinxiepi,Qingxinxiepi,False
EFF_01657,清心涤暑,EFF,Qingxindishu,Qingxindishu,False
EFF_01658,清心滋肾,EFF,Qingxinzishen,Qingxinzishen,False
EFF_01659,清心解毒,EFF,Qingxinjiedu,Qingxinjiedu,False
EFF_01660,清暑泄热解毒,EFF,Qingshuxierejiedu,Qingshuxierejiedu,False
EFF_01661,清暑解毒,EFF,Qingshujiedu,Qingshujiedu,False
EFF_01662,清气凉血,EFF,Qingqiliangxue,Qingqiliangxue,False
EFF_01663,清泄肝火,EFF,Qingxieganhuo,Qingxieganhuo,False
EFF_01664,清泄胃热,EFF,Qingxieweire,Qingxieweire,False
EFF_01665,清泻相火,EFF,Qingxiexianghuo,Qingxiexianghuo,False
EFF_01666,清泻肝胆,EFF,Qingxiegandan,Qingxiegandan,False
EFF_01667,清泻胃热,EFF,Qingxieweire,Qingxieweire,False
EFF_01668,清泻脾胃,EFF,Qingxiepiwei,Qingxiepiwei,False
EFF_01669,清泻虚火,EFF,Qingxiexuhuo,Qingxiexuhuo,False
EFF_01670,清润胃燥,EFF,Qingrunweizao,Qingrunweizao,False
EFF_01671,清湿热,EFF,Qingshire,Qingshire,False
EFF_01672,清火熄风,EFF,Qinghuoxifeng,Qinghuoxifeng,False
EFF_01673,清热生津胸痛,EFF,Qingreshengjinxiongtong,Qingreshengjinxiongtong,False
EFF_01674,清络宣窍,EFF,Qingluoxuanqiao,Qingluoxuanqiao,False
EFF_01675,清肝,EFF,Qinggan,Qinggan,False
EFF_01676,清肝利湿,EFF,Qingganlishi,Qingganlishi,False
EFF_01677,清肝止痒,EFF,Qingganzhiyang,Qingganzhiyang,False
EFF_01678,清肝泄热,EFF,Qingganxiere,Qingganxiere,False
EFF_01679,清肠解热,EFF,Qingchangjiere,Qingchangjiere,False
EFF_01680,清肠通便,EFF,Qingchangtongbian,Qingchangtongbian,False
EFF_01681,清肺润燥,EFF,Qingfeirunzao,Qingfeirunzao,False
EFF_01682,清肺通络,EFF,Qingfeitongluo,Qingfeitongluo,False
EFF_01683,清营解毒,EFF,Qingyingjiedu,Qingyingjiedu,False
EFF_01684,清虚热口燥咽干,EFF,Qingxurekouzaoyangan,Qingxurekouzaoyangan,False
EFF_01685,清解胃热,EFF,Qingjieweire,Qingjieweire,False
EFF_01686,清郁热,EFF,Qingyure,Qingyure,False
EFF_01687,温中散寒,EFF,Wenzhongsanhan,Wenzhongsanhan,False
EFF_01688,温中止呕,EFF,Wenzhongzhiou,Wenzhongzhiou,False
EFF_01689,温中补虚,EFF,Wenzhongbuxu,Wenzhongbuxu,False
EFF_01690,温清并用,EFF,Wenqingbingyong,Wenqingbingyong,False
EFF_01691,温肺固卫,EFF,Wenfeiguwei,Wenfeiguwei,False
EFF_01692,温肺散寒,EFF,Wenfeisanhan,Wenfeisanhan,False
EFF_01693,温肺益气,EFF,Wenfeiyiqi,Wenfeiyiqi,False
EFF_01694,温肾止泻,EFF,Wenshenzhixie,Wenshenzhixie,False
EFF_01695,温肾纳气,EFF,Wenshennaqi,Wenshennaqi,False
EFF_01696,温胃散寒,EFF,Wenweisanhan,Wenweisanhan,False
EFF_01697,温胃降气,EFF,Wenweijiangqi,Wenweijiangqi,False
EFF_01698,温脾化饮,EFF,Wenpihua Yin,Wenpihua Yin,False
EFF_01699,温通心肾,EFF,Wentongxinshen,Wentongxinshen,False
EFF_01700,温通心阳,EFF,Wentongxinyang,Wentongxinyang,False
EFF_01701,温里散寒,EFF,Wenlisanhan,Wenlisanhan,False
EFF_01702,温阳化水,EFF,Wenyanghuashui,Wenyanghuashui,False
EFF_01703,温阳止痛,EFF,Wenyangzhitong,Wenyangzhitong,False
EFF_01704,温阳行水,EFF,Wenyangxingshui,Wenyangxingshui,False
EFF_01705,温阳补虚,EFF,Wenyangbuxu,Wenyangbuxu,False
EFF_01706,滋养心血,EFF,Ziyangxinxue,Ziyangxinxue,False
EFF_01707,滋养胃阴,EFF,Ziyangweiyin,Ziyangweiyin,False
EFF_01708,滋肾之阴,EFF,Zishenzhiyin,Zishenzhiyin,False
EFF_01709,滋肾养肝,EFF,Zishenyanggan,Zishenyanggan,False
EFF_01710,滋肾柔肝,EFF,Zishenrougan,Zishenrougan,False
EFF_01711,滋肾润肺,EFF,Zishenrunfei,Zishenrunfei,False
EFF_01712,滋脾养胃,EFF,Zipiyangwei,Zipiyangwei,False
EFF_01713,滋阴潜阳,EFF,Ziyinqianyang,Ziyinqianyang,False
EFF_01714,滋阴补阳,EFF,Ziyinbuyang,Ziyinbuyang,False
EFF_01715,熄风化痰,EFF,Xifenghuatan,Xifenghuatan,False
EFF_01716,熄风清火,EFF,Xifengqinghuo,Xifengqinghuo,False
EFF_01717,熄风通络,EFF,Xifengtongluo,Xifengtongluo,False
EFF_01718,爽气定神,EFF,Shuangqidingshen,Shuangqidingshen,False
EFF_01719,理气助运,EFF,Liqizhuyun,Liqizhuyun,False
EFF_01720,理气化瘀,EFF,Liqihuayu,Liqihuayu,False
EFF_01721,理气和中,EFF,Liqihezhong,Liqihezhong,False
EFF_01722,理气和络,EFF,Liqiheluo,Liqiheluo,False
EFF_01723,理气和胃,EFF,Liqihewei,Liqihewei,False
EFF_01724,理气宁心,EFF,Liqiningxin,Liqiningxin,False
EFF_01725,理气宽中,EFF,Liqikuanzhong,Liqikuanzhong,False
EFF_01726,理气止呕,EFF,Liqizhiou,Liqizhiou,False
EFF_01727,理气止咳,EFF,Liqizhike,Liqizhike,False
EFF_01728,理气止泻,EFF,Liqizhixie,Liqizhixie,False
EFF_01729,理气消滞,EFF,Liqixiaozhi,Liqixiaozhi,False
EFF_01730,理气疏风,EFF,Liqishufeng,Liqishufeng,False
EFF_01731,理气行滞烦热,EFF,Liqixingzhifanre,Liqixingzhifanre,False
EFF_01732,理气行血,EFF,Liqixingxue,Liqixingxue,False
EFF_01733,理气解郁,EFF,Liqijieyu,Liqijieyu,False
EFF_01734,理气通脉,EFF,Liqitongmai,Liqitongmai,False
EFF_01735,理脾利湿,EFF,Lipilishi,Lipilishi,False
EFF_01736,理脾宽中,EFF,Lipikuanzhong,Lipikuanzhong,False
EFF_01737,理血调经,EFF,Lixuetiaojing,Lixuetiaojing,False
EFF_01738,生津退热,EFF,Shengjintuire,Shengjintuire,False
EFF_01739,生血益阳,EFF,Shengxueyiyang,Shengxueyiyang,False
EFF_01740,疏利气机,EFF,Shuliqiji,Shuliqiji,False
EFF_01741,疏散风热,EFF,Shusanfengre,Shusanfengre,False
EFF_01742,疏肝利胆,EFF,Shuganlidan,Shuganlidan,False
EFF_01743,疏肝和胃,EFF,Shuganhewei,Shuganhewei,False
EFF_01744,疏表散寒,EFF,Shubiaosanhan,Shubiaosanhan,False
EFF_01745,疏风养血,EFF,Shufengyangxue,Shufengyangxue,False
EFF_01746,疏风利水,EFF,Shufenglishui,Shufenglishui,False
EFF_01747,疏风宣肺,EFF,Shufengxuanfei,Shufengxuanfei,False
EFF_01748,疏风散热,EFF,Shufengsanre,Shufengsanre,False
EFF_01749,疏风泻热,EFF,Shufengxiere,Shufengxiere,False
EFF_01750,疏风祛邪,EFF,Shufengquxie,Shufengquxie,False
EFF_01751,疗虚明目,EFF,Liaoxumingmu,Liaoxumingmu,False
EFF_01752,益气养阴滋肾,EFF,Yiqiyangyinzishen,Yiqiyangyinzishen,False
EFF_01753,益气固卫,EFF,Yiqiguwei,Yiqiguwei,False
EFF_01754,益气摄血,EFF,Yiqishexue,Yiqishexue,False
EFF_01755,益气温肾,EFF,Yiqiwenshen,Yiqiwenshen,False
EFF_01756,益胃和中,EFF,Yiweihezhong,Yiweihezhong,False
EFF_01757,益阴潜阳,EFF,Yiyinqianyang,Yiyinqianyang,False
EFF_01758,破结行瘀,EFF,Pojiexingyu,Pojiexingyu,False
EFF_01759,祛痰化浊,EFF,Qutanhuazhuo,Qutanhuazhuo,False
EFF_01760,祛痰活血理气,EFF,Qutanhuoxueliqi,Qutanhuoxueliqi,False
EFF_01761,祛痰透窍,EFF,Qutantouqiao,Qutantouqiao,False
EFF_01762,祛瘀下胎,EFF,Quyuxiatai,Quyuxiatai,False
EFF_01763,祛瘀化痰,EFF,Quyuhuatan,Quyuhuatan,False
EFF_01764,祛瘀止痛,EFF,Quyuzhitong,Quyuzhitong,False
EFF_01765,祛瘀解毒,EFF,Quyujiedu,Quyujiedu,False
EFF_01766,祛瘀通经,EFF,Quyutongjing,Quyutongjing,False
EFF_01767,祛腐化湿,EFF,Qufuhuashi,Qufuhuashi,False
EFF_01768,祛邪截疟,EFF,Quxiejienve,Quxiejienve,False
EFF_01769,祛风平肝,EFF,Qufengpinggan,Qufengpinggan,False
EFF_01770,祛风开音,EFF,Qufengkaiyin,Qufengkaiyin,False
EFF_01771,祛风止痛,EFF,Qufengzhitong,Qufengzhitong,False
EFF_01772,祛风涤痰,EFF,Qufengditan,Qufengditan,False
EFF_01773,祛风湿,EFF,Qufengshi,Qufengshi,False
EFF_01774,祛风胜湿止痛,EFF,Qufengshengshizhitong,Qufengshengshizhitong,False
EFF_01775,祛风胜湿通窍,EFF,Qufengshengshitongqiao,Qufengshengshitongqiao,False
EFF_01776,祛风解毒,EFF,Qufengjiedu,Qufengjiedu,False
EFF_01777,祛骨热,EFF,Qugure,Qugure,False
EFF_01778,稍佐降痰,EFF,Shaozuojiangtan,Shaozuojiangtan,False
EFF_01779,经络贯通,EFF,Jingluoguantong,Jingluoguantong,False
EFF_01780,缓急解痉,EFF,Huanjijiejing,Huanjijiejing,False
EFF_01781,缓肝理脾,EFF,Huanganlipi,Huanganlipi,False
EFF_01782,肃肺化瘀,EFF,Sufeihuayu,Sufeihuayu,False
EFF_01783,肝肾阴伤,EFF,Ganshenyinshang,Ganshenyinshang,False
EFF_01784,肝邪渐泄,EFF,Ganxiejianxie,Ganxiejianxie,False
EFF_01785,胃阴右降,EFF,Weiyinyoujiang,Weiyinyoujiang,False
EFF_01786,脘腹冷痛,EFF,Wanfulengtong,Wanfulengtong,False
EFF_01787,芳香化浊,EFF,Fangxianghuazhuo,Fangxianghuazhuo,False
EFF_01788,芳香化湿,EFF,Fangxianghuashi,Fangxianghuashi,False
EFF_01789,蠲痹和络,EFF,Juanbiheluo,Juanbiheluo,False
EFF_01790,蠲饮平喘,EFF,Juanyinpingchuan,Juanyinpingchuan,False
EFF_01791,血循经络,EFF,Xuexunjingluo,Xuexunjingluo,False
EFF_01792,行气散结,EFF,Xingqisanjie,Xingqisanjie,False
EFF_01793,行气豁痰,EFF,Xingqihuotan,Xingqihuotan,False
EFF_01794,行气通络,EFF,Xingqitongluo,Xingqitongluo,False
EFF_01795,行瘀活血,EFF,Xingyuhuoxue,Xingyuhuoxue,False
EFF_01796,行瘀通络,EFF,Xingyutongluo,Xingyutongluo,False
EFF_01797,行血行气,EFF,Xingxuexingqi,Xingxuexingqi,False
EFF_01798,补养肝血,EFF,Buyangganxue,Buyangganxue,False
EFF_01799,补心肝肾,EFF,Buxinganshen,Buxinganshen,False
EFF_01800,补气升阳,EFF,Buqishengyang,Buqishengyang,False
EFF_01801,补气纳肾,EFF,Buqinashen,Buqinashen,False
EFF_01802,补气血,EFF,Buqixue,Buqixue,False
EFF_01803,补火祛寒,EFF,Buhuoquhan,Buhuoquhan,False
EFF_01804,补益心肺,EFF,Buyixinfei,Buyixinfei,False
EFF_01805,补益精血,EFF,Buyijingxue,Buyijingxue,False
EFF_01806,补益肝肾,EFF,Buyiganshen,Buyiganshen,False
EFF_01807,补益肺肾,EFF,Buyifeishen,Buyifeishen,False
EFF_01808,补肝气,EFF,Buganqi,Buganqi,False
EFF_01809,补肾养肝,EFF,Bushenyanggan,Bushenyanggan,False
EFF_01810,补脾凝肝,EFF,Bupininggan,Bupininggan,False
EFF_01811,补脾土,EFF,Bupitu,Bupitu,False
EFF_01812,补虚固涩,EFF,Buxuguse,Buxuguse,False
EFF_01813,补虚止血,EFF,Buxuzhixue,Buxuzhixue,False
EFF_01814,解毒化瘀,EFF,Jieduhuayu,Jieduhuayu,False
EFF_01815,解毒和中,EFF,Jieduhezhong,Jieduhezhong,False
EFF_01816,解毒息风,EFF,Jieduxifeng,Jieduxifeng,False
EFF_01817,解毒消疮,EFF,Jieduxiaochuang,Jieduxiaochuang,False
EFF_01818,解毒祛浊,EFF,Jieduquzhuo,Jieduquzhuo,False
EFF_01819,解毒祛邪,EFF,Jieduquxie,Jieduquxie,False
EFF_01820,解毒祛风,EFF,Jieduqufeng,Jieduqufeng,False
EFF_01821,解毒透脓,EFF,Jiedutounong,Jiedutounong,False
EFF_01822,解痉镇咳,EFF,Jiejingzhenke,Jiejingzhenke,False
EFF_01823,调和阴阳,EFF,Tiaoheyinyang,Tiaoheyinyang,False
EFF_01824,调补脾胃,EFF,Diaobupiwei,Diaobupiwei,False
EFF_01825,豁痰熄风,EFF,Huotanxifeng,Huotanxifeng,False
EFF_01826,软坚消痞,EFF,Ruanjianxiaopi,Ruanjianxiaopi,False
EFF_01827,软坚通便,EFF,Ruanjiantongbian,Ruanjiantongbian,False
EFF_01828,辛凉解表,EFF,Xinliangjiebiao,Xinliangjiebiao,False
EFF_01829,辟秽化浊,EFF,Pihuihuazhuo,Pihuihuazhuo,False
EFF_01830,辟秽解浊,EFF,Pihuijiezhuo,Pihuijiezhuo,False
EFF_01831,通关利肠,EFF,Tongguanlichang,Tongguanlichang,False
EFF_01832,通利膀胱,EFF,Tonglipangguang,Tonglipangguang,False
EFF_01833,通窍活血,EFF,Tongqiaohuoxue,Tongqiaohuoxue,False
EFF_01834,通络,EFF,Tongluo,Tongluo,False
EFF_01835,通络散瘀,EFF,Tongluosanyu,Tongluosanyu,False
EFF_01836,通络活血,EFF,Tongluohuoxue,Tongluohuoxue,False
EFF_01837,通脉止痛,EFF,Tongmaizhitong,Tongmaizhitong,False
EFF_01838,通腑利胆,EFF,Tongfulidan,Tongfulidan,False
EFF_01839,通腑泻火,EFF,Tongfuxiehuo,Tongfuxiehuo,False
EFF_01840,通阳利水,EFF,Tongyanglishui,Tongyanglishui,False
EFF_01841,通阳化痰,EFF,Tongyanghuatan,Tongyanghuatan,False
EFF_01842,通阳复脉,EFF,Tongyangfumai,Tongyangfumai,False
EFF_01843,镇心抑肝,EFF,Zhenxinyigan,Zhenxinyigan,False
EFF_01844,镇惊定志,EFF,Zhenjingdingzhi,Zhenjingdingzhi,False
EFF_01845,降气祛痰,EFF,Jiangqiqutan,Jiangqiqutan,False
EFF_01846,降逆化痰,EFF,Jiangnihuatan,Jiangnihuatan,False
EFF_01847,降逆平喘,EFF,Jiangnipingchuan,Jiangnipingchuan,False
EFF_01848,降逆止痛,EFF,Jiangnizhitong,Jiangnizhitong,False
EFF_01849,除块定痛,EFF,Chukuaidingtong,Chukuaidingtong,False
EFF_01850,除湿去热,EFF,Chushiqure,Chushiqure,False
EFF_01851,除湿消疮,EFF,Chushixiaochuang,Chushixiaochuang,False
EFF_01852,除湿调经,EFF,Chushitiaojing,Chushitiaojing,False
EFF_01853,除湿通络,EFF,Chushitongluo,Chushitongluo,False
HER_01854,甘草,HER,Gancao,Gancao,False
HER_01855,茯苓,HER,Fuling,Fuling,False
HER_01856,当归,HER,Danggui,Danggui,False
HER_01857,白术,HER,Baizhu,Baizhu,False
HER_01858,黄芩,HER,Huangqin,Huangqin,False
HER_01859,柴胡,HER,Chaihu,Chaihu,False
HER_01860,白芍,HER,Baishao,Baishao,False
HER_01861,黄连,HER,Huanglian,Huanglian,False
HER_01862,黄芪,HER,Huangqi,Huangqi,False
HER_01863,人参,HER,Renshen,Renshen,False
HER_01864,陈皮,HER,Chenpi,Chenpi,False
HER_01865,连翘,HER,Lianqiao,Lianqiao,False
HER_01866,川芎,HER,Chuanqiong,Chuanqiong,False
HER_01867,麦冬,HER,Maidong,Maidong,False
HER_01868,半夏,HER,Banxia,Banxia,False
HER_01869,大黄,HER,Dahuang,Dahuang,False
HER_01870,杏仁,HER,Xingren,Xingren,False
HER_01871,赤芍,HER,Chishao,Chishao,False
HER_01872,栀子,HER,Zhizi,Zhizi,False
HER_01873,泽泻,HER,Zexie,Zexie,False
HER_01874,枳壳,HER,Zhiqiao,Zhiqiao,False
HER_01875,附子,HER,Fuzi,Fuzi,False
HER_01876,厚朴,HER,Houpo,Houpo,False
HER_01877,桃仁,HER,Taoren,Taoren,False
HER_01878,知母,HER,Zhimu,Zhimu,False
HER_01879,党参,HER,Dangshen,Dangshen,False
HER_01880,桂枝,HER,Guizhi,Guizhi,False
HER_01881,石膏,HER,Shi Gao,Shi Gao,False
HER_01882,桔梗,HER,Jiegeng,Jiegeng,False
HER_01883,生地,HER,Shengdi,Shengdi,False
HER_01884,山药,HER,Shanyao,Shanyao,False
HER_01885,牡丹皮,HER,Mudanpi,Mudanpi,False
HER_01886,丹参,HER,Danshen,Danshen,False
HER_01887,枳实,HER,Zhishi,Zhishi,False
HER_01888,牛膝,HER,Niuxi,Niuxi,False
HER_01889,黄柏,HER,Huangbai,Huangbai,False
HER_01890,薄荷,HER,Bohe,Bohe,False
HER_01891,郁金,HER,Yujin,Yujin,False
HER_01892,地黄,HER,Dihuang,Dihuang,False
HER_01893,干姜,HER,Ganjiang,Ganjiang,False
HER_01894,木香,HER,Muxiang,Muxiang,False
HER_01895,丹皮,HER,Danpi,Danpi,False
HER_01896,玄参,HER,Xuancan,Xuancan,False
HER_01897,红花,HER,Honghua,Honghua,False
HER_01898,生姜,HER,Shengjiang,Shengjiang,False
HER_01899,苡仁,HER,Yiren,Yiren,False
HER_01900,防风,HER,Fangfeng,Fangfeng,False
HER_01901,木,HER,Mu,Mu,False
HER_01902,车前子,HER,Cheqianzi,Cheqianzi,False
HER_01903,五味子,HER,Wuweizi,Wuweizi,False
HER_01904,金银花,HER,Jinyinhua,Jinyinhua,False
HER_01905,香附,HER,Xiangfu,Xiangfu,False
HER_01906,滑石,HER,Huashi,Huashi,False
HER_01907,熟地黄,HER,Shudihuang,Shudihuang,False
HER_01908,羌活,HER,Qianghuo,Qianghuo,False
HER_01909,葛根,HER,Gegen,Gegen,False
HER_01910,牡蛎,HER,Muli,Muli,False
HER_01911,生地黄,HER,Shengdihuang,Shengdihuang,False
HER_01912,肉桂,HER,Rougui,Rougui,False
HER_01913,沙参,HER,Shashen,Shashen,False
HER_01914,贝母,HER,Beimu,Beimu,False
HER_01915,法半夏,HER,Fabanxia,Fabanxia,False
HER_01916,竹茹,HER,Zhuru,Zhuru,False
HER_01917,山栀,HER,Shanzhi,Shanzhi,False
HER_01918,砂仁,HER,Sharen,Sharen,False
HER_01919,山茱萸,HER,Shanzhuyu,Shanzhuyu,False
HER_01920,瓜蒌,HER,Gualou,Gualou,False
HER_01921,麻黄,HER,Mahuang,Mahuang,False
HER_01922,升麻,HER,Shengma,Shengma,False
HER_01923,白芷,HER,Baizhi,Baizhi,False
HER_01924,钩藤,HER,Gouteng,Gouteng,False
HER_01925,枸杞子,HER,Gouqizi,Gouqizi,False
HER_01926,菊花,HER,Juhua,Juhua,False
HER_01927,石斛,HER,Shihu,Shihu,False
HER_01928,阿胶,HER,Ejiao,Ejiao,False
HER_01929,竹叶,HER,Zhuye,Zhuye,False
HER_01930,猪苓,HER,Zhuling,Zhuling,False
HER_01931,石菖蒲,HER,Shichangpu,Shichangpu,False
HER_01932,神曲,HER,Shenqu,Shenqu,False
HER_01933,蒲公英,HER,Pugongying,Pugongying,False
HER_01934,槟榔,HER,Binglang,Binglang,False
HER_01935,乌梅,HER,Wumei,Wumei,False
HER_01936,虫,HER,Chong,Chong,False
HER_01937,天花粉,HER,Tianhuafen,Tianhuafen,False
HER_01938,菟丝子,HER,Tusizi,Tusizi,False
HER_01939,山楂,HER,Shanzha,Shanzha,False
HER_01940,紫苏,HER,Zisu,Zisu,False
HER_01941,荆芥,HER,Jingjie,Jingjie,False
HER_01942,细辛,HER,Xixin,Xixin,False
HER_01943,芍药,HER,Shaoyao,Shaoyao,False
HER_01944,龙骨,HER,Longgu,Longgu,False
HER_01945,夏枯草,HER,Xiakucao,Xiakucao,False
HER_01946,大枣,HER,Dazao,Dazao,False
HER_01947,藿香,HER,Huoxiang,Huoxiang,False
HER_01948,地骨皮,HER,Digupi,Digupi,False
HER_01949,菖蒲,HER,Changpu,Changpu,False
HER_01950,吴茱萸,HER,Wuzhuyu,Wuzhuyu,False
HER_01951,太子参,HER,Taizishen,Taizishen,False
HER_01952,姜汁,HER,Jiangzhi,Jiangzhi,False
HER_01953,芦根,HER,Lugen,Lugen,False
HER_01954,鳖甲,HER,Biejia,Biejia,False
HER_01955,仙鹤草,HER,Xianhecao,Xianhecao,False
HER_01956,元参,HER,Yuancan,Yuancan,False
HER_01957,沉香,HER,Chenxiang,Chenxiang,False
HER_01958,牛蒡子,HER,Niubangzi,Niubangzi,False
HER_01959,通草,HER,Tongcao,Tongcao,False
HER_01960,广藿香,HER,Guanghuoxiang,Guanghuoxiang,False
HER_01961,淡竹叶,HER,Danzhuye,Danzhuye,False
HER_01962,犀角,HER,Xijiao,Xijiao,False
HER_01963,白茅根,HER,Baimaogen,Baimaogen,False
HER_01964,紫草,HER,Zicao,Zicao,False
HER_01965,桑叶,HER,Sangye,Sangye,False
HER_01966,皂角,HER,Zaojiao,Zaojiao,False
HER_01967,益母草,HER,Yimucao,Yimucao,False
HER_01968,青皮,HER,Qingpi,Qingpi,False
HER_01969,青蒿,HER,Qinghao,Qinghao,False
HER_01970,枣仁,HER,Zaoren,Zaoren,False
HER_01971,花粉,HER,Huafen,Huafen,False
HER_01972,苏叶,HER,Suye,Suye,False
HER_01973,莪术,HER,Eshu,Eshu,False
HER_01974,防己,HER,Fangji,Fangji,False
HER_01975,麦芽,HER,Maiya,Maiya,False
HER_01976,茵陈,HER,Yinchen,Yinchen,False
HER_01977,玉竹,HER,Yuzhu,Yuzhu,False
HER_01978,莱菔子,HER,Laifuzi,Laifuzi,False
HER_01979,豆蔻,HER,Doukou,Doukou,False
HER_01980,远志,HER,Yuanzhi,Yuanzhi,False
HER_01981,香薷,HER,Xiangru,Xiangru,False
HER_01982,女贞子,HER,Nvzhenzi,Nvzhenzi,False
HER_01983,杜仲,HER,Duzhong,Duzhong,False
HER_01984,熟地,HER,Shudi,Shudi,False
HER_01985,牛黄,HER,Niuhuang,Niuhuang,False
HER_01986,肉苁蓉,HER,Roucongrong,Roucongrong,False
HER_01987,胆南星,HER,Dannanxing,Dannanxing,False
HER_01988,草果,HER,Caoguo,Caoguo,False
HER_01989,鸡内金,HER,Jineijin,Jineijin,False
HER_01990,地龙,HER,Dilong,Dilong,False
HER_01991,桑白皮,HER,Sangbaipi,Sangbaipi,False
HER_01992,水牛角,HER,Shuiniujiao,Shuiniujiao,False
HER_01993,银花,HER,Yinhua,Yinhua,False
HER_01994,天麻,HER,Tianma,Tianma,False
HER_01995,射干,HER,Yegan,Yegan,False
HER_01996,木瓜,HER,Mugua,Mugua,False
HER_01997,枇杷,HER,Pipa,Pipa,False
HER_01998,炮姜,HER,Paojiang,Paojiang,False
HER_01999,紫花地丁,HER,Zihuadiding,Zihuadiding,False
HER_02000,紫菀,HER,Ziwan,Ziwan,False
HER_02001,羚羊角,HER,Lingyangjiao,Lingyangjiao,False
HER_02002,苏子,HER,Suzi,Suzi,False
HER_02003,蒲黄,HER,Puhuang,Puhuang,False
HER_02004,蔓荆子,HER,Manjingzi,Manjingzi,False
HER_02005,蝉蜕,HER,Chantui,Chantui,False
HER_02006,五味,HER,Wuwei,Wuwei,False
HER_02007,扁豆,HER,Biandou,Biandou,False
HER_02008,参芪,HER,Canqi,Canqi,False
HER_02009,川楝子,HER,Chuanlianzi,Chuanlianzi,False
HER_02010,桃红,HER,Taohong,Taohong,False
HER_02011,续断,HER,Xuduan,Xuduan,False
HER_02012,芒硝,HER,Mangxiao,Mangxiao,False
HER_02013,苓,HER,Ling,Ling,False
HER_02014,荷叶,HER,Heye,Heye,False
HER_02015,龙胆草,HER,Longdancao,Longdancao,False
HER_02016,乳香,HER,Ruxiang,Ruxiang,False
HER_02017,全蝎,HER,Quanxie,Quanxie,False
HER_02018,白虎,HER,Baihu,Baihu,False
HER_02019,石决明,HER,Shijueming,Shijueming,False
HER_02020,青黛,HER,Qingdai,Qingdai,False
HER_02021,鸡血藤,HER,Jixueteng,Jixueteng,False
HER_02022,前胡,HER,Qianhu,Qianhu,False
HER_02023,大腹皮,HER,Dafupi,Dafupi,False
HER_02024,姜半夏,HER,Jiangbanxia,Jiangbanxia,False
HER_02025,巴戟,HER,Baji,Baji,False
HER_02026,柏子仁,HER,Baiziren,Baiziren,False
HER_02027,白扁豆,HER,Baibiandou,Baibiandou,False
HER_02028,苍术,HER,Cangzhu,Cangzhu,False
HER_02029,茯神,HER,Fushen,Fushen,False
HER_02030,莲子,HER,Lianzi,Lianzi,False
HER_02031,三七粉,HER,Sanqifen,Sanqifen,False
HER_02032,乌药,HER,Wuyao,Wuyao,False
HER_02033,小蓟,HER,Xiaoji,Xiaoji,False
HER_02034,没药,HER,Moyao,Moyao,False
HER_02035,白鲜皮,HER,Baixianpi,Baixianpi,False
HER_02036,何首乌,HER,Heshouwu,Heshouwu,False
HER_02037,佩兰,HER,Peilan,Peilan,False
HER_02038,山萸肉,HER,Shanyurou,Shanyurou,False
HER_02039,旋覆花,HER,Xuanfuhua,Xuanfuhua,False
HER_02040,清营,HER,Qingying,Qingying,False
HER_02041,炙黄芪,HER,Zhihuangqi,Zhihuangqi,False
HER_02042,秦艽,HER,Qinjiao,Qinjiao,False
HER_02043,川贝,HER,Chuanbei,Chuanbei,False
HER_02044,延胡索,HER,Yanhusuo,Yanhusuo,False
HER_02045,板蓝根,HER,Banlangen,Banlangen,False
HER_02046,橘红,HER,Juhong,Juhong,False
HER_02047,浮小麦,HER,Fuxiaomai,Fuxiaomai,False
HER_02048,牛蒡,HER,Niubang,Niubang,False
HER_02049,白芥子,HER,Baijiezi,Baijiezi,False
HER_02050,白茯苓,HER,Baifuling,Baifuling,False
HER_02051,苦参,HER,Kushen,Kushen,False
HER_02052,麦冬五味子,HER,Maidongwuweizi,Maidongwuweizi,False
HER_02053,佛手,HER,Foshou,Foshou,False
HER_02054,僵蚕,HER,Jiangcan,Jiangcan,False
HER_02055,地肤子,HER,Difuzi,Difuzi,False
HER_02056,旱莲草,HER,Hanliancao,Hanliancao,False
HER_02057,桑皮,HER,Sangpi,Sangpi,False
HER_02058,泽兰,HER,Zelan,Zelan,False
HER_02059,火麻仁,HER,Huomaren,Huomaren,False
HER_02060,白蜜,HER,Baimi,Baimi,False
HER_02061,穿山甲,HER,Chuanshanjia,Chuanshanjia,False
HER_02062,芡实,HER,Qianshi,Qianshi,False
HER_02063,芩连,HER,Qinlian,Qinlian,False
HER_02064,莲子心,HER,Lianzixin,Lianzixin,False
HER_02065,藕节,HER,Oujie,Oujie,False
HER_02066,赤小豆,HER,Chixiaodou,Chixiaodou,False
HER_02067,马勃,HER,Mabo,Mabo,False
HER_02068,龟甲,HER,Guijia,Guijia,False
HER_02069,五灵脂,HER,Wulingzhi,Wulingzhi,False
HER_02070,夜交藤,HER,Yejiaoteng,Yejiaoteng,False
HER_02071,大青叶,HER,Daqingye,Daqingye,False
HER_02072,天冬,HER,Tiandong,Tiandong,False
HER_02073,姜黄,HER,Jianghuang,Jianghuang,False
HER_02074,款冬花,HER,Kuandonghua,Kuandonghua,False
HER_02075,茜草,HER,Qiancao,Qiancao,False
HER_02076,薄荷叶,HER,Boheye,Boheye,False
HER_02077,马齿苋,HER,Machixian,Machixian,False
HER_02078,仙灵,HER,Xianling,Xianling,False
HER_02079,代赭石,HER,Daizheshi,Daizheshi,False
HER_02080,元胡,HER,Yuanhu,Yuanhu,False
HER_02081,海螵蛸,HER,Haipiaoshao,Haipiaoshao,False
HER_02082,独活,HER,Duhuo,Duhuo,False
HER_02083,珍珠母,HER,Zhenzhumu,Zhenzhumu,False
HER_02084,石韦,HER,Shiwei,Shiwei,False
HER_02085,萸,HER,Yu,Yu,False
HER_02086,西洋参,HER,Xiyangshen,Xiyangshen,False
HER_02087,覆盆子,HER,Fupenzi,Fupenzi,False
HER_02088,马鞭草,HER,Mabiancao,Mabiancao,False
HER_02089,鹿角霜,HER,Lujiaoshuang,Lujiaoshuang,False
HER_02090,三棱,HER,Sanleng,Sanleng,False
HER_02091,南星,HER,Nanxing,Nanxing,False
HER_02092,归尾,HER,Guiwei,Guiwei,False
HER_02093,忍冬藤,HER,Rendongteng,Rendongteng,False
HER_02094,昆布,HER,Kunbu,Kunbu,False
HER_02095,炒酸枣仁,HER,Chaosuanzaoren,Chaosuanzaoren,False
HER_02096,煅龙骨,HER,Duanlonggu,Duanlonggu,False
HER_02097,瞿麦,HER,Qumai,Qumai,False
HER_02098,芦荟,HER,Luhui,Luhui,False
HER_02099,蒺藜,HER,Jili,Jili,False
HER_02100,蝉衣,HER,Chanyi,Chanyi,False
HER_02101,鱼腥草,HER,Yuxingcao,Yuxingcao,False
HER_02102,丁香,HER,Dingxiang,Dingxiang,False
HER_02103,三七,HER,Sanqi,Sanqi,False
HER_02104,侧柏叶,HER,Cebaiye,Cebaiye,False
HER_02105,合欢,HER,Hehuan,Hehuan,False
HER_02106,天竺黄,HER,Tianzhuhuang,Tianzhuhuang,False
HER_02107,干葛,HER,Gange,Gange,False
HER_02108,桑寄生,HER,Sangjisheng,Sangjisheng,False
HER_02109,槐花,HER,Huaihua,Huaihua,False
HER_02110,淡豆豉,HER,Dandouchi,Dandouchi,False
HER_02111,甘菊,HER,Ganju,Ganju,False
HER_02112,紫河,HER,Zihe,Zihe,False
HER_02113,茺蔚子,HER,Chongweizi,Chongweizi,False
HER_02114,葶苈子,HER,Tinglizi,Tinglizi,False
HER_02115,谷芽,HER,Guya,Guya,False
HER_02116,车前草,HER,Cheqiancao,Cheqiancao,False
HER_02117,辰砂,HER,Chensha,Chensha,False
HER_02118,首乌,HER,Shouwu,Shouwu,False
HER_02119,鹿茸,HER,Lurong,Lurong,False
HER_02120,麝香,HER,Shexiang,Shexiang,False
HER_02121,黄精,HER,Huangjing,Huangjing,False
HER_02122,冬葵子,HER,Dongkuizi,Dongkuizi,False
HER_02123,吴萸,HER,Wuyu,Wuyu,False
HER_02124,四逆,HER,Sini,Sini,False
HER_02125,小茴香,HER,Xiaohuixiang,Xiaohuixiang,False
HER_02126,川椒,HER,Chuanjiao,Chuanjiao,False
HER_02127,海藻,HER,Haizao,Haizao,False
HER_02128,海金沙,HER,Haijinsha,Haijinsha,False
HER_02129,琥珀,HER,Hupo,Hupo,False
HER_02130,白头翁,HER,Baitouweng,Baitouweng,False
HER_02131,白蔻仁,HER,Baikouren,Baikouren,False
HER_02132,百部,HER,Baibu,Baibu,False
HER_02133,益智仁,HER,Yizhiren,Yizhiren,False
HER_02134,紫石英,HER,Zishiying,Zishiying,False
HER_02135,羚羊角粉,HER,Lingyangjiaofen,Lingyangjiaofen,False
HER_02136,萆,HER,Bi,Bi,False
HER_02137,葵子,HER,Kuizi,Kuizi,False
HER_02138,葶苈子包,HER,Tinglizibao,Tinglizibao,False
HER_02139,薤白,HER,Xiebai,Xiebai,False
HER_02140,蜈蚣,HER,Wugong,Wugong,False
HER_02141,越婢,HER,Yuebi,Yuebi,False
HER_02142,鹿角,HER,Lujiao,Lujiao,False
HER_02143,麦门冬,HER,Maimendong,Maimendong,False
HER_02144,龙胆,HER,Longdan,Longdan,False
HER_02145,乳汁,HER,Ruzhi,Ruzhi,False
HER_02146,五倍子,HER,Wubeizi,Wubeizi,False
HER_02147,仙茅,HER,Xianmao,Xianmao,False
HER_02148,决明子,HER,Juemingzi,Juemingzi,False
HER_02149,姜附,HER,Jiangfu,Jiangfu,False
HER_02150,山慈菇,HER,Shancigu,Shancigu,False
HER_02151,山豆根,HER,Shandougen,Shandougen,False
HER_02152,川贝粉,HER,Chuanbeifen,Chuanbeifen,False
HER_02153,广皮,HER,Guangpi,Guangpi,False
HER_02154,朱砂,HER,Zhusha,Zhusha,False
HER_02155,桂附,HER,Guifu,Guifu,False
HER_02156,椒目,HER,Jiaomu,Jiaomu,False
HER_02157,淫羊藿,HER,Yinyanghuo,Yinyanghuo,False
HER_02158,甘露,HER,Ganlu,Ganlu,False
HER_02159,白蒺藜,HER,Baijili,Baijili,False
HER_02160,茱萸,HER,Zhuyu,Zhuyu,False
HER_02161,金钱草,HER,Jinqiancao,Jinqiancao,False
HER_02162,丹砂,HER,Dansha,Dansha,False
HER_02163,冬瓜皮,HER,Dongguapi,Dongguapi,False
HER_02164,升柴,HER,Shengchai,Shengchai,False
HER_02165,吴茱,HER,Wuzhu,Wuzhu,False
HER_02166,墨旱莲,HER,Mohanlian,Mohanlian,False
HER_02167,姜枣,HER,Jiangzao,Jiangzao,False
HER_02168,枯芩,HER,Kuqin,Kuqin,False
HER_02169,枸杞,HER,Gouqi,Gouqi,False
HER_02170,柏皮,HER,Baipi,Baipi,False
HER_02171,橘核,HER,Juhe,Juhe,False
HER_02172,琥珀粉,HER,Hupofen,Hupofen,False
HER_02173,瓜蒌皮,HER,Gualoupi,Gualoupi,False
HER_02174,生姜汁,HER,Shengjiangzhi,Shengjiangzhi,False
HER_02175,白花蛇舌草,HER,Baihuasheshecao,Baihuasheshecao,False
HER_02176,秦皮,HER,Qinpi,Qinpi,False
HER_02177,竹沥,HER,Zhuli,Zhuli,False
HER_02178,粉葛,HER,Fenge,Fenge,False
HER_02179,粳米,HER,Jingmi,Jingmi,False
HER_02180,糯米,HER,Nuomi,Nuomi,False
HER_02181,紫苏叶,HER,Zisuye,Zisuye,False
HER_02182,紫雪丹,HER,Zixuedan,Zixuedan,False
HER_02183,藁本,HER,Gaoben,Gaoben,False
HER_02184,虎杖,HER,Huzhang,Huzhang,False
HER_02185,蜀椒,HER,Shujiao,Shujiao,False
HER_02186,西瓜翠衣,HER,Xiguacuiyi,Xiguacuiyi,False
HER_02187,诃子,HER,Hezi,Hezi,False
HER_02188,银翘,HER,Yinqiao,Yinqiao,False
HER_02189,香砂,HER,Xiangsha,Xiangsha,False
HER_02190,丝瓜络,HER,Sigualuo,Sigualuo,False
HER_02191,云苓,HER,Yunling,Yunling,False
HER_02192,六月雪,HER,Liuyuexue,Liuyuexue,False
HER_02193,决明,HER,Jueming,Jueming,False
HER_02194,半夏曲,HER,Banxiaqu,Banxiaqu,False
HER_02195,参草,HER,Cancao,Cancao,False
HER_02196,合葶苈,HER,Hetingli,Hetingli,False
HER_02197,土鳖,HER,Tubie,Tubie,False
HER_02198,大豆黄卷,HER,Dadouhuangjuan,Dadouhuangjuan,False
HER_02199,姜桂,HER,Jianggui,Jianggui,False
HER_02200,常山,HER,Changshan,Changshan,False
HER_02201,枇杷叶,HER,Pipaye,Pipaye,False
HER_02202,栀苍,HER,Zhicang,Zhicang,False
HER_02203,桂心,HER,Guixin,Guixin,False
HER_02204,楮实子,HER,Chushizi,Chushizi,False
HER_02205,檀香,HER,Tanxiang,Tanxiang,False
HER_02206,河车,HER,Heche,Heche,False
HER_02207,浮石,HER,Fushi,Fushi,False
HER_02208,海浮石,HER,Haifushi,Haifushi,False
HER_02209,灯心草,HER,Dengxincao,Dengxincao,False
HER_02210,珍珠,HER,Zhenzhu,Zhenzhu,False
HER_02211,甘松,HER,Gansong,Gansong,False
HER_02212,甘麦,HER,Ganmai,Ganmai,False
HER_02213,白及,HER,Baiji,Baiji,False
HER_02214,百合,HER,Baihe,Baihe,False
HER_02215,石蛾,HER,Shie,Shie,False
HER_02216,磁石,HER,Cishi,Cishi,False
HER_02217,童便,HER,Tongbian,Tongbian,False
HER_02218,紫雪,HER,Zixue,Zixue,False
HER_02219,红藤,HER,Hongteng,Hongteng,False
HER_02220,老连,HER,Laolian,Laolian,False
HER_02221,艾叶,HER,Aiye,Aiye,False
HER_02222,芩芍,HER,Qinshao,Qinshao,False
HER_02223,茜草根,HER,Qiancaogen,Qiancaogen,False
HER_02224,茴香,HER,Huixiang,Huixiang,False
HER_02225,荸荠,HER,Biqi,Biqi,False
HER_02226,蚕沙,HER,Cansha,Cansha,False
HER_02227,蜂房,HER,Fengfang,Fengfang,False
HER_02228,赤苓,HER,Chiling,Chiling,False
HER_02229,连芍,HER,Lianshao,Lianshao,False
HER_02230,酸枣仁,HER,Suanzaoren,Suanzaoren,False
HER_02231,金水六君煎,HER,Jinshuiliujunjian,Jinshuiliujunjian,False
HER_02232,雷丸,HER,Lei Wan,Lei Wan,False
HER_02233,香橼,HER,Xiangyuan,Xiangyuan,False
HER_02234,鸡子黄,HER,Jizihuang,Jizihuang,False
HER_02235,龙眼肉,HER,Longyanrou,Longyanrou,False
HER_02236,龟板,HER,Guiban,Guiban,False
HER_02237,三七根,HER,Sanqigen,Sanqigen,False
HER_02238,五加皮,HER,Wujiapi,Wujiapi,False
HER_02239,伏龙肝,HER,Fulonggan,Fulonggan,False
HER_02240,侧柏,HER,Cebai,Cebai,False
HER_02241,元明粉,HER,Yuanmingfen,Yuanmingfen,False
HER_02242,凤尾草,HER,Fengweicao,Fengweicao,False
HER_02243,半枝莲,HER,Banzhilian,Banzhilian,False
HER_02244,合欢树皮,HER,Hehuanshupi,Hehuanshupi,False
HER_02245,吹鼻蝉壳,HER,Chuibichanke,Chuibichanke,False
HER_02246,地榆,HER,Diyu,Diyu,False
HER_02247,地鳖,HER,Dibie,Dibie,False
HER_02248,夜合,HER,Yehe,Yehe,False
HER_02249,大麦,HER,Damai,Damai,False
HER_02250,天南星,HER,Tiannanxing,Tiannanxing,False
HER_02251,天门冬,HER,Tianmendong,Tianmendong,False
HER_02252,姜芍,HER,Jiangshao,Jiangshao,False
HER_02253,寒麻杏,HER,Hanmaxing,Hanmaxing,False
HER_02254,山甲,HER,Shanjia,Shanjia,False
HER_02255,山萸,HER,Shanyu,Shanyu,False
HER_02256,川乌,HER,Chuanwu,Chuanwu,False
HER_02257,归芍,HER,Guishao,Guishao,False
HER_02258,木通,HER,Mutong,Mutong,False
HER_02259,柴栀,HER,Chaizhi,Chaizhi,False
HER_02260,柿蒂,HER,Shidi,Shidi,False
HER_02261,柿霜,HER,Shishuang,Shishuang,False
HER_02262,栀芩,HER,Zhiqin,Zhiqin,False
HER_02263,桑椹,HER,Sangshen,Sangshen,False
HER_02264,桑螵蛸,HER,Sangpiaoshao,Sangpiaoshao,False
HER_02265,桑骨,HER,Sanggu,Sanggu,False
HER_02266,梨汁,HER,Lizhi,Lizhi,False
HER_02267,椿根,HER,Chungen,Chungen,False
HER_02268,槿树皮,HER,Jinshupi,Jinshupi,False
HER_02269,橘皮,HER,Jupi,Jupi,False
HER_02270,海带,HER,Haidai,Haidai,False
HER_02271,炙草,HER,Zhicao,Zhicao,False
HER_02272,炭侧柏叶,HER,Tancebaiye,Tancebaiye,False
HER_02273,炮姜炭,HER,Paojiangtan,Paojiangtan,False
HER_02274,狗脊,HER,Gouji,Gouji,False
HER_02275,猪牙,HER,Zhuya,Zhuya,False
HER_02276,玉米须,HER,Yumixu,Yumixu,False
HER_02277,生米仁,HER,Shengmiren,Shengmiren,False
HER_02278,白散,HER,Bai San,Bai San,False
HER_02279,白矾,HER,Baifan,Baifan,False
HER_02280,知柏,HER,Zhibai,Zhibai,False
HER_02281,硼砂,HER,Pengsha,Pengsha,False
HER_02282,神芎,HER,Shenqiong,Shenqiong,False
HER_02283,绿萼梅,HER,Lvemei,Lvemei,False
HER_02284,羚羊,HER,Lingyang,Lingyang,False
HER_02285,胡椒,HER,Hujiao,Hujiao,False
HER_02286,胡麻仁,HER,Humaren,Humaren,False
HER_02287,芎归,HER,Qionggui,Qionggui,False
HER_02288,苦丁茶,HER,Kudingcha,Kudingcha,False
HER_02289,苦楝根,HER,Kuliangen,Kuliangen,False
HER_02290,营卫,HER,Yingwei,Yingwei,False
HER_02291,葱白,HER,Congbai,Congbai,False
HER_02292,葶苈,HER,Tingli,Tingli,False
HER_02293,西黄胆星,HER,Xihuangdanxing,Xihuangdanxing,False
HER_02294,角刺,HER,Jiaoci,Jiaoci,False
HER_02295,赤茯苓,HER,Chifuling,Chifuling,False
HER_02296,车前,HER,Cheqian,Cheqian,False
HER_02297,野菊花,HER,Yejuhua,Yejuhua,False
HER_02298,金荞麦,HER,Jinqiaomai,Jinqiaomai,False
HER_02299,青陈,HER,Qingchen,Qingchen,False
HER_02300,韭汁,HER,Jiuzhi,Jiuzhi,False
HER_02301,香茹,HER,Xiangru,Xiangru,False
HER_02302,高良姜,HER,Gaoliangjiang,Gaoliangjiang,False
HER_02303,鬼箭羽,HER,Guijianyu,Guijianyu,False
HER_02304,鹿角佳,HER,Lujiaojia,Lujiaojia,False
HER_02305,麦味,HER,Maiwei,Maiwei,False
HER_02306,麻杏,HER,Maxing,Maxing,False
HER_02307,黄矾,HER,Huangfan,Huangfan,False
HER_02308,龙齿,HER,Longchi,Longchi,False
HER_02309,丁香炮姜,HER,Dingxiangpaojiang,Dingxiangpaojiang,False
HER_02310,乌梅圆,HER,Wumeiyuan,Wumeiyuan,False
HER_02311,乌梅汁,HER,Wumeizhi,Wumeizhi,False
HER_02312,乌梢蛇,HER,Wushaoshe,Wushaoshe,False
HER_02313,乌沉,HER,Wuchen,Wuchen,False
HER_02314,乌蝎,HER,Wuxie,Wuxie,False
HER_02315,二陈,HER,Erchen,Erchen,False
HER_02316,五苓,HER,Wuling,Wuling,False
HER_02317,八月札,HER,Bayuezha,Bayuezha,False
HER_02318,六君子,HER,Liujunzi,Liujunzi,False
HER_02319,冬瓜子,HER,Dongguazi,Dongguazi,False
HER_02320,冬花,HER,Donghua,Donghua,False
HER_02321,凉膈,HER,Liangge,Liangge,False
HER_02322,凌霄花,HER,Lingxiaohua,Lingxiaohua,False
HER_02323,十味排脓散,HER,Shiweipainong San,Shiweipainong San,False
HER_02324,半马牙,HER,Banmaya,Banmaya,False
HER_02325,参附救逆汤,HER,Canfujiuni Tang,Canfujiuni Tang,False
HER_02326,参须,HER,Canxu,Canxu,False
HER_02327,四苓,HER,Siling,Siling,False
HER_02328,垂盆草,HER,Chuipencao,Chuipencao,False
HER_02329,墨早莲,HER,Mozaolian,Mozaolian,False
HER_02330,大戟,HER,Daji,Daji,False
HER_02331,大蓟,HER,Daji,Daji,False
HER_02332,天竹黄,HER,Tianzhuhuang,Tianzhuhuang,False
HER_02333,姜术,HER,Jiangshu,Jiangshu,False
HER_02334,密蒙花,HER,Mimenghua,Mimenghua,False
HER_02335,寒水石,HER,Hanshuishi,Hanshuishi,False
HER_02336,小柏皮,HER,Xiaobaipi,Xiaobaipi,False
HER_02337,山栀仁,HER,Shanzhiren,Shanzhiren,False
HER_02338,山石榴皮,HER,Shanshiliupi,Shanshiliupi,False
HER_02339,山药五味子,HER,Shanyaowuweizi,Shanyaowuweizi,False
HER_02340,川花椒,HER,Chuanhuajiao,Chuanhuajiao,False
HER_02341,川萆,HER,Chuanbi,Chuanbi,False
HER_02342,巴豆,HER,Badou,Badou,False
HER_02343,广皮萆,HER,Guangpibi,Guangpibi,False
HER_02344,归须,HER,Guixu,Guixu,False
HER_02345,御米壳,HER,Yumike,Yumike,False
HER_02346,抚芎,HER,Fuqiong,Fuqiong,False
HER_02347,散方,HER,Sanfang,Sanfang,False
HER_02348,新会皮,HER,Xinhuipi,Xinhuipi,False
HER_02349,方葶苈,HER,Fangtingli,Fangtingli,False
HER_02350,星夏,HER,Xingxia,Xingxia,False
HER_02351,月参,HER,Yuecan,Yuecan,False
HER_02352,朴硝,HER,Poxiao,Poxiao,False
HER_02353,杵头糠,HER,Chutoukang,Chutoukang,False
HER_02354,枳术,HER,Zhishu,Zhishu,False
HER_02355,枳鹤樱钱,HER,Zhiheyingqian,Zhiheyingqian,False
HER_02356,柳叶,HER,Liuye,Liuye,False
HER_02357,梨子,HER,Lizi,Lizi,False
HER_02358,梨蜜,HER,Limi,Limi,False
HER_02359,棕桐,HER,Zongtong,Zongtong,False
HER_02360,款冬,HER,Kuandong,Kuandong,False
HER_02361,母鳖甲,HER,Mubiejia,Mubiejia,False
HER_02362,汉椒根,HER,Hanjiaogen,Hanjiaogen,False
HER_02363,沙苑子,HER,Shayuanzi,Shayuanzi,False
HER_02364,泽兰叶,HER,Zelanye,Zelanye,False
HER_02365,海参,HER,Haishen,Haishen,False
HER_02366,海石,HER,Haishi,Haishi,False
HER_02367,海蛤壳,HER,Haihake,Haihake,False
HER_02368,灯芯草,HER,Dengxincao,Dengxincao,False
HER_02369,焦槟榔,HER,Jiaobinglang,Jiaobinglang,False
HER_02370,熟干,HER,Shugan,Shugan,False
HER_02371,牛乳,HER,Niuru,Niuru,False
HER_02372,猪膏,HER,Zhu Gao,Zhu Gao,False
HER_02373,玉露,HER,Yulu,Yulu,False
HER_02374,玳瑁,HER,Daimao,Daimao,False
HER_02375,甘荷,HER,Ganhe,Ganhe,False
HER_02376,甘菊花,HER,Ganjuhua,Ganjuhua,False
HER_02377,甘遂,HER,Gansui,Gansui,False
HER_02378,甜杏,HER,Tianxing,Tianxing,False
HER_02379,生活鳖甲,HER,Shenghuobiejia,Shenghuobiejia,False
HER_02380,生脉地黄汤,HER,Shengmaidihuang Tang,Shengmaidihuang Tang,False
HER_02381,田七,HER,Tianqi,Tianqi,False
HER_02382,白扁豆花,HER,Baibiandouhua,Baibiandouhua,False
HER_02383,白杏子仁,HER,Baixingziren,Baixingziren,False
HER_02384,白果,HER,Baiguo,Baiguo,False
HER_02385,白沙糖,HER,Baishatang,Baishatang,False
HER_02386,白砂糖,HER,Baishatang,Baishatang,False
HER_02387,白芜,HER,Baiwu,Baiwu,False
HER_02388,白蔻,HER,Baikou,Baikou,False
HER_02389,白蜜萝卜汁,HER,Baimiluobozhi,Baimiluobozhi,False
HER_02390,真珠,HER,Zhenzhu,Zhenzhu,False
HER_02391,真麝,HER,Zhenshe,Zhenshe,False
HER_02392,石南藤,HER,Shinanteng,Shinanteng,False
HER_02393,硝石,HER,Xiaoshi,Xiaoshi,False
HER_02394,碧玉散,HER,Biyu San,Biyu San,False
HER_02395,礞石,HER,Mengshi,Mengshi,False
HER_02396,积雪草,HER,Jixuecao,Jixuecao,False
HER_02397,穗香,HER,Suixiang,Suixiang,False
HER_02398,穿心莲,HER,Chuanxinlian,Chuanxinlian,False
HER_02399,竹星香,HER,Zhuxingxiang,Zhuxingxiang,False
HER_02400,签草,HER,Qiancao,Qiancao,False
HER_02401,粉葛丹皮,HER,Fengedanpi,Fengedanpi,False
HER_02402,粟壳,HER,Suke,Suke,False
HER_02403,紫檀,HER,Zitan,Zitan,False
HER_02404,紫苏干葛,HER,Zisugange,Zisugange,False
HER_02405,紫苑,HER,Ziyuan,Ziyuan,False
HER_02406,紫金片,HER,Zijinpian,Zijinpian,False
HER_02407,红参,HER,Hongshen,Hongshen,False
HER_02408,红景天,HER,Hongjingtian,Hongjingtian,False
HER_02409,续随子,HER,Xusuizi,Xusuizi,False
HER_02410,绿豆皮,HER,Lvdoupi,Lvdoupi,False
HER_02411,绿豆衣,HER,Lvdouyi,Lvdouyi,False
HER_02412,羊靥粉,HER,Yangyefen,Yangyefen,False
HER_02413,老葱,HER,Laocong,Laocong,False
HER_02414,老酒,HER,Laojiu,Laojiu,False
HER_02415,胃苓,HER,Weiling,Weiling,False
HER_02416,胆矾,HER,Danfan,Danfan,False
HER_02417,胡黄连,HER,Huhuanglian,Huhuanglian,False
HER_02418,胶川,HER,Jiaochuan,Jiaochuan,False
HER_02419,芩栀,HER,Qinzhi,Qinzhi,False
HER_02420,芪术,HER,Qishu,Qishu,False
HER_02421,花蕊石,HER,Huaruishi,Huaruishi,False
HER_02422,苍朴,HER,Cangpu,Cangpu,False
HER_02423,苓泽,HER,Lingze,Lingze,False
HER_02424,苦参#yc*],HER,Kushen#yc*],Kushen#yc*],False
HER_02425,苦桃叶,HER,Kutaoye,Kutaoye,False
HER_02426,苦梗,HER,Kugeng,Kugeng,False
HER_02427,苦葶苈,HER,Kutingli,Kutingli,False
HER_02428,茜根,HER,Qiangen,Qiangen,False
HER_02429,茸陈皮,HER,Rongchenpi,Rongchenpi,False
HER_02430,草朴,HER,Caopu,Caopu,False
HER_02431,荑仁,HER,Tiren,Tiren,False
HER_02432,荷梗,HER,Hegeng,Hegeng,False
HER_02433,莱菔叶,HER,Laifuye,Laifuye,False
HER_02434,莲心,HER,Lianxin,Lianxin,False
HER_02435,菊叶,HER,Juye,Juye,False
HER_02436,菖枳,HER,Changzhi,Changzhi,False
HER_02437,菟丝,HER,Tusi,Tusi,False
HER_02438,萝卜,HER,Luobo,Luobo,False
HER_02439,葫芦,HER,Hulu,Hulu,False
HER_02440,葱头,HER,Congtou,Congtou,False
HER_02441,葱白姜,HER,Congbaijiang,Congbaijiang,False
HER_02442,蔗汁,HER,Zhezhi,Zhezhi,False
HER_02443,薏仁,HER,Yiren,Yiren,False
HER_02444,薏米仁米,HER,Yimirenmi,Yimirenmi,False
HER_02445,藿梗,HER,Huogeng,Huogeng,False
HER_02446,虾蟆,HER,Hama,Hama,False
HER_02447,蛇蜕,HER,Shetui,Shetui,False
HER_02448,蛤蚧粉,HER,Gejiefen,Gejiefen,False
HER_02449,蛤蜊壳,HER,Gelike,Gelike,False
HER_02450,蜂蜜,HER,Fengmi,Fengmi,False
HER_02451,蜣螂,HER,Qianglang,Qianglang,False
HER_02452,蟋蟀粉,HER,Xishuaifen,Xishuaifen,False
HER_02453,西瓜白,HER,Xiguabai,Xiguabai,False
HER_02454,豆卷,HER,Doujuan,Doujuan,False
HER_02455,败酱草,HER,Baijiangcao,Baijiangcao,False
HER_02456,赭石,HER,Zheshi,Zheshi,False
HER_02457,辛夷花,HER,Xinyihua,Xinyihua,False
HER_02458,辣蓼草,HER,Laliaocao,Laliaocao,False
HER_02459,连栀,HER,Lianzhi,Lianzhi,False
HER_02460,郁李仁,HER,Yuliren,Yuliren,False
HER_02461,金樱子,HER,Jinyingzi,Jinyingzi,False
HER_02462,金汁,HER,Jinzhi,Jinzhi,False
HER_02463,金汁水,HER,Jinzhishui,Jinzhishui,False
HER_02464,银朱轻粉,HER,Yinzhuqingfen,Yinzhuqingfen,False
HER_02465,降香,HER,Jiangxiang,Jiangxiang,False
HER_02466,霍香,HER,Huoxiang,Huoxiang,False
HER_02467,首乌藤,HER,Shouwuteng,Shouwuteng,False
HER_02468,马兜铃,HER,Madouling,Madouling,False
HER_02469,鲜生地,HER,Xianshengdi,Xianshengdi,False
HER_02470,鹤虱,HER,Heshi,Heshi,False
HER_02471,麦门,HER,Maimen,Maimen,False
HER_02472,黄丹,HER,Huangdan,Huangdan,False
HER_02473,黄酒,HER,Huangjiu,Huangjiu,False
HER_02474,黑元参,HER,Heiyuancan,Heiyuancan,False
HER_02475,黑芝麻,HER,Heizhima,Heizhima,False
HER_02476,鼠妇,HER,Shufu,Shufu,False
HER_02477,龙牡,HER,Longmu,Longmu,False
HER_02478,龙脑,HER,Longnao,Longnao,False
PRE_02479,补中益气汤,PRE,Buzhong Yiqi Tang,Buzhong Yiqi Tang,False
PRE_02480,苍术,PRE,Cangzhu,Cangzhu,False
PRE_02481,六君子汤,PRE,Liujunzi Tang,Liujunzi Tang,False
PRE_02482,二陈汤,PRE,Erchen Tang,Erchen Tang,False
PRE_02483,四物汤,PRE,Siwu Tang,Siwu Tang,False
PRE_02484,五苓散,PRE,Wuling San,Wuling San,False
PRE_02485,逍遥散,PRE,Xiaoyao San,Xiaoyao San,False
PRE_02486,理中汤,PRE,Lizhong Tang,Lizhong Tang,False
PRE_02487,龙胆泻肝汤,PRE,Longdan Xiegan Tang,Longdan Xiegan Tang,False
PRE_02488,八珍汤,PRE,Bazhen Tang,Bazhen Tang,False
PRE_02489,六味地黄丸,PRE,Liuweidihuang Wan,Liuweidihuang Wan,False
PRE_02490,六味汤,PRE,Liuwei Tang,Liuwei Tang,False
PRE_02491,归脾汤,PRE,Guipi Tang,Guipi Tang,False
PRE_02492,泻心汤,PRE,Xiexin Tang,Xiexin Tang,False
PRE_02493,犀角地黄汤,PRE,Xijiao Dihuang Tang,Xijiao Dihuang Tang,False
PRE_02494,十全大补汤,PRE,Shiquandabu Tang,Shiquandabu Tang,False
PRE_02495,四君子汤,PRE,Sijunzi Tang,Sijunzi Tang,False
PRE_02496,八味丸,PRE,Bawei Wan,Bawei Wan,False
PRE_02497,黄连解毒汤,PRE,Huanglianjiedu Tang,Huanglianjiedu Tang,False
PRE_02498,五味消毒饮,PRE,Wuwei Xiaodu Yin,Wuwei Xiaodu Yin,False
PRE_02499,参苓白术散,PRE,Shenling Baizhu San,Shenling Baizhu San,False
PRE_02500,血府逐瘀汤,PRE,Xuefu Zhuyu Tang,Xuefu Zhuyu Tang,False
PRE_02501,小柴胡汤,PRE,Xiaochaihu Tang,Xiaochaihu Tang,False
PRE_02502,温胆汤,PRE,Wendan Tang,Wendan Tang,False
PRE_02503,地黄汤,PRE,Dihuang Tang,Dihuang Tang,False
PRE_02504,桂枝汤,PRE,Guizhi Tang,Guizhi Tang,False
PRE_02505,生脉散,PRE,Shengmai San,Shengmai San,False
PRE_02506,荆防败毒散,PRE,Jingfangbaidu San,Jingfangbaidu San,False
PRE_02507,香薷饮,PRE,Xiangru Yin,Xiangru Yin,False
PRE_02508,安宫牛黄丸,PRE,Angongniuhuang Wan,Angongniuhuang Wan,False
PRE_02509,玉女煎,PRE,Yunvjian,Yunvjian,False
PRE_02510,紫雪丹,PRE,Zixuedan,Zixuedan,False
PRE_02511,知柏地黄丸,PRE,Zhibaidihuang Wan,Zhibaidihuang Wan,False
PRE_02512,地黄丸,PRE,Dihuang Wan,Dihuang Wan,False
PRE_02513,真武汤,PRE,Zhenwu Tang,Zhenwu Tang,False
PRE_02514,凉膈散,PRE,Liangge San,Liangge San,False
PRE_02515,小续命汤,PRE,Xiaoxuming Tang,Xiaoxuming Tang,False
PRE_02516,玉屏风散,PRE,Yupingfeng San,Yupingfeng San,False
PRE_02517,银翘散,PRE,Yinqiao San,Yinqiao San,False
PRE_02518,六一散,PRE,Liuyi San,Liuyi San,False
PRE_02519,白虎汤,PRE,Baihu Tang,Baihu Tang,False
PRE_02520,续命汤,PRE,Xuming Tang,Xuming Tang,False
PRE_02521,肾气丸,PRE,Shenqi Wan,Shenqi Wan,False
PRE_02522,藿香正气散,PRE,Huoxiangzhengqi San,Huoxiangzhengqi San,False
PRE_02523,醒脾散,PRE,Xingpi San,Xingpi San,False
PRE_02524,附子理中汤,PRE,Fuzilizhong Tang,Fuzilizhong Tang,False
PRE_02525,六味丸,PRE,Liuwei Wan,Liuwei Wan,False
PRE_02526,小青龙汤,PRE,Xiaoqinglong Tang,Xiaoqinglong Tang,False
PRE_02527,异功散,PRE,Yigong San,Yigong San,False
PRE_02528,柴胡疏肝散,PRE,Chaihushugan San,Chaihushugan San,False
PRE_02529,胃苓汤,PRE,Weiling Tang,Weiling Tang,False
PRE_02530,蛤粉散,PRE,Gefen San,Gefen San,False
PRE_02531,导赤散,PRE,Daochi San,Daochi San,False
PRE_02532,消风散,PRE,Xiaofeng San,Xiaofeng San,False
PRE_02533,甘露饮,PRE,Ganlu Yin,Ganlu Yin,False
PRE_02534,百解散,PRE,Baijie San,Baijie San,False
PRE_02535,金匮肾气丸,PRE,Jinkuishenqi Wan,Jinkuishenqi Wan,False
PRE_02536,防风通圣散,PRE,Fangfengtongsheng San,Fangfengtongsheng San,False
PRE_02537,二味拔毒散,PRE,Erweibadu San,Erweibadu San,False
PRE_02538,保和丸,PRE,Baohe Wan,Baohe Wan,False
PRE_02539,八正散,PRE,Bazheng San,Bazheng San,False
PRE_02540,托里消毒散,PRE,Tuolixiaodu San,Tuolixiaodu San,False
PRE_02541,承气汤,PRE,Chengqi Tang,Chengqi Tang,False
PRE_02542,清咽利膈汤,PRE,Qingyanlige Tang,Qingyanlige Tang,False
PRE_02543,清营汤,PRE,Qingying Tang,Qingying Tang,False
PRE_02544,玄明粉,PRE,Xuanmingfen,Xuanmingfen,False
PRE_02545,知柏地黄汤,PRE,Zhibaidihuang Tang,Zhibaidihuang Tang,False
PRE_02546,肥儿丸,PRE,Feier Wan,Feier Wan,False
PRE_02547,萆渗湿汤,PRE,Bishenshi Tang,Bishenshi Tang,False
PRE_02548,蟾酥丸,PRE,Chansu Wan,Chansu Wan,False
PRE_02549,三仁汤,PRE,Sanren Tang,Sanren Tang,False
PRE_02550,导痰汤,PRE,Daotan Tang,Daotan Tang,False
PRE_02551,泻白散,PRE,Xiebai San,Xiebai San,False
PRE_02552,活命饮,PRE,Huoming Yin,Huoming Yin,False
PRE_02553,甘麦大枣汤,PRE,Ganmaidazao Tang,Ganmaidazao Tang,False
PRE_02554,至宝丹,PRE,Zhibaodan,Zhibaodan,False
PRE_02555,三黄洗剂,PRE,Sanhuang Xiji,Sanhuang Xiji,False
PRE_02556,二至丸,PRE,Erzhi Wan,Erzhi Wan,False
PRE_02557,冰硼散,PRE,Bingpeng San,Bingpeng San,False
PRE_02558,半夏汤,PRE,Banxia Tang,Banxia Tang,False
PRE_02559,大承气汤,PRE,Dachengqi Tang,Dachengqi Tang,False
PRE_02560,妙香散,PRE,Miaoxiang San,Miaoxiang San,False
PRE_02561,托里透脓汤,PRE,Tuolitounong Tang,Tuolitounong Tang,False
PRE_02562,济生肾气丸,PRE,Jishengshenqi Wan,Jishengshenqi Wan,False
PRE_02563,独参汤,PRE,Ducan Tang,Ducan Tang,False
PRE_02564,益黄散,PRE,Yihuang San,Yihuang San,False
PRE_02565,通窍活血汤,PRE,Tongqiaohuoxue Tang,Tongqiaohuoxue Tang,False
PRE_02566,万灵丹,PRE,Wanlingdan,Wanlingdan,False
PRE_02567,人参养荣汤,PRE,Renshenyangrong Tang,Renshenyangrong Tang,False
PRE_02568,八仙散,PRE,Baxian San,Baxian San,False
PRE_02569,内疏黄连汤,PRE,Neishuhuanglian Tang,Neishuhuanglian Tang,False
PRE_02570,双解贵金丸,PRE,Shuangjieguijin Wan,Shuangjieguijin Wan,False
PRE_02571,四神丸,PRE,Sishen Wan,Sishen Wan,False
PRE_02572,天麻钩藤饮,PRE,Tianmagouteng Yin,Tianmagouteng Yin,False
PRE_02573,小建中汤,PRE,Xiaojianzhong Tang,Xiaojianzhong Tang,False
PRE_02574,平胃散,PRE,Pingwei San,Pingwei San,False
PRE_02575,杞菊地黄丸,PRE,Qijudihuang Wan,Qijudihuang Wan,False
PRE_02576,来复丹,PRE,Laifudan,Laifudan,False
PRE_02577,泻肺汤,PRE,Xiefei Tang,Xiefei Tang,False
PRE_02578,清肺饮,PRE,Qingfei Yin,Qingfei Yin,False
PRE_02579,茵陈五苓散,PRE,Yinchenwuling San,Yinchenwuling San,False
PRE_02580,连梅汤,PRE,Lianmei Tang,Lianmei Tang,False
PRE_02581,香砂六君子汤,PRE,Xiangshaliujunzi Tang,Xiangshaliujunzi Tang,False
PRE_02582,三子养亲汤,PRE,Sanziyangqin Tang,Sanziyangqin Tang,False
PRE_02583,三解散,PRE,Sanjie San,Sanjie San,False
PRE_02584,乌犀丸,PRE,Wuxi Wan,Wuxi Wan,False
PRE_02585,九龙丹,PRE,Jiulongdan,Jiulongdan,False
PRE_02586,五皮饮,PRE,Wupi Yin,Wupi Yin,False
PRE_02587,右归丸,PRE,Yougui Wan,Yougui Wan,False
PRE_02588,如意膏,PRE,Ruyi Gao,Ruyi Gao,False
PRE_02589,姜附汤,PRE,Jiangfu Tang,Jiangfu Tang,False
PRE_02590,威喜丸,PRE,Weixi Wan,Weixi Wan,False
PRE_02591,桑菊饮,PRE,Sangju Yin,Sangju Yin,False
PRE_02592,泻肝散,PRE,Xiegan San,Xiegan San,False
PRE_02593,海金沙散,PRE,Haijinsha San,Haijinsha San,False
PRE_02594,清瘟败毒饮,PRE,Qingwenbaidu Yin,Qingwenbaidu Yin,False
PRE_02595,玉枢丹,PRE,Yushudan,Yushudan,False
PRE_02596,理中丸,PRE,Lizhong Wan,Lizhong Wan,False
PRE_02597,琥珀抱龙丸,PRE,Hupobaolong Wan,Hupobaolong Wan,False
PRE_02598,白芍药汤,PRE,Baishaoyao Tang,Baishaoyao Tang,False
PRE_02599,皮脂膏,PRE,Pizhi Gao,Pizhi Gao,False
PRE_02600,羚羊角散,PRE,Lingyangjiao San,Lingyangjiao San,False
PRE_02601,羚角钩藤汤,PRE,Lingjiaogouteng Tang,Lingjiaogouteng Tang,False
PRE_02602,补阳还五汤,PRE,Buyanghaiwu Tang,Buyanghaiwu Tang,False
PRE_02603,辰砂妙香散,PRE,Chenshamiaoxiang San,Chenshamiaoxiang San,False
PRE_02604,雄黄膏,PRE,Xionghuang Gao,Xionghuang Gao,False
PRE_02605,麦门冬,PRE,Maimendong,Maimendong,False
PRE_02606,黄连温胆汤,PRE,Huanglianwendan Tang,Huanglianwendan Tang,False
PRE_02607,七味白术散,PRE,Qiweibaizhu San,Qiweibaizhu San,False
PRE_02608,三圣散,PRE,Sansheng San,Sansheng San,False
PRE_02609,三白散,PRE,Sanbai San,Sanbai San,False
PRE_02610,丹栀逍遥散,PRE,Danzhixiaoyao San,Danzhixiaoyao San,False
PRE_02611,千金苇茎汤,PRE,Qianjinweijing Tang,Qianjinweijing Tang,False
PRE_02612,号癣药水,PRE,Haoxuanyaoshui,Haoxuanyaoshui,False
PRE_02613,四妙丸,PRE,Simiao Wan,Simiao Wan,False
PRE_02614,四磨饮,PRE,Simo Yin,Simo Yin,False
PRE_02615,复脉汤,PRE,Fumai Tang,Fumai Tang,False
PRE_02616,左归丸,PRE,Zuogui Wan,Zuogui Wan,False
PRE_02617,左金丸,PRE,Zuojin Wan,Zuojin Wan,False
PRE_02618,当归四逆汤,PRE,Dangguisini Tang,Dangguisini Tang,False
PRE_02619,当归补血汤,PRE,Dangguibuxue Tang,Dangguibuxue Tang,False
PRE_02620,抽薪饮,PRE,Chouxin Yin,Chouxin Yin,False
PRE_02621,指迷茯苓丸,PRE,Zhimifuling Wan,Zhimifuling Wan,False
PRE_02622,涤痰汤,PRE,Ditan Tang,Ditan Tang,False
PRE_02623,清络饮,PRE,Qingluo Yin,Qingluo Yin,False
PRE_02624,犀角散,PRE,Xijiao San,Xijiao San,False
PRE_02625,瓜蒂散,PRE,Guadi San,Guadi San,False
PRE_02626,生脉饮,PRE,Shengmai Yin,Shengmai Yin,False
PRE_02627,白术散,PRE,Baizhu San,Baizhu San,False
PRE_02628,真君妙贴散,PRE,Zhenjunmiaotie San,Zhenjunmiaotie San,False
PRE_02629,紫金丸,PRE,Zijin Wan,Zijin Wan,False
PRE_02630,胶艾汤,PRE,Jiaoai Tang,Jiaoai Tang,False
PRE_02631,苏合香丸,PRE,Suhexiang Wan,Suhexiang Wan,False
PRE_02632,茵陈汤,PRE,Yinchen Tang,Yinchen Tang,False
PRE_02633,调胃承气汤,PRE,Diaoweichengqi Tang,Diaoweichengqi Tang,False
PRE_02634,越鞠丸,PRE,Yueju Wan,Yueju Wan,False
PRE_02635,麻黄汤,PRE,Mahuang Tang,Mahuang Tang,False
PRE_02636,麻黄连翘赤小豆汤,PRE,Mahuanglianqiaochixiaodou Tang,Mahuanglianqiaochixiaodou Tang,False
PRE_02637,黑神散,PRE,Heishen San,Heishen San,False
PRE_02638,黑锡丹,PRE,Heixidan,Heixidan,False
PRE_02639,三生饮,PRE,Sansheng Yin,Sansheng Yin,False
PRE_02640,两地汤,PRE,Liangdi Tang,Liangdi Tang,False
PRE_02641,乌梅散,PRE,Wumei San,Wumei San,False
PRE_02642,乌金散,PRE,Wujin San,Wujin San,False
PRE_02643,人参固本丸,PRE,Renshenguben Wan,Renshenguben Wan,False
PRE_02644,保元汤,PRE,Baoyuan Tang,Baoyuan Tang,False
PRE_02645,八物汤,PRE,Bawu Tang,Bawu Tang,False
PRE_02646,六味地黄汤,PRE,Liuweidihuang Tang,Liuweidihuang Tang,False
PRE_02647,养阴清肺汤,PRE,Yangyinqingfei Tang,Yangyinqingfei Tang,False
PRE_02648,冲和膏,PRE,Chonghe Gao,Chonghe Gao,False
PRE_02649,凉血地黄汤,PRE,Liangxuedihuang Tang,Liangxuedihuang Tang,False
PRE_02650,加味逍遥散,PRE,Jiaweixiaoyao San,Jiaweixiaoyao San,False
PRE_02651,升阳除湿汤,PRE,Shengyangchushi Tang,Shengyangchushi Tang,False
PRE_02652,参附汤,PRE,Canfu Tang,Canfu Tang,False
PRE_02653,四物消风饮,PRE,Siwuxiaofeng Yin,Siwuxiaofeng Yin,False
PRE_02654,大分清饮,PRE,Dafenqing Yin,Dafenqing Yin,False
PRE_02655,天竺黄散,PRE,Tianzhuhuang San,Tianzhuhuang San,False
PRE_02656,定志丸,PRE,Dingzhi Wan,Dingzhi Wan,False
PRE_02657,宜理中汤,PRE,Yilizhong Tang,Yilizhong Tang,False
PRE_02658,归肾丸,PRE,Guishen Wan,Guishen Wan,False
PRE_02659,惺惺散,PRE,Xingxing San,Xingxing San,False
PRE_02660,柴胡清肝散,PRE,Chaihuqinggan San,Chaihuqinggan San,False
PRE_02661,柴胡清肝汤,PRE,Chaihuqinggan Tang,Chaihuqinggan Tang,False
PRE_02662,桃仁承气汤,PRE,Taorenchengqi Tang,Taorenchengqi Tang,False
PRE_02663,橘皮,PRE,Jupi,Jupi,False
PRE_02664,泽泻散,PRE,Zexie San,Zexie San,False
PRE_02665,海藻玉壶汤,PRE,Haizaoyuhu Tang,Haizaoyuhu Tang,False
PRE_02666,清开灵注射液,PRE,Qingkailingzhusheye,Qingkailingzhusheye,False
PRE_02667,清燥救肺汤,PRE,Qingzaojiufei Tang,Qingzaojiufei Tang,False
PRE_02668,清脾饮,PRE,Qingpi Yin,Qingpi Yin,False
PRE_02669,清骨散,PRE,Qinggu San,Qinggu San,False
PRE_02670,滋阴内托散,PRE,Ziyinneituo San,Ziyinneituo San,False
PRE_02671,牡蛎散,PRE,Muli San,Muli San,False
PRE_02672,生化汤,PRE,Shenghua Tang,Shenghua Tang,False
PRE_02673,白头翁汤,PRE,Baitouweng Tang,Baitouweng Tang,False
PRE_02674,神宝既济丹,PRE,Shenbaojijidan,Shenbaojijidan,False
PRE_02675,缩泉丸,PRE,Suoquan Wan,Suoquan Wan,False
PRE_02676,苓桂术甘汤,PRE,Lingguishugan Tang,Lingguishugan Tang,False
PRE_02677,茵陈蒿汤,PRE,Yinchenhao Tang,Yinchenhao Tang,False
PRE_02678,萆分清饮,PRE,Bifenqing Yin,Bifenqing Yin,False
PRE_02679,葛根汤,PRE,Gegen Tang,Gegen Tang,False
PRE_02680,防己黄芪汤,PRE,Fangjihuangqi Tang,Fangjihuangqi Tang,False
PRE_02681,阳和汤,PRE,Yanghe Tang,Yanghe Tang,False
PRE_02682,雄黄解毒丸,PRE,Xionghuangjiedu Wan,Xionghuangjiedu Wan,False
PRE_02683,鲤鱼汤,PRE,Liyu Tang,Liyu Tang,False
PRE_02684,黄芪固真汤,PRE,Huangqiguzhen Tang,Huangqiguzhen Tang,False
PRE_02685,鼻疳散,PRE,Bigan San,Bigan San,False
PRE_02686,七星剑汤,PRE,Qixingjian Tang,Qixingjian Tang,False
PRE_02687,三才汤,PRE,Sancai Tang,Sancai Tang,False
PRE_02688,丹皮汤,PRE,Danpi Tang,Danpi Tang,False
PRE_02689,乌贼骨一茹丸,PRE,Wuzeiguyiru Wan,Wuzeiguyiru Wan,False
PRE_02690,二冬汤,PRE,Erdong Tang,Erdong Tang,False
PRE_02691,二矾汤,PRE,Erfan Tang,Erfan Tang,False
PRE_02692,五宝丹,PRE,Wubaodan,Wubaodan,False
PRE_02693,仙方活命饮,PRE,Xianfanghuoming Yin,Xianfanghuoming Yin,False
PRE_02694,仲景四逆散,PRE,Zhongjingsini San,Zhongjingsini San,False
PRE_02695,催生汤,PRE,Cuisheng Tang,Cuisheng Tang,False
PRE_02696,八味汤,PRE,Bawei Tang,Bawei Tang,False
PRE_02697,八味顺气散,PRE,Baweishunqi San,Baweishunqi San,False
PRE_02698,六神丸,PRE,Liushen Wan,Liushen Wan,False
PRE_02699,养脾丸,PRE,Yangpi Wan,Yangpi Wan,False
PRE_02700,半夏温肺汤,PRE,Banxiawenfei Tang,Banxiawenfei Tang,False
PRE_02701,参苏饮,PRE,Cansu Yin,Cansu Yin,False
PRE_02702,四圣散,PRE,Sisheng San,Sisheng San,False
PRE_02703,四妙勇安汤,PRE,Simiaoyongan Tang,Simiaoyongan Tang,False
PRE_02704,四逆散,PRE,Sini San,Sini San,False
PRE_02705,四逆汤,PRE,Sini Tang,Sini Tang,False
PRE_02706,四顺散,PRE,Sishun San,Sishun San,False
PRE_02707,四顺清凉饮,PRE,Sishunqingliang Yin,Sishunqingliang Yin,False
PRE_02708,圣愈汤,PRE,Shengyu Tang,Shengyu Tang,False
PRE_02709,大柴胡汤,PRE,Dachaihu Tang,Dachaihu Tang,False
PRE_02710,大秦艽汤,PRE,Daqinjiao Tang,Daqinjiao Tang,False
PRE_02711,大金花丸,PRE,Dajinhua Wan,Dajinhua Wan,False
PRE_02712,天水散,PRE,Tianshui San,Tianshui San,False
PRE_02713,太极膏,PRE,Taiji Gao,Taiji Gao,False
PRE_02714,夺命散,PRE,Duoming San,Duoming San,False
PRE_02715,宣清导浊汤,PRE,Xuanqingdaozhuo Tang,Xuanqingdaozhuo Tang,False
PRE_02716,密蒙花散,PRE,Mimenghua San,Mimenghua San,False
PRE_02717,小乌沉汤,PRE,Xiaowuchen Tang,Xiaowuchen Tang,False
PRE_02718,小蓟饮,PRE,Xiaoji Yin,Xiaoji Yin,False
PRE_02719,少腹逐瘀汤,PRE,Shaofuzhuyu Tang,Shaofuzhuyu Tang,False
PRE_02720,广笔鼠粘汤,PRE,Guangbishuzhan Tang,Guangbishuzhan Tang,False
PRE_02721,愈风汤,PRE,Yufeng Tang,Yufeng Tang,False
PRE_02722,拨云退翳散,PRE,Boyuntuiyi San,Boyuntuiyi San,False
PRE_02723,控涎丹,PRE,Kongxiandan,Kongxiandan,False
PRE_02724,摩风膏,PRE,Mofeng Gao,Mofeng Gao,False
PRE_02725,星香全蝎散,PRE,Xingxiangquanxie San,Xingxiangquanxie San,False
PRE_02726,术附汤,PRE,Shufu Tang,Shufu Tang,False
PRE_02727,栀子柏皮汤,PRE,Zhizibaipi Tang,Zhizibaipi Tang,False
PRE_02728,栀柏汤,PRE,Zhibai Tang,Zhibai Tang,False
PRE_02729,桂姜汤,PRE,Guijiang Tang,Guijiang Tang,False
PRE_02730,梨浆饮,PRE,Lijiang Yin,Lijiang Yin,False
PRE_02731,椒梅汤,PRE,Jiaomei Tang,Jiaomei Tang,False
PRE_02732,消瘰丸,PRE,Xiaoluo Wan,Xiaoluo Wan,False
PRE_02733,清中汤,PRE,Qingzhong Tang,Qingzhong Tang,False
PRE_02734,清凉散,PRE,Qingliang San,Qingliang San,False
PRE_02735,清燥汤,PRE,Qingzao Tang,Qingzao Tang,False
PRE_02736,清肝渗湿汤,PRE,Qingganshenshi Tang,Qingganshenshi Tang,False
PRE_02737,清胃射干汤,PRE,Qingweiyegan Tang,Qingweiyegan Tang,False
PRE_02738,清金汤,PRE,Qingjin Tang,Qingjin Tang,False
PRE_02739,清金解渴汤,PRE,Qingjinjieke Tang,Qingjinjieke Tang,False
PRE_02740,温土毓麟汤,PRE,Wentuyulin Tang,Wentuyulin Tang,False
PRE_02741,滋水清肝饮,PRE,Zishuiqinggan Yin,Zishuiqinggan Yin,False
PRE_02742,滋肾丸,PRE,Zishen Wan,Zishen Wan,False
PRE_02743,滋血润肠丸,PRE,Zixuerunchang Wan,Zixuerunchang Wan,False
PRE_02744,点汤盐,PRE,Diantangyan,Diantangyan,False
PRE_02745,犀黄丸,PRE,Xihuang Wan,Xihuang Wan,False
PRE_02746,玉泉丸,PRE,Yuquan Wan,Yuquan Wan,False
PRE_02747,疏凿饮,PRE,Shuzao Yin,Shuzao Yin,False
PRE_02748,疏风止痛散,PRE,Shufengzhitong San,Shufengzhitong San,False
PRE_02749,疔毒复生汤,PRE,Dingdufusheng Tang,Dingdufusheng Tang,False
PRE_02750,百合固金汤,PRE,Baihegujin Tang,Baihegujin Tang,False
PRE_02751,皂荚丸,PRE,Zaojia Wan,Zaojia Wan,False
PRE_02752,礞石滚痰丸,PRE,Mengshiguntan Wan,Mengshiguntan Wan,False
PRE_02753,祛毒散,PRE,Qudu San,Qudu San,False
PRE_02754,神应养真丹,PRE,Shenyingyangzhendan,Shenyingyangzhendan,False
PRE_02755,紫菀茸汤,PRE,Ziwanrong Tang,Ziwanrong Tang,False
PRE_02756,紫金膏,PRE,Zijin Gao,Zijin Gao,False
PRE_02757,绿豆饮,PRE,Lvdou Yin,Lvdou Yin,False
PRE_02758,聚宝丹,PRE,Jubaodan,Jubaodan,False
PRE_02759,胃疸汤,PRE,Weidan Tang,Weidan Tang,False
PRE_02760,脱花煎,PRE,Tuohuajian,Tuohuajian,False
PRE_02761,膏淋汤,PRE,Gaolin Tang,Gaolin Tang,False
PRE_02762,芦荟丸,PRE,Luhui Wan,Luhui Wan,False
PRE_02763,茵陈术附汤,PRE,Yinchenshufu Tang,Yinchenshufu Tang,False
PRE_02764,获鼻散,PRE,Huobi San,Huobi San,False
PRE_02765,蝉花散,PRE,Chanhua San,Chanhua San,False
PRE_02766,蝉蝎散,PRE,Chanxie San,Chanxie San,False
PRE_02767,补气健脾丸,PRE,Buqijianpi Wan,Buqijianpi Wan,False
PRE_02768,补肺散,PRE,Bufei San,Bufei San,False
PRE_02769,调气散,PRE,Diaoqi San,Diaoqi San,False
PRE_02770,豢龙汤,PRE,Huanlong Tang,Huanlong Tang,False
PRE_02771,达原饮,PRE,Dayuan Yin,Dayuan Yin,False
PRE_02772,通气散坚丸,PRE,Tongqisanjian Wan,Tongqisanjian Wan,False
PRE_02773,酒煎散,PRE,Jiujian San,Jiujian San,False
PRE_02774,金正气散,PRE,Jinzhengqi San,Jinzhengqi San,False
PRE_02775,金液丹,PRE,Jinyedan,Jinyedan,False
PRE_02776,金蟾散,PRE,Jinchan San,Jinchan San,False
PRE_02777,银花解毒汤,PRE,Yinhuajiedu Tang,Yinhuajiedu Tang,False
PRE_02778,镇惊丸,PRE,Zhenjing Wan,Zhenjing Wan,False
PRE_02779,附子理中丸,PRE,Fuzilizhong Wan,Fuzilizhong Wan,False
PRE_02780,降龙丹,PRE,Xianglongdan,Xianglongdan,False
PRE_02781,除风汤,PRE,Chufeng Tang,Chufeng Tang,False
PRE_02782,雄黄散,PRE,Xionghuang San,Xionghuang San,False
PRE_02783,青霞散,PRE,Qingxia San,Qingxia San,False
PRE_02784,香砂枳术丸,PRE,Xiangshazhishu Wan,Xiangshazhishu Wan,False
PRE_02785,麻杏石甘汤,PRE,Maxingshigan Tang,Maxingshigan Tang,False
PRE_02786,黄芩芍药汤,PRE,Huangqinshaoyao Tang,Huangqinshaoyao Tang,False
PRE_02787,黄连消毒饮,PRE,Huanglianxiaodu Yin,Huanglianxiaodu Yin,False
PRE_02788,丁香脾积丸,PRE,Dingxiangpiji Wan,Dingxiangpiji Wan,False
PRE_02789,七福饮,PRE,Qifu Yin,Qifu Yin,False
PRE_02790,三化汤,PRE,Sanhua Tang,Sanhua Tang,False
PRE_02791,三棱散,PRE,Sanleng San,Sanleng San,False
PRE_02792,三甲散,PRE,Sanjia San,Sanjia San,False
PRE_02793,三阴煎,PRE,Sanyinjian,Sanyinjian,False
PRE_02794,三香汤,PRE,Sanxiang Tang,Sanxiang Tang,False
PRE_02795,上清丸,PRE,Shangqing Wan,Shangqing Wan,False
PRE_02796,中满分消丸,PRE,Zhongmanfenxiao Wan,Zhongmanfenxiao Wan,False
PRE_02797,乌头汤,PRE,Wutou Tang,Wutou Tang,False
PRE_02798,乌沉汤,PRE,Wuchen Tang,Wuchen Tang,False
PRE_02799,乌金丸,PRE,Wujin Wan,Wujin Wan,False
PRE_02800,九一丹,PRE,Jiuyidan,Jiuyidan,False
PRE_02801,乳豆丸,PRE,Rudou Wan,Rudou Wan,False
PRE_02802,五子衍宗丸,PRE,Wuziyanzong Wan,Wuziyanzong Wan,False
PRE_02803,五汁饮,PRE,Wuzhi Yin,Wuzhi Yin,False
PRE_02804,五皮散,PRE,Wupi San,Wupi San,False
PRE_02805,五神汤,PRE,Wushen Tang,Wushen Tang,False
PRE_02806,五福饮,PRE,Wufu Yin,Wufu Yin,False
PRE_02807,五膈宽中汤,PRE,Wugekuanzhong Tang,Wugekuanzhong Tang,False
PRE_02808,五虎追风散,PRE,Wuhuzhuifeng San,Wuhuzhuifeng San,False
PRE_02809,人参五味子汤,PRE,Renshenwuweizi Tang,Renshenwuweizi Tang,False
PRE_02810,人参养营汤,PRE,Renshenyangying Tang,Renshenyangying Tang,False
PRE_02811,人参泻心汤,PRE,Renshenxiexin Tang,Renshenxiexin Tang,False
PRE_02812,人参犀角汤,PRE,Renshenxijiao Tang,Renshenxijiao Tang,False
PRE_02813,人参理中汤,PRE,Renshenlizhong Tang,Renshenlizhong Tang,False
PRE_02814,会厌逐瘀汤,PRE,Huiyanzhuyu Tang,Huiyanzhuyu Tang,False
PRE_02815,保生丹,PRE,Baoshengdan,Baoshengdan,False
PRE_02816,保肺丸,PRE,Baofei Wan,Baofei Wan,False
PRE_02817,保金汤,PRE,Baojin Tang,Baojin Tang,False
PRE_02818,催生饮,PRE,Cuisheng Yin,Cuisheng Yin,False
PRE_02819,元霜膏,PRE,Yuanshuang Gao,Yuanshuang Gao,False
PRE_02820,全生活血汤,PRE,Quanshenghuoxue Tang,Quanshenghuoxue Tang,False
PRE_02821,全蝎观音散,PRE,Quanxieguanyin San,Quanxieguanyin San,False
PRE_02822,全鼻散,PRE,Quanbi San,Quanbi San,False
PRE_02823,六味竹叶石膏汤,PRE,Liuweizhuyeshigao Tang,Liuweizhuyeshigao Tang,False
PRE_02824,六和汤,PRE,Liuhe Tang,Liuhe Tang,False
PRE_02825,六神散,PRE,Liushen San,Liushen San,False
PRE_02826,兰香饮子,PRE,Lanxiangyinzi,Lanxiangyinzi,False
PRE_02827,养心汤,PRE,Yangxin Tang,Yangxin Tang,False
PRE_02828,养荣汤,PRE,Yangrong Tang,Yangrong Tang,False
PRE_02829,养金汤,PRE,Yangjin Tang,Yangjin Tang,False
PRE_02830,兼以散结,PRE,Jianyisanjie,Jianyisanjie,False
PRE_02831,内消沃雪汤,PRE,Neixiaowoxue Tang,Neixiaowoxue Tang,False
PRE_02832,凉惊丸,PRE,Liangjing Wan,Liangjing Wan,False
PRE_02833,利惊丸,PRE,Lijing Wan,Lijing Wan,False
PRE_02834,加味二妙散,PRE,Jiaweiermiao San,Jiaweiermiao San,False
PRE_02835,加味修肝散,PRE,Jiaweixiugan San,Jiaweixiugan San,False
PRE_02836,加味归脾汤,PRE,Jiaweiguipi Tang,Jiaweiguipi Tang,False
PRE_02837,加味牛黄散,PRE,Jiaweiniuhuang San,Jiaweiniuhuang San,False
PRE_02838,匀气散,PRE,Yunqi San,Yunqi San,False
PRE_02839,化忡丹,PRE,Huachongdan,Huachongdan,False
PRE_02840,化斑解毒汤,PRE,Huabanjiedu Tang,Huabanjiedu Tang,False
PRE_02841,化癖丸,PRE,Huapi Wan,Huapi Wan,False
PRE_02842,千金托里散,PRE,Qianjintuoli San,Qianjintuoli San,False
PRE_02843,千金豕膏丸,PRE,Qianjinshigao Wan,Qianjinshigao Wan,False
PRE_02844,升带汤,PRE,Shengdai Tang,Shengdai Tang,False
PRE_02845,升阳散火汤,PRE,Shengyangsanhuo Tang,Shengyangsanhuo Tang,False
PRE_02846,半夏厚朴汤,PRE,Banxiahoupo Tang,Banxiahoupo Tang,False
PRE_02847,参术健脾汤,PRE,Canshujianpi Tang,Canshujianpi Tang,False
PRE_02848,参芪补肺汤,PRE,Canqibufei Tang,Canqibufei Tang,False
PRE_02849,参苓琥珀汤,PRE,Canlinghupo Tang,Canlinghupo Tang,False
PRE_02850,参附龙牡救逆汤,PRE,Canfulongmujiuni Tang,Canfulongmujiuni Tang,False
PRE_02851,君子丸,PRE,Junzi Wan,Junzi Wan,False
PRE_02852,君子散,PRE,Junzi San,Junzi San,False
PRE_02853,吴氏三甲散,PRE,Wushisanjia San,Wushisanjia San,False
PRE_02854,吹霞散,PRE,Chuixia San,Chuixia San,False
PRE_02855,味清胃散,PRE,Weiqingwei San,Weiqingwei San,False
PRE_02856,四海舒郁丸,PRE,Sihaishuyu Wan,Sihaishuyu Wan,False
PRE_02857,四阴煎,PRE,Siyinjian,Siyinjian,False
PRE_02858,团参汤,PRE,Tuancan Tang,Tuancan Tang,False
PRE_02859,固真汤,PRE,Guzhen Tang,Guzhen Tang,False
PRE_02860,固经丸,PRE,Gujing Wan,Gujing Wan,False
PRE_02861,固阴煎,PRE,Guyinjian,Guyinjian,False
PRE_02862,坠翳散,PRE,Zhuiyi San,Zhuiyi San,False
PRE_02863,大牛角散,PRE,Daniujiao San,Daniujiao San,False
PRE_02864,大补阴丸,PRE,Dabuyin Wan,Dabuyin Wan,False
PRE_02865,大青龙汤,PRE,Daqinglong Tang,Daqinglong Tang,False
PRE_02866,大顺散,PRE,Dashun San,Dashun San,False
PRE_02867,大黄汤,PRE,Dahuang Tang,Dahuang Tang,False
PRE_02868,大黄牡丹皮汤,PRE,Dahuangmudanpi Tang,Dahuangmudanpi Tang,False
PRE_02869,天仙藤散,PRE,Tianxianteng San,Tianxianteng San,False
PRE_02870,天南星散,PRE,Tiannanxing San,Tiannanxing San,False
PRE_02871,天王补心丹,PRE,Tianwangbuxindan,Tianwangbuxindan,False
PRE_02872,太乙膏,PRE,Taiyi Gao,Taiyi Gao,False
PRE_02873,失笑散,PRE,Shixiao San,Shixiao San,False
PRE_02874,如神断痫丸,PRE,Rushenduanxian Wan,Rushenduanxian Wan,False
PRE_02875,姜术汤,PRE,Jiangshu Tang,Jiangshu Tang,False
PRE_02876,子芩丸,PRE,Ziqin Wan,Ziqin Wan,False
PRE_02877,宁嗽化痰汤,PRE,Ningsouhuatan Tang,Ningsouhuatan Tang,False
PRE_02878,宁神膏,PRE,Ningshen Gao,Ningshen Gao,False
PRE_02879,宁肺桔梗汤,PRE,Ningfeijiegeng Tang,Ningfeijiegeng Tang,False
PRE_02880,宁静汤,PRE,Ningjing Tang,Ningjing Tang,False
PRE_02881,安奠二天汤,PRE,Andianertian Tang,Andianertian Tang,False
PRE_02882,安胃丸,PRE,Anwei Wan,Anwei Wan,False
PRE_02883,定心丸,PRE,Dingxin Wan,Dingxin Wan,False
PRE_02884,定肺丸,PRE,Dingfei Wan,Dingfei Wan,False
PRE_02885,宜胎饮,PRE,Yitai Yin,Yitai Yin,False
PRE_02886,宣阳透伏法,PRE,Xuanyangtoufufa,Xuanyangtoufufa,False
PRE_02887,射干麻黄汤,PRE,Yeganmahuang Tang,Yeganmahuang Tang,False
PRE_02888,小陷胸汤,PRE,Xiaoxianxiong Tang,Xiaoxianxiong Tang,False
PRE_02889,尿频量多,PRE,Niaopinliangduo,Niaopinliangduo,False
PRE_02890,川连,PRE,Chuanlian,Chuanlian,False
PRE_02891,巩堤丸,PRE,Gongdi Wan,Gongdi Wan,False
PRE_02892,平喘固本汤,PRE,Pingchuanguben Tang,Pingchuanguben Tang,False
PRE_02893,平肝开郁止血汤,PRE,Pinggankaiyuzhixue Tang,Pinggankaiyuzhixue Tang,False
PRE_02894,平肝清火汤,PRE,Pingganqinghuo Tang,Pingganqinghuo Tang,False
PRE_02895,当归拈痛散,PRE,Dangguiniantong San,Dangguiniantong San,False
PRE_02896,当归芍药散,PRE,Dangguishaoyao San,Dangguishaoyao San,False
PRE_02897,快脾丸,PRE,Kuaipi Wan,Kuaipi Wan,False
PRE_02898,抵当汤,PRE,Didang Tang,Didang Tang,False
PRE_02899,旋覆代赭汤,PRE,Xuanfudaizhe Tang,Xuanfudaizhe Tang,False
PRE_02900,既济解毒汤,PRE,Jijijiedu Tang,Jijijiedu Tang,False
PRE_02901,木香槟榔丸,PRE,Muxiangbinlang Wan,Muxiangbinlang Wan,False
PRE_02902,朱衣滚痰丸,PRE,Zhuyiguntan Wan,Zhuyiguntan Wan,False
PRE_02903,杏仁滑石汤,PRE,Xingrenhuashi Tang,Xingrenhuashi Tang,False
PRE_02904,来苏膏,PRE,Laisu Gao,Laisu Gao,False
PRE_02905,栀子金花汤,PRE,Zhizijinhua Tang,Zhizijinhua Tang,False
PRE_02906,栀豉汤,PRE,Zhishi Tang,Zhishi Tang,False
PRE_02907,桂枝和营汤,PRE,Guizhiheying Tang,Guizhiheying Tang,False
PRE_02908,桂香散,PRE,Guixiang San,Guixiang San,False
PRE_02909,桃奴散,PRE,Taonu San,Taonu San,False
PRE_02910,桃红四物汤,PRE,Taohongsiwu Tang,Taohongsiwu Tang,False
PRE_02911,桑螵蛸散,PRE,Sangpiaoshao San,Sangpiaoshao San,False
PRE_02912,椒附汤,PRE,Jiaofu Tang,Jiaofu Tang,False
PRE_02913,槐角丸,PRE,Huaijiao Wan,Huaijiao Wan,False
PRE_02914,槟苏散,PRE,Binsu San,Binsu San,False
PRE_02915,正气天香散,PRE,Zhengqitianxiang San,Zhengqitianxiang San,False
PRE_02916,水晶丹,PRE,Shuijingdan,Shuijingdan,False
PRE_02917,水煮金花丸,PRE,Shuizhujinhua Wan,Shuizhujinhua Wan,False
PRE_02918,沆瀣丹,PRE,Hangxiedan,Hangxiedan,False
PRE_02919,沙参麦冬汤,PRE,Shashenmaidong Tang,Shashenmaidong Tang,False
PRE_02920,治单乳蛾,PRE,Zhidanrue,Zhidanrue,False
PRE_02921,治石蛾,PRE,Zhishie,Zhishie,False
PRE_02922,泻青丸,PRE,Xieqing Wan,Xieqing Wan,False
PRE_02923,洗心散,PRE,Xixin San,Xixin San,False
PRE_02924,洗肝散,PRE,Xigan San,Xigan San,False
PRE_02925,活人半夏桂枝甘草汤,PRE,Huorenbanxiaguizhigancao Tang,Huorenbanxiaguizhigancao Tang,False
PRE_02926,消导宽中汤,PRE,Xiaodaokuanzhong Tang,Xiaodaokuanzhong Tang,False
PRE_02927,消疳芜荑汤,PRE,Xiaoganwuyi Tang,Xiaoganwuyi Tang,False
PRE_02928,清心涤痰汤,PRE,Qingxinditan Tang,Qingxinditan Tang,False
PRE_02929,清心莲子饮,PRE,Qingxinlianzi Yin,Qingxinlianzi Yin,False
PRE_02930,清气化痰丸,PRE,Qingqihuatan Wan,Qingqihuatan Wan,False
PRE_02931,清热泻脾散,PRE,Qingrexiepi San,Qingrexiepi San,False
PRE_02932,清燥养营汤,PRE,Qingzaoyangying Tang,Qingzaoyangying Tang,False
PRE_02933,清胃汤,PRE,Qingwei Tang,Qingwei Tang,False
PRE_02934,清营捍疟法,PRE,Qingyinghannvefa,Qingyinghannvefa,False
PRE_02935,清金宁肺丸,PRE,Qingjinningfei Wan,Qingjinningfei Wan,False
PRE_02936,清金散,PRE,Qingjin San,Qingjin San,False
PRE_02937,清震汤,PRE,Qingzhen Tang,Qingzhen Tang,False
PRE_02938,温肺止流丹,PRE,Wenfeizhiliudan,Wenfeizhiliudan,False
PRE_02939,温肺汤,PRE,Wenfei Tang,Wenfei Tang,False
PRE_02940,滋肾育胎丸,PRE,Zishenyutai Wan,Zishenyutai Wan,False
PRE_02941,滋阴抑火汤,PRE,Ziyinyihuo Tang,Ziyinyihuo Tang,False
PRE_02942,滚痰丸,PRE,Guntan Wan,Guntan Wan,False
PRE_02943,炼蜜丸,PRE,Lianmi Wan,Lianmi Wan,False
PRE_02944,熊胆膏,PRE,Xiongdan Gao,Xiongdan Gao,False
PRE_02945,牛黄清心丸,PRE,Niuhuangqingxin Wan,Niuhuangqingxin Wan,False
PRE_02946,牡丹丸,PRE,Mudan Wan,Mudan Wan,False
PRE_02947,独活寄生汤,PRE,Duhuojisheng Tang,Duhuojisheng Tang,False
PRE_02948,独活散,PRE,Duhuo San,Duhuo San,False
PRE_02949,猪苓汤,PRE,Zhuling Tang,Zhuling Tang,False
PRE_02950,玄武膏,PRE,Xuanwu Gao,Xuanwu Gao,False
PRE_02951,玉红膏,PRE,Yuhong Gao,Yuhong Gao,False
PRE_02952,玉露散,PRE,Yulu San,Yulu San,False
PRE_02953,玉龙丸,PRE,Yulong Wan,Yulong Wan,False
PRE_02954,珍珠散,PRE,Zhenzhu San,Zhenzhu San,False
PRE_02955,琥珀散,PRE,Hupo San,Hupo San,False
PRE_02956,甘露消毒丹,PRE,Ganluxiaodudan,Ganluxiaodudan,False
PRE_02957,生化夺命汤,PRE,Shenghuaduoming Tang,Shenghuaduoming Tang,False
PRE_02958,生铁落饮,PRE,Shengtieluo Yin,Shengtieluo Yin,False
PRE_02959,痛泻要方丹,PRE,Tongxieyaofangdan,Tongxieyaofangdan,False
PRE_02960,白术酒,PRE,Baizhujiu,Baizhujiu,False
PRE_02961,白玉膏,PRE,Baiyu Gao,Baiyu Gao,False
PRE_02962,百合散,PRE,Baihe San,Baihe San,False
PRE_02963,益元散,PRE,Yiyuan San,Yiyuan San,False
PRE_02964,益母四物汤,PRE,Yimusiwu Tang,Yimusiwu Tang,False
PRE_02965,益气养营汤,PRE,Yiqiyangying Tang,Yiqiyangying Tang,False
PRE_02966,益胃汤,PRE,Yiwei Tang,Yiwei Tang,False
PRE_02967,益脾镇惊散,PRE,Yipizhenjing San,Yipizhenjing San,False
PRE_02968,益阴煎,PRE,Yiyinjian,Yiyinjian,False
PRE_02969,石珍散,PRE,Shizhen San,Shizhen San,False
PRE_02970,石膏汤,PRE,Shigao Tang,Shigao Tang,False
PRE_02971,矾石丸,PRE,Fanshi Wan,Fanshi Wan,False
PRE_02972,矾精散,PRE,Fanjing San,Fanjing San,False
PRE_02973,矾郁丸,PRE,Fanyu Wan,Fanyu Wan,False
PRE_02974,碧玉丸,PRE,Biyu Wan,Biyu Wan,False
PRE_02975,碧霞散,PRE,Bixia San,Bixia San,False
PRE_02976,禹余粮丸,PRE,Yuyuliang Wan,Yuyuliang Wan,False
PRE_02977,秦艽地黄汤,PRE,Qinjiaodihuang Tang,Qinjiaodihuang Tang,False
PRE_02978,竹叶黄芪汤,PRE,Zhuyehuangqi Tang,Zhuyehuangqi Tang,False
PRE_02979,紫正散,PRE,Zizheng San,Zizheng San,False
PRE_02980,紫雪散,PRE,Zixue San,Zixue San,False
PRE_02981,紫霜丸,PRE,Zishuang Wan,Zishuang Wan,False
PRE_02982,红豆丸,PRE,Hongdou Wan,Hongdou Wan,False
PRE_02983,缓肝理脾汤,PRE,Huanganlipi Tang,Huanganlipi Tang,False
PRE_02984,羚羊角汤,PRE,Lingyangjiao Tang,Lingyangjiao Tang,False
PRE_02985,胎元饮,PRE,Taiyuan Yin,Taiyuan Yin,False
PRE_02986,胜金丹,PRE,Shengjindan,Shengjindan,False
PRE_02987,芩心丸,PRE,Qinxin Wan,Qinxin Wan,False
PRE_02988,苍附导痰丸,PRE,Cangfudaotan Wan,Cangfudaotan Wan,False
PRE_02989,苏合丸,PRE,Suhe Wan,Suhe Wan,False
PRE_02990,苏子降气汤,PRE,Suzijiangqi Tang,Suzijiangqi Tang,False
PRE_02991,茯苓厚朴汤,PRE,Fulinghoupo Tang,Fulinghoupo Tang,False
PRE_02992,茯苓芒硝汤,PRE,Fulingmangxiao Tang,Fulingmangxiao Tang,False
PRE_02993,茵陈解酲汤,PRE,Yinchenjiecheng Tang,Yinchenjiecheng Tang,False
PRE_02994,茸珠丸,PRE,Rongzhu Wan,Rongzhu Wan,False
PRE_02995,茸附汤,PRE,Rongfu Tang,Rongfu Tang,False
PRE_02996,荆防散毒散,PRE,Jingfangsandu San,Jingfangsandu San,False
PRE_02997,草果知母汤,PRE,Caoguozhimu Tang,Caoguozhimu Tang,False
PRE_02998,莪术丸,PRE,Eshu Wan,Eshu Wan,False
PRE_02999,葛根芩连汤,PRE,Gegenqinlian Tang,Gegenqinlian Tang,False
PRE_03000,葛根葱白汤,PRE,Gegencongbai Tang,Gegencongbai Tang,False
PRE_03001,葶苈丸,PRE,Tingli Wan,Tingli Wan,False
PRE_03002,蒋氏化毒丹,PRE,Jiangshihuadudan,Jiangshihuadudan,False
PRE_03003,蒲黄甘露饮,PRE,Puhuangganlu Yin,Puhuangganlu Yin,False
PRE_03004,藿连汤,PRE,Huolian Tang,Huolian Tang,False
PRE_03005,藿香饮,PRE,Huoxiang Yin,Huoxiang Yin,False
PRE_03006,蟾酥饼子,PRE,Chansubingzi,Chansubingzi,False
PRE_03007,行军散,PRE,Xingjun San,Xingjun San,False
PRE_03008,补中芎汤,PRE,Buzhongqiong Tang,Buzhongqiong Tang,False
PRE_03009,补肝散,PRE,Bugan San,Bugan San,False
PRE_03010,解血平气汤,PRE,Jiexuepingqi Tang,Jiexuepingqi Tang,False
PRE_03011,解表散,PRE,Jiebiao San,Jiebiao San,False
PRE_03012,调中畅气法,PRE,Diaozhongchangqifa,Diaozhongchangqifa,False
PRE_03013,谷神嘉禾散,PRE,Gushenjiahe San,Gushenjiahe San,False
PRE_03014,赤豆薏仁汤,PRE,Chidouyiren Tang,Chidouyiren Tang,False
PRE_03015,赤豆薏苡仁汤,PRE,Chidouyiyiren Tang,Chidouyiyiren Tang,False
PRE_03016,赴筵散,PRE,Fuyan San,Fuyan San,False
PRE_03017,软金丸,PRE,Ruanjin Wan,Ruanjin Wan,False
PRE_03018,辛散太阳法,PRE,Xinsantaiyangfa,Xinsantaiyangfa,False
PRE_03019,连朴饮,PRE,Lianpu Yin,Lianpu Yin,False
PRE_03020,连理汤,PRE,Lianli Tang,Lianli Tang,False
PRE_03021,通气丸,PRE,Tongqi Wan,Tongqi Wan,False
PRE_03022,酒军丸,PRE,Jiujun Wan,Jiujun Wan,False
PRE_03023,酒调散,PRE,Jiudiao San,Jiudiao San,False
PRE_03024,金液戊土丹,PRE,Jinyewutudan,Jinyewutudan,False
PRE_03025,金花汤,PRE,Jinhua Tang,Jinhua Tang,False
PRE_03026,金蟾丸,PRE,Jinchan Wan,Jinchan Wan,False
PRE_03027,金鲤汤,PRE,Jinli Tang,Jinli Tang,False
PRE_03028,金黄散,PRE,Jinhuang San,Jinhuang San,False
PRE_03029,钟乳补肺汤,PRE,Zhongrubufei Tang,Zhongrubufei Tang,False
PRE_03030,钩藤散,PRE,Gouteng San,Gouteng San,False
PRE_03031,钱氏异功散,PRE,Qianshiyigong San,Qianshiyigong San,False
PRE_03032,钱氏泻黄散,PRE,Qianshixiehuang San,Qianshixiehuang San,False
PRE_03033,铜碌散,PRE,Tonglu San,Tonglu San,False
PRE_03034,镇惊散,PRE,Zhenjing San,Zhenjing San,False
PRE_03035,镇肝熄风汤,PRE,Zhenganxifeng Tang,Zhenganxifeng Tang,False
PRE_03036,镇阴煎,PRE,Zhenyinjian,Zhenyinjian,False
PRE_03037,陀僧膏,PRE,Tuoseng Gao,Tuoseng Gao,False
PRE_03038,附子半夏汤,PRE,Fuzibanxia Tang,Fuzibanxia Tang,False
PRE_03039,附子泻心汤,PRE,Fuzixiexin Tang,Fuzixiexin Tang,False
PRE_03040,除湿汤,PRE,Chushi Tang,Chushi Tang,False
PRE_03041,雄砂丸,PRE,Xiongsha Wan,Xiongsha Wan,False
PRE_03042,雄黄退肿药,PRE,Xionghuangtuizhongyao,Xionghuangtuizhongyao,False
PRE_03043,青州白丸子,PRE,Qingzhoubaiwanzi,Qingzhoubaiwanzi,False
PRE_03044,青黛散油膏,PRE,Qingdaisanyou Gao,Qingdaisanyou Gao,False
PRE_03045,韭汁牛乳饮,PRE,Jiuzhiniuru Yin,Jiuzhiniuru Yin,False
PRE_03046,风至宝汤,PRE,Fengzhibao Tang,Fengzhibao Tang,False
PRE_03047,香砂二陈汤,PRE,Xiangshaerchen Tang,Xiangshaerchen Tang,False
PRE_03048,麦门冬汤,PRE,Maimendong Tang,Maimendong Tang,False
PRE_03049,麻杏甘石汤,PRE,Maxingganshi Tang,Maxingganshi Tang,False
PRE_03050,麻黄人参芍药汤,PRE,Mahuangrenshenshaoyao Tang,Mahuangrenshenshaoyao Tang,False
PRE_03051,麻黄附子细辛汤,PRE,Mahuangfuzixixin Tang,Mahuangfuzixixin Tang,False
PRE_03052,黄连白芍汤,PRE,Huanglianbaishao Tang,Huanglianbaishao Tang,False
PRE_03053,龙凤丸,PRE,Longfeng Wan,Longfeng Wan,False
PRE_03054,龙胆丸,PRE,Longdan Wan,Longdan Wan,False
PRE_03055,龙胆汤,PRE,Longdan Tang,Longdan Tang,False
PRE_03056,一扫光疮药方,PRE,Yisaoguangchuangyaofang,Yisaoguangchuangyaofang,False
PRE_03057,一贯煎合益胃汤,PRE,Yiguanjianheyiwei Tang,Yiguanjianheyiwei Tang,False
PRE_03058,丁沉四君药,PRE,Dingchensijunyao,Dingchensijunyao,False
PRE_03059,丁沉透膈汤,PRE,Dingchentouge Tang,Dingchentouge Tang,False
PRE_03060,丁萸理中汤,PRE,Dingyulizhong Tang,Dingyulizhong Tang,False
PRE_03061,丁香炮姜红豆丸,PRE,Dingxiangpaojianghongdou Wan,Dingxiangpaojianghongdou Wan,False
PRE_03062,丁香胶艾汤,PRE,Dingxiangjiaoai Tang,Dingxiangjiaoai Tang,False
PRE_03063,丁香透膈散,PRE,Dingxiangtouge San,Dingxiangtouge San,False
PRE_03064,七味地黄丸,PRE,Qiweidihuang Wan,Qiweidihuang Wan,False
PRE_03065,七味散,PRE,Qiwei San,Qiwei San,False
PRE_03066,七味都气丸,PRE,Qiweidouqi Wan,Qiweidouqi Wan,False
PRE_03067,七宝美髯丹,PRE,Qibaomeirandan,Qibaomeirandan,False
PRE_03068,七气汤,PRE,Qiqi Tang,Qiqi Tang,False
PRE_03069,万应丸,PRE,Wanying Wan,Wanying Wan,False
PRE_03070,三妙丸,PRE,Sanmiao Wan,Sanmiao Wan,False
PRE_03071,三拗汤,PRE,Sanao Tang,Sanao Tang,False
PRE_03072,三油膏,PRE,Sanyou Gao,Sanyou Gao,False
PRE_03073,三甲复脉汤,PRE,Sanjiafumai Tang,Sanjiafumai Tang,False
PRE_03074,三石汤,PRE,Sanshi Tang,Sanshi Tang,False
PRE_03075,三金排石汤,PRE,Sanjinpaishi Tang,Sanjinpaishi Tang,False
PRE_03076,三黄丸,PRE,Sanhuang Wan,Sanhuang Wan,False
PRE_03077,三黄石膏汤,PRE,Sanhuangshigao Tang,Sanhuangshigao Tang,False
PRE_03078,下寿星丸,PRE,Xiashouxing Wan,Xiashouxing Wan,False
PRE_03079,乌梅丸,PRE,Wumei Wan,Wumei Wan,False
PRE_03080,乙保生丹,PRE,Yibaoshengdan,Yibaoshengdan,False
PRE_03081,二冬二母散,PRE,Erdongermu San,Erdongermu San,False
PRE_03082,二妙丸,PRE,Ermiao Wan,Ermiao Wan,False
PRE_03083,二矾散,PRE,Erfan San,Erfan San,False
PRE_03084,二陈芎归汤,PRE,Erchenqionggui Tang,Erchenqionggui Tang,False
PRE_03085,五兽三匮丸,PRE,Wushousankui Wan,Wushousankui Wan,False
PRE_03086,五君子煎,PRE,Wujunzijian,Wujunzijian,False
PRE_03087,五蒸汤,PRE,Wuzheng Tang,Wuzheng Tang,False
PRE_03088,人参乌梅汤,PRE,Renshenwumei Tang,Renshenwumei Tang,False
PRE_03089,人参保元汤,PRE,Renshenbaoyuan Tang,Renshenbaoyuan Tang,False
PRE_03090,人参养营丸,PRE,Renshenyangying Wan,Renshenyangying Wan,False
PRE_03091,人参紫菀散,PRE,Renshenziwan San,Renshenziwan San,False
PRE_03092,仲景乌梅圆泻心汤,PRE,Zhongjingwumeiyuanxiexin Tang,Zhongjingwumeiyuanxiexin Tang,False
PRE_03093,伏龙肝散,PRE,Fulonggan San,Fulonggan San,False
PRE_03094,何人饮,PRE,Heren Yin,Heren Yin,False
PRE_03095,使君散,PRE,Shijun San,Shijun San,False
PRE_03096,保和丸合枳术丸,PRE,Baohewanhezhishu Wan,Baohewanhezhishu Wan,False
PRE_03097,保真汤,PRE,Baozhen Tang,Baozhen Tang,False
PRE_03098,修肝散,PRE,Xiugan San,Xiugan San,False
PRE_03099,健固汤,PRE,Jiangu Tang,Jiangu Tang,False
PRE_03100,元滑苓甘散,PRE,Yuanhualinggan San,Yuanhualinggan San,False
PRE_03101,六圣丸,PRE,Liusheng Wan,Liusheng Wan,False
PRE_03102,六安煎,PRE,Luanjian,Luanjian,False
PRE_03103,六磨汤,PRE,Liumo Tang,Liumo Tang,False
PRE_03104,六神饮,PRE,Liushen Yin,Liushen Yin,False
PRE_03105,养精种玉汤,PRE,Yangjingzhongyu Tang,Yangjingzhongyu Tang,False
PRE_03106,养胃增液汤,PRE,Yangweizengye Tang,Yangweizengye Tang,False
PRE_03107,凉营清气汤,PRE,Liangyingqingqi Tang,Liangyingqingqi Tang,False
PRE_03108,凉血消风汤,PRE,Liangxuexiaofeng Tang,Liangxuexiaofeng Tang,False
PRE_03109,利膈丸,PRE,Lige Wan,Lige Wan,False
PRE_03110,加味归脾丸,PRE,Jiaweiguipi Wan,Jiaweiguipi Wan,False
PRE_03111,化积丸,PRE,Huaji Wan,Huaji Wan,False
PRE_03112,化风丹,PRE,Huafengdan,Huafengdan,False
PRE_03113,医垒元戎搜风汤,PRE,Yileiyuanrongsoufeng Tang,Yileiyuanrongsoufeng Tang,False
PRE_03114,医垒元戎搜风汤太乙膏,PRE,Yileiyuanrongsoufengtangtaiyi Gao,Yileiyuanrongsoufengtangtaiyi Gao,False
PRE_03115,十全大补丸,PRE,Shiquandabu Wan,Shiquandabu Wan,False
PRE_03116,十灰散,PRE,Shihui San,Shihui San,False
PRE_03117,千金温脾汤,PRE,Qianjinwenpi Tang,Qianjinwenpi Tang,False
PRE_03118,千金犀角散,PRE,Qianjinxijiao San,Qianjinxijiao San,False
PRE_03119,升阳益气汤,PRE,Shengyangyiqi Tang,Shengyangyiqi Tang,False
PRE_03120,升麻消毒饮,PRE,Shengmaxiaodu Yin,Shengmaxiaodu Yin,False
PRE_03121,半夏生姜汤,PRE,Banxiashengjiang Tang,Banxiashengjiang Tang,False
PRE_03122,参生化汤,PRE,Canshenghua Tang,Canshenghua Tang,False
PRE_03123,参苓白术丸,PRE,Canlingbaizhu Wan,Canlingbaizhu Wan,False
PRE_03124,参蛤,PRE,Canha,Canha,False
PRE_03125,参附养营汤,PRE,Canfuyangying Tang,Canfuyangying Tang,False
PRE_03126,双合汤,PRE,Shuanghe Tang,Shuanghe Tang,False
PRE_03127,君子圆,PRE,Junziyuan,Junziyuan,False
PRE_03128,启膈散,PRE,Qige San,Qige San,False
PRE_03129,和荣散坚丸,PRE,Herongsanjian Wan,Herongsanjian Wan,False
PRE_03130,和营散坚丸,PRE,Heyingsanjian Wan,Heyingsanjian Wan,False
PRE_03131,唾痰,PRE,Tuotan,Tuotan,False
PRE_03132,四七汤,PRE,Siqi Tang,Siqi Tang,False
PRE_03133,四七汤导痰汤,PRE,Siqitangdaotan Tang,Siqitangdaotan Tang,False
PRE_03134,四兽饮,PRE,Sishou Yin,Sishou Yin,False
PRE_03135,四味香薷饮,PRE,Siweixiangru Yin,Siweixiangru Yin,False
PRE_03136,四妙汤,PRE,Simiao Tang,Simiao Tang,False
PRE_03137,四苓汤,PRE,Siling Tang,Siling Tang,False
PRE_03138,四苓汤玉露散,PRE,Silingtangyulu San,Silingtangyulu San,False
PRE_03139,四顺汤,PRE,Sishun Tang,Sishun Tang,False
PRE_03140,回阳急救汤,PRE,Huiyangjijiu Tang,Huiyangjijiu Tang,False
PRE_03141,固本止崩汤,PRE,Gubenzhibeng Tang,Gubenzhibeng Tang,False
PRE_03142,坎气潜龙汤,PRE,Kanqiqianlong Tang,Kanqiqianlong Tang,False
PRE_03143,垒元戎搜风汤,PRE,Leiyuanrongsoufeng Tang,Leiyuanrongsoufeng Tang,False
PRE_03144,增液汤,PRE,Zengye Tang,Zengye Tang,False
PRE_03145,复方土槿皮酊,PRE,Fufangtujinpiding,Fufangtujinpiding,False
PRE_03146,大芜荑汤,PRE,Dawuyi Tang,Dawuyi Tang,False
PRE_03147,大蜜丸,PRE,Dami Wan,Dami Wan,False
PRE_03148,大青膏,PRE,Daqing Gao,Daqing Gao,False
PRE_03149,大黄虫丸,PRE,Dahuangchong Wan,Dahuangchong Wan,False
PRE_03150,太乙膏成丸,PRE,Taiyigaocheng Wan,Taiyigaocheng Wan,False
PRE_03151,如意金黄散,PRE,Ruyijinhuang San,Ruyijinhuang San,False
PRE_03152,姜盐汤,PRE,Jiangyan Tang,Jiangyan Tang,False
PRE_03153,宁血汤,PRE,Ningxue Tang,Ningxue Tang,False
PRE_03154,安神定志丸,PRE,Anshendingzhi Wan,Anshendingzhi Wan,False
PRE_03155,安神定志汤,PRE,Anshendingzhi Tang,Anshendingzhi Tang,False
PRE_03156,安神定志灵,PRE,Anshendingzhiling,Anshendingzhiling,False
PRE_03157,安老汤,PRE,Anlao Tang,Anlao Tang,False
PRE_03158,安肺汤,PRE,Anfei Tang,Anfei Tang,False
PRE_03159,定痫丸,PRE,Dingxian Wan,Dingxian Wan,False
PRE_03160,定痫丹,PRE,Dingxiandan,Dingxiandan,False
PRE_03161,定经汤,PRE,Dingjing Tang,Dingjing Tang,False
PRE_03162,宜平胃散,PRE,Yipingwei San,Yipingwei San,False
PRE_03163,宜犀羚镇痉汤,PRE,Yixilingzhenjing Tang,Yixilingzhenjing Tang,False
PRE_03164,宜生脉散,PRE,Yishengmai San,Yishengmai San,False
PRE_03165,宜邵氏达原饮,PRE,Yishaoshidayuan Yin,Yishaoshidayuan Yin,False
PRE_03166,宜镇痉解毒汤,PRE,Yizhenjingjiedu Tang,Yizhenjingjiedu Tang,False
PRE_03167,实热镇心丸,PRE,Shirezhenxin Wan,Shirezhenxin Wan,False
PRE_03168,宣痹汤,PRE,Xuanbi Tang,Xuanbi Tang,False
PRE_03169,宣风散,PRE,Xuanfeng San,Xuanfeng San,False
PRE_03170,宽带汤,PRE,Kuandai Tang,Kuandai Tang,False
PRE_03171,宽带汤[$,PRE,Kuandaitang[$,Kuandaitang[$,False
PRE_03172,宽气饮,PRE,Kuanqi Yin,Kuanqi Yin,False
PRE_03173,宽胸散,PRE,Kuanxiong San,Kuanxiong San,False
PRE_03174,小便频急,PRE,Xiaobianpinji,Xiaobianpinji,False
PRE_03175,小儿回春丹,PRE,Xiaoerhuichundan,Xiaoerhuichundan,False
PRE_03176,小蜜丸,PRE,Xiaomi Wan,Xiaomi Wan,False
PRE_03177,小青龙,PRE,Xiaoqinglong,Xiaoqinglong,False
PRE_03178,少阴甘桔汤,PRE,Shaoyinganju Tang,Shaoyinganju Tang,False
PRE_03179,川芎茶调散,PRE,Chuanqiongchadiao San,Chuanqiongchadiao San,False
PRE_03180,左归饮,PRE,Zuogui Yin,Zuogui Yin,False
PRE_03181,左金丸逍遥散,PRE,Zuojinwanxiaoyao San,Zuojinwanxiaoyao San,False
PRE_03182,己椒苈黄丸,PRE,Jijiaolihuang Wan,Jijiaolihuang Wan,False
PRE_03183,庄氏软金丸,PRE,Zhuangshiruanjin Wan,Zhuangshiruanjin Wan,False
PRE_03184,延寿丹,PRE,Yanshoudan,Yanshoudan,False
PRE_03185,开明丸,PRE,Kaiming Wan,Kaiming Wan,False
PRE_03186,开郁种玉汤,PRE,Kaiyuzhongyu Tang,Kaiyuzhongyu Tang,False
PRE_03187,异功汤,PRE,Yigong Tang,Yigong Tang,False
PRE_03188,当归建中汤,PRE,Dangguijianzhong Tang,Dangguijianzhong Tang,False
PRE_03189,当归芦荟丸,PRE,Dangguiluhui Wan,Dangguiluhui Wan,False
PRE_03190,必胜散,PRE,Bisheng San,Bisheng San,False
PRE_03191,必胜散[,PRE,Bishengsan[,Bishengsan[,False
PRE_03192,急救稀涎散,PRE,Jijiuxixian San,Jijiuxixian San,False
PRE_03193,截风观音散,PRE,Jiefengguanyin San,Jiefengguanyin San,False
PRE_03194,扶元散,PRE,Fuyuan San,Fuyuan San,False
PRE_03195,拯阳理劳汤,PRE,Zhengyanglilao Tang,Zhengyanglilao Tang,False
PRE_03196,排脓祛瘀,PRE,Painongquyu,Painongquyu,False
PRE_03197,救母丹,PRE,Jiumudan,Jiumudan,False
PRE_03198,散肿溃坚汤,PRE,Sanzhongkuijian Tang,Sanzhongkuijian Tang,False
PRE_03199,散风除湿活血汤,PRE,Sanfengchushihuoxue Tang,Sanfengchushihuoxue Tang,False
PRE_03200,旋复花,PRE,Xuanfuhua,Xuanfuhua,False
PRE_03201,无比山药丸,PRE,Wubishanyao Wan,Wubishanyao Wan,False
PRE_03202,更衣丸,PRE,Gengyi Wan,Gengyi Wan,False
PRE_03203,末粥丸,PRE,Mozhou Wan,Mozhou Wan,False
PRE_03204,杞子菟丝饼,PRE,Qizitusibing,Qizitusibing,False
PRE_03205,枳壳竹沥来复丹,PRE,Zhikezhulilaifudan,Zhikezhulilaifudan,False
PRE_03206,枳术丸,PRE,Zhishu Wan,Zhishu Wan,False
PRE_03207,柏叶汤,PRE,Baiye Tang,Baiye Tang,False
PRE_03208,柴胡截疟饮,PRE,Chaihujienve Yin,Chaihujienve Yin,False
PRE_03209,柴胡疏肝汤,PRE,Chaihushugan Tang,Chaihushugan Tang,False
PRE_03210,柴胡调经汤,PRE,Chaihutiaojing Tang,Chaihutiaojing Tang,False
PRE_03211,柴芍六子君汤,PRE,Chaishaoliuzijun Tang,Chaishaoliuzijun Tang,False
PRE_03212,柴芩清胆汤,PRE,Chaiqinqingdan Tang,Chaiqinqingdan Tang,False
PRE_03213,柴芩温胆汤,PRE,Chaiqinwendan Tang,Chaiqinwendan Tang,False
PRE_03214,栀子大黄汤,PRE,Zhizidahuang Tang,Zhizidahuang Tang,False
PRE_03215,栀子清肝饮,PRE,Zhiziqinggan Yin,Zhiziqinggan Yin,False
PRE_03216,桂枝茯苓丸,PRE,Guizhifuling Wan,Guizhifuling Wan,False
PRE_03217,桃仁汤,PRE,Taoren Tang,Taoren Tang,False
PRE_03218,桃红散,PRE,Taohong San,Taohong San,False
PRE_03219,桐子大三丸,PRE,Tongzidasan Wan,Tongzidasan Wan,False
PRE_03220,桑杏汤,PRE,Sangxing Tang,Sangxing Tang,False
PRE_03221,止吐定吐丸,PRE,Zhitudingtu Wan,Zhitudingtu Wan,False
PRE_03222,止痛如神汤,PRE,Zhitongrushen Tang,Zhitongrushen Tang,False
PRE_03223,正容汤,PRE,Zhengrong Tang,Zhengrong Tang,False
PRE_03224,水泛丸,PRE,Shuifan Wan,Shuifan Wan,False
PRE_03225,水蜜丸,PRE,Shuimi Wan,Shuimi Wan,False
PRE_03226,沉翳羚羊饮,PRE,Chenyilingyang Yin,Chenyilingyang Yin,False
PRE_03227,治双乳蛾方,PRE,Zhishuangruefang,Zhishuangruefang,False
PRE_03228,泻心导赤汤,PRE,Xiexindaochi Tang,Xiexindaochi Tang,False
PRE_03229,泻热散,PRE,Xiere San,Xiere San,False
PRE_03230,泻肺饮,PRE,Xiefei Yin,Xiefei Yin,False
PRE_03231,泻脑汤,PRE,Xienao Tang,Xienao Tang,False
PRE_03232,泻脾除热饮,PRE,Xiepichure Yin,Xiepichure Yin,False
PRE_03233,泻黄散,PRE,Xiehuang San,Xiehuang San,False
PRE_03234,活血驱风解毒汤,PRE,Huoxuequfengjiedu Tang,Huoxuequfengjiedu Tang,False
PRE_03235,海蛤丸,PRE,Haiha Wan,Haiha Wan,False
PRE_03236,消乳丸,PRE,Xiaoru Wan,Xiaoru Wan,False
PRE_03237,清凉冰硼散,PRE,Qingliangbingpeng San,Qingliangbingpeng San,False
PRE_03238,清凉涤暑法,PRE,Qingliangdishufa,Qingliangdishufa,False
PRE_03239,清化饮,PRE,Qinghua Yin,Qinghua Yin,False
PRE_03240,清咽下痰汤,PRE,Qingyanxiatan Tang,Qingyanxiatan Tang,False
PRE_03241,清宫汤,PRE,Qinggong Tang,Qinggong Tang,False
PRE_03242,清心散,PRE,Qingxin San,Qingxin San,False
PRE_03243,清暑化瘀汤,PRE,Qingshuhuayu Tang,Qingshuhuayu Tang,False
PRE_03244,清暑益气汤,PRE,Qingshuyiqi Tang,Qingshuyiqi Tang,False
PRE_03245,清热化痰汤,PRE,Qingrehuatan Tang,Qingrehuatan Tang,False
PRE_03246,清热固经汤,PRE,Qingregujing Tang,Qingregujing Tang,False
PRE_03247,清经散,PRE,Qingjing San,Qingjing San,False
PRE_03248,清翳汤,PRE,Qingyi Tang,Qingyi Tang,False
PRE_03249,清肝引经汤,PRE,Qingganyinjing Tang,Qingganyinjing Tang,False
PRE_03250,清肝止淋汤,PRE,Qingganzhilin Tang,Qingganzhilin Tang,False
PRE_03251,清胃散,PRE,Qingwei San,Qingwei San,False
PRE_03252,清胃解毒汤,PRE,Qingweijiedu Tang,Qingweijiedu Tang,False
PRE_03253,清脾除湿汤,PRE,Qingpichushi Tang,Qingpichushi Tang,False
PRE_03254,清金化痰汤,PRE,Qingjinhuatan Tang,Qingjinhuatan Tang,False
PRE_03255,温白圆,PRE,Wenbaiyuan,Wenbaiyuan,False
PRE_03256,温经散寒,PRE,Wenjingsanhan,Wenjingsanhan,False
PRE_03257,温经汤,PRE,Wenjing Tang,Wenjing Tang,False
PRE_03258,温胞饮,PRE,Wenbao Yin,Wenbao Yin,False
PRE_03259,滋肾通关丸,PRE,Zishentongguan Wan,Zishentongguan Wan,False
PRE_03260,灵脂圆,PRE,Lingzhiyuan,Lingzhiyuan,False
PRE_03261,煎姜盐汤,PRE,Jianjiangyan Tang,Jianjiangyan Tang,False
PRE_03262,犀羚三汁饮,PRE,Xilingsanzhi Yin,Xilingsanzhi Yin,False
PRE_03263,犀羚镇痉汤,PRE,Xilingzhenjing Tang,Xilingzhenjing Tang,False
PRE_03264,独活汤,PRE,Duhuo Tang,Duhuo Tang,False
PRE_03265,猪肚丸,PRE,Zhudu Wan,Zhudu Wan,False
PRE_03266,玉烛散,PRE,Yuzhu San,Yuzhu San,False
PRE_03267,王氏惺惺散,PRE,Wangshixingxing San,Wangshixingxing San,False
PRE_03268,王氏清暑益气汤,PRE,Wangshiqingshuyiqi Tang,Wangshiqingshuyiqi Tang,False
PRE_03269,王氏益气汤,PRE,Wangshiyiqi Tang,Wangshiyiqi Tang,False
PRE_03270,玳瑁郁金汤,PRE,Daimaoyujin Tang,Daimaoyujin Tang,False
PRE_03271,珍珠母丸,PRE,Zhenzhumu Wan,Zhenzhumu Wan,False
PRE_03272,理阴煎,PRE,Liyinjian,Liyinjian,False
PRE_03273,琥珀丸,PRE,Hupo Wan,Hupo Wan,False
PRE_03274,生姜泻心汤,PRE,Shengjiangxiexin Tang,Shengjiangxiexin Tang,False
PRE_03275,生晒参单煎,PRE,Shengshaicandanjian,Shengshaicandanjian,False
PRE_03276,生肌药,PRE,Shengjiyao,Shengjiyao,False
PRE_03277,痘疹传心录,PRE,Douzhenchuanxinlu,Douzhenchuanxinlu,False
PRE_03278,白降丹,PRE,Baijiangdan,Baijiangdan,False
PRE_03279,皮肤大片潮红,PRE,Pifudapianchaohong,Pifudapianchaohong,False
PRE_03280,益智和中丸,PRE,Yizhihezhong Wan,Yizhihezhong Wan,False
PRE_03281,破血逐瘀汤,PRE,Poxuezhuyu Tang,Poxuezhuyu Tang,False
PRE_03282,硼酸溶液,PRE,Pengsuanrongye,Pengsuanrongye,False
PRE_03283,磁朱丸,PRE,Cizhu Wan,Cizhu Wan,False
PRE_03284,礞石散,PRE,Mengshi San,Mengshi San,False
PRE_03285,祛风化湿,PRE,Qufenghuashi,Qufenghuashi,False
PRE_03286,神芎丸,PRE,Shenqiong Wan,Shenqiong Wan,False
PRE_03287,秘传水,PRE,Michuanshui,Michuanshui,False
PRE_03288,立苏汤,PRE,Lisu Tang,Lisu Tang,False
PRE_03289,竹叶泻经汤,PRE,Zhuyexiejing Tang,Zhuyexiejing Tang,False
PRE_03290,竹龙散,PRE,Zhulong San,Zhulong San,False
PRE_03291,类聚风散,PRE,Leijufeng San,Leijufeng San,False
PRE_03292,紫丹饮,PRE,Zidan Yin,Zidan Yin,False
PRE_03293,红灵丹,PRE,Honglingdan,Honglingdan,False
PRE_03294,纯阳正气丸,PRE,Chunyangzhengqi Wan,Chunyangzhengqi Wan,False
PRE_03295,细末蜜丸,PRE,Ximomi Wan,Ximomi Wan,False
PRE_03296,绿袍散,PRE,Lvpao San,Lvpao San,False
PRE_03297,羌活桂枝汤,PRE,Qianghuoguizhi Tang,Qianghuoguizhi Tang,False
PRE_03298,羌活胜湿汤,PRE,Qianghuoshengshi Tang,Qianghuoshengshi Tang,False
PRE_03299,羌活胜风汤,PRE,Qianghuoshengfeng Tang,Qianghuoshengfeng Tang,False
PRE_03300,羚羊钩藤汤,PRE,Lingyanggouteng Tang,Lingyanggouteng Tang,False
PRE_03301,翘荷汤,PRE,Qiaohe Tang,Qiaohe Tang,False
PRE_03302,聚宝方黄矾散,PRE,Jubaofanghuangfan San,Jubaofanghuangfan San,False
PRE_03303,胃苓升阳除湿汤,PRE,Weilingshengyangchushi Tang,Weilingshengyangchushi Tang,False
PRE_03304,胃风汤,PRE,Weifeng Tang,Weifeng Tang,False
PRE_03305,脏连丸,PRE,Zanglian Wan,Zanglian Wan,False
PRE_03306,膈下逐瘀汤,PRE,Gexiazhuyu Tang,Gexiazhuyu Tang,False
PRE_03307,自虎汤,PRE,Zihu Tang,Zihu Tang,False
PRE_03308,良附丸,PRE,Liangfu Wan,Liangfu Wan,False
PRE_03309,芎归二术汤,PRE,Qiongguiershu Tang,Qiongguiershu Tang,False
PRE_03310,芎芷石膏汤,PRE,Qiongzhishigao Tang,Qiongzhishigao Tang,False
PRE_03311,芩连二母丸,PRE,Qinlianermu Wan,Qinlianermu Wan,False
PRE_03312,苍术汤,PRE,Cangzhu Tang,Cangzhu Tang,False
PRE_03313,苍桂术甘汤,PRE,Cangguishugan Tang,Cangguishugan Tang,False
PRE_03314,苍附导痰汤,PRE,Cangfudaotan Tang,Cangfudaotan Tang,False
PRE_03315,苏合香圆,PRE,Suhexiangyuan,Suhexiangyuan,False
PRE_03316,苏饮败毒散,PRE,Suyinbaidu San,Suyinbaidu San,False
PRE_03317,苓桂半夏汤,PRE,Lingguibanxia Tang,Lingguibanxia Tang,False
PRE_03318,苓羊角饮,PRE,Lingyangjiao Yin,Lingyangjiao Yin,False
PRE_03319,茜根散,PRE,Qiangen San,Qiangen San,False
PRE_03320,茯苓汤蠲饮,PRE,Fulingtangjuan Yin,Fulingtangjuan Yin,False
PRE_03321,茯苓皮汤,PRE,Fulingpi Tang,Fulingpi Tang,False
PRE_03322,茵解酲汤,PRE,Yinjiecheng Tang,Yinjiecheng Tang,False
PRE_03323,茵陈四苓散,PRE,Yinchensiling San,Yinchensiling San,False
PRE_03324,荆防四物汤,PRE,Jingfangsiwu Tang,Jingfangsiwu Tang,False
PRE_03325,草神丹,PRE,Caoshendan,Caoshendan,False
PRE_03326,葛根黄芩黄连汤,PRE,Gegenhuangqinhuanglian Tang,Gegenhuangqinhuanglian Tang,False
PRE_03327,葛花解酲汤,PRE,Gehuajiecheng Tang,Gehuajiecheng Tang,False
PRE_03328,葵子茯苓散,PRE,Kuizifuling San,Kuizifuling San,False
PRE_03329,葶苈泻白散,PRE,Tinglixiebai San,Tinglixiebai San,False
PRE_03330,藿朴夏苓汤,PRE,Huopuxialing Tang,Huopuxialing Tang,False
PRE_03331,藿香正气散六和汤,PRE,Huoxiangzhengqisanliuhe Tang,Huoxiangzhengqisanliuhe Tang,False
PRE_03332,蛲虫栓经验方,PRE,Naochongshuanjingyanfang,Naochongshuanjingyanfang,False
PRE_03333,蜜剂解毒丸,PRE,Mijijiedu Wan,Mijijiedu Wan,False
PRE_03334,补天大造丸,PRE,Butiandazao Wan,Butiandazao Wan,False
PRE_03335,补宫丸,PRE,Bugong Wan,Bugong Wan,False
PRE_03336,补气升阳法,PRE,Buqishengyangfa,Buqishengyangfa,False
PRE_03337,补肺汤,PRE,Bufei Tang,Bufei Tang,False
PRE_03338,补肾丸,PRE,Bushen Wan,Bushen Wan,False
PRE_03339,补血汤,PRE,Buxue Tang,Buxue Tang,False
PRE_03340,解惊五苓散,PRE,Jiejingwuling San,Jiejingwuling San,False
PRE_03341,解肝煎,PRE,Jieganjian,Jieganjian,False
PRE_03342,解语丹,PRE,Jieyudan,Jieyudan,False
PRE_03343,诸恶疮方黄丹,PRE,Zhuechuangfanghuangdan,Zhuechuangfanghuangdan,False
PRE_03344,诸葛行军散,PRE,Zhugexingjun San,Zhugexingjun San,False
PRE_03345,调中汤,PRE,Diaozhong Tang,Diaozhong Tang,False
PRE_03346,调元散,PRE,Diaoyuan San,Diaoyuan San,False
PRE_03347,调脾散,PRE,Diaopi San,Diaopi San,False
PRE_03348,调营饮,PRE,Diaoying Yin,Diaoying Yin,False
PRE_03349,资生健脾丸,PRE,Zishengjianpi Wan,Zishengjianpi Wan,False
PRE_03350,赤麟散,PRE,Chilin San,Chilin San,False
PRE_03351,趁痛散,PRE,Chentong San,Chentong San,False
PRE_03352,越婢加术汤,PRE,Yuebijiashu Tang,Yuebijiashu Tang,False
PRE_03353,软坚清脉颗粒饮,PRE,Ruanjianqingmaikeli Yin,Ruanjianqingmaikeli Yin,False
PRE_03354,轻粉黄丹,PRE,Qingfenhuangdan,Qingfenhuangdan,False
PRE_03355,辛凉苦甘复辛温法,PRE,Xinliangkuganfuxinwenfa,Xinliangkuganfuxinwenfa,False
PRE_03356,辛寒清解饮,PRE,Xinhanqingjie Yin,Xinhanqingjie Yin,False
PRE_03357,辛温复咸寒法,PRE,Xinwenfuxianhanfa,Xinwenfuxianhanfa,False
PRE_03358,辛甘为阳复法,PRE,Xinganweiyangfufa,Xinganweiyangfufa,False
PRE_03359,辟瘟丹,PRE,Piwendan,Piwendan,False
PRE_03360,还阴救苦汤,PRE,Haiyinjiuku Tang,Haiyinjiuku Tang,False
PRE_03361,连翘败毒散,PRE,Lianqiaobaidu San,Lianqiaobaidu San,False
PRE_03362,逍遥丸,PRE,Xiaoyao Wan,Xiaoyao Wan,False
PRE_03363,逐瘀止崩汤,PRE,Zhuyuzhibeng Tang,Zhuyuzhibeng Tang,False
PRE_03364,通圣散,PRE,Tongsheng San,Tongsheng San,False
PRE_03365,通圣散蜜丸,PRE,Tongshengsanmi Wan,Tongshengsanmi Wan,False
PRE_03366,通幽汤,PRE,Tongyou Tang,Tongyou Tang,False
PRE_03367,通窍逐瘀汤,PRE,Tongqiaozhuyu Tang,Tongqiaozhuyu Tang,False
PRE_03368,都气丸,PRE,Douqi Wan,Douqi Wan,False
PRE_03369,醒脾汤,PRE,Xingpi Tang,Xingpi Tang,False
PRE_03370,金匮旋覆花汤,PRE,Jinkuixuanfuhua Tang,Jinkuixuanfuhua Tang,False
PRE_03371,金水六君煎,PRE,Jinshuiliujunjian,Jinshuiliujunjian,False
PRE_03372,金解毒散,PRE,Jinjiedu San,Jinjiedu San,False
PRE_03373,金铃子散,PRE,Jinlingzi San,Jinlingzi San,False
PRE_03374,金银薄荷汤,PRE,Jinyinbohe Tang,Jinyinbohe Tang,False
PRE_03375,钓藤膏,PRE,Diaoteng Gao,Diaoteng Gao,False
PRE_03376,钱氏橘连圆,PRE,Qianshijulianyuan,Qianshijulianyuan,False
PRE_03377,镇心丸,PRE,Zhenxin Wan,Zhenxin Wan,False
PRE_03378,镇痉解毒汤,PRE,Zhenjingjiedu Tang,Zhenjingjiedu Tang,False
PRE_03379,防己地黄汤,PRE,Fangjidihuang Tang,Fangjidihuang Tang,False
PRE_03380,阴二阳四丹,PRE,Yineryangsidan,Yineryangsidan,False
PRE_03381,阴达脑络经验方,PRE,Yindanaoluojingyanfang,Yindanaoluojingyanfang,False
PRE_03382,阿茄丸,PRE,Ajia Wan,Ajia Wan,False
PRE_03383,阿魏化坚膏,PRE,Aweihuajian Gao,Aweihuajian Gao,False
PRE_03384,除肺经痰饮,PRE,Chufeijingtan Yin,Chufeijingtan Yin,False
PRE_03385,雪羹汤,PRE,Xuegeng Tang,Xuegeng Tang,False
PRE_03386,青蒿素合清瘴汤,PRE,Qinghaosuheqingzhang Tang,Qinghaosuheqingzhang Tang,False
PRE_03387,青蒿鳖甲汤,PRE,Qinghaobiejia Tang,Qinghaobiejia Tang,False
PRE_03388,顺经汤,PRE,Shunjing Tang,Shunjing Tang,False
PRE_03389,风寒蛾方,PRE,Fenghanefang,Fenghanefang,False
PRE_03390,香砂六君子丸,PRE,Xiangshaliujunzi Wan,Xiangshaliujunzi Wan,False
PRE_03391,香砂理中汤,PRE,Xiangshalizhong Tang,Xiangshalizhong Tang,False
PRE_03392,香苏散,PRE,Xiangsu San,Xiangsu San,False
PRE_03393,香贝养荣汤,PRE,Xiangbeiyangrong Tang,Xiangbeiyangrong Tang,False
PRE_03394,香连丸,PRE,Xianglian Wan,Xianglian Wan,False
PRE_03395,驱虫粉经验方,PRE,Quchongfenjingyanfang,Quchongfenjingyanfang,False
PRE_03396,驱风上清散,PRE,Qufengshangqing San,Qufengshangqing San,False
PRE_03397,驻景丸,PRE,Zhujing Wan,Zhujing Wan,False
PRE_03398,高锰酸钾溶液,PRE,Gaomengsuanjiarongye,Gaomengsuanjiarongye,False
PRE_03399,高锰酸钾溶液硼酸溶液,PRE,Gaomengsuanjiarongyepengsuanrongye,Gaomengsuanjiarongyepengsuanrongye,False
PRE_03400,鳖甲煎丸,PRE,Biejiajian Wan,Biejiajian Wan,False
PRE_03401,麦饯散,PRE,Maijian San,Maijian San,False
PRE_03402,麻连小豆汤,PRE,Malianxiaodou Tang,Malianxiaodou Tang,False
PRE_03403,黄芪建中汤,PRE,Huangqijianzhong Tang,Huangqijianzhong Tang,False
PRE_03404,黄连阿胶汤,PRE,Huanglianejiao Tang,Huanglianejiao Tang,False
PRE_03405,黄金散,PRE,Huangjin San,Huangjin San,False
PRE_03406,黄龙舒喘汤,PRE,Huanglongshuchuan Tang,Huanglongshuchuan Tang,False
SYM_03407,发热,SYM,Fare,Fever,True
SYM_03408,舌红,SYM,Shehong,Red tongue,True
SYM_03409,头痛,SYM,Toutong,Headache,True
SYM_03410,口渴,SYM,Kouke,Thirst,True
SYM_03411,腹痛,SYM,Futong,Abdominal pain,True
SYM_03412,舌质红,SYM,Shezhihong,Red tongue body,True
SYM_03413,舌淡,SYM,Shedan,Pale tongue,True
SYM_03414,苔白,SYM,Taibai,White tongue coating,True
SYM_03415,苔薄白,SYM,Taibaobai,Thin white coating,True
SYM_03416,苔黄,SYM,Taihuang,Yellow tongue coating,True
SYM_03417,乏力,SYM,Fali,Fali,False
SYM_03418,心烦,SYM,Xinfan,Xinfan,False
SYM_03419,烦躁,SYM,Fanzao,Fanzao,False
SYM_03420,口干,SYM,Kougan,Kougan,False
SYM_03421,咳嗽,SYM,Kesou,Cough,True
SYM_03422,疼痛,SYM,Tengtong,Tengtong,False
SYM_03423,神疲,SYM,Shenpi,Shenpi,False
SYM_03424,恶寒,SYM,Ehan,Ehan,False
SYM_03425,头晕,SYM,Touyun,Touyun,False
SYM_03426,胸闷,SYM,Xiongmen,Chest oppression,True
SYM_03427,心悸,SYM,Xinji,Xinji,False
SYM_03428,舌质淡,SYM,Shezhidan,Shezhidan,False
SYM_03429,腹胀,SYM,Fuzhang,Abdominal distension,True
SYM_03430,耳鸣,SYM,Erming,Erming,False
SYM_03431,自汗,SYM,Zihan,Zihan,False
SYM_03432,肢冷,SYM,Zhileng,Cold limbs,True
SYM_03433,腰膝酸软,SYM,Yaoxisuanruan,Yaoxisuanruan,False
SYM_03434,身热,SYM,Shenre,Shenre,False
SYM_03435,寒热,SYM,Hanre,Hanre,False
SYM_03436,便秘,SYM,Bianmi,Bianmi,False
SYM_03437,失眠,SYM,Shimian,Shimian,False
SYM_03438,盗汗,SYM,Daohan,Night sweating,True
SYM_03439,苔薄,SYM,Taibao,Taibao,False
SYM_03440,气短,SYM,Qiduan,Qiduan,False
SYM_03441,咽干,SYM,Yangan,Yangan,False
SYM_03442,口苦,SYM,Kouku,Kouku,False
SYM_03443,呕吐,SYM,Outu,Outu,False
SYM_03444,大便秘结,SYM,Dabianmijie,Constipation,True
SYM_03445,汗出,SYM,Hanchu,Hanchu,False
SYM_03446,泄泻,SYM,Xiexie,Xiexie,False
SYM_03447,面赤,SYM,Mianchi,Mianchi,False
SYM_03448,食少,SYM,Shishao,Shishao,False
SYM_03449,便溏,SYM,Biantang,Loose stool,True
SYM_03450,易怒,SYM,Yinu,Yinu,False
SYM_03451,少苔,SYM,Shaotai,Shaotai,False
SYM_03452,苔少,SYM,Taishao,Taishao,False
SYM_03453,瘀斑,SYM,Yuban,Yuban,False
SYM_03454,纳呆,SYM,Nadai,Nadai,False
SYM_03455,舌淡红,SYM,Shedanhong,Shedanhong,False
SYM_03456,鼻塞,SYM,Bise,Bise,False
SYM_03457,腻,SYM,Ni,Ni,False
SYM_03458,恶心呕吐,SYM,Exinoutu,Nausea and vomiting,True
SYM_03459,畏寒,SYM,Weihan,Weihan,False
SYM_03460,面色苍白,SYM,Miansecangbai,Miansecangbai,False
SYM_03461,懒言,SYM,Lanyan,Lanyan,False
SYM_03462,抽搐,SYM,Chouchu,Chouchu,False
SYM_03463,苔黄腻,SYM,Taihuangni,Taihuangni,False
SYM_03464,小便短赤,SYM,Xiaobianduanchi,Xiaobianduanchi,False
SYM_03465,手足心热,SYM,Shouzuxinre,Shouzuxinre,False
SYM_03466,面色萎黄,SYM,Mianseweihuang,Mianseweihuang,False
SYM_03467,痰多,SYM,Tanduo,Tanduo,False
SYM_03468,咳,SYM,Ke,Ke,False
SYM_03469,潮热,SYM,Chaore,Chaore,False
SYM_03470,小便不利,SYM,Xiaobianbuli,Xiaobianbuli,False
SYM_03471,无力,SYM,Wuli,Wuli,False
SYM_03472,颧红,SYM,Quanhong,Quanhong,False
SYM_03473,少津,SYM,Shaojin,Shaojin,False
SYM_03474,腰酸,SYM,Yaosuan,Yaosuan,False
SYM_03475,面色白,SYM,Miansebai,Miansebai,False
SYM_03476,口臭,SYM,Kouchou,Kouchou,False
SYM_03477,大便干结,SYM,Dabianganjie,Dabianganjie,False
SYM_03478,恶风,SYM,Efeng,Efeng,False
SYM_03479,瘀点,SYM,Yudian,Yudian,False
SYM_03480,苔腻,SYM,Taini,Taini,False
SYM_03481,嗳气,SYM,Aiqi,Aiqi,False
SYM_03482,小便黄赤,SYM,Xiaobianhuangchi,Xiaobianhuangchi,False
SYM_03483,无汗,SYM,Wuhan,Wuhan,False
SYM_03484,舌苔黄,SYM,Shetaihuang,Shetaihuang,False
SYM_03485,闭经,SYM,Bijing,Bijing,False
SYM_03486,呕恶,SYM,Oue,Oue,False
SYM_03487,面白,SYM,Mianbai,Mianbai,False
SYM_03488,便干,SYM,Biangan,Biangan,False
SYM_03489,壮热,SYM,Zhuangre,Zhuangre,False
SYM_03490,肠鸣,SYM,Changming,Changming,False
SYM_03491,身痛,SYM,Shentong,Shentong,False
SYM_03492,尿少,SYM,Niaoshao,Niaoshao,False
SYM_03493,烦躁不安,SYM,Fanzaobuan,Fanzaobuan,False
SYM_03494,吐,SYM,Tu,Tu,False
SYM_03495,咽痛,SYM,Yantong,Yantong,False
SYM_03496,大便溏薄,SYM,Dabiantangbao,Dabiantangbao,False
SYM_03497,面色少华,SYM,Mianseshaohua,Mianseshaohua,False
SYM_03498,高热,SYM,Gaore,Gaore,False
SYM_03499,形体消瘦,SYM,Xingtixiaoshou,Xingtixiaoshou,False
SYM_03500,眩,SYM,Xuan,Xuan,False
SYM_03501,口疮,SYM,Kouchuang,Kouchuang,False
SYM_03502,气促,SYM,Qicu,Qicu,False
SYM_03503,渴,SYM,Ke,Ke,False
SYM_03504,烦渴,SYM,Fanke,Fanke,False
SYM_03505,烦热,SYM,Fanre,Fanre,False
SYM_03506,眩晕,SYM,Xuanyun,Xuanyun,False
SYM_03507,苔薄黄,SYM,Taibaohuang,Taibaohuang,False
SYM_03508,多梦,SYM,Duomeng,Duomeng,False
SYM_03509,舌质紫暗,SYM,Shezhizian,Shezhizian,False
SYM_03510,五心烦热,SYM,Wuxinfanre,Wuxinfanre,False
SYM_03511,血虚,SYM,Xuexu,Xuexu,False
SYM_03512,倦怠,SYM,Juandai,Juandai,False
SYM_03513,倦怠乏力,SYM,Juandaifali,Juandaifali,False
SYM_03514,口燥,SYM,Kouzao,Kouzao,False
SYM_03515,浮肿,SYM,Fuzhong,Fuzhong,False
SYM_03516,脘腹胀满,SYM,Wanfuzhangman,Wanfuzhangman,False
SYM_03517,便血,SYM,Bianxie,Bianxie,False
SYM_03518,热,SYM,Re,Re,False
SYM_03519,多汗,SYM,Duohan,Duohan,False
SYM_03520,头晕耳鸣,SYM,Touyunerming,Touyunerming,False
SYM_03521,口干咽燥,SYM,Kouganyanzao,Kouganyanzao,False
SYM_03522,痰涎,SYM,Tanxian,Tanxian,False
SYM_03523,红肿,SYM,Hongzhong,Hongzhong,False
SYM_03524,脉细数,SYM,Maixishu,Fine rapid pulse,True
SYM_03525,舌质淡红,SYM,Shezhidanhong,Shezhidanhong,False
SYM_03526,黄,SYM,Huang,Huang,False
SYM_03527,口燥咽干,SYM,Kouzaoyangan,Kouzaoyangan,False
SYM_03528,呕,SYM,Ou,Ou,False
SYM_03529,四肢厥冷,SYM,Sizhijueleng,Sizhijueleng,False
SYM_03530,尿黄,SYM,Niaohuang,Niaohuang,False
SYM_03531,干咳,SYM,Ganke,Ganke,False
SYM_03532,恶心,SYM,Exin,Exin,False
SYM_03533,指纹紫滞,SYM,Zhiwenzizhi,Zhiwenzizhi,False
SYM_03534,水肿,SYM,Shuizhong,Shuizhong,False
SYM_03535,燥,SYM,Zao,Zao,False
SYM_03536,胁痛,SYM,Xietong,Xietong,False
SYM_03537,色淡,SYM,Sedan,Sedan,False
SYM_03538,面色无华,SYM,Miansewuhua,Miansewuhua,False
SYM_03539,健忘,SYM,Jianwang,Jianwang,False
SYM_03540,少寐,SYM,Shaomei,Shaomei,False
SYM_03541,灼热,SYM,Zhuore,Zhuore,False
SYM_03542,瘙痒,SYM,Saoyang,Saoyang,False
SYM_03543,脉弦滑,SYM,Maixianhua,Maixianhua,False
SYM_03544,小便清长,SYM,Xiaobianqingzhang,Xiaobianqingzhang,False
SYM_03545,小便短少,SYM,Xiaobianduanshao,Xiaobianduanshao,False
SYM_03546,小腹疼痛,SYM,Xiaofutengtong,Xiaofutengtong,False
SYM_03547,胀满,SYM,Zhangman,Zhangman,False
SYM_03548,舌白,SYM,Shebai,Shebai,False
SYM_03549,舌苔薄白,SYM,Shetaibaobai,Shetaibaobai,False
SYM_03550,苔白腻,SYM,Taibaini,Taibaini,False
SYM_03551,面色晦暗,SYM,Miansehuian,Miansehuian,False
SYM_03552,刺痛,SYM,Citong,Citong,False
SYM_03553,四肢不温,SYM,Sizhibuwen,Sizhibuwen,False
SYM_03554,脘闷,SYM,Wanmen,Wanmen,False
SYM_03555,苔白滑,SYM,Taibaihua,Taibaihua,False
SYM_03556,有汗,SYM,Youhan,Sweating,True
SYM_03557,汗多,SYM,Handuo,Handuo,False
SYM_03558,泄,SYM,Xie,Xie,False
SYM_03559,红,SYM,Hong,Hong,False
SYM_03560,耳聋,SYM,Erlong,Erlong,False
SYM_03561,脉数,SYM,Maishu,Rapid pulse,True
SYM_03562,腹满,SYM,Fuman,Fuman,False
SYM_03563,月经不调,SYM,Yuejingbudiao,Yuejingbudiao,False
SYM_03564,瘀血,SYM,Yuxue,Yuxue,False
SYM_03565,神倦,SYM,Shenjuan,Shenjuan,False
SYM_03566,面黄,SYM,Mianhuang,Mianhuang,False
SYM_03567,目眩,SYM,Muxuan,Muxuan,False
SYM_03568,肢体麻木,SYM,Zhitimamu,Zhitimamu,False
SYM_03569,舌质暗红,SYM,Shezhianhong,Shezhianhong,False
SYM_03570,食欲不振,SYM,Shiyubuzhen,Shiyubuzhen,False
SYM_03571,吐血,SYM,Tuxie,Tuxie,False
SYM_03572,气喘,SYM,Qichuan,Qichuan,False
SYM_03573,神昏谵语,SYM,Shenhunzhanyu,Shenhunzhanyu,False
SYM_03574,脉洪,SYM,Maihong,Maihong,False
SYM_03575,舌尖红,SYM,Shejianhong,Shejianhong,False
SYM_03576,血尿,SYM,Xueniao,Xueniao,False
SYM_03577,鼻衄,SYM,Binv,Binv,False
SYM_03578,不思饮食,SYM,Busiyinshi,Busiyinshi,False
SYM_03579,大便燥结,SYM,Dabianzaojie,Dabianzaojie,False
SYM_03580,怕冷,SYM,Paleng,Paleng,False
SYM_03581,溃疡,SYM,Kuiyang,Kuiyang,False
SYM_03582,皮肤瘙痒,SYM,Pifusaoyang,Pifusaoyang,False
SYM_03583,舌苔厚腻,SYM,Shetaihouni,Shetaihouni,False
SYM_03584,面浮,SYM,Mianfu,Mianfu,False
SYM_03585,食少纳呆,SYM,Shishaonadai,Shishaonadai,False
SYM_03586,黄腻,SYM,Huangni,Huangni,False
SYM_03587,便结,SYM,Bianjie,Bianjie,False
SYM_03588,四肢抽搐,SYM,Sizhichouchu,Sizhichouchu,False
SYM_03589,大便稀溏,SYM,Dabianxitang,Dabianxitang,False
SYM_03590,少气懒言,SYM,Shaoqilanyan,Shaoqilanyan,False
SYM_03591,眼花,SYM,Yanhua,Yanhua,False
SYM_03592,精神萎靡,SYM,Jingshenweimi,Jingshenweimi,False
SYM_03593,胸满,SYM,Xiongman,Xiongman,False
SYM_03594,舌质暗,SYM,Shezhian,Shezhian,False
SYM_03595,不宁,SYM,Buning,Buning,False
SYM_03596,不寐,SYM,Bumei,Bumei,False
SYM_03597,乳房胀痛,SYM,Rufangzhangtong,Rufangzhangtong,False
SYM_03598,口苦咽干,SYM,Koukuyangan,Koukuyangan,False
SYM_03599,气急,SYM,Qiji,Qiji,False
SYM_03600,白,SYM,Bai,Bai,False
SYM_03601,胀痛,SYM,Zhangtong,Zhangtong,False
SYM_03602,腰痛,SYM,Yaotong,Yaotong,False
SYM_03603,腰酸腿软,SYM,Yaosuantuiruan,Yaosuantuiruan,False
SYM_03604,舌紫暗,SYM,Shezian,Shezian,False
SYM_03605,遗尿,SYM,Yiniao,Yiniao,False
SYM_03606,低热,SYM,Dire,Dire,False
SYM_03607,呼吸困难,SYM,Huxikunnan,Huxikunnan,False
SYM_03608,小便黄,SYM,Xiaobianhuang,Xiaobianhuang,False
SYM_03609,指纹紫,SYM,Zhiwenzi,Zhiwenzi,False
SYM_03610,瘿,SYM,Ying,Ying,False
SYM_03611,肢倦,SYM,Zhijuan,Zhijuan,False
SYM_03612,舌苔白,SYM,Shetaibai,Shetaibai,False
SYM_03613,谵语,SYM,Zhanyu,Zhanyu,False
SYM_03614,高热不退,SYM,Gaorebutui,Gaorebutui,False
SYM_03615,吞咽困难,SYM,Tunyankunnan,Tunyankunnan,False
SYM_03616,小便频数,SYM,Xiaobianpinshuo,Xiaobianpinshuo,False
SYM_03617,干呕,SYM,Ganou,Ganou,False
SYM_03618,结节,SYM,Jiejie,Jiejie,False
SYM_03619,胁胀,SYM,Xiezhang,Xiezhang,False
SYM_03620,胸胁胀满,SYM,Xiongxiezhangman,Xiongxiezhangman,False
SYM_03621,腹泻,SYM,Fuxie,Fuxie,False
SYM_03622,舌淡胖,SYM,Shedanpang,Shedanpang,False
SYM_03623,舌苔,SYM,Shetai,Shetai,False
SYM_03624,不思乳食,SYM,Busirushi,Busirushi,False
SYM_03625,体倦,SYM,Tijuan,Tijuan,False
SYM_03626,喘促,SYM,Chuancu,Chuancu,False
SYM_03627,夜尿频多,SYM,Yeniaopinduo,Yeniaopinduo,False
SYM_03628,昏迷,SYM,Hunmi,Hunmi,False
SYM_03629,春温,SYM,Chunwen,Chunwen,False
SYM_03630,水疱,SYM,Shuipao,Shuipao,False
SYM_03631,泻后痛减,SYM,Xiehoutongjian,Xiehoutongjian,False
SYM_03632,流涕,SYM,Liuti,Liuti,False
SYM_03633,滑,SYM,Hua,Hua,False
SYM_03634,紫暗,SYM,Zian,Zian,False
SYM_03635,腹胀满,SYM,Fuzhangman,Fuzhangman,False
SYM_03636,舌红苔黄,SYM,Shehongtaihuang,Shehongtaihuang,False
SYM_03637,舌苔白腻,SYM,Shetaibaini,Shetaibaini,False
SYM_03638,舌苔黄腻,SYM,Shetaihuangni,Shetaihuangni,False
SYM_03639,舌质红绛,SYM,Shezhihongjiang,Shezhihongjiang,False
SYM_03640,色红,SYM,Sehong,Sehong,False
SYM_03641,色鲜红,SYM,Sexianhong,Sexianhong,False
SYM_03642,视物昏朦,SYM,Shiwuhunmeng,Shiwuhunmeng,False
SYM_03643,边有齿痕,SYM,Bianyouchihen,Bianyouchihen,False
SYM_03644,遗精,SYM,Yijing,Yijing,False
SYM_03645,饮食减少,SYM,Yinshijianshao,Yinshijianshao,False
SYM_03646,两目干涩,SYM,Liangmuganse,Liangmuganse,False
SYM_03647,口舌生疮,SYM,Kousheshengchuang,Kousheshengchuang,False
SYM_03648,喘嗽,SYM,Chuansou,Chuansou,False
SYM_03649,喘急,SYM,Chuanji,Chuanji,False
SYM_03650,喷嚏,SYM,Penti,Penti,False
SYM_03651,嗜睡,SYM,Shishui,Shishui,False
SYM_03652,大便不爽,SYM,Dabianbushuang,Dabianbushuang,False
SYM_03653,大便不调,SYM,Dabianbudiao,Dabianbudiao,False
SYM_03654,头昏,SYM,Touhun,Touhun,False
SYM_03655,头晕眼花,SYM,Touyunyanhua,Touyunyanhua,False
SYM_03656,头眩,SYM,Touxuan,Touxuan,False
SYM_03657,头胀,SYM,Touzhang,Touzhang,False
SYM_03658,干,SYM,Gan,Gan,False
SYM_03659,恶食,SYM,Eshi,Eshi,False
SYM_03660,无苔,SYM,Wutai,Wutai,False
SYM_03661,暗红,SYM,Anhong,Anhong,False
SYM_03662,有瘀斑,SYM,Youyuban,Youyuban,False
SYM_03663,有齿痕,SYM,Youchihen,Youchihen,False
SYM_03664,气粗,SYM,Qicu,Qicu,False
SYM_03665,短气,SYM,Duanqi,Duanqi,False
SYM_03666,神昏,SYM,Shenhun,Shenhun,False
SYM_03667,紫癜,SYM,Zidian,Zidian,False
SYM_03668,结,SYM,Jie,Jie,False
SYM_03669,结代,SYM,Jiedai,Jiedai,False
SYM_03670,胸闷气短,SYM,Xiongmenqiduan,Xiongmenqiduan,False
SYM_03671,舌体胖大,SYM,Shetipangda,Shetipangda,False
SYM_03672,苔白润,SYM,Taibairun,Taibairun,False
SYM_03673,视物不清,SYM,Shiwubuqing,Shiwubuqing,False
SYM_03674,量多,SYM,Liangduo,Liangduo,False
SYM_03675,面红,SYM,Mianhong,Mianhong,False
SYM_03676,全身浮肿,SYM,Quanshenfuzhong,Quanshenfuzhong,False
SYM_03677,夜寐不安,SYM,Yemeibuan,Yemeibuan,False
SYM_03678,少痰,SYM,Shaotan,Shaotan,False
SYM_03679,尿血,SYM,Niaoxie,Niaoxie,False
SYM_03680,干燥,SYM,Ganzao,Ganzao,False
SYM_03681,形体肥胖,SYM,Xingtifeipang,Xingtifeipang,False
SYM_03682,有痰,SYM,Youtan,Youtan,False
SYM_03683,欲不振,SYM,Yubuzhen,Yubuzhen,False
SYM_03684,流泪,SYM,Liulei,Liulei,False
SYM_03685,牙关紧闭,SYM,Yaguanjinbi,Yaguanjinbi,False
SYM_03686,畏光,SYM,Weiguang,Weiguang,False
SYM_03687,皮肤紫斑,SYM,Pifuziban,Pifuziban,False
SYM_03688,精神不振,SYM,Jingshenbuzhen,Jingshenbuzhen,False
SYM_03689,糜烂,SYM,Milan,Milan,False
SYM_03690,纳差,SYM,Nacha,Nacha,False
SYM_03691,肌肤甲错,SYM,Jifujiacuo,Jifujiacuo,False
SYM_03692,胸痛,SYM,Xiongtong,Xiongtong,False
SYM_03693,脾虚,SYM,Pixu,Pixu,False
SYM_03694,薄黄,SYM,Baohuang,Baohuang,False
SYM_03695,血色鲜红,SYM,Xuesexianhong,Xuesexianhong,False
SYM_03696,阴道流血,SYM,Yindaoliuxie,Yindaoliuxie,False
SYM_03697,不省人事,SYM,Buxingrenshi,Buxingrenshi,False
SYM_03698,不能平卧,SYM,Bunengpingwo,Bunengpingwo,False
SYM_03699,丘疹,SYM,Qiuzhen,Qiuzhen,False
SYM_03700,吐泻,SYM,Tuxie,Tuxie,False
SYM_03701,咯痰,SYM,Getan,Getan,False
SYM_03702,唇干,SYM,Chungan,Chungan,False
SYM_03703,唇红,SYM,Chunhong,Chunhong,False
SYM_03704,大便稀薄,SYM,Dabianxibo,Dabianxibo,False
SYM_03705,小腹坠胀,SYM,Xiaofuzhuizhang,Xiaofuzhuizhang,False
SYM_03706,尿频,SYM,Niaopin,Niaopin,False
SYM_03707,恶热,SYM,Ere,Ere,False
SYM_03708,感风,SYM,Ganfeng,Ganfeng,False
SYM_03709,指纹淡,SYM,Zhiwendan,Zhiwendan,False
SYM_03710,月经量少,SYM,Yuejingliangshao,Yuejingliangshao,False
SYM_03711,泻,SYM,Xie,Xie,False
SYM_03712,溃烂,SYM,Kuilan,Kuilan,False
SYM_03713,白腻,SYM,Baini,Baini,False
SYM_03714,皮色不变,SYM,Pisebubian,Pisebubian,False
SYM_03715,纳少,SYM,Nashao,Nashao,False
SYM_03716,背痛,SYM,Beitong,Beitong,False
SYM_03717,脉弦,SYM,Maixian,Wiry pulse,True
SYM_03718,脓耳,SYM,Nonger,Nonger,False
SYM_03719,视物模糊,SYM,Shiwumohu,Shiwumohu,False
SYM_03720,身黄,SYM,Shenhuang,Shenhuang,False
SYM_03721,酸痛,SYM,Suantong,Suantong,False
SYM_03722,量少,SYM,Liangshao,Liangshao,False
SYM_03723,阳痿,SYM,Yangwei,Yangwei,False
SYM_03724,面红目赤,SYM,Mianhongmuchi,Mianhongmuchi,False
SYM_03725,鲜红,SYM,Xianhong,Xianhong,False
SYM_03726,不渴,SYM,Buke,Buke,False
SYM_03727,关节痛,SYM,Guanjietong,Guanjietong,False
SYM_03728,半身不遂,SYM,Banshenbusui,Banshenbusui,False
SYM_03729,厌食,SYM,Yanshi,Yanshi,False
SYM_03730,双眼突出,SYM,Shuangyantuchu,Shuangyantuchu,False
SYM_03731,咽喉肿痛,SYM,Yanhouzhongtong,Yanhouzhongtong,False
SYM_03732,喘咳,SYM,Chuanke,Chuanke,False
SYM_03733,大便不实,SYM,Dabianbushi,Dabianbushi,False
SYM_03734,完谷不化,SYM,Wangubuhua,Wangubuhua,False
SYM_03735,小便短黄,SYM,Xiaobianduanhuang,Xiaobianduanhuang,False
SYM_03736,形寒,SYM,Xinghan,Xinghan,False
SYM_03737,有血块,SYM,Youxuekuai,Youxuekuai,False
SYM_03738,泛恶,SYM,Fane,Fane,False
SYM_03739,消瘦,SYM,Xiaoshou,Xiaoshou,False
SYM_03740,痰中带血,SYM,Tanzhongdaixue,Tanzhongdaixue,False
SYM_03741,皮肤干燥,SYM,Pifuganzao,Pifuganzao,False
SYM_03742,经量少,SYM,Jingliangshao,Jingliangshao,False
SYM_03743,肢体困重,SYM,Zhitikunzhong,Zhitikunzhong,False
SYM_03744,肿痛,SYM,Zhongtong,Zhongtong,False
SYM_03745,舌干,SYM,Shegan,Shegan,False
SYM_03746,舌暗,SYM,Shean,Shean,False
SYM_03747,舌质偏红,SYM,Shezhipianhong,Shezhipianhong,False
SYM_03748,舌赤,SYM,Shechi,Shechi,False
SYM_03749,色白,SYM,Sebai,Sebai,False
SYM_03750,面色黧黑,SYM,Mianselihei,Mianselihei,False
SYM_03751,不欲饮,SYM,Buyu Yin,Buyu Yin,False
SYM_03752,不舒,SYM,Bushu,Bushu,False
SYM_03753,口淡不渴,SYM,Koudanbuke,Koudanbuke,False
SYM_03754,咯吐脓血,SYM,Getunongxue,Getunongxue,False
SYM_03755,小腹空坠,SYM,Xiaofukongzhui,Xiaofukongzhui,False
SYM_03756,尿浊,SYM,Niaozhuo,Niaozhuo,False
SYM_03757,急躁,SYM,Jizao,Jizao,False
SYM_03758,恶风寒,SYM,Efenghan,Efenghan,False
SYM_03759,月经停闭,SYM,Yuejingtingbi,Yuejingtingbi,False
SYM_03760,清稀,SYM,Qingxi,Qingxi,False
SYM_03761,溏,SYM,Tang,Tang,False
SYM_03762,灼热疼痛,SYM,Zhuoretengtong,Zhuoretengtong,False
SYM_03763,牙关紧急,SYM,Yaguanjinji,Yaguanjinji,False
SYM_03764,耳痛,SYM,Ertong,Ertong,False
SYM_03765,肢体浮肿,SYM,Zhitifuzhong,Zhitifuzhong,False
SYM_03766,肢厥,SYM,Zhijue,Zhijue,False
SYM_03767,肢软,SYM,Zhiruan,Zhiruan,False
SYM_03768,胸胁胀痛,SYM,Xiongxiezhangtong,Xiongxiezhangtong,False
SYM_03769,胸胁胀闷,SYM,Xiongxiezhangmen,Xiongxiezhangmen,False
SYM_03770,脉微,SYM,Maiwei,Maiwei,False
SYM_03771,色黄,SYM,Sehuang,Sehuang,False
SYM_03772,苔黄燥,SYM,Taihuangzao,Taihuangzao,False
SYM_03773,身重,SYM,Shenzhong,Shenzhong,False
SYM_03774,酸臭,SYM,Suanchou,Suanchou,False
SYM_03775,面肿,SYM,Mianzhong,Mianzhong,False
SYM_03776,面色淡黄,SYM,Miansedanhuang,Miansedanhuang,False
SYM_03777,鼻流清涕,SYM,Biliuqingti,Biliuqingti,False
SYM_03778,鼻痒,SYM,Biyang,Biyang,False
SYM_03779,久咳,SYM,Jiuke,Jiuke,False
SYM_03780,作渴,SYM,Zuoke,Zuoke,False
SYM_03781,便脓血,SYM,Biannongxue,Biannongxue,False
SYM_03782,冷痛,SYM,Lengtong,Lengtong,False
SYM_03783,厚腻,SYM,Houni,Houni,False
SYM_03784,吞咽不利,SYM,Tunyanbuli,Tunyanbuli,False
SYM_03785,呼吸急促,SYM,Huxijicu,Huxijicu,False
SYM_03786,唇黑,SYM,Chunhei,Chunhei,False
SYM_03787,啼哭,SYM,Tiku,Tiku,False
SYM_03788,四肢欠温,SYM,Sizhiqianwen,Sizhiqianwen,False
SYM_03789,四肢沉重,SYM,Sizhichenzhong,Sizhichenzhong,False
SYM_03790,困倦,SYM,Kunjuan,Kunjuan,False
SYM_03791,坚硬,SYM,Jianying,Jianying,False
SYM_03792,声低,SYM,Shengdi,Shengdi,False
SYM_03793,头疼,SYM,Touteng,Touteng,False
SYM_03794,小便浑浊,SYM,Xiaobianhunzhuo,Xiaobianhunzhuo,False
SYM_03795,尿痛,SYM,Niaotong,Niaotong,False
SYM_03796,尿赤,SYM,Niaochi,Niaochi,False
SYM_03797,怔忡,SYM,Zhengchong,Zhengchong,False
SYM_03798,手足寒,SYM,Shouzuhan,Shouzuhan,False
SYM_03799,无痰,SYM,Wutan,Wutan,False
SYM_03800,昏不知人,SYM,Hunbuzhiren,Hunbuzhiren,False
SYM_03801,易惊,SYM,Yijing,Yijing,False
SYM_03802,湿疮,SYM,Shichuang,Shichuang,False
SYM_03803,烦闷,SYM,Fanmen,Fanmen,False
SYM_03804,牙龈出血,SYM,Yayinchuxie,Yayinchuxie,False
SYM_03805,狂,SYM,Kuang,Kuang,False
SYM_03806,畏光流泪,SYM,Weiguangliulei,Weiguangliulei,False
SYM_03807,痰浊,SYM,Tanzhuo,Tanzhuo,False
SYM_03808,硬,SYM,Ying,Ying,False
SYM_03809,神疲乏力,SYM,Shenpifali,Shenpifali,False
SYM_03810,肿胀,SYM,Zhongzhang,Zhongzhang,False
SYM_03811,背,SYM,Bei,Bei,False
SYM_03812,脉沉细,SYM,Maichenxi,Deep fine pulse,True
SYM_03813,脉细,SYM,Maixi,Fine pulse,True
SYM_03814,腹部胀满,SYM,Fubuzhangman,Fubuzhangman,False
SYM_03815,臭秽,SYM,Chouhui,Chouhui,False
SYM_03816,舌红绛,SYM,Shehongjiang,Shehongjiang,False
SYM_03817,苔薄腻,SYM,Taibaoni,Taibaoni,False
SYM_03818,虚烦,SYM,Xufan,Xufan,False
SYM_03819,足肿,SYM,Zuzhong,Zuzhong,False
SYM_03820,身皮甲错,SYM,Shenpijiacuo,Shenpijiacuo,False
SYM_03821,颌下淋巴结肿大压痛,SYM,Hexialinbajiezhongdayatong,Hexialinbajiezhongdayatong,False
SYM_03822,饮食不节,SYM,Yinshibujie,Yinshibujie,False
SYM_03823,便赤,SYM,Bianchi,Bianchi,False
SYM_03824,关节肌肉疼痛,SYM,Guanjiejiroutengtong,Guanjiejiroutengtong,False
SYM_03825,关节肿痛,SYM,Guanjiezhongtong,Guanjiezhongtong,False
SYM_03826,厌恶进食,SYM,Yanwujinshi,Yanwujinshi,False
SYM_03827,口不渴,SYM,Koubuke,Koubuke,False
SYM_03828,口吐涎沫,SYM,Koutuxianmo,Koutuxianmo,False
SYM_03829,口眼歪斜,SYM,Kouyanwaixie,Kouyanwaixie,False
SYM_03830,吐涎沫,SYM,Tuxianmo,Tuxianmo,False
SYM_03831,咳声重浊,SYM,Keshengzhongzhuo,Keshengzhongzhuo,False
SYM_03832,哭闹,SYM,Kunao,Kunao,False
SYM_03833,喜冷,SYM,Xileng,Xileng,False
SYM_03834,嗳腐吞酸,SYM,Aifutunsuan,Aifutunsuan,False
SYM_03835,四肢倦怠,SYM,Sizhijuandai,Sizhijuandai,False
SYM_03836,圆翳内障,SYM,Yuanyineizhang,Yuanyineizhang,False
SYM_03837,大便干,SYM,Dabiangan,Dabiangan,False
SYM_03838,大便酸臭,SYM,Dabiansuanchou,Dabiansuanchou,False
SYM_03839,大枣,SYM,Dazao,Dazao,False
SYM_03840,头重,SYM,Touzhong,Touzhong,False
SYM_03841,少腹胀痛,SYM,Shaofuzhangtong,Shaofuzhangtong,False
SYM_03842,微肿,SYM,Weizhong,Weizhong,False
SYM_03843,恶露不绝,SYM,Elubujue,Elubujue,False
SYM_03844,手足厥冷,SYM,Shouzujueleng,Cold reversal of extremities,True
SYM_03845,指纹淡红,SYM,Zhiwendanhong,Zhiwendanhong,False
SYM_03846,搐搦颤动,SYM,Chunuochandong,Chunuochandong,False
SYM_03847,时作时止,SYM,Shizuoshizhi,Shizuoshizhi,False
SYM_03848,流涎,SYM,Liuxian,Liuxian,False
SYM_03849,淡,SYM,Dan,Dan,False
SYM_03850,疼痛拒按,SYM,Tengtongjuan,Tengtongjuan,False
SYM_03851,眼睑浮肿,SYM,Yanjianfuzhong,Yanjianfuzhong,False
SYM_03852,窜视反张,SYM,Cuanshifanzhang,Cuanshifanzhang,False
SYM_03853,精神抑郁,SYM,Jingshenyiyu,Jingshenyiyu,False
SYM_03854,紫红,SYM,Zihong,Zihong,False
SYM_03855,胁肋胀痛,SYM,Xielezhangtong,Xielezhangtong,False
SYM_03856,胸胁疼痛,SYM,Xiongxietengtong,Xiongxietengtong,False
SYM_03857,胸脘满闷,SYM,Xiongwanmanmen,Xiongwanmanmen,False
SYM_03858,腹中痛,SYM,Fuzhongtong,Fuzhongtong,False
SYM_03859,臭,SYM,Chou,Chou,False
SYM_03860,舌胖,SYM,Shepang,Shepang,False
SYM_03861,舌胖质暗,SYM,Shepangzhian,Shepangzhian,False
SYM_03862,舌质红苔黄,SYM,Shezhihongtaihuang,Shezhihongtaihuang,False
SYM_03863,舌黯红,SYM,Sheanhong,Sheanhong,False
SYM_03864,苔厚腻,SYM,Taihouni,Taihouni,False
SYM_03865,薄,SYM,Bao,Bao,False
SYM_03866,血色淡红,SYM,Xuesedanhong,Xuesedanhong,False
SYM_03867,衄血,SYM,Nvxue,Nvxue,False
SYM_03868,质稀,SYM,Zhixi,Zhixi,False
SYM_03869,质稠,SYM,Zhichou,Zhichou,False
SYM_03870,阴道出血,SYM,Yindaochuxie,Yindaochuxie,False
SYM_03871,隐痛,SYM,Yintong,Yintong,False
SYM_03872,食少便溏,SYM,Shishaobiantang,Shishaobiantang,False
SYM_03873,饮冷,SYM,Yinleng,Yinleng,False
SYM_03874,齿衄,SYM,Chinv,Chinv,False
SYM_03875,下肢浮肿,SYM,Xiazhifuzhong,Xiazhifuzhong,False
SYM_03876,不痛,SYM,Butong,Butong,False
SYM_03877,偏瘫,SYM,Piantan,Piantan,False
SYM_03878,口唇舌紫,SYM,Kouchunshezi,Kouchunshezi,False
SYM_03879,吐酸,SYM,Tusuan,Tusuan,False
SYM_03880,周身酸楚,SYM,Zhoushensuanchu,Zhoushensuanchu,False
SYM_03881,咽喉干,SYM,Yanhougan,Yanhougan,False
SYM_03882,咽痒,SYM,Yanyang,Yanyang,False
SYM_03883,唇白,SYM,Chunbai,Chunbai,False
SYM_03884,喉痛,SYM,Houtong,Houtong,False
SYM_03885,喜热,SYM,Xire,Xire,False
SYM_03886,嗳腐,SYM,Aifu,Aifu,False
SYM_03887,嗽,SYM,Sou,Sou,False
SYM_03888,嘶哑,SYM,Siya,Siya,False
SYM_03889,四肢困倦,SYM,Sizhikunjuan,Sizhikunjuan,False
SYM_03890,声音嘶哑,SYM,Shengyinsiya,Shengyinsiya,False
SYM_03891,夜啼,SYM,Yeti,Yeti,False
SYM_03892,大便闭,SYM,Dabianbi,Dabianbi,False
SYM_03893,寒热如疟,SYM,Hanrerunve,Hanrerunve,False
SYM_03894,小便不通,SYM,Xiaobianbutong,Xiaobianbutong,False
SYM_03895,尿急,SYM,Niaoji,Niaoji,False
SYM_03896,尿量少,SYM,Niaoliangshao,Niaoliangshao,False
SYM_03897,局部红肿,SYM,Jubuhongzhong,Jubuhongzhong,False
SYM_03898,微黄,SYM,Weihuang,Weihuang,False
SYM_03899,心慌,SYM,Xinhuang,Xinhuang,False
SYM_03900,性欲淡漠,SYM,Xingyudanmo,Xingyudanmo,False
SYM_03901,怯寒,SYM,Qiehan,Qiehan,False
SYM_03902,情志异常,SYM,Qingzhiyichang,Qingzhiyichang,False
SYM_03903,手足不温,SYM,Shouzubuwen,Shouzubuwen,False
SYM_03904,指纹紫红,SYM,Zhiwenzihong,Zhiwenzihong,False
SYM_03905,智力低下,SYM,Zhilidixia,Zhilidixia,False
SYM_03906,月经周期提前,SYM,Yuejingzhouqitiqian,Yuejingzhouqitiqian,False
SYM_03907,朝食暮吐,SYM,Chaoshimutu,Chaoshimutu,False
SYM_03908,毛发焦枯,SYM,Maofajiaoku,Maofajiaoku,False
SYM_03909,淋沥不已,SYM,Linlibuyi,Linlibuyi,False
SYM_03910,渴不欲饮,SYM,Kebuyu Yin,Kebuyu Yin,False
SYM_03911,灼痛,SYM,Zhuotong,Zhuotong,False
SYM_03912,狂躁不安,SYM,Kuangzaobuan,Kuangzaobuan,False
SYM_03913,痛引,SYM,Tongyin,Tongyin,False
SYM_03914,痞闷,SYM,Pimen,Pimen,False
SYM_03915,皮肤光亮,SYM,Pifuguangliang,Pifuguangliang,False
SYM_03916,目赤,SYM,Muchi,Muchi,False
SYM_03917,目黄,SYM,Muhuang,Muhuang,False
SYM_03918,眼干涩,SYM,Yanganse,Yanganse,False
SYM_03919,神志不清,SYM,Shenzhibuqing,Shenzhibuqing,False
SYM_03920,精神倦怠,SYM,Jingshenjuandai,Jingshenjuandai,False
SYM_03921,红斑丘疹,SYM,Hongbanqiuzhen,Erythematous papules,True
SYM_03922,红蝴蝶疮,SYM,Honghudiechuang,Honghudiechuang,False
SYM_03923,经久不愈,SYM,Jingjiubuyu,Jingjiubuyu,False
SYM_03924,经行不畅,SYM,Jingxingbuchang,Jingxingbuchang,False
SYM_03925,羞明,SYM,Xiuming,Xiuming,False
SYM_03926,肢体麻痛,SYM,Zhitimatong,Zhitimatong,False
SYM_03927,胞睑,SYM,Baojian,Baojian,False
SYM_03928,胸痞,SYM,Xiongpi,Xiongpi,False
SYM_03929,脉弦细,SYM,Maixianxi,Maixianxi,False
SYM_03930,脉濡,SYM,Mairu,Mairu,False
SYM_03931,脘痞,SYM,Wanpi,Wanpi,False
SYM_03932,膝软,SYM,Xiruan,Xiruan,False
SYM_03933,舌下络脉色紫怒张,SYM,Shexialuomaisezinuzhang,Shexialuomaisezinuzhang,False
SYM_03934,舌红少苔,SYM,Shehongshaotai,Shehongshaotai,False
SYM_03935,舌红苔薄,SYM,Shehongtaibao,Shehongtaibao,False
SYM_03936,舌黄,SYM,Shehuang,Shehuang,False
SYM_03937,角弓反张,SYM,Jiaogongfanzhang,Jiaogongfanzhang,False
SYM_03938,隆起,SYM,Longqi,Longqi,False
SYM_03939,颜面潮红,SYM,Yanmianchaohong,Yanmianchaohong,False
SYM_03940,食入即吐,SYM,Shirujitu,Shirujitu,False
SYM_03941,鼻出血,SYM,Bichuxie,Bichuxie,False
SYM_03942,鼻塞流涕,SYM,Biseliuti,Biseliuti,False
SYM_03943,不红,SYM,Buhong,Buhong,False
SYM_03944,两目上视,SYM,Liangmushangshi,Liangmushangshi,False
SYM_03945,乳房胀满,SYM,Rufangzhangman,Rufangzhangman,False
SYM_03946,倦怠嗜卧,SYM,Juandaishiwo,Juandaishiwo,False
SYM_03947,出血,SYM,Chuxie,Chuxie,False
SYM_03948,剧痛,SYM,Jutong,Jutong,False
SYM_03949,劳倦,SYM,Laojuan,Laojuan,False
SYM_03950,午后潮热,SYM,Wuhouchaore,Wuhouchaore,False
SYM_03951,厥逆,SYM,Jueni,Jueni,False
SYM_03952,反酸,SYM,Fansuan,Fansuan,False
SYM_03953,口干欲饮,SYM,Kouganyu Yin,Kouganyu Yin,False
SYM_03954,呼吸不利,SYM,Huxibuli,Huxibuli,False
SYM_03955,咳吐浊唾涎沫,SYM,Ketuzhuotuoxianmo,Ketuzhuotuoxianmo,False
SYM_03956,咽干而燥,SYM,Yanganerzao,Yanganerzao,False
SYM_03957,咽燥,SYM,Yanzao,Yanzao,False
SYM_03958,唇焦,SYM,Chunjiao,Chunjiao,False
SYM_03959,喉中哮鸣有声,SYM,Houzhongxiaomingyousheng,Houzhongxiaomingyousheng,False
SYM_03960,喜冷饮,SYM,Xileng Yin,Xileng Yin,False
SYM_03961,多食,SYM,Duoshi,Duoshi,False
SYM_03962,大便不畅,SYM,Dabianbuchang,Dabianbuchang,False
SYM_03963,大便秘涩,SYM,Dabianmise,Dabianmise,False
SYM_03964,婚久不孕,SYM,Hunjiubuyun,Hunjiubuyun,False
SYM_03965,寒战,SYM,Hanzhan,Hanzhan,False
SYM_03966,小腹疼痛拒按,SYM,Xiaofutengtongjuan,Xiaofutengtongjuan,False
SYM_03967,少食,SYM,Shaoshi,Shaoshi,False
SYM_03968,尿色淡红,SYM,Niaosedanhong,Niaosedanhong,False
SYM_03969,尿频尿急,SYM,Niaopinniaoji,Niaopinniaoji,False
SYM_03970,张口抬肩,SYM,Zhangkoutaijian,Zhangkoutaijian,False
SYM_03971,形体虚胖,SYM,Xingtixupang,Xingtixupang,False
SYM_03972,形寒气短,SYM,Xinghanqiduan,Xinghanqiduan,False
SYM_03973,微红,SYM,Weihong,Weihong,False
SYM_03974,心痛,SYM,Xintong,Xintong,False
SYM_03975,性早熟,SYM,Xingzaoshu,Xingzaoshu,False
SYM_03976,昏倒,SYM,Hundao,Hundao,False
SYM_03977,易饥,SYM,Yiji,Yiji,False
SYM_03978,月经先期,SYM,Yuejingxianqi,Yuejingxianqi,False
SYM_03979,月经过多,SYM,Yuejingguoduo,Yuejingguoduo,False
SYM_03980,月经过少,SYM,Yuejingguoshao,Yuejingguoshao,False
SYM_03981,梅毒,SYM,Meidu,Meidu,False
SYM_03982,溲赤,SYM,Souchi,Souchi,False
SYM_03983,溺黄,SYM,Nihuang,Nihuang,False
SYM_03984,牙宣,SYM,Yaxuan,Yaxuan,False
SYM_03985,猫眼疮,SYM,Maoyanchuang,Maoyanchuang,False
SYM_03986,生姜,SYM,Shengjiang,Shengjiang,False
SYM_03987,生脐上七寸,SYM,Shengqishangqicun,Shengqishangqicun,False
SYM_03988,畏风,SYM,Weifeng,Weifeng,False
SYM_03989,痛痒,SYM,Tongyang,Tongyang,False
SYM_03990,痰涎壅盛,SYM,Tanxianyongsheng,Tanxianyongsheng,False
SYM_03991,痰稀,SYM,Tanxi,Tanxi,False
SYM_03992,白睛红赤,SYM,Baijinghongchi,Baijinghongchi,False
SYM_03993,皮色如常,SYM,Piseruchang,Piseruchang,False
SYM_03994,皲裂,SYM,Junlie,Junlie,False
SYM_03995,眼球运动障碍,SYM,Yanqiuyundongzhangai,Yanqiuyundongzhangai,False
SYM_03996,眼胀涩,SYM,Yanzhangse,Yanzhangse,False
SYM_03997,神识不清,SYM,Shenshibuqing,Shenshibuqing,False
SYM_03998,秘结,SYM,Mijie,Mijie,False
SYM_03999,粗糙,SYM,Cucao,Cucao,False
SYM_04000,红斑,SYM,Hongban,Hongban,False
SYM_04001,经乱无期,SYM,Jingluanwuqi,Jingluanwuqi,False
SYM_04002,经期延长,SYM,Jingqiyanchang,Jingqiyanchang,False
SYM_04003,经闭,SYM,Jingbi,Jingbi,False
SYM_04004,肌肉萎缩,SYM,Jirouweisuo,Jirouweisuo,False
SYM_04005,肢肿,SYM,Zhizhong,Zhizhong,False
SYM_04006,胁肋隐痛,SYM,Xieleyintong,Xieleyintong,False
SYM_04007,胃脘隐痛,SYM,Weiwanyintong,Weiwanyintong,False
SYM_04008,胞睑红肿,SYM,Baojianhongzhong,Baojianhongzhong,False
SYM_04009,胸内中府穴隐隐疼痛,SYM,Xiongneizhongfuxueyinyintengtong,Xiongneizhongfuxueyinyintengtong,False
SYM_04010,胸膈,SYM,Xiongge,Xiongge,False
SYM_04011,脘腹痞胀,SYM,Wanfupizhang,Wanfupizhang,False
SYM_04012,脘腹胀闷,SYM,Wanfuzhangmen,Wanfuzhangmen,False
SYM_04013,腹大胀满,SYM,Fudazhangman,Fudazhangman,False
SYM_04014,自觉瘙痒,SYM,Zijuesaoyang,Zijuesaoyang,False
SYM_04015,舌淡苔白,SYM,Shedantaibai,Shedantaibai,False
SYM_04016,舌紫黯,SYM,Shezian,Shezian,False
SYM_04017,舌绛焦黑,SYM,Shejiangjiaohei,Shejiangjiaohei,False
SYM_04018,舌脉,SYM,Shemai,Shemai,False
SYM_04019,舌质暗淡,SYM,Shezhiandan,Shezhiandan,False
SYM_04020,舌质淡胖,SYM,Shezhidanpang,Shezhidanpang,False
SYM_04021,舌质红少苔,SYM,Shezhihongshaotai,Shezhihongshaotai,False
SYM_04022,苔滑,SYM,Taihua,Taihua,False
SYM_04023,苔黄厚,SYM,Taihuanghou,Taihuanghou,False
SYM_04024,血疱,SYM,Xuepao,Xuepao,False
SYM_04025,记忆力差,SYM,Jiyilicha,Jiyilicha,False
SYM_04026,身倦,SYM,Shenjuan,Shenjuan,False
SYM_04027,身冷,SYM,Shenleng,Shenleng,False
SYM_04028,身目发黄,SYM,Shenmufahuang,Shenmufahuang,False
SYM_04029,软,SYM,Ruan,Ruan,False
SYM_04030,里急,SYM,Liji,Liji,False
SYM_04031,阴疮,SYM,Yinchuang,Yinchuang,False
SYM_04032,面色痿黄,SYM,Mianseweihuang,Mianseweihuang,False
SYM_04033,面青,SYM,Mianqing,Mianqing,False
SYM_04034,风牵偏视,SYM,Fengqianpianshi,Fengqianpianshi,False
SYM_04035,黄水疮,SYM,Huangshuichuang,Huangshuichuang,False
SYM_04036,黑,SYM,Hei,Hei,False
SYM_04037,鼻中出血,SYM,Bizhongchuxie,Bizhongchuxie,False
SYM_04038,鼻干,SYM,Bigan,Bigan,False
SYM_04039,齿鼻衄血,SYM,Chibinvxue,Chibinvxue,False
SYM_04040,下肢肿,SYM,Xiazhizhong,Xiazhizhong,False
SYM_04041,不寒,SYM,Buhan,Buhan,False
SYM_04042,不恶寒,SYM,Buehan,Buehan,False
SYM_04043,不眠,SYM,Bumian,Bumian,False
SYM_04044,不能饮食,SYM,Bunengyinshi,Bunengyinshi,False
SYM_04045,不通,SYM,Butong,Butong,False
SYM_04046,两胁胀满,SYM,Liangxiezhangman,Liangxiezhangman,False
SYM_04047,乳头痒痛,SYM,Rutouyangtong,Rutouyangtong,False
SYM_04048,乳白,SYM,Rubai,Rubai,False
SYM_04049,余沥难尽,SYM,Yulinanjin,Yulinanjin,False
SYM_04050,便闭,SYM,Bianbi,Bianbi,False
SYM_04051,内热,SYM,Neire,Neire,False
SYM_04052,冒闷不识人,SYM,Maomenbushiren,Maomenbushiren,False
SYM_04053,利,SYM,Li,Li,False
SYM_04054,剥,SYM,Bo,Bo,False
SYM_04055,口噤背强,SYM,Koujinbeiqiang,Koujinbeiqiang,False
SYM_04056,口淡乏味,SYM,Koudanfawei,Koudanfawei,False
SYM_04057,口燥龈糜,SYM,Kouzaokenmi,Kouzaokenmi,False
SYM_04058,口黏,SYM,Kounian,Kounian,False
SYM_04059,吐清水,SYM,Tuqingshui,Tuqingshui,False
SYM_04060,吐痰,SYM,Tutan,Tutan,False
SYM_04061,吮乳多啼,SYM,Shunruduoti,Shunruduoti,False
SYM_04062,呆钝少言,SYM,Daidunshaoyan,Daidunshaoyan,False
SYM_04063,呕吐涎沫,SYM,Outuxianmo,Outuxianmo,False
SYM_04064,呕吐痰涎,SYM,Oututanxian,Oututanxian,False
SYM_04065,咯血,SYM,Kaxie,Kaxie,False
SYM_04066,咳声不扬,SYM,Keshengbuyang,Keshengbuyang,False
SYM_04067,咳痰,SYM,Ketan,Ketan,False
SYM_04068,唇甲色淡,SYM,Chunjiasedan,Chunjiasedan,False
SYM_04069,喉间痰鸣,SYM,Houjiantanming,Houjiantanming,False
SYM_04070,喘息,SYM,Chuanxi,Chuanxi,False
SYM_04071,四肢无力,SYM,Sizhiwuli,Sizhiwuli,False
SYM_04072,多痰,SYM,Duotan,Duotan,False
SYM_04073,夜卧不安,SYM,Yewobuan,Yewobuan,False
SYM_04074,大便偏干,SYM,Dabianpiangan,Dabianpiangan,False
SYM_04075,大便带血,SYM,Dabiandaixue,Dabiandaixue,False
SYM_04076,大便干稀不调,SYM,Dabianganxibudiao,Dabianganxibudiao,False
SYM_04077,大便清稀,SYM,Dabianqingxi,Dabianqingxi,False
SYM_04078,大便色黑,SYM,Dabiansehei,Dabiansehei,False
SYM_04079,失眠多梦,SYM,Shimianduomeng,Shimianduomeng,False
SYM_04080,头身困重,SYM,Toushenkunzhong,Toushenkunzhong,False
SYM_04081,头颅方大,SYM,Toulufangda,Toulufangda,False
SYM_04082,小便不畅,SYM,Xiaobianbuchang,Xiaobianbuchang,False
SYM_04083,小便少,SYM,Xiaobianshao,Xiaobianshao,False
SYM_04084,小便涩,SYM,Xiaobianse,Xiaobianse,False
SYM_04085,小便短,SYM,Xiaobianduan,Xiaobianduan,False
SYM_04086,小便自遗,SYM,Xiaobianziyi,Xiaobianziyi,False
SYM_04087,小便赤涩,SYM,Xiaobianchise,Xiaobianchise,False
SYM_04088,小便黄少,SYM,Xiaobianhuangshao,Xiaobianhuangshao,False
SYM_04089,少气,SYM,Shaoqi,Shaoqi,False
SYM_04090,少腹坠胀,SYM,Shaofuzhuizhang,Shaofuzhuizhang,False
SYM_04091,尿时阻塞不畅,SYM,Niaoshizusebuchang,Niaoshizusebuchang,False
SYM_04092,尿清,SYM,Niaoqing,Niaoqing,False
SYM_04093,尿频涩滞,SYM,Niaopinsezhi,Niaopinsezhi,False
SYM_04094,屈伸不利,SYM,Qushenbuli,Qushenbuli,False
SYM_04095,带下量多,SYM,Daixialiangduo,Daixialiangduo,False
SYM_04096,张口困难,SYM,Zhangkoukunnan,Zhangkoukunnan,False
SYM_04097,形体略瘦,SYM,Xingtilveshou,Xingtilveshou,False
SYM_04098,形瘦,SYM,Xingshou,Xingshou,False
SYM_04099,得水则呕,SYM,Deshuizeou,Deshuizeou,False
SYM_04100,微恶寒,SYM,Weiehan,Weiehan,False
SYM_04101,心下痞坚,SYM,Xinxiapijian,Xinxiapijian,False
SYM_04102,心烦口苦,SYM,Xinfankouku,Xinfankouku,False
SYM_04103,怕风,SYM,Pafeng,Pafeng,False
SYM_04104,恶寒无汗,SYM,Ehanwuhan,Ehanwuhan,False
SYM_04105,感寒,SYM,Ganhan,Ganhan,False
SYM_04106,憎寒,SYM,Zenghan,Zenghan,False
SYM_04107,手腹俱冷,SYM,Shoufujuleng,Shoufujuleng,False
SYM_04108,手足搐搦,SYM,Shouzuchunuo,Shouzuchunuo,False
SYM_04109,手足逆冷,SYM,Shouzunileng,Shouzunileng,False
SYM_04110,抽风,SYM,Choufeng,Choufeng,False
SYM_04111,拒食,SYM,Jushi,Jushi,False
SYM_04112,持续高热,SYM,Chixugaore,Chixugaore,False
SYM_04113,指纹淡紫,SYM,Zhiwendanzi,Zhiwendanzi,False
SYM_04114,斑紫,SYM,Banzi,Banzi,False
SYM_04115,易咯,SYM,Yige,Yige,False
SYM_04116,月事不调,SYM,Yueshibudiao,Yueshibudiao,False
SYM_04117,月经先后无定期,SYM,Yuejingxianhouwudingqi,Yuejingxianhouwudingqi,False
SYM_04118,气塞不通,SYM,Qisaibutong,Qisaibutong,False
SYM_04119,汤水难下,SYM,Tangshuinanxia,Tangshuinanxia,False
SYM_04120,泄利不止,SYM,Xielibuzhi,Xielibuzhi,False
SYM_04121,流清涕,SYM,Liuqingti,Liuqingti,False
SYM_04122,消渴,SYM,Xiaoke,Xiaoke,False
SYM_04123,溲黄,SYM,Souhuang,Souhuang,False
SYM_04124,溺少,SYM,Nishao,Nishao,False
SYM_04125,溺短,SYM,Niduan,Niduan,False
SYM_04126,灰白,SYM,Huibai,Huibai,False
SYM_04127,烦渴引饮,SYM,Fankeyin Yin,Fankeyin Yin,False
SYM_04128,烧心,SYM,Shaoxin,Shaoxin,False
SYM_04129,疣,SYM,You,You,False
SYM_04130,疲乏,SYM,Pifa,Pifa,False
SYM_04131,疲乏无力,SYM,Pifawuli,Pifawuli,False
SYM_04132,痛引肩背,SYM,Tongyinjianbei,Tongyinjianbei,False
SYM_04133,痰中带有血丝,SYM,Tanzhongdaiyouxuesi,Tanzhongdaiyouxuesi,False
SYM_04134,痰鸣,SYM,Tanming,Tanming,False
SYM_04135,白睛赤肿,SYM,Baijingchizhong,Baijingchizhong,False
SYM_04136,皮毛干枯,SYM,Pimaoganku,Pimaoganku,False
SYM_04137,皮肤增厚,SYM,Pifuzenghou,Pifuzenghou,False
SYM_04138,眉棱骨痛,SYM,Meilenggutong,Meilenggutong,False
SYM_04139,眼感酸痛,SYM,Yangansuantong,Yangansuantong,False
SYM_04140,睡眠不宁,SYM,Shuimianbuning,Shuimianbuning,False
SYM_04141,神光衰微,SYM,Shenguangshuaiwei,Shenguangshuaiwei,False
SYM_04142,神志恍惚,SYM,Shenzhihuanghu,Shenzhihuanghu,False
SYM_04143,神志模糊,SYM,Shenzhimohu,Shenzhimohu,False
SYM_04144,筋骨发育迟缓,SYM,Jingufayuchihuan,Jingufayuchihuan,False
SYM_04145,精神疲惫,SYM,Jingshenpibei,Jingshenpibei,False
SYM_04146,纳食减少,SYM,Nashijianshao,Nashijianshao,False
SYM_04147,纳食欠佳,SYM,Nashiqianjia,Nashiqianjia,False
SYM_04148,耐劳累,SYM,Nailaolei,Nailaolei,False
SYM_04149,肌肉松弛,SYM,Jirousongchi,Jirousongchi,False
SYM_04150,肛门湿疡,SYM,Gangmenshiyang,Gangmenshiyang,False
SYM_04151,肛门灼热,SYM,Gangmenzhuore,Gangmenzhuore,False
SYM_04152,肾囊生疮,SYM,Shennangshengchuang,Shennangshengchuang,False
SYM_04153,肾岩,SYM,Shenyan,Shenyan,False
SYM_04154,肿胀疼痛,SYM,Zhongzhangtengtong,Zhongzhangtengtong,False
SYM_04155,胁下结块,SYM,Xiexiajiekuai,Xiexiajiekuai,False
SYM_04156,背寒,SYM,Beihan,Beihan,False
SYM_04157,胸脘痞闷,SYM,Xiongwanpimen,Xiongwanpimen,False
SYM_04158,腐肉,SYM,Furou,Furou,False
SYM_04159,腮舌俱肿,SYM,Saishejuzhong,Saishejuzhong,False
SYM_04160,腰腹疼痛,SYM,Yaofutengtong,Yaofutengtong,False
SYM_04161,腰腿酸软,SYM,Yaotuisuanruan,Yaotuisuanruan,False
SYM_04162,腹大如鼓,SYM,Fudarugu,Fudarugu,False
SYM_04163,自利,SYM,Zili,Zili,False
SYM_04164,舌干口渴,SYM,Shegankouke,Shegankouke,False
SYM_04165,舌瘦红而裂,SYM,Sheshouhongerlie,Sheshouhongerlie,False
SYM_04166,舌红质干,SYM,Shehongzhigan,Shehongzhigan,False
SYM_04167,舌质紫黯,SYM,Shezhizian,Shezhizian,False
SYM_04168,舌边尖红,SYM,Shebianjianhong,Shebianjianhong,False
SYM_04169,舌边红,SYM,Shebianhong,Shebianhong,False
SYM_04170,色淡红,SYM,Sedanhong,Sedanhong,False
SYM_04171,色素沉着,SYM,Sesuchenzhuo,Sesuchenzhuo,False
SYM_04172,色紫暗,SYM,Sezian,Sezian,False
SYM_04173,色黯红,SYM,Seanhong,Seanhong,False
SYM_04174,萎黄,SYM,Weihuang,Weihuang,False
SYM_04175,血瘤,SYM,Xueliu,Xueliu,False
SYM_04176,行经时间延长,SYM,Xingjingshijianyanchang,Xingjingshijianyanchang,False
SYM_04177,视物昏花,SYM,Shiwuhunhua,Shiwuhunhua,False
SYM_04178,视物欠清,SYM,Shiwuqianqing,Shiwuqianqing,False
SYM_04179,言语不清,SYM,Yanyubuqing,Yanyubuqing,False
SYM_04180,身疼,SYM,Shenteng,Shenteng,False
SYM_04181,酸腐,SYM,Suanfu,Suanfu,False
SYM_04182,面目虚浮,SYM,Mianmuxufu,Mianmuxufu,False
SYM_04183,面色晦滞,SYM,Miansehuizhi,Miansehuizhi,False
SYM_04184,面色暗黑,SYM,Mianseanhei,Mianseanhei,False
SYM_04185,面色潮红,SYM,Miansechaohong,Miansechaohong,False
SYM_04186,面色青白,SYM,Mianseqingbai,Mianseqingbai,False
SYM_04187,项筋急,SYM,Xiangjinji,Xiangjinji,False
SYM_04188,颈项强直,SYM,Jingxiangqiangzhi,Jingxiangqiangzhi,False
SYM_04189,颈项萎软,SYM,Jingxiangweiruan,Jingxiangweiruan,False
SYM_04190,骨瘤,SYM,Guliu,Guliu,False
SYM_04191,黑睛混浊,SYM,Heijinghunzhuo,Heijinghunzhuo,False
SYM_04192,鼻粘膜色淡红而干嫩,SYM,Bizhanmosedanhongergannen,Bizhanmosedanhongergannen,False
SYM_04193,鼻粘膜色深红,SYM,Bizhanmoseshenhong,Bizhanmoseshenhong,False
SYM_04194,鼻腔干燥,SYM,Biqiangganzao,Biqiangganzao,False
SYM_04195,鼻血外涌,SYM,Bixuewaiyong,Bixuewaiyong,False
SYM_04196,，色黄,SYM,，sehuang,，sehuang,False
SYM_04197,下肢弯曲,SYM,Xiazhiwanqu,Xiazhiwanqu,False
SYM_04198,不畅,SYM,Buchang,Buchang,False
SYM_04199,不能转侧,SYM,Bunengzhuance,Bunengzhuance,False
SYM_04200,丘疱疹,SYM,Qiupaozhen,Qiupaozhen,False
SYM_04201,两胁胀痛,SYM,Liangxiezhangtong,Liangxiezhangtong,False
SYM_04202,中脘穴必隐痛微肿,SYM,Zhongwanxuebiyintongweizhong,Zhongwanxuebiyintongweizhong,False
SYM_04203,乳房发育,SYM,Rufangfayu,Rufangfayu,False
SYM_04204,二便不通,SYM,Erbianbutong,Erbianbutong,False
SYM_04205,似饥非饥,SYM,Shijifeiji,Shijifeiji,False
SYM_04206,便泄,SYM,Bianxie,Bianxie,False
SYM_04207,光剥无苔,SYM,Guangbowutai,Guangbowutai,False
SYM_04208,厌恶进食甚至拒食,SYM,Yanwujinshishenzhijushi,Yanwujinshishenzhijushi,False
SYM_04209,厥,SYM,Jue,Jue,False
SYM_04210,变声,SYM,Biansheng,Biansheng,False
SYM_04211,口中粘腻,SYM,Kouzhongzhanni,Kouzhongzhanni,False
SYM_04212,口唇青紫,SYM,Kouchunqingzi,Kouchunqingzi,False
SYM_04213,口气臭秽,SYM,Kouqichouhui,Kouqichouhui,False
SYM_04214,口流清涎,SYM,Kouliuqingxian,Kouliuqingxian,False
SYM_04215,右腮色赤,SYM,Yousaisechi,Yousaisechi,False
SYM_04216,吞咽不畅,SYM,Tunyanbuchang,Tunyanbuchang,False
SYM_04217,呕吐频繁,SYM,Outupinfan,Outupinfan,False
SYM_04218,呕哕,SYM,Ouhui,Ouhui,False
SYM_04219,呛奶,SYM,Qiangnai,Qiangnai,False
SYM_04220,呼吸微弱,SYM,Huxiweiruo,Huxiweiruo,False
SYM_04221,呼吸气粗,SYM,Huxiqicu,Huxiqicu,False
SYM_04222,咀嚼吮吸无力,SYM,Jujueshunxiwuli,Jujueshunxiwuli,False
SYM_04223,咳唾涎沫,SYM,Ketuoxianmo,Ketuoxianmo,False
SYM_04224,咳喘,SYM,Kechuan,Kechuan,False
SYM_04225,咳声高亢,SYM,Keshenggaokang,Keshenggaokang,False
SYM_04226,咽喉紧涩,SYM,Yanhoujinse,Yanhoujinse,False
SYM_04227,咽喉红肿,SYM,Yanhouhongzhong,Yanhouhongzhong,False
SYM_04228,咽喉红肿疼痛,SYM,Yanhouhongzhongtengtong,Yanhouhongzhongtengtong,False
SYM_04229,咽喉闭塞,SYM,Yanhoubise,Yanhoubise,False
SYM_04230,咽红肿痛,SYM,Yanhongzhongtong,Yanhongzhongtong,False
SYM_04231,咽肿喉痹,SYM,Yanzhonghoubi,Yanzhonghoubi,False
SYM_04232,咽部不适,SYM,Yanbubushi,Yanbubushi,False
SYM_04233,唇淡,SYM,Chundan,Chundan,False
SYM_04234,唇燥,SYM,Chunzao,Chunzao,False
SYM_04235,唇色紫暗,SYM,Chunsezian,Chunsezian,False
SYM_04236,唇青紫,SYM,Chunqingzi,Chunqingzi,False
SYM_04237,唾涎沫,SYM,Tuoxianmo,Tuoxianmo,False
SYM_04238,善太息,SYM,Shantaixi,Shantaixi,False
SYM_04239,喉中痰鸣,SYM,Houzhongtanming,Houzhongtanming,False
SYM_04240,喉核暗红肿大,SYM,Houheanhongzhongda,Houheanhongzhongda,False
SYM_04241,喘闷,SYM,Chuanmen,Chuanmen,False
SYM_04242,喜按,SYM,Xian,Xian,False
SYM_04243,喜温,SYM,Xiwen,Xiwen,False
SYM_04244,喷嚏频频,SYM,Pentipinpin,Pentipinpin,False
SYM_04245,嗅觉减退,SYM,Xiujuejiantui,Xiujuejiantui,False
SYM_04246,嗜卧,SYM,Shiwo,Shiwo,False
SYM_04247,嗳气反流,SYM,Aiqifanliu,Aiqifanliu,False
SYM_04248,四肢萎软,SYM,Sizhiweiruan,Sizhiweiruan,False
SYM_04249,四肢麻痹,SYM,Sizhimabi,Sizhimabi,False
SYM_04250,声如拽锯,SYM,Shengruzhuaiju,Shengruzhuaiju,False
SYM_04251,夜多恶梦,SYM,Yeduoemeng,Yeduoemeng,False
SYM_04252,夜间遗尿,SYM,Yejianyiniao,Yejianyiniao,False
SYM_04253,大便不干,SYM,Dabianbugan,Dabianbugan,False
SYM_04254,大便不聚,SYM,Dabianbuju,Dabianbuju,False
SYM_04255,大便溏,SYM,Dabiantang,Dabiantang,False
SYM_04256,大便溏泻,SYM,Dabiantangxie,Dabiantangxie,False
SYM_04257,大便黑,SYM,Dabianhei,Dabianhei,False
SYM_04258,大汗淋漓,SYM,Dahanlinli,Dahanlinli,False
SYM_04259,头发生长迟缓,SYM,Toufashengzhangchihuan,Toufashengzhangchihuan,False
SYM_04260,头发脱落,SYM,Toufatuoluo,Toufatuoluo,False
SYM_04261,头眼剧痛,SYM,Touyanjutong,Touyanjutong,False
SYM_04262,头身疼痛,SYM,Toushentengtong,Toushentengtong,False
SYM_04263,头重如裹,SYM,Touzhongruguo,Touzhongruguo,False
SYM_04264,实脾饮,SYM,Shipi Yin,Shipi Yin,False
SYM_04265,小便出少气数,SYM,Xiaobianchushaoqishu,Xiaobianchushaoqishu,False
SYM_04266,小便数,SYM,Xiaobianshu,Xiaobianshu,False
SYM_04267,小便涩滞,SYM,Xiaobiansezhi,Xiaobiansezhi,False
SYM_04268,小便淋沥,SYM,Xiaobianlinli,Xiaobianlinli,False
SYM_04269,小便深黄,SYM,Xiaobianshenhuang,Xiaobianshenhuang,False
SYM_04270,小便赤,SYM,Xiaobianchi,Xiaobianchi,False
SYM_04271,小腹弦急,SYM,Xiaofuxianji,Xiaofuxianji,False
SYM_04272,小腹痛,SYM,Xiaofutong,Xiaofutong,False
SYM_04273,少腹满,SYM,Shaofuman,Shaofuman,False
SYM_04274,尿道热涩,SYM,Niaodaorese,Niaodaorese,False
SYM_04275,尿道热涩疼痛,SYM,Niaodaoresetengtong,Niaodaoresetengtong,False
SYM_04276,已溃,SYM,Yikui,Yikui,False
SYM_04277,干涩,SYM,Ganse,Ganse,False
SYM_04278,干渴,SYM,Ganke,Ganke,False
SYM_04279,开合不利,SYM,Kaihebuli,Kaihebuli,False
SYM_04280,形体偏瘦,SYM,Xingtipianshou,Xingtipianshou,False
SYM_04281,形如水泡,SYM,Xingrushuipao,Xingrushuipao,False
SYM_04282,微汗,SYM,Weihan,Weihan,False
SYM_04283,心神烦躁,SYM,Xinshenfanzao,Xinshenfanzao,False
SYM_04284,怒而发狂,SYM,Nuerfakuang,Nuerfakuang,False
SYM_04285,怠惰嗜卧,SYM,Daiduoshiwo,Daiduoshiwo,False
SYM_04286,恶冷,SYM,Eleng,Eleng,False
SYM_04287,恶见,SYM,Ejian,Ejian,False
SYM_04288,恼怒,SYM,Naonu,Naonu,False
SYM_04289,情绪不宁,SYM,Qingxubuning,Qingxubuning,False
SYM_04290,惊厥,SYM,Jingjue,Jingjue,False
SYM_04291,懒动,SYM,Landong,Landong,False
SYM_04292,手足冷,SYM,Shouzuleng,Shouzuleng,False
SYM_04293,手足清冷,SYM,Shouzuqingleng,Shouzuqingleng,False
SYM_04294,持续喘哮,SYM,Chixuchuanxiao,Chixuchuanxiao,False
SYM_04295,无汗恶寒,SYM,Wuhanehan,Wuhanehan,False
SYM_04296,昏晕,SYM,Hunyun,Hunyun,False
SYM_04297,昏蒙,SYM,Hunmeng,Hunmeng,False
SYM_04298,昼凉夜热,SYM,Zhouliangyere,Zhouliangyere,False
SYM_04299,晶珠混浊,SYM,Jingzhuhunzhuo,Jingzhuhunzhuo,False
SYM_04300,暮食朝吐,SYM,Mushichaotu,Mushichaotu,False
SYM_04301,月经来潮,SYM,Yuejinglaichao,Yuejinglaichao,False
SYM_04302,月经量多,SYM,Yuejingliangduo,Yuejingliangduo,False
SYM_04303,有异物感,SYM,Youyiwugan,Youyiwugan,False
SYM_04304,气瘤,SYM,Qiliu,Qiliu,False
SYM_04305,气短声低,SYM,Qiduanshengdi,Qiduanshengdi,False
SYM_04306,气短息促,SYM,Qiduanxicu,Qiduanxicu,False
SYM_04307,气短懒言,SYM,Qiduanlanyan,Qiduanlanyan,False
SYM_04308,泛吐清涎,SYM,Fantuqingxian,Fantuqingxian,False
SYM_04309,泻下急迫,SYM,Xiexiajipo,Xiexiajipo,False
SYM_04310,泻时有腹痛,SYM,Xieshiyoufutong,Xieshiyoufutong,False
SYM_04311,泻而不爽,SYM,Xieerbushuang,Xieerbushuang,False
SYM_04312,消食导滞,SYM,Xiaoshidaozhi,Xiaoshidaozhi,False
SYM_04313,淋沥不宣,SYM,Linlibuxuan,Linlibuxuan,False
SYM_04314,淋病,SYM,Linbing,Linbing,False
SYM_04315,渴不思饮,SYM,Kebusi Yin,Kebusi Yin,False
SYM_04316,渴喜冷饮,SYM,Kexileng Yin,Kexileng Yin,False
SYM_04317,热痛,SYM,Retong,Retong,False
SYM_04318,燥伤,SYM,Zaoshang,Zaoshang,False
SYM_04319,牙痛,SYM,Yatong,Yatong,False
SYM_04320,瓜藤缠,SYM,Guatengchan,Guatengchan,False
SYM_04321,生于牙床,SYM,Shengyuyachuang,Shengyuyachuang,False
SYM_04322,生头面,SYM,Shengtoumian,Shengtoumian,False
SYM_04323,生遍身,SYM,Shengbianshen,Shengbianshen,False
SYM_04324,畏寒肢冷,SYM,Weihanzhileng,Weihanzhileng,False
SYM_04325,畏风怕冷,SYM,Weifengpaleng,Weifengpaleng,False
SYM_04326,疥疮,SYM,Jiechuang,Jiechuang,False
SYM_04327,疱浆混浊,SYM,Paojianghunzhuo,Paojianghunzhuo,False
SYM_04328,疱疹稠密,SYM,Paozhenchoumi,Paozhenchoumi,False
SYM_04329,疲倦,SYM,Pijuan,Pijuan,False
SYM_04330,疼痛不显,SYM,Tengtongbuxian,Tengtongbuxian,False
SYM_04331,痉厥,SYM,Jingjue,Jingjue,False
SYM_04332,痛处固定,SYM,Tongchuguding,Tongchuguding,False
SYM_04333,痛如锥刺,SYM,Tongruzhuici,Tongruzhuici,False
SYM_04334,痰少,SYM,Tanshao,Tanshao,False
SYM_04335,痰涌,SYM,Tanyong,Tanyong,False
SYM_04336,痰涎上涌,SYM,Tanxianshangyong,Tanxianshangyong,False
SYM_04337,痰白,SYM,Tanbai,Tanbai,False
SYM_04338,瘙痒剧烈,SYM,Saoyangjulie,Saoyangjulie,False
SYM_04339,癫狂痫疾,SYM,Diankuangxianji,Diankuangxianji,False
SYM_04340,白睛结节大而隆起,SYM,Baijingjiejiedaerlongqi,Baijingjiejiedaerlongqi,False
SYM_04341,皮损呈淡褐色片状,SYM,Pisunchengdanhesepianzhuang,Pisunchengdanhesepianzhuang,False
SYM_04342,皮损鲜红,SYM,Pisunxianhong,Pisunxianhong,False
SYM_04343,皮肤紫斑多,SYM,Pifuzibanduo,Purpuric skin macules,True
SYM_04344,皮色褐暗,SYM,Pisehean,Pisehean,False
SYM_04345,皮薄而泽,SYM,Pibaoerze,Pibaoerze,False
SYM_04346,眼前黑花飞舞,SYM,Yanqianheihuafeiwu,Yanqianheihuafeiwu,False
SYM_04347,眼珠胀闷而疼,SYM,Yanzhuzhangmenerteng,Yanzhuzhangmenerteng,False
SYM_04348,睾丸增大,SYM,Gaowanzengda,Gaowanzengda,False
SYM_04349,神志异常,SYM,Shenzhiyichang,Shenzhiyichang,False
SYM_04350,神志昏迷,SYM,Shenzhihunmi,Shenzhihunmi,False
SYM_04351,神昏谵妄,SYM,Shenhunzhanwang,Shenhunzhanwang,False
SYM_04352,神识昏蒙,SYM,Shenshihunmeng,Shenshihunmeng,False
SYM_04353,秋燥,SYM,Qiuzao,Qiuzao,False
SYM_04354,秽臭如脓,SYM,Huichourunong,Huichourunong,False
SYM_04355,粪便秽臭,SYM,Fenbianhuichou,Fenbianhuichou,False
SYM_04356,精神困倦,SYM,Jingshenkunjuan,Jingshenkunjuan,False
SYM_04357,精神疲倦,SYM,Jingshenpijuan,Jingshenpijuan,False
SYM_04358,紫斑,SYM,Ziban,Ziban,False
SYM_04359,经少,SYM,Jingshao,Jingshao,False
SYM_04360,经量或多或少,SYM,Jinglianghuoduohuoshao,Jinglianghuoduohuoshao,False
SYM_04361,经间期出血,SYM,Jingjianqichuxie,Jingjianqichuxie,False
SYM_04362,耳胀,SYM,Erzhang,Erzhang,False
SYM_04363,肌肉松软,SYM,Jirousongruan,Jirousongruan,False
SYM_04364,肌肤不仁,SYM,Jifuburen,Jifuburen,False
SYM_04365,肌肤干燥,SYM,Jifuganzao,Jifuganzao,False
SYM_04366,肛门瘙痒,SYM,Gangmensaoyang,Gangmensaoyang,False
SYM_04367,肝肾亏损,SYM,Ganshenkuisun,Ganshenkuisun,False
SYM_04368,肢体酸痛,SYM,Zhitisuantong,Zhitisuantong,False
SYM_04369,肢凉,SYM,Zhiliang,Zhiliang,False
SYM_04370,肢节疼痛,SYM,Zhijietengtong,Zhijietengtong,False
SYM_04371,肿硬,SYM,Zhongying,Zhongying,False
SYM_04372,胁肋刺痛,SYM,Xielecitong,Xielecitong,False
SYM_04373,胸胁苦满,SYM,Xiongxiekuman,Xiongxiekuman,False
SYM_04374,胸膈满闷,SYM,Xionggemanmen,Xionggemanmen,False
SYM_04375,胸部刺痛,SYM,Xiongbucitong,Xiongbucitong,False
SYM_04376,脉浮数,SYM,Maifushu,Maifushu,False
SYM_04377,脉滑数,SYM,Maihuashu,Slippery rapid pulse,True
SYM_04378,脓水淋沥,SYM,Nongshuilinli,Nongshuilinli,False
SYM_04379,脓疱稀疏,SYM,Nongpaoxishu,Nongpaoxishu,False
SYM_04380,脘穴必隐痛,SYM,Wanxuebiyintong,Wanxuebiyintong,False
SYM_04381,脘胀,SYM,Wanzhang,Wanzhang,False
SYM_04382,脘胀闷,SYM,Wanzhangmen,Wanzhangmen,False
SYM_04383,脘腹满闷,SYM,Wanfumanmen,Wanfumanmen,False
SYM_04384,脘腹痞闷,SYM,Wanfupimen,Wanfupimen,False
SYM_04385,脚软,SYM,Jiaoruan,Jiaoruan,False
SYM_04386,脾肾阳虚,SYM,Pishenyangxu,Pishenyangxu,False
SYM_04387,腰膝酸冷,SYM,Yaoxisuanleng,Yaoxisuanleng,False
SYM_04388,腹满便秘,SYM,Fumanbianmi,Fumanbianmi,False
SYM_04389,腹热,SYM,Fure,Fure,False
SYM_04390,臂痛不举,SYM,Bitongbuju,Bitongbuju,False
SYM_04391,自利不渴,SYM,Zilibuke,Zilibuke,False
SYM_04392,舌下络脉瘀阻,SYM,Shexialuomaiyuzu,Shexialuomaiyuzu,False
SYM_04393,舌强语謇,SYM,Sheqiangyujian,Sheqiangyujian,False
SYM_04394,舌红苔少,SYM,Shehongtaishao,Shehongtaishao,False
SYM_04395,舌胖润,SYM,Shepangrun,Shepangrun,False
SYM_04396,舌胖质淡,SYM,Shepangzhidan,Shepangzhidan,False
SYM_04397,舌苔垢腻,SYM,Shetaigouni,Shetaigouni,False
SYM_04398,舌苔淡白,SYM,Shetaidanbai,Shetaidanbai,False
SYM_04399,舌苔薄腻,SYM,Shetaibaoni,Shetaibaoni,False
SYM_04400,舌质偏淡,SYM,Shezhipiandan,Shezhipiandan,False
SYM_04401,舌质绛,SYM,Shezhijiang,Shezhijiang,False
SYM_04402,色暗有块,SYM,Seanyoukuai,Seanyoukuai,False
SYM_04403,色深红,SYM,Seshenhong,Seshenhong,False
SYM_04404,色紫黯,SYM,Sezian,Sezian,False
SYM_04405,色青黯,SYM,Seqingan,Seqingan,False
SYM_04406,茎中痛,SYM,Jingzhongtong,Jingzhongtong,False
SYM_04407,薄腻,SYM,Baoni,Baoni,False
SYM_04408,血液血块,SYM,Xueyexuekuai,Xueyexuekuai,False
SYM_04409,褥疮,SYM,Ruchuang,Ruchuang,False
SYM_04410,视力渐降,SYM,Shilijianjiang,Shilijianjiang,False
SYM_04411,语言不清,SYM,Yuyanbuqing,Yuyanbuqing,False
SYM_04412,语言迟钝,SYM,Yuyanchidun,Yuyanchidun,False
SYM_04413,足跟痛,SYM,Zugentong,Zugentong,False
SYM_04414,跗肿,SYM,Fuzhong,Fuzhong,False
SYM_04415,身目俱黄,SYM,Shenmujuhuang,Shenmujuhuang,False
SYM_04416,边尖红,SYM,Bianjianhong,Bianjianhong,False
SYM_04417,迟钝,SYM,Chidun,Chidun,False
SYM_04418,遍身浮肿,SYM,Bianshenfuzhong,Bianshenfuzhong,False
SYM_04419,遗溺,SYM,Yini,Yini,False
SYM_04420,量较多,SYM,Liangjiaoduo,Liangjiaoduo,False
SYM_04421,阴唇发育,SYM,Yinchunfayu,Yinchunfayu,False
SYM_04422,阴囊皮肤皱褶增加着色,SYM,Yinnangpifuzhouzhezengjiazhuose,Yinnangpifuzhouzhezengjiazhuose,False
SYM_04423,阴茎勃起,SYM,Yinjingboqi,Yinjingboqi,False
SYM_04424,阴茎增粗,SYM,Yinjingzengcu,Yinjingzengcu,False
SYM_04425,阵发性瘙痒,SYM,Zhenfaxingsaoyang,Zhenfaxingsaoyang,False
SYM_04426,青筋显露,SYM,Qingjinxianlu,Qingjinxianlu,False
SYM_04427,青筋暴露,SYM,Qingjinbaolu,Qingjinbaolu,False
SYM_04428,面唇紫绀,SYM,Mianchunzigan,Mianchunzigan,False
SYM_04429,面唇青紫,SYM,Mianchunqingzi,Mianchunqingzi,False
SYM_04430,面色欠华,SYM,Mianseqianhua,Mianseqianhua,False
SYM_04431,面青白,SYM,Mianqingbai,Mianqingbai,False
SYM_04432,面黄肌瘦,SYM,Mianhuangjishou,Mianhuangjishou,False
SYM_04433,颈前肿大,SYM,Jingqianzhongda,Jingqianzhongda,False
SYM_04434,颈部肿块,SYM,Jingbuzhongkuai,Jingbuzhongkuai,False
SYM_04435,食不下,SYM,Shibuxia,Shibuxia,False
SYM_04436,食滞,SYM,Shizhi,Shizhi,False
SYM_04437,饮不解渴,SYM,Yinbujieke,Yinbujieke,False
SYM_04438,鸡胸龟背,SYM,Jixiongguibei,Jixiongguibei,False
SYM_04439,黄色破流脂水,SYM,Huangsepoliuzhishui,Huangsepoliuzhishui,False
SYM_04440,鼻咽,SYM,Biyan,Biyan,False
SYM_04441,鼻粘膜红赤,SYM,Bizhanmohongchi,Bizhanmohongchi,False
SYM_04442,上喘下遗,SYM,Shangchuanxiayi,Shangchuanxiayi,False
SYM_04443,上有浮油,SYM,Shangyoufuyou,Shangyoufuyou,False
SYM_04444,上气,SYM,Shangqi,Shangqi,False
SYM_04445,上覆痂皮或鳞屑,SYM,Shangfujiapihuolinxie,Shangfujiapihuolinxie,False
SYM_04446,下利垢浊,SYM,Xialigouzhuo,Xialigouzhuo,False
SYM_04447,下利泄泻,SYM,Xialixiexie,Xialixiexie,False
SYM_04448,下利烦渴,SYM,Xialifanke,Xialifanke,False
SYM_04449,下肢沉着,SYM,Xiazhichenzhuo,Xiazhichenzhuo,False
SYM_04450,下肢畸变,SYM,Xiazhijibian,Xiazhijibian,False
SYM_04451,下鼻甲肿大光滑,SYM,Xiabijiazhongdaguanghua,Xiabijiazhongdaguanghua,False
SYM_04452,不咳,SYM,Buke,Buke,False
SYM_04453,不思进食,SYM,Busijinshi,Busijinshi,False
SYM_04454,不易咯出,SYM,Buyigechu,Buyigechu,False
SYM_04455,不欲食饮,SYM,Buyushi Yin,Buyushi Yin,False
SYM_04456,不欲饮食,SYM,Buyuyinshi,Buyuyinshi,False
SYM_04457,不热,SYM,Bure,Bure,False
SYM_04458,不痛痒,SYM,Butongyang,Butongyang,False
SYM_04459,不耐劳累,SYM,Bunailaolei,Bunailaolei,False
SYM_04460,不能便,SYM,Bunengbian,Bunengbian,False
SYM_04461,不饥不食,SYM,Bujibushi,Bujibushi,False
SYM_04462,丘疱,SYM,Qiupao,Qiupao,False
SYM_04463,两乳作胀,SYM,Liangruzuozhang,Liangruzuozhang,False
SYM_04464,两腮黄赤,SYM,Liangsaihuangchi,Liangsaihuangchi,False
SYM_04465,两边白滑,SYM,Liangbianbaihua,Liangbianbaihua,False
SYM_04466,两颧红赤,SYM,Liangquanhongchi,Liangquanhongchi,False
SYM_04467,中暑,SYM,Zhongshu,Zhongshu,False
SYM_04468,为季胁,SYM,Weijixie,Weijixie,False
SYM_04469,久不受孕,SYM,Jiubushouyun,Jiubushouyun,False
SYM_04470,久则变痉,SYM,Jiuzebianjing,Jiuzebianjing,False
SYM_04471,久病尿血,SYM,Jiubingniaoxie,Jiubingniaoxie,False
SYM_04472,乳岩,SYM,Ruyan,Ruyan,False
SYM_04473,乳食减少,SYM,Rushijianshao,Rushijianshao,False
SYM_04474,二便不利,SYM,Erbianbuli,Erbianbuli,False
SYM_04475,二便不爽,SYM,Erbianbushuang,Erbianbushuang,False
SYM_04476,二便阻隔腹满胀,SYM,Erbianzugefumanzhang,Erbianzugefumanzhang,False
SYM_04477,会厌可明显肿胀甚至如球状,SYM,Huiyankemingxianzhongzhangshenzhiruqiuzhuang,Huiyankemingxianzhongzhangshenzhiruqiuzhuang,False
SYM_04478,伴口干少津,SYM,Bankouganshaojin,Bankouganshaojin,False
SYM_04479,伴有絮状凝块物,SYM,Banyouxuzhuangningkuaiwu,Banyouxuzhuangningkuaiwu,False
SYM_04480,体瘦,SYM,Tishou,Tishou,False
SYM_04481,体质较差,SYM,Tizhijiaocha,Tizhijiaocha,False
SYM_04482,作呕,SYM,Zuoou,Zuoou,False
SYM_04483,便下蛔虫,SYM,Bianxiahuichong,Bianxiahuichong,False
SYM_04484,便不溏,SYM,Bianbutang,Bianbutang,False
SYM_04485,便泄不爽,SYM,Bianxiebushuang,Bianxiebushuang,False
SYM_04486,便酸臭,SYM,Biansuanchou,Biansuanchou,False
SYM_04487,先吐后泻,SYM,Xiantuhouxie,Xiantuhouxie,False
SYM_04488,全身水肿,SYM,Quanshenshuizhong,Quanshenshuizhong,False
SYM_04489,全身症可见口咽干燥,SYM,Quanshenzhengkejiankouyanganzao,Quanshenzhengkejiankouyanganzao,False
SYM_04490,关节僵硬,SYM,Guanjiejiangying,Guanjiejiangying,False
SYM_04491,关节肿,SYM,Guanjiezhong,Guanjiezhong,False
SYM_04492,其形如肿,SYM,Qixingruzhong,Qixingruzhong,False
SYM_04493,其质黏稠,SYM,Qizhinianchou,Qizhinianchou,False
SYM_04494,冷汗,SYM,Lenghan,Lenghan,False
SYM_04495,冷汗淋漓,SYM,Lenghanlinli,Lenghanlinli,False
SYM_04496,前包块,SYM,Qianbaokuai,Qianbaokuai,False
SYM_04497,化湿理气胁肋疼痛,SYM,Huashiliqixieletengtong,Huashiliqixieletengtong,False
SYM_04498,午后低热,SYM,Wuhoudire,Wuhoudire,False
SYM_04499,反流,SYM,Fanliu,Fanliu,False
SYM_04500,变形,SYM,Bianxing,Bianxing,False
SYM_04501,口不知味,SYM,Koubuzhiwei,Koubuzhiwei,False
SYM_04502,口中干苦,SYM,Kouzhongganku,Kouzhongganku,False
SYM_04503,口中气热,SYM,Kouzhongqire,Kouzhongqire,False
SYM_04504,口中气秽,SYM,Kouzhongqihui,Kouzhongqihui,False
SYM_04505,口中黏腻,SYM,Kouzhongnianni,Kouzhongnianni,False
SYM_04506,口吐白沫,SYM,Koutubaimo,Koutubaimo,False
SYM_04507,口咽干燥,SYM,Kouyanganzao,Kouyanganzao,False
SYM_04508,口唇无华,SYM,Kouchunwuhua,Kouchunwuhua,False
SYM_04509,口唇爪甲紫暗,SYM,Kouchunzhaojiazian,Kouchunzhaojiazian,False
SYM_04510,口唇爪甲紫绀,SYM,Kouchunzhaojiazigan,Kouchunzhaojiazigan,False
SYM_04511,口唇紫绀,SYM,Kouchunzigan,Kouchunzigan,False
SYM_04512,口唇色青,SYM,Kouchunseqing,Kouchunseqing,False
SYM_04513,口噤握拳,SYM,Koujinwoquan,Koujinwoquan,False
SYM_04514,口干唇燥,SYM,Kouganchunzao,Kouganchunzao,False
SYM_04515,口开目合,SYM,Koukaimuhe,Koukaimuhe,False
SYM_04516,口有尿味,SYM,Kouyouniaowei,Kouyouniaowei,False
SYM_04517,口有氨味,SYM,Kouyouanwei,Kouyouanwei,False
SYM_04518,口气恶臭,SYM,Kouqiechou,Kouqiechou,False
SYM_04519,口眼喁斜,SYM,Kouyanyongxie,Kouyanyongxie,False
SYM_04520,口粘,SYM,Kouzhan,Kouzhan,False
SYM_04521,口腔溃疡,SYM,Kouqiangkuiyang,Kouqiangkuiyang,False
SYM_04522,口舌歪斜,SYM,Koushewaixie,Koushewaixie,False
SYM_04523,口舌白屑堆积,SYM,Koushebaixieduiji,Koushebaixieduiji,False
SYM_04524,口鼻气出亦冷,SYM,Koubiqichuyileng,Koubiqichuyileng,False
SYM_04525,口齿并喉腭疳疮,SYM,Kouchibinghoueganchuang,Kouchibinghoueganchuang,False
SYM_04526,吐出物如赤豆汁,SYM,Tuchuwuruchidouzhi,Tuchuwuruchidouzhi,False
SYM_04527,吐后觉舒,SYM,Tuhoujueshu,Tuhoujueshu,False
SYM_04528,吐物酸馊,SYM,Tuwusuansou,Tuwusuansou,False
SYM_04529,吐粉红色,SYM,Tufenhongse,Tufenhongse,False
SYM_04530,吐粉红色泡沫样痰,SYM,Tufenhongsepaomoyangtan,Tufenhongsepaomoyangtan,False
SYM_04531,吐脓腥臭,SYM,Tunongxingchou,Tunongxingchou,False
SYM_04532,吐蛔,SYM,Tuhui,Tuhui,False
SYM_04533,吞咽梗阻,SYM,Tunyangengzu,Tunyangengzu,False
SYM_04534,吸气不利,SYM,Xiqibuli,Xiqibuli,False
SYM_04535,呕吐吞酸,SYM,Oututunsuan,Oututunsuan,False
SYM_04536,呕酸水,SYM,Ousuanshui,Ousuanshui,False
SYM_04537,呛咳,SYM,Qiangke,Qiangke,False
SYM_04538,周围黏膜红肿,SYM,Zhouweinianmohongzhong,Zhouweinianmohongzhong,False
SYM_04539,呵欠,SYM,Heqian,Heqian,False
SYM_04540,呼吸不畅,SYM,Huxibuchang,Huxibuchang,False
SYM_04541,呼多吸少,SYM,Huduoxishao,Huduoxishao,False
SYM_04542,咯吐不利,SYM,Getubuli,Getubuli,False
SYM_04543,咯吐痰涎,SYM,Getutanxian,Getutanxian,False
SYM_04544,咯痰不爽,SYM,Getanbushuang,Getanbushuang,False
SYM_04545,咯痰无力,SYM,Getanwuli,Getanwuli,False
SYM_04546,咯痰清稀,SYM,Getanqingxi,Getanqingxi,False
SYM_04547,咯痰黄或白,SYM,Getanhuanghuobai,Getanhuanghuobai,False
SYM_04548,咯稀白痰,SYM,Gexibaitan,Gexibaitan,False
SYM_04549,咳吐黄痰,SYM,Ketuhuangtan,Ketuhuangtan,False
SYM_04550,咳呛不爽,SYM,Keqiangbushuang,Keqiangbushuang,False
SYM_04551,咳声短促,SYM,Keshengduancu,Keshengduancu,False
SYM_04552,咳甚痰粘,SYM,Keshentanzhan,Keshentanzhan,False
SYM_04553,咳脓血,SYM,Kenongxue,Kenongxue,False
SYM_04554,咳逆,SYM,Keni,Keni,False
SYM_04555,咳逆倚息,SYM,Keniyixi,Keniyixi,False
SYM_04556,咽喉堵塞,SYM,Yanhouduse,Yanhouduse,False
SYM_04557,咽喉如芒刺痛,SYM,Yanhourumangcitong,Yanhourumangcitong,False
SYM_04558,咽喉干痛,SYM,Yanhougantong,Yanhougantong,False
SYM_04559,咽喉憋闷,SYM,Yanhoubiemen,Yanhoubiemen,False
SYM_04560,咽喉粘膜呈鲜红或紫红色,SYM,Yanhouzhanmochengxianhonghuozihongse,Yanhouzhanmochengxianhonghuozihongse,False
SYM_04561,咽喉紧涩阻塞,SYM,Yanhoujinsezuse,Yanhoujinsezuse,False
SYM_04562,咽喉肿胀疼痛,SYM,Yanhouzhongzhangtengtong,Yanhouzhongzhangtengtong,False
SYM_04563,咽痒微痛不适,SYM,Yanyangweitongbushi,Yanyangweitongbushi,False
SYM_04564,咽肿,SYM,Yanzhong,Yanzhong,False
SYM_04565,咽部干燥,SYM,Yanbuganzao,Yanbuganzao,False
SYM_04566,咽部干燥灼热,SYM,Yanbuganzaozhuore,Yanbuganzaozhuore,False
SYM_04567,咽部红肿,SYM,Yanbuhongzhong,Yanbuhongzhong,False
SYM_04568,咽黏膜深红,SYM,Yannianmoshenhong,Yannianmoshenhong,False
SYM_04569,哕,SYM,Hui,Hui,False
SYM_04570,哭笑无常,SYM,Kuxiaowuchang,Kuxiaowuchang,False
SYM_04571,唇口及齿根宣露牙龈生疮臭烂,SYM,Chunkoujichigenxuanluyayinshengchuangchoulan,Chunkoujichigenxuanluyayinshengchuangchoulan,False
SYM_04572,唇口淡和,SYM,Chunkoudanhe,Chunkoudanhe,False
SYM_04573,唇口青,SYM,Chunkouqing,Chunkouqing,False
SYM_04574,唇暗,SYM,Chunan,Chunan,False
SYM_04575,唇焦大渴,SYM,Chunjiaodake,Chunjiaodake,False
SYM_04576,唇焦齿槁,SYM,Chunjiaochigao,Chunjiaochigao,False
SYM_04577,唇甲青紫,SYM,Chunjiaqingzi,Chunjiaqingzi,False
SYM_04578,唇紫,SYM,Chunzi,Chunzi,False
SYM_04579,唇舌色淡,SYM,Chunshesedan,Chunshesedan,False
SYM_04580,唇赤,SYM,Chunchi,Chunchi,False
SYM_04581,唇面青紫,SYM,Chunmianqingzi,Chunmianqingzi,False
SYM_04582,善味,SYM,Shanwei,Shanwei,False
SYM_04583,善噫,SYM,Shanyi,Shanyi,False
SYM_04584,善忘,SYM,Shanwang,Shanwang,False
SYM_04585,善思,SYM,Shansi,Shansi,False
SYM_04586,善惊妄言,SYM,Shanjingwangyan,Shanjingwangyan,False
SYM_04587,善惊易恐,SYM,Shanjingyikong,Shanjingyikong,False
SYM_04588,善食易饥,SYM,Shanshiyiji,Shanshiyiji,False
SYM_04589,喉关无红肿,SYM,Houguanwuhongzhong,Houguanwuhongzhong,False
SYM_04590,喉塞不通,SYM,Housaibutong,Housaibutong,False
SYM_04591,喉核红肿,SYM,Houhehongzhong,Houhehongzhong,False
SYM_04592,喉核红肿胀大,SYM,Houhehongzhongzhangda,Houhehongzhongzhangda,False
SYM_04593,喉核肿大,SYM,Houhezhongda,Houhezhongda,False
SYM_04594,喉核肿大暗红,SYM,Houhezhongdaanhong,Houhezhongdaanhong,False
SYM_04595,喉核肿大质硬暗红,SYM,Houhezhongdazhiyinganhong,Houhezhongdazhiyinganhong,False
SYM_04596,喉核表面有脓,SYM,Houhebiaomianyounong,Houhebiaomianyounong,False
SYM_04597,喉核表面有黄白色脓点,SYM,Houhebiaomianyouhuangbaisenongdian,Houhebiaomianyouhuangbaisenongdian,False
SYM_04598,喉燥,SYM,Houzao,Dry throat,True
SYM_04599,喉癣,SYM,Houxuan,Houxuan,False
SYM_04600,喘不得卧,SYM,Chuanbudewo,Chuanbudewo,False
SYM_04601,喘促不宁,SYM,Chuancubuning,Chuancubuning,False
SYM_04602,喘促短气,SYM,Chuancuduanqi,Chuancuduanqi,False
SYM_04603,喘悸不休,SYM,Chuanjibuxiu,Chuanjibuxiu,False
SYM_04604,喘憋,SYM,Chuanbie,Chuanbie,False
SYM_04605,喘逆,SYM,Chuanni,Chuanni,False
SYM_04606,喜太息,SYM,Xitaixi,Xitaixi,False
SYM_04607,喜热饮而恶凉,SYM,Xireyinereliang,Xireyinereliang,False
SYM_04608,喜睡神昏,SYM,Xishuishenhun,Xishuishenhun,False
SYM_04609,嗳气呃逆,SYM,Aiqieni,Aiqieni,False
SYM_04610,嗳腐酸臭,SYM,Aifusuanchou,Aifusuanchou,False
SYM_04611,嘈杂易饥,SYM,Caozayiji,Caozayiji,False
SYM_04612,噎膈,SYM,Yege,Yege,False
SYM_04613,囊肿,SYM,Nangzhong,Nangzhong,False
SYM_04614,四周有轻度肿胀,SYM,Sizhouyouqingduzhongzhang,Sizhouyouqingduzhongzhang,False
SYM_04615,四肢乏力,SYM,Sizhifali,Sizhifali,False
SYM_04616,四肢及全身皆肿,SYM,Sizhijiquanshenjiezhong,Sizhijiquanshenjiezhong,False
SYM_04617,四肢消瘦,SYM,Sizhixiaoshou,Sizhixiaoshou,False
SYM_04618,四肢震颤,SYM,Sizhizhenchan,Sizhizhenchan,False
SYM_04619,固定不移,SYM,Gudingbuyi,Gudingbuyi,False
SYM_04620,坐卧不安,SYM,Zuowobuan,Zuowobuan,False
SYM_04621,声低气短,SYM,Shengdiqiduan,Shengdiqiduan,False
SYM_04622,声哑,SYM,Shengya,Shengya,False
SYM_04623,声重,SYM,Shengzhong,Shengzhong,False
SYM_04624,声门区红肿显着,SYM,Shengmenquhongzhongxianzhe,Shengmenquhongzhongxianzhe,False
SYM_04625,声门处粘膜苍白水肿,SYM,Shengmenchuzhanmocangbaishuizhong,Shengmenchuzhanmocangbaishuizhong,False
SYM_04626,声音不扬,SYM,Shengyinbuyang,Shengyinbuyang,False
SYM_04627,外感风热,SYM,Waiganfengre,Waiganfengre,False
SYM_04628,外阴部皮肤局限性红肿胀,SYM,Waiyinbupifujuxianxinghongzhongzhang,Waiyinbupifujuxianxinghongzhongzhang,False
SYM_04629,多啼,SYM,Duoti,Duoti,False
SYM_04630,夜卧不眠,SYM,Yewobumian,Yewobumian,False
SYM_04631,夜寐不宁,SYM,Yemeibuning,Yemeibuning,False
SYM_04632,夜尿清长,SYM,Yeniaoqingzhang,Yeniaoqingzhang,False
SYM_04633,夜眠不宁,SYM,Yemianbuning,Yemianbuning,False
SYM_04634,大便不通,SYM,Dabianbutong,Dabianbutong,False
SYM_04635,大便呈陶土色,SYM,Dabianchengtaotuse,Dabianchengtaotuse,False
SYM_04636,大便坚如羊屎,SYM,Dabianjianruyangshi,Dabianjianruyangshi,False
SYM_04637,大便微秘,SYM,Dabianweimi,Dabianweimi,False
SYM_04638,大便或溏或结,SYM,Dabianhuotanghuojie,Dabianhuotanghuojie,False
SYM_04639,大便时溏时泻,SYM,Dabianshitangshixie,Dabianshitangshixie,False
SYM_04640,大便次数增多,SYM,Dabiancishuzengduo,Dabiancishuzengduo,False
SYM_04641,大便溏泄,SYM,Dabiantangxie,Dabiantangxie,False
SYM_04642,大便臭,SYM,Dabianchou,Dabianchou,False
SYM_04643,大便臭秽,SYM,Dabianchouhui,Dabianchouhui,False
SYM_04644,大便艰涩,SYM,Dabianjianse,Dabianjianse,False
SYM_04645,大便色浅或灰白,SYM,Dabianseqianhuohuibai,Dabianseqianhuohuibai,False
SYM_04646,大便色淡,SYM,Dabiansedan,Dabiansedan,False
SYM_04647,大便软溏,SYM,Dabianruantang,Dabianruantang,False
SYM_04648,大便难,SYM,Dabiannan,Dabiannan,False
SYM_04649,大便黏腻或夹脓血,SYM,Dabianniannihuojianongxue,Dabianniannihuojianongxue,False
SYM_04650,大小便黄赤,SYM,Daxiaobianhuangchi,Daxiaobianhuangchi,False
SYM_04651,大汗不止,SYM,Dahanbuzhi,Dahanbuzhi,False
SYM_04652,大渴烦呕,SYM,Dakefanou,Dakefanou,False
SYM_04653,大腹满痛,SYM,Dafumantong,Dafumantong,False
SYM_04654,天泡疮形如水泡,SYM,Tianpaochuangxingrushuipao,Tianpaochuangxingrushuipao,False
SYM_04655,太阳发热,SYM,Taiyangfare,Taiyangfare,False
SYM_04656,失眠健忘,SYM,Shimianjianwang,Shimianjianwang,False
SYM_04657,失语,SYM,Shiyu,Shiyu,False
SYM_04658,头不能下视,SYM,Toubunengxiashi,Toubunengxiashi,False
SYM_04659,头发焦黄或花白,SYM,Toufajiaohuanghuohuabai,Toufajiaohuanghuohuabai,False
SYM_04660,头发稀疏易落,SYM,Toufaxishuyiluo,Toufaxishuyiluo,False
SYM_04661,头旋晕倒,SYM,Touxuanyundao,Touxuanyundao,False
SYM_04662,头旋眼晕,SYM,Touxuanyanyun,Touxuanyanyun,False
SYM_04663,头昏目胀,SYM,Touhunmuzhang,Touhunmuzhang,False
SYM_04664,头昏眼花,SYM,Touhunyanhua,Touhunyanhua,False
SYM_04665,头汗出,SYM,Touhanchu,Touhanchu,False
SYM_04666,头痛隐隐,SYM,Toutongyinyin,Toutongyinyin,False
SYM_04667,头目不清,SYM,Toumubuqing,Toumubuqing,False
SYM_04668,头目剧痛,SYM,Toumujutong,Toumujutong,False
SYM_04669,头目昏眩,SYM,Toumuhunxuan,Toumuhunxuan,False
SYM_04670,头眼俱痛,SYM,Touyanjutong,Touyanjutong,False
SYM_04671,头面出汗,SYM,Toumianchuhan,Toumianchuhan,False
SYM_04672,头面皆肿,SYM,Toumianjiezhong,Toumianjiezhong,False
SYM_04673,头项强直,SYM,Touxiangqiangzhi,Touxiangqiangzhi,False
SYM_04674,奇痒,SYM,Qiyang,Qiyang,False
SYM_04675,奶癣,SYM,Naixuan,Naixuan,False
SYM_04676,如儿童发惊之状,SYM,Ruertongfajingzhizhuang,Ruertongfajingzhizhuang,False
SYM_04677,如涕,SYM,Ruti,Ruti,False
SYM_04678,如米泔水,SYM,Rumiganshui,Rumiganshui,False
SYM_04679,妊娠期阴道少量出血,SYM,Renshenqiyindaoshaoliangchuxie,Renshenqiyindaoshaoliangchuxie,False
SYM_04680,宿谷不化,SYM,Sugubuhua,Sugubuhua,False
SYM_04681,寒不甚,SYM,Hanbushen,Hanbushen,False
SYM_04682,寒热交作,SYM,Hanrejiaozuo,Hanrejiaozuo,False
SYM_04683,寒痛,SYM,Hantong,Hantong,False
SYM_04684,寝不安,SYM,Qinbuan,Qinbuan,False
SYM_04685,小便不甚赤涩,SYM,Xiaobianbushenchise,Xiaobianbushenchise,False
SYM_04686,小便困难,SYM,Xiaobiankunnan,Xiaobiankunnan,False
SYM_04687,小便如淋,SYM,Xiaobianrulin,Xiaobianrulin,False
SYM_04688,小便浑赤,SYM,Xiaobianhunchi,Xiaobianhunchi,False
SYM_04689,小便淋沥不尽,SYM,Xiaobianlinlibujin,Xiaobianlinlibujin,False
SYM_04690,小便清白,SYM,Xiaobianqingbai,Xiaobianqingbai,False
SYM_04691,小便热涩刺痛,SYM,Xiaobianresecitong,Xiaobianresecitong,False
SYM_04692,小便白浊,SYM,Xiaobianbaizhuo,Xiaobianbaizhuo,False
SYM_04693,小便自利,SYM,Xiaobianzili,Xiaobianzili,False
SYM_04694,小便艰涩,SYM,Xiaobianjianse,Xiaobianjianse,False
SYM_04695,小便色赤,SYM,Xiaobiansechi,Xiaobiansechi,False
SYM_04696,小便虽清不利,SYM,Xiaobiansuiqingbuli,Xiaobiansuiqingbuli,False
SYM_04697,小便量多,SYM,Xiaobianliangduo,Xiaobianliangduo,False
SYM_04698,小便量少,SYM,Xiaobianliangshao,Xiaobianliangshao,False
SYM_04699,小便黄浑,SYM,Xiaobianhuanghun,Xiaobianhuanghun,False
SYM_04700,小水涩淋,SYM,Xiaoshuiselin,Xiaoshuiselin,False
SYM_04701,小水频数,SYM,Xiaoshuipinshuo,Xiaoshuipinshuo,False
SYM_04702,小溲赤涩,SYM,Xiaosouchise,Xiaosouchise,False
SYM_04703,少涎沫,SYM,Shaoxianmo,Shaoxianmo,False
SYM_04704,少腹拘急,SYM,Shaofujuji,Shaofujuji,False
SYM_04705,尿中带血,SYM,Niaozhongdaixue,Niaozhongdaixue,False
SYM_04706,尿后余沥,SYM,Niaohouyuli,Niaohouyuli,False
SYM_04707,尿多浊沫,SYM,Niaoduozhuomo,Niaoduozhuomo,False
SYM_04708,尿失禁,SYM,Niaoshijin,Niaoshijin,False
SYM_04709,尿无力,SYM,Niaowuli,Niaowuli,False
SYM_04710,尿有余沥,SYM,Niaoyouyuli,Niaoyouyuli,False
SYM_04711,尿液淋沥浑浊,SYM,Niaoyelinlihunzhuo,Niaoyelinlihunzhuo,False
SYM_04712,尿点滴难出,SYM,Niaodiandinanchu,Niaodiandinanchu,False
SYM_04713,尿短赤,SYM,Niaoduanchi,Niaoduanchi,False
SYM_04714,尿色深红,SYM,Niaoseshenhong,Niaoseshenhong,False
SYM_04715,尿量多,SYM,Niaoliangduo,Niaoliangduo,False
SYM_04716,尿频量多,SYM,Niaopinliangduo,Niaopinliangduo,False
SYM_04717,尿黄赤,SYM,Niaohuangchi,Niaohuangchi,False
SYM_04718,局部组织坏死,SYM,Jubuzuzhihuaisi,Jubuzuzhihuaisi,False
SYM_04719,左颊青赤,SYM,Zuojiaqingchi,Zuojiaqingchi,False
SYM_04720,已食如饥,SYM,Yishiruji,Yishiruji,False
SYM_04721,带血,SYM,Daixue,Daixue,False
SYM_04722,常食后即泻,SYM,Changshihoujixie,Changshihoujixie,False
SYM_04723,形体日见消瘦,SYM,Xingtirijianxiaoshou,Xingtirijianxiaoshou,False
SYM_04724,形体逐渐消瘦,SYM,Xingtizhujianxiaoshou,Xingtizhujianxiaoshou,False
SYM_04725,形衰体倦,SYM,Xingshuaitijuan,Xingshuaitijuan,False
SYM_04726,微痒,SYM,Weiyang,Weiyang,False
SYM_04727,心下痞满,SYM,Xinxiapiman,Xinxiapiman,False
SYM_04728,心中疼热,SYM,Xinzhongtengre,Xinzhongtengre,False
SYM_04729,心悸怔仲,SYM,Xinjizhengzhong,Xinjizhengzhong,False
SYM_04730,心清,SYM,Xinqing,Xinqing,False
SYM_04731,心神恍惚,SYM,Xinshenhuanghu,Xinshenhuanghu,False
SYM_04732,心胸烦闷,SYM,Xinxiongfanmen,Xinxiongfanmen,False
SYM_04733,心胸绞痛,SYM,Xinxiongjiaotong,Xinxiongjiaotong,False
SYM_04734,心腹中大痛,SYM,Xinfuzhongdatong,Xinfuzhongdatong,False
SYM_04735,心腹俱痛,SYM,Xinfujutong,Xinfujutong,False
SYM_04736,心腹大痛,SYM,Xinfudatong,Xinfudatong,False
SYM_04737,心腹急胀,SYM,Xinfujizhang,Xinfujizhang,False
SYM_04738,心腹疼痛,SYM,Xinfutengtong,Xinfutengtong,False
SYM_04739,心腹绞痛,SYM,Xinfujiaotong,Xinfujiaotong,False
SYM_04740,心腹胀满刺痛,SYM,Xinfuzhangmancitong,Xinfuzhangmancitong,False
SYM_04741,忆力减退,SYM,Yilijiantui,Yilijiantui,False
SYM_04742,忽然昏冒不知,SYM,Huranhunmaobuzhi,Huranhunmaobuzhi,False
SYM_04743,怕光流泪,SYM,Paguangliulei,Paguangliulei,False
SYM_04744,怕热,SYM,Pare,Pare,False
SYM_04745,怠惰,SYM,Daiduo,Daiduo,False
SYM_04746,急喘而嗽,SYM,Jichuanersou,Jichuanersou,False
SYM_04747,性器官发育不全,SYM,Xingqiguanfayubuquan,Xingqiguanfayubuquan,False
SYM_04748,性欲亢进,SYM,Xingyukangjin,Xingyukangjin,False
SYM_04749,恶闻人声,SYM,Ewenrensheng,Ewenrensheng,False
SYM_04750,恶闻声响,SYM,Ewenshengxiang,Ewenshengxiang,False
SYM_04751,情志抑郁,SYM,Qingzhiyiyu,Qingzhiyiyu,False
SYM_04752,情绪易于激动,SYM,Qingxuyiyujidong,Qingxuyiyujidong,False
SYM_04753,情绪紧张,SYM,Qingxujinzhang,Qingxujinzhang,False
SYM_04754,惊悸,SYM,Jingji,Jingji,False
SYM_04755,惊跳惊叫,SYM,Jingtiaojingjiao,Jingtiaojingjiao,False
SYM_04756,愈合缓慢,SYM,Yuhehuanman,Yuhehuanman,False
SYM_04757,意识丧失,SYM,Yishisangshi,Yishisangshi,False
SYM_04758,感湿,SYM,Ganshi,Ganshi,False
SYM_04759,或紫黯,SYM,Huozian,Huozian,False
SYM_04760,手撒,SYM,Shousa,Shousa,False
SYM_04761,手撒尿遗,SYM,Shousaniaoyi,Shousaniaoyi,False
SYM_04762,手足壮热,SYM,Shouzuzhuangre,Shouzuzhuangre,False
SYM_04763,手足并温,SYM,Shouzubingwen,Shouzubingwen,False
SYM_04764,手足振颤,SYM,Shouzuzhenchan,Shouzuzhenchan,False
SYM_04765,手足萎软,SYM,Shouzuweiruan,Shouzuweiruan,False
SYM_04766,手足蠕动,SYM,Shouzurudong,Shouzurudong,False
SYM_04767,手足重滞,SYM,Shouzuzhongzhi,Shouzuzhongzhi,False
SYM_04768,抱轮微红,SYM,Baolunweihong,Baolunweihong,False
SYM_04769,指纹浮紫,SYM,Zhiwenfuzi,Zhiwenfuzi,False
SYM_04770,指节坚肿蝉肚形,SYM,Zhijiejianzhongchanduxing,Zhijiejianzhongchanduxing,False
SYM_04771,指螺皱瘪,SYM,Zhiluozhoubie,Zhiluozhoubie,False
SYM_04772,按之不痛,SYM,Anzhibutong,Anzhibutong,False
SYM_04773,按之胸下痛,SYM,Anzhixiongxiatong,Anzhixiongxiatong,False
SYM_04774,排尿困难,SYM,Painiaokunnan,Painiaokunnan,False
SYM_04775,斑片鲜红或紫红,SYM,Banpianxianhonghuozihong,Banpianxianhonghuozihong,False
SYM_04776,斑疹,SYM,Banzhen,Banzhen,False
SYM_04777,斑疹累累,SYM,Banzhenleilei,Banzhenleilei,False
SYM_04778,斑疹隐隐,SYM,Banzhenyinyin,Banzhenyinyin,False
SYM_04779,新肉不生,SYM,Xinroubusheng,Xinroubusheng,False
SYM_04780,无光泽,SYM,Wuguangze,Wuguangze,False
SYM_04781,无尿,SYM,Wuniao,Wuniao,False
SYM_04782,无汗身凉,SYM,Wuhanshenliang,Wuhanshenliang,False
SYM_04783,无泪,SYM,Wulei,Wulei,False
SYM_04784,日久方痛,SYM,Rijiufangtong,Rijiufangtong,False
SYM_04785,早泄,SYM,Zaoxie,Zaoxie,False
SYM_04786,时呕,SYM,Shiou,Shiou,False
SYM_04787,时时下利,SYM,Shishixiali,Shishixiali,False
SYM_04788,时时啼哭,SYM,Shishitiku,Shishitiku,False
SYM_04789,时有谵语,SYM,Shiyouzhanyu,Shiyouzhanyu,False
SYM_04790,时欲小便,SYM,Shiyuxiaobian,Shiyuxiaobian,False
SYM_04791,时溏时泻,SYM,Shitangshixie,Shitangshixie,False
SYM_04792,时见燥渴,SYM,Shijianzaoke,Shijianzaoke,False
SYM_04793,昏冒不知,SYM,Hunmaobuzhi,Hunmaobuzhi,False
SYM_04794,昏厥,SYM,Hunjue,Hunjue,False
SYM_04795,昏愦,SYM,Hunkui,Hunkui,False
SYM_04796,昏睡,SYM,Hunshui,Hunshui,False
SYM_04797,昏睡不醒,SYM,Hunshuibuxing,Hunshuibuxing,False
SYM_04798,昏迷痉厥,SYM,Hunmijingjue,Hunmijingjue,False
SYM_04799,易哭,SYM,Yiku,Yiku,False
SYM_04800,易感冒,SYM,Yiganmao,Yiganmao,False
SYM_04801,智力不健,SYM,Zhilibujian,Zhilibujian,False
SYM_04802,智力发育迟滞,SYM,Zhilifayuchizhi,Zhilifayuchizhi,False
SYM_04803,暮热,SYM,Mure,Mure,False
SYM_04804,暴泻如水,SYM,Baoxierushui,Baoxierushui,False
SYM_04805,暴肿,SYM,Baozhong,Baozhong,False
SYM_04806,月事不来,SYM,Yueshibulai,Yueshibulai,False
SYM_04807,月水不调,SYM,Yueshuibudiao,Yueshuibudiao,False
SYM_04808,月经周期延迟,SYM,Yuejingzhouqiyanchi,Yuejingzhouqiyanchi,False
SYM_04809,月经延后,SYM,Yuejingyanhou,Yuejingyanhou,False
SYM_04810,月经淋漓延期不净,SYM,Yuejinglinliyanqibujing,Yuejinglinliyanqibujing,False
SYM_04811,有冷感,SYM,Youlenggan,Youlenggan,False
SYM_04812,有压痛感,SYM,Youyatonggan,Youyatonggan,False
SYM_04813,有咽喉微痛,SYM,Youyanhouweitong,Youyanhouweitong,False
SYM_04814,有少许脓液,SYM,Youshaoxunongye,Youshaoxunongye,False
SYM_04815,有痒感,SYM,Youyanggan,Youyanggan,False
SYM_04816,有硬骨,SYM,Youyinggu,Youyinggu,False
SYM_04817,朝轻暮重,SYM,Chaoqingmuzhong,Chaoqingmuzhong,False
SYM_04818,枯槁干裂,SYM,Kugaoganlie,Kugaoganlie,False
SYM_04819,枯瘦如柴,SYM,Kushouruchai,Kushouruchai,False
SYM_04820,根脚散漫,SYM,Genjiaosanman,Genjiaosanman,False
SYM_04821,梦遗,SYM,Mengyi,Mengyi,False
SYM_04822,欲吐不得吐,SYM,Yutubudetu,Yutubudetu,False
SYM_04823,欲泻不得泻,SYM,Yuxiebudexie,Yuxiebudexie,False
SYM_04824,毛发根空,SYM,Maofagenkong,Maofagenkong,False
SYM_04825,毛发稀疏枯槁,SYM,Maofaxishukugao,Maofaxishukugao,False
SYM_04826,毛发脱落,SYM,Maofatuoluo,Maofatuoluo,False
SYM_04827,气哽不利,SYM,Qigengbuli,Qigengbuli,False
SYM_04828,水样,SYM,Shuiyang,Shuiyang,False
SYM_04829,水泛为痰,SYM,Shuifanweitan,Shuifanweitan,False
SYM_04830,汗出如雨,SYM,Hanchuruyu,Hanchuruyu,False
SYM_04831,汗出较多,SYM,Hanchujiaoduo,Hanchujiaoduo,False
SYM_04832,治燥,SYM,Zhizao,Zhizao,False
SYM_04833,泄食不化,SYM,Xieshibuhua,Xieshibuhua,False
SYM_04834,泡沫样痰,SYM,Paomoyangtan,Paomoyangtan,False
SYM_04835,泪多眵结,SYM,Leiduochijie,Leiduochijie,False
SYM_04836,泻下清稀,SYM,Xiexiaqingxi,Xiexiaqingxi,False
SYM_04837,泻下粪便臭如败卵,SYM,Xiexiafenbianchourubailuan,Xiexiafenbianchourubailuan,False
SYM_04838,泻下酸臭,SYM,Xiexiasuanchou,Xiexiasuanchou,False
SYM_04839,泻如水注,SYM,Xierushuizhu,Xierushuizhu,False
SYM_04840,消谷善饥,SYM,Xiaogushanji,Xiaogushanji,False
SYM_04841,涕睡稠粘,SYM,Tishuichouzhan,Tishuichouzhan,False
SYM_04842,涕黄,SYM,Tihuang,Tihuang,False
SYM_04843,涩痛不甚,SYM,Setongbushen,Setongbushen,False
SYM_04844,淋出如脂,SYM,Linchuruzhi,Linchuruzhi,False
SYM_04845,淋涩作痛,SYM,Linsezuotong,Linsezuotong,False
SYM_04846,淋秘割痛,SYM,Linmigetong,Linmigetong,False
SYM_04847,淡黄,SYM,Danhuang,Danhuang,False
SYM_04848,混有血液血块,SYM,Hunyouxueyexuekuai,Hunyouxueyexuekuai,False
SYM_04849,清涕如水,SYM,Qingtirushui,Qingtirushui,False
SYM_04850,渗液,SYM,Shenye,Shenye,False
SYM_04851,渴喜凉饮,SYM,Kexiliang Yin,Kexiliang Yin,False
SYM_04852,溺短赤热,SYM,Niduanchire,Niduanchire,False
SYM_04853,溺血,SYM,Nixue,Nixue,False
SYM_04854,溺黄赤,SYM,Nihuangchi,Nihuangchi,False
SYM_04855,满口色红,SYM,Mankousehong,Mankousehong,False
SYM_04856,滴沥不尽,SYM,Dilibujin,Dilibujin,False
SYM_04857,漫肿无头,SYM,Manzhongwutou,Manzhongwutou,False
SYM_04858,火炽,SYM,Huochi,Huochi,False
SYM_04859,烦懑,SYM,Fanmen,Fanmen,False
SYM_04860,烦闷不安,SYM,Fanmenbuan,Fanmenbuan,False
SYM_04861,热则肠中鸣,SYM,Rezechangzhongming,Rezechangzhongming,False
SYM_04862,热泪如汤,SYM,Releiru Tang,Releiru Tang,False
SYM_04863,热甚寒微,SYM,Reshenhanwei,Reshenhanwei,False
SYM_04864,爪甲不荣,SYM,Zhaojiaburong,Zhaojiaburong,False
SYM_04865,爪甲黄,SYM,Zhaojiahuang,Zhaojiahuang,False
SYM_04866,牙疳腐,SYM,Yaganfu,Yaganfu,False
SYM_04867,牙齿摇,SYM,Yachiyao,Yachiyao,False
SYM_04868,牙齿松动,SYM,Yachisongdong,Yachisongdong,False
SYM_04869,牙龈恶凉,SYM,Yayineliang,Yayineliang,False
SYM_04870,牙龈肿痛,SYM,Yayinzhongtong,Yayinzhongtong,False
SYM_04871,牙龈腐烂,SYM,Yayinfulan,Yayinfulan,False
SYM_04872,玻璃体混浊呈点状絮状或团块状,SYM,Bolitihunzhuochengdianzhuangxuzhuanghuotuankuaizhuang,Bolitihunzhuochengdianzhuangxuzhuanghuotuankuaizhuang,False
SYM_04873,生于软肋,SYM,Shengyuruanlei,Shengyuruanlei,False
SYM_04874,畏热,SYM,Weire,Weire,False
SYM_04875,畸形,SYM,Jixing,Jixing,False
SYM_04876,疥形如豆粒,SYM,Jiexingrudouli,Jiexingrudouli,False
SYM_04877,疮头紫暗,SYM,Chuangtouzian,Chuangtouzian,False
SYM_04878,疱疹可波及四肢臀部肛周,SYM,Paozhenkebojisizhitunbugangzhou,Paozhenkebojisizhitunbugangzhou,False
SYM_04879,疳疮破溃,SYM,Ganchuangpokui,Ganchuangpokui,False
SYM_04880,疼痛较甚,SYM,Tengtongjiaoshen,Tengtongjiaoshen,False
SYM_04881,痒涩羞明,SYM,Yangsexiuming,Yangsexiuming,False
SYM_04882,痛如鸡啄,SYM,Tongrujizhuo,Tongrujizhuo,False
SYM_04883,痛胀泄泻,SYM,Tongzhangxiexie,Tongzhangxiexie,False
SYM_04884,痞硬疼,SYM,Piyingteng,Piyingteng,False
SYM_04885,痢下鲜紫脓血,SYM,Lixiaxianzinongxue,Lixiaxianzinongxue,False
SYM_04886,痰中带血丝,SYM,Tanzhongdaixuesi,Tanzhongdaixuesi,False
SYM_04887,痰吐白沫,SYM,Tantubaimo,Tantubaimo,False
SYM_04888,痰嗽痰喘,SYM,Tansoutanchuan,Tansoutanchuan,False
SYM_04889,痰声漉漉,SYM,Tanshenglulu,Tanshenglulu,False
SYM_04890,痰少黏白,SYM,Tanshaonianbai,Tanshaonianbai,False
SYM_04891,痰浊中阻,SYM,Tanzhuozhongzu,Phlegm-turbidity obstructing centre,True
SYM_04892,痰浊内生,SYM,Tanzhuoneisheng,Internal phlegm-turbidity,True
SYM_04893,痰白如沫,SYM,Tanbairumo,Tanbairumo,False
SYM_04894,痰稀白,SYM,Tanxibai,Tanxibai,False
SYM_04895,痰血,SYM,Tanxue,Tanxue,False
SYM_04896,痰黏色黄,SYM,Tanniansehuang,Tanniansehuang,False
SYM_04897,瘀血阻滞,SYM,Yuxuezuzhi,Yuxuezuzhi,False
SYM_04898,癃闭,SYM,Longbi,Longbi,False
SYM_04899,白皮,SYM,Baipi,Baipi,False
SYM_04900,白睛浮肿,SYM,Baijingfuzhong,Baijingfuzhong,False
SYM_04901,白睛淡红,SYM,Baijingdanhong,Baijingdanhong,False
SYM_04902,白睛淡赤,SYM,Baijingdanchi,Baijingdanchi,False
SYM_04903,白秃疮,SYM,Baituchuang,Baituchuang,False
SYM_04904,白色喉风,SYM,Baisehoufeng,Baisehoufeng,False
SYM_04905,皮损肥厚,SYM,Pisunfeihou,Pisunfeihou,False
SYM_04906,皮疹暗红,SYM,Pizhenanhong,Pizhenanhong,False
SYM_04907,皮肤发白,SYM,Pifufabai,Pifufabai,False
SYM_04908,皮肤搔痒,SYM,Pifusaoyang,Pifusaoyang,False
SYM_04909,皮肤水疱,SYM,Pifushuipao,Pifushuipao,False
SYM_04910,皮肤粗糙,SYM,Pifucucao,Pifucucao,False
SYM_04911,皮肤萎缩,SYM,Pifuweisuo,Pifuweisuo,False
SYM_04912,皮肤蒸热,SYM,Pifuzhengre,Pifuzhengre,False
SYM_04913,皮色紫暗,SYM,Pisezian,Pisezian,False
SYM_04914,目合口张,SYM,Muhekouzhang,Muhekouzhang,False
SYM_04915,目涩视昏,SYM,Museshihun,Museshihun,False
SYM_04916,目睫无力,SYM,Mujiewuli,Mujiewuli,False
SYM_04917,目窍失养,SYM,Muqiaoshiyang,Muqiaoshiyang,False
SYM_04918,目闭口噤,SYM,Mubikoujin,Mubikoujin,False
SYM_04919,目陷口张,SYM,Muxiankouzhang,Muxiankouzhang,False
SYM_04920,目青面红,SYM,Muqingmianhong,Muqingmianhong,False
SYM_04921,眉棱颞颥闷痛,SYM,Meilengnierumentong,Meilengnierumentong,False
SYM_04922,眉骨疼痛,SYM,Meigutengtong,Meigutengtong,False
SYM_04923,眩冒麻痹,SYM,Xuanmaomabi,Xuanmaomabi,False
SYM_04924,眵多胶结,SYM,Chiduojiaojie,Chiduojiaojie,False
SYM_04925,眼内奇痒,SYM,Yanneiqiyang,Yanneiqiyang,False
SYM_04926,眼内干涩,SYM,Yanneiganse,Yanneiganse,False
SYM_04927,眼内有红筋斑血,SYM,Yanneiyouhongjinbanxue,Yanneiyouhongjinbanxue,False
SYM_04928,眼珠胀硬,SYM,Yanzhuzhangying,Yanzhuzhangying,False
SYM_04929,眼珠隐痛,SYM,Yanzhuyintong,Yanzhuyintong,False
SYM_04930,眼生眵泪,SYM,Yanshengchilei,Yanshengchilei,False
SYM_04931,眼痒,SYM,Yanyang,Yanyang,False
SYM_04932,眼眶凹陷,SYM,Yankuangaoxian,Yankuangaoxian,False
SYM_04933,眼眶黯黑,SYM,Yankuanganhei,Yankuanganhei,False
SYM_04934,眼睑下垂,SYM,Yanjianxiachui,Yanjianxiachui,False
SYM_04935,睾丸外悬,SYM,Gaowanwaixuan,Gaowanwaixuan,False
SYM_04936,瞳神紧小,SYM,Tongshenjinxiao,Tongshenjinxiao,False
SYM_04937,短气息促,SYM,Duanqixicu,Duanqixicu,False
SYM_04938,破溃糜烂,SYM,Pokuimilan,Pokuimilan,False
SYM_04939,神情懒倦,SYM,Shenqinglanjuan,Shenqinglanjuan,False
SYM_04940,神昏抽搐,SYM,Shenhunchouchu,Shenhunchouchu,False
SYM_04941,神气困乏,SYM,Shenqikunfa,Shenqikunfa,False
SYM_04942,神气怯弱,SYM,Shenqiqieruo,Shenqiqieruo,False
SYM_04943,神水混浊,SYM,Shenshuihunzhuo,Shenshuihunzhuo,False
SYM_04944,神短忽忽,SYM,Shenduanhuhu,Shenduanhuhu,False
SYM_04945,神识呆钝,SYM,Shenshidaidun,Shenshidaidun,False
SYM_04946,神识欠清,SYM,Shenshiqianqing,Shenshiqianqing,False
SYM_04947,突然昏厥,SYM,Turanhunjue,Turanhunjue,False
SYM_04948,第二性征发育不良,SYM,Dierxingzhengfayubuliang,Dierxingzhengfayubuliang,False
SYM_04949,筋挛语涩,SYM,Jinluanyuse,Jinluanyuse,False
SYM_04950,筋骨多疼,SYM,Jinguduoteng,Jinguduoteng,False
SYM_04951,筋骨萎软,SYM,Jinguweiruan,Jinguweiruan,False
SYM_04952,粗如积粉,SYM,Curujifen,Curujifen,False
SYM_04953,粪便臭如败卵,SYM,Fenbianchourubailuan,Fenbianchourubailuan,False
SYM_04954,粪色黄褐,SYM,Fensehuanghe,Fensehuanghe,False
SYM_04955,精溺俱出,SYM,Jingnijuchu,Jingnijuchu,False
SYM_04956,精神困乏,SYM,Jingshenkunfa,Jingshenkunfa,False
SYM_04957,精神忧郁,SYM,Jingshenyouyu,Jingshenyouyu,False
SYM_04958,精神短少,SYM,Jingshenduanshao,Jingshenduanshao,False
SYM_04959,精神软弱,SYM,Jingshenruanruo,Jingshenruanruo,False
SYM_04960,精神郁闷,SYM,Jingshenyumen,Jingshenyumen,False
SYM_04961,紫白斑,SYM,Zibaiban,Zibaiban,False
SYM_04962,紫红可伴,SYM,Zihongkeban,Zihongkeban,False
SYM_04963,红肿烂斑大痛,SYM,Hongzhonglanbandatong,Red swollen ulcerated macules,True
SYM_04964,红肿热痛,SYM,Hongzhongretong,Hongzhongretong,False
SYM_04965,纳减,SYM,Najian,Najian,False
SYM_04966,纳谷不香,SYM,Nagubuxiang,Nagubuxiang,False
SYM_04967,纳食较差,SYM,Nashijiaocha,Nashijiaocha,False
SYM_04968,经后作痛,SYM,Jinghouzuotong,Jinghouzuotong,False
SYM_04969,经少渐闭,SYM,Jingshaojianbi,Jingshaojianbi,False
SYM_04970,经期提前,SYM,Jingqitiqian,Jingqitiqian,False
SYM_04971,经水断绝,SYM,Jingshuiduanjue,Jingshuiduanjue,False
SYM_04972,经水闭绝不行,SYM,Jingshuibijuebuxing,Jingshuibijuebuxing,False
SYM_04973,经漏不止,SYM,Jingloubuzhi,Jingloubuzhi,False
SYM_04974,经色紫红,SYM,Jingsezihong,Jingsezihong,False
SYM_04975,经行量多,SYM,Jingxingliangduo,Jingxingliangduo,False
SYM_04976,经量多,SYM,Jingliangduo,Jingliangduo,False
SYM_04977,结块,SYM,Jiekuai,Jiekuai,False
SYM_04978,结毒遍生,SYM,Jiedubiansheng,Jiedubiansheng,False
SYM_04979,结痂,SYM,Jiejia,Jiejia,False
SYM_04980,置之沉淀,SYM,Zhizhichendian,Zhizhichendian,False
SYM_04981,耳中肿胀,SYM,Erzhongzhongzhang,Erzhongzhongzhang,False
SYM_04982,耳内胀闷堵塞感,SYM,Erneizhangmendusegan,Erneizhangmendusegan,False
SYM_04983,耳屏压痛,SYM,Erpingyatong,Erpingyatong,False
SYM_04984,耳廓牵拉痛,SYM,Erkuoqianlatong,Erkuoqianlatong,False
SYM_04985,耳痒,SYM,Eryang,Eryang,False
SYM_04986,肋骨串珠,SYM,Leiguchuanzhu,Leiguchuanzhu,False
SYM_04987,肌肉瘦削,SYM,Jiroushouxue,Jiroushouxue,False
SYM_04988,肌肉羸瘦,SYM,Jirouleishou,Jirouleishou,False
SYM_04989,肌肤不荣,SYM,Jifuburong,Jifuburong,False
SYM_04990,肌肤枯燥,SYM,Jifukuzao,Jifukuzao,False
SYM_04991,肚胀腹热,SYM,Duzhangfure,Duzhangfure,False
SYM_04992,肚腹作痛,SYM,Dufuzuotong,Dufuzuotong,False
SYM_04993,肛内肿物脱出,SYM,Gangneizhongwutuochu,Gangneizhongwutuochu,False
SYM_04994,肛周有溃口,SYM,Gangzhouyoukuikou,Gangzhouyoukuikou,False
SYM_04995,肛管紧缩,SYM,Gangguanjinsuo,Gangguanjinsuo,False
SYM_04996,肛门坠胀,SYM,Gangmenzhuizhang,Gangmenzhuizhang,False
SYM_04997,肛门松弛,SYM,Gangmensongchi,Gangmensongchi,False
SYM_04998,肛门热痛,SYM,Gangmenretong,Gangmenretong,False
SYM_04999,肛门赤灼,SYM,Gangmenchizhuo,Gangmenchizhuo,False
SYM_05000,肠痈,SYM,Changyong,Changyong,False
SYM_05001,肠鸣下利,SYM,Changmingxiali,Changmingxiali,False
SYM_05002,肠鸣泄泻,SYM,Changmingxiexie,Changmingxiexie,False
SYM_05003,肢体倦怠,SYM,Zhitijuandai,Zhitijuandai,False
SYM_05004,肢体发凉,SYM,Zhitifaliang,Zhitifaliang,False
SYM_05005,肢体困惫,SYM,Zhitikunbei,Zhitikunbei,False
SYM_05006,肢体抽搐,SYM,Zhitichouchu,Zhitichouchu,False
SYM_05007,肢体沉重,SYM,Zhitichenzhong,Zhitichenzhong,False
SYM_05008,肢体软瘫,SYM,Zhitiruantan,Zhitiruantan,False
SYM_05009,肢体颤抖,SYM,Zhitichandou,Zhitichandou,False
SYM_05010,肢懈,SYM,Zhixie,Zhixie,False
SYM_05011,肢节肿胀,SYM,Zhijiezhongzhang,Zhijiezhongzhang,False
SYM_05012,肢软无力,SYM,Zhiruanwuli,Zhiruanwuli,False
SYM_05013,肢重怠惰,SYM,Zhizhongdaiduo,Zhizhongdaiduo,False
SYM_05014,肤冷,SYM,Fuleng,Fuleng,False
SYM_05015,肤色紫暗,SYM,Fusezian,Fusezian,False
SYM_05016,肩背沉重,SYM,Jianbeichenzhong,Jianbeichenzhong,False
SYM_05017,肿大如李,SYM,Zhongdaruli,Zhongdaruli,False
SYM_05018,肿疼痛,SYM,Zhongtengtong,Zhongtengtong,False
SYM_05019,肿阔盈尺,SYM,Zhongkuoyingchi,Zhongkuoyingchi,False
SYM_05020,胀满不舒,SYM,Zhangmanbushu,Zhangmanbushu,False
SYM_05021,胁急胀痛,SYM,Xiejizhangtong,Xiejizhangtong,False
SYM_05022,胁肋微痛,SYM,Xieleweitong,Xieleweitong,False
SYM_05023,胁肋胀满,SYM,Xielezhangman,Xielezhangman,False
SYM_05024,胃痞胀满,SYM,Weipizhangman,Weipizhangman,False
SYM_05025,胃脘嘈杂,SYM,Weiwancaoza,Weiwancaoza,False
SYM_05026,胃脘痞满,SYM,Weiwanpiman,Weiwanpiman,False
SYM_05027,胃脘闷胀,SYM,Weiwanmenzhang,Weiwanmenzhang,False
SYM_05028,胆汁泛溢,SYM,Danzhifanyi,Danzhifanyi,False
SYM_05029,背腰反张,SYM,Beiyaofanzhang,Beiyaofanzhang,False
SYM_05030,胎动不安,SYM,Taidongbuan,Taidongbuan,False
SYM_05031,胎漏黄浆,SYM,Tailouhuangjiang,Tailouhuangjiang,False
SYM_05032,胞睑肿胀,SYM,Baojianzhongzhang,Baojianzhongzhang,False
SYM_05033,胞衣不下,SYM,Baoyibuxia,Baoyibuxia,False
SYM_05034,胸前胀满,SYM,Xiongqianzhangman,Xiongqianzhangman,False
SYM_05035,胸满气粗,SYM,Xiongmanqicu,Xiongmanqicu,False
SYM_05036,胸痛彻背,SYM,Xiongtongchebei,Xiongtongchebei,False
SYM_05037,胸胁不舒,SYM,Xiongxiebushu,Xiongxiebushu,False
SYM_05038,胸胁刺痛,SYM,Xiongxiecitong,Xiongxiecitong,False
SYM_05039,胸脘痞满,SYM,Xiongwanpiman,Xiongwanpiman,False
SYM_05040,胸腹满闷,SYM,Xiongfumanmen,Xiongfumanmen,False
SYM_05041,胸腹白疹,SYM,Xiongfubaizhen,Xiongfubaizhen,False
SYM_05042,胸腹胀满,SYM,Xiongfuzhangman,Xiongfuzhangman,False
SYM_05043,胸膈满胀,SYM,Xionggemanzhang,Xionggemanzhang,False
SYM_05044,胸膈痞满,SYM,Xionggepiman,Xionggepiman,False
SYM_05045,胸膈痞闷,SYM,Xionggepimen,Xionggepimen,False
SYM_05046,胸膈胀满,SYM,Xionggezhangman,Xionggezhangman,False
SYM_05047,胸部膨满,SYM,Xiongbupengman,Xiongbupengman,False
SYM_05048,胸闷心慌,SYM,Xiongmenxinhuang,Xiongmenxinhuang,False
SYM_05049,胸闷痞满,SYM,Xiongmenpiman,Xiongmenpiman,False
SYM_05050,胸骨后灼痛,SYM,Xiongguhouzhuotong,Xiongguhouzhuotong,False
SYM_05051,胸高胁陷,SYM,Xionggaoxiexian,Xionggaoxiexian,False
SYM_05052,脂瘤,SYM,Zhiliu,Zhiliu,False
SYM_05053,脉弱,SYM,Mairuo,Mairuo,False
SYM_05054,脉沉细无力,SYM,Maichenxiwuli,Maichenxiwuli,False
SYM_05055,脉沉迟,SYM,Maichenchi,Maichenchi,False
SYM_05056,脉缓,SYM,Maihuan,Maihuan,False
SYM_05057,脉象细涩,SYM,Maixiangxise,Maixiangxise,False
SYM_05058,脐下冰冷,SYM,Qixiabingleng,Qixiabingleng,False
SYM_05059,脐痈,SYM,Qiyong,Qiyong,False
SYM_05060,脐腹冷痛,SYM,Qifulengtong,Qifulengtong,False
SYM_05061,脑转,SYM,Naozhuan,Naozhuan,False
SYM_05062,脓水清稀,SYM,Nongshuiqingxi,Nongshuiqingxi,False
SYM_05063,脓痰不尽,SYM,Nongtanbujin,Nongtanbujin,False
SYM_05064,脓血,SYM,Nongxue,Nongxue,False
SYM_05065,脘胁胀闷不适,SYM,Wanxiezhangmenbushi,Wanxiezhangmenbushi,False
SYM_05066,脘腹痞满,SYM,Wanfupiman,Wanfupiman,False
SYM_05067,脘腹饱胀,SYM,Wanfubaozhang,Wanfubaozhang,False
SYM_05068,脱发,SYM,Tuofa,Tuofa,False
SYM_05069,脱屑,SYM,Tuoxie,Tuoxie,False
SYM_05070,脱肛,SYM,Tuogang,Tuogang,False
SYM_05071,腐肉败脱,SYM,Furoubaituo,Furoubaituo,False
SYM_05072,腐肉难脱,SYM,Furounantuo,Furounantuo,False
SYM_05073,腰疼,SYM,Yaoteng,Yaoteng,False
SYM_05074,腰背酸痛,SYM,Yaobeisuantong,Yaobeisuantong,False
SYM_05075,腰脚痛,SYM,Yaojiaotong,Yaojiaotong,False
SYM_05076,腰腹胀痛,SYM,Yaofuzhangtong,Yaofuzhangtong,False
SYM_05077,腰腹隐痛,SYM,Yaofuyintong,Yaofuyintong,False
SYM_05078,腹中纹痛,SYM,Fuzhongwentong,Fuzhongwentong,False
SYM_05079,腹中雷鸣,SYM,Fuzhongleiming,Fuzhongleiming,False
SYM_05080,腹大,SYM,Fuda,Fuda,False
SYM_05081,腹大坚满,SYM,Fudajianman,Fudajianman,False
SYM_05082,腹急气塞,SYM,Fujiqisai,Fujiqisai,False
SYM_05083,腹急而痛,SYM,Fujiertong,Fujiertong,False
SYM_05084,腹时痛,SYM,Fushitong,Fushitong,False
SYM_05085,腹满肠鸣,SYM,Fumanchangming,Fumanchangming,False
SYM_05086,腹硬,SYM,Fuying,Fuying,False
SYM_05087,腹胀便秘,SYM,Fuzhangbianmi,Fuzhangbianmi,False
SYM_05088,腹胀脘痞,SYM,Fuzhangwanpi,Fuzhangwanpi,False
SYM_05089,腹胀脘闷,SYM,Fuzhangwanmen,Fuzhangwanmen,False
SYM_05090,腹部冷痛,SYM,Fubulengtong,Fubulengtong,False
SYM_05091,腹部胀满有水,SYM,Fubuzhangmanyoushui,Fubuzhangmanyoushui,False
SYM_05092,舌下络脉青紫,SYM,Shexialuomaiqingzi,Shexialuomaiqingzi,False
SYM_05093,舌下脉络青紫纡曲,SYM,Shexiamailuoqingziyuqu,Shexiamailuoqingziyuqu,False
SYM_05094,舌体胖,SYM,Shetipang,Shetipang,False
SYM_05095,舌尖边红,SYM,Shejianbianhong,Shejianbianhong,False
SYM_05096,舌有瘀斑,SYM,Sheyouyuban,Sheyouyuban,False
SYM_05097,舌淡嫩,SYM,Shedannen,Shedannen,False
SYM_05098,舌淡或暗紫,SYM,Shedanhuoanzi,Shedanhuoanzi,False
SYM_05099,舌淡黯,SYM,Shedanan,Shedanan,False
SYM_05100,舌渴,SYM,Sheke,Sheke,False
SYM_05101,舌焦红,SYM,Shejiaohong,Shejiaohong,False
SYM_05102,舌痿,SYM,Shewei,Shewei,False
SYM_05103,舌白尖赤,SYM,Shebaijianchi,Shebaijianchi,False
SYM_05104,舌白滑,SYM,Shebaihua,Shebaihua,False
SYM_05105,舌白腻,SYM,Shebaini,Shebaini,False
SYM_05106,舌紫暗者,SYM,Shezianzhe,Shezianzhe,False
SYM_05107,舌红苔黄腻,SYM,Shehongtaihuangni,Shehongtaihuangni,False
SYM_05108,舌胖嫩,SYM,Shepangnen,Shepangnen,False
SYM_05109,舌胖嫩圆大,SYM,Shepangnenyuanda,Shepangnenyuanda,False
SYM_05110,舌色绛赤,SYM,Shesejiangchi,Shesejiangchi,False
SYM_05111,舌苔厚浊,SYM,Shetaihouzhuo,Shetaihouzhuo,False
SYM_05112,舌苔垢浊,SYM,Shetaigouzhuo,Shetaigouzhuo,False
SYM_05113,舌苔垢浊或厚腻,SYM,Shetaigouzhuohuohouni,Shetaigouzhuohuohouni,False
SYM_05114,舌苔少,SYM,Shetaishao,Shetaishao,False
SYM_05115,舌苔微白,SYM,Shetaiweibai,Shetaiweibai,False
SYM_05116,舌苔浊腻,SYM,Shetaizhuoni,Shetaizhuoni,False
SYM_05117,舌苔白厚或腻,SYM,Shetaibaihouhuoni,Shetaibaihouhuoni,False
SYM_05118,舌苔腐白,SYM,Shetaifubai,Shetaifubai,False
SYM_05119,舌苔腻,SYM,Shetaini,Shetaini,False
SYM_05120,舌苔黄或黄腻,SYM,Shetaihuanghuohuangni,Shetaihuanghuohuangni,False
SYM_05121,舌苔黄燥,SYM,Shetaihuangzao,Shetaihuangzao,False
SYM_05122,舌质干红,SYM,Shezhiganhong,Shezhiganhong,False
SYM_05123,舌质紫绛,SYM,Shezhizijiang,Shezhizijiang,False
SYM_05124,舌软,SYM,Sheruan,Sheruan,False
SYM_05125,良久复作,SYM,Liangjiufuzuo,Liangjiufuzuo,False
SYM_05126,色微黄,SYM,Seweihuang,Seweihuang,False
SYM_05127,色暗红,SYM,Seanhong,Seanhong,False
SYM_05128,色淡白,SYM,Sedanbai,Sedanbai,False
SYM_05129,色淡黯,SYM,Sedanan,Sedanan,False
SYM_05130,色紫黑,SYM,Sezihei,Sezihei,False
SYM_05131,色艳红,SYM,Seyanhong,Seyanhong,False
SYM_05132,色苍老,SYM,Secanglao,Secanglao,False
SYM_05133,苔光剥,SYM,Taiguangbo,Taiguangbo,False
SYM_05134,苔或腻,SYM,Taihuoni,Taihuoni,False
SYM_05135,苔白或黄,SYM,Taibaihuohuang,Taibaihuohuang,False
SYM_05136,苔腻或滑,SYM,Tainihuohua,Tainihuohua,False
SYM_05137,苔薄白或白腻,SYM,Taibaobaihuobaini,Taibaobaihuobaini,False
SYM_05138,苔转黄燥,SYM,Taizhuanhuangzao,Taizhuanhuangzao,False
SYM_05139,苔黄或黄厚,SYM,Taihuanghuohuanghou,Taihuanghuohuanghou,False
SYM_05140,虫痛发作,SYM,Chongtongfazuo,Chongtongfazuo,False
SYM_05141,血不足,SYM,Xuebuzu,Xuebuzu,False
SYM_05142,血丝色偏紫暗,SYM,Xuesisepianzian,Xuesisepianzian,False
SYM_05143,血水,SYM,Xueshui,Xueshui,False
SYM_05144,血色深红,SYM,Xueseshenhong,Xueseshenhong,False
SYM_05145,表情淡漠,SYM,Biaoqingdanmo,Biaoqingdanmo,False
SYM_05146,表面不平,SYM,Biaomianbuping,Biaomianbuping,False
SYM_05147,视力下降,SYM,Shilixiajiang,Shilixiajiang,False
SYM_05148,视物变形,SYM,Shiwubianxing,Shiwubianxing,False
SYM_05149,视网膜上有片状出血,SYM,Shiwangmoshangyoupianzhuangchuxie,Shiwangmoshangyoupianzhuangchuxie,False
SYM_05150,言语失常,SYM,Yanyushichang,Yanyushichang,False
SYM_05151,语声低怯,SYM,Yushengdiqie,Yushengdiqie,False
SYM_05152,语蹇,SYM,Yujian,Yujian,False
SYM_05153,质胖,SYM,Zhipang,Zhipang,False
SYM_05154,质韧,SYM,Zhiren,Zhiren,False
SYM_05155,质黏稠,SYM,Zhinianchou,Zhinianchou,False
SYM_05156,赤痒痛,SYM,Chiyangtong,Chiyangtong,False
SYM_05157,足蜷卧,SYM,Zuquanwo,Zuquanwo,False
SYM_05158,身体发热,SYM,Shentifare,Shentifare,False
SYM_05159,身体沉重,SYM,Shentichenzhong,Shentichenzhong,False
SYM_05160,身体痛重,SYM,Shentitongzhong,Shentitongzhong,False
SYM_05161,身体瘦弱,SYM,Shentishouruo,Shentishouruo,False
SYM_05162,身体肿胀,SYM,Shentizhongzhang,Shentizhongzhang,False
SYM_05163,身重困倦,SYM,Shenzhongkunjuan,Shenzhongkunjuan,False
SYM_05164,过时复发,SYM,Guoshifufa,Guoshifufa,False
SYM_05165,通身肿满,SYM,Tongshenzhongman,Tongshenzhongman,False
SYM_05166,遇寒加重,SYM,Yuhanjiazhong,Yuhanjiazhong,False
SYM_05167,酒毒喉风,SYM,Jiuduhoufeng,Jiuduhoufeng,False
SYM_05168,酿脓,SYM,Niangnong,Niangnong,False
SYM_05169,闷乱,SYM,Menluan,Menluan,False
SYM_05170,阴囊肿胀,SYM,Yinnangzhongzhang,Yinnangzhongzhang,False
SYM_05171,阴茎部溃烂,SYM,Yinjingbukuilan,Yinjingbukuilan,False
SYM_05172,阴道干涩,SYM,Yindaoganse,Yindaoganse,False
SYM_05173,阴部肌肤肿溃,SYM,Yinbujifuzhongkui,Yinbujifuzhongkui,False
SYM_05174,阵发性脐腹剧烈疼痛,SYM,Zhenfaxingqifujulietengtong,Zhenfaxingqifujulietengtong,False
SYM_05175,随处可生,SYM,Suichukesheng,Suichukesheng,False
SYM_05176,霍乱吐利,SYM,Huoluantuli,Huoluantuli,False
SYM_05177,面唇色白,SYM,Mianchunsebai,Mianchunsebai,False
SYM_05178,面白无华,SYM,Mianbaiwuhua,Mianbaiwuhua,False
SYM_05179,面目浮肿,SYM,Mianmufuzhong,Mianmufuzhong,False
SYM_05180,面目身黄,SYM,Mianmushenhuang,Mianmushenhuang,False
SYM_05181,面色乍青,SYM,Miansezhaqing,Miansezhaqing,False
SYM_05182,面色惨白,SYM,Miansecanbai,Miansecanbai,False
SYM_05183,面色时红时白,SYM,Mianseshihongshibai,Mianseshihongshibai,False
SYM_05184,面色枯白,SYM,Miansekubai,Miansekubai,False
SYM_05185,面色灰白,SYM,Miansehuibai,Miansehuibai,False
SYM_05186,面色紫暗,SYM,Miansezian,Miansezian,False
SYM_05187,面色红赤,SYM,Miansehongchi,Miansehongchi,False
SYM_05188,面色青晦,SYM,Mianseqinghui,Mianseqinghui,False
SYM_05189,面色青苍,SYM,Mianseqingcang,Mianseqingcang,False
SYM_05190,面色黄滞,SYM,Miansehuangzhi,Miansehuangzhi,False
SYM_05191,面赤潮热,SYM,Mianchichaore,Mianchichaore,False
SYM_05192,面部褐斑,SYM,Mianbuheban,Mianbuheban,False
SYM_05193,项强,SYM,Xiangqiang,Xiangqiang,False
SYM_05194,须臾则醒,SYM,Xuyuzexing,Xuyuzexing,False
SYM_05195,须臾自醒,SYM,Xuyuzixing,Xuyuzixing,False
SYM_05196,颈前结块,SYM,Jingqianjiekuai,Jingqianjiekuai,False
SYM_05197,颈旁结块,SYM,Jingpangjiekuai,Jingpangjiekuai,False
SYM_05198,颐颔粗肿,SYM,Yihancuzhong,Yihancuzhong,False
SYM_05199,频咳,SYM,Pinke,Pinke,False
SYM_05200,颜面微浮,SYM,Yanmianweifu,Yanmianweifu,False
SYM_05201,颜面青紫,SYM,Yanmianqingzi,Yanmianqingzi,False
SYM_05202,额汗如油,SYM,Ehanruyou,Ehanruyou,False
SYM_05203,食不甘,SYM,Shibugan,Shibugan,False
SYM_05204,食入反出,SYM,Shirufanchu,Shirufanchu,False
SYM_05205,食则饱胀,SYM,Shizebaozhang,Shizebaozhang,False
SYM_05206,食后胀甚,SYM,Shihouzhangshen,Shihouzhangshen,False
SYM_05207,食梗涩难下,SYM,Shigengsenanxia,Shigengsenanxia,False
SYM_05208,食欲减退,SYM,Shiyujiantui,Shiyujiantui,False
SYM_05209,食欲欠佳,SYM,Shiyuqianjia,Shiyuqianjia,False
SYM_05210,食纳少,SYM,Shinashao,Shinashao,False
SYM_05211,食道梗塞不舒,SYM,Shidaogengsebushu,Shidaogengsebushu,False
SYM_05212,食难用饱,SYM,Shinanyongbao,Shinanyongbao,False
SYM_05213,饥不欲食,SYM,Jibuyushi,Jibuyushi,False
SYM_05214,饮水即吐,SYM,Yinshuijitu,Yinshuijitu,False
SYM_05215,饮食不化,SYM,Yinshibuhua,Yinshibuhua,False
SYM_05216,饮食并减,SYM,Yinshibingjian,Yinshibingjian,False
SYM_05217,饮食无味,SYM,Yinshiwuwei,Yinshiwuwei,False
SYM_05218,骨软痿弱,SYM,Guruanweiruo,Guruanweiruo,False
SYM_05219,骨鲠,SYM,Gugeng,Gugeng,False
SYM_05220,高突,SYM,Gaotu,Gaotu,False
SYM_05221,鲜血,SYM,Xianxue,Xianxue,False
SYM_05222,麻木,SYM,Mamu,Mamu,False
SYM_05223,黄仁纹理不清,SYM,Huangrenwenlibuqing,Huangrenwenlibuqing,False
SYM_05224,黄液上冲,SYM,Huangyeshangchong,Huangyeshangchong,False
SYM_05225,黄疸,SYM,Huangdan,Huangdan,False
SYM_05226,黄疸较深,SYM,Huangdanjiaoshen,Huangdanjiaoshen,False
SYM_05227,黄色晦暗,SYM,Huangsehuian,Huangsehuian,False
SYM_05228,黄色鲜明,SYM,Huangsexianming,Huangsexianming,False
SYM_05229,黏膜红赤,SYM,Nianmohongchi,Nianmohongchi,False
SYM_05230,黑睛猝然偏斜,SYM,Heijingcuranpianxie,Sudden deviation of the dark of the eye,True
SYM_05231,黑睛生翳,SYM,Heijingshengyi,Heijingshengyi,False
SYM_05232,黧黑,SYM,Lihei,Lihei,False
SYM_05233,鼠乳,SYM,Shuru,Shuru,False
SYM_05234,鼻唇先干,SYM,Bichunxiangan,Bichunxiangan,False
SYM_05235,鼻塞孔干,SYM,Bisekonggan,Bisekonggan,False
SYM_05236,鼻塞涕黄,SYM,Bisetihuang,Bisetihuang,False
SYM_05237,鼻毛脱落,SYM,Bimaotuoluo,Bimaotuoluo,False
SYM_05238,鼻气灼热,SYM,Biqizhuore,Biqizhuore,False
SYM_05239,鼻燥,SYM,Bizao,Bizao,False
SYM_05240,鼻腔干燥灼热感,SYM,Biqiangganzaozhuoregan,Biqiangganzaozhuoregan,False
SYM_05241,鼻衄暴发,SYM,Binvbaofa,Binvbaofa,False
SYM_05242,鼻鼾息微,SYM,Bihanxiwei,Bihanxiwei,False
SYM_05243,齿垢黄,SYM,Chigouhuang,Chigouhuang,False
SYM_05244,齿摇不坚,SYM,Chiyaobujian,Chiyaobujian,False
SYM_05245,齿龈宣露,SYM,Chiyinxuanlu,Chiyinxuanlu,False
SYM_05246,齿龈红肿,SYM,Chiyinhongzhong,Chiyinhongzhong,False
SYM_05247,龈肉赤烂,SYM,Kenrouchilan,Kenrouchilan,False
SYM_05248,一三角形脂膜胬起如肉,SYM,Yisanjiaoxingzhimonuqirurou,Yisanjiaoxingzhimonuqirurou,False
SYM_05249,一侧较大,SYM,Yicejiaoda,Yicejiaoda,False
SYM_05250,一时性失言失聪,SYM,Yishixingshiyanshicong,Yishixingshiyanshicong,False
SYM_05251,一身尽疼,SYM,Yishenjinteng,Yishenjinteng,False
SYM_05252,一身悉肿,SYM,Yishenxizhong,Yishenxizhong,False
SYM_05253,上下格拒,SYM,Shangxiageju,Shangxiageju,False
SYM_05254,上有斑点,SYM,Shangyoubandian,Shangyoubandian,False
SYM_05255,上有红紫烂斑,SYM,Shangyouhongzilanban,Shangyouhongzilanban,False
SYM_05256,上焦不解,SYM,Shangjiaobujie,Shangjiaobujie,False
SYM_05257,上腹右胁胀闷疼痛,SYM,Shangfuyouxiezhangmentengtong,Shangfuyouxiezhangmentengtong,False
SYM_05258,上蒙清窍,SYM,Shangmengqingqiao,Shangmengqingqiao,False
SYM_05259,上覆其腰,SYM,Shangfuqiyao,Shangfuqiyao,False
SYM_05260,上饮下便,SYM,Shangyinxiabian,Shangyinxiabian,False
SYM_05261,下利清谷,SYM,Xialiqinggu,Xialiqinggu,False
SYM_05262,下利血水,SYM,Xialixueshui,Xialixueshui,False
SYM_05263,下气不绝,SYM,Xiaqibujue,Xiaqibujue,False
SYM_05264,下泄无度,SYM,Xiaxiewudu,Xiaxiewudu,False
SYM_05265,下肢欠温,SYM,Xiazhiqianwen,Xiazhiqianwen,False
SYM_05266,下肢水肿,SYM,Xiazhishuizhong,Xiazhishuizhong,False
SYM_05267,下肢沉重,SYM,Xiazhichenzhong,Xiazhichenzhong,False
SYM_05268,下肢深静脉血栓形成,SYM,Xiazhishenjingmaixueshuanxingcheng,Xiazhishenjingmaixueshuanxingcheng,False
SYM_05269,下肢肿胀,SYM,Xiazhizhongzhang,Xiazhizhongzhang,False
SYM_05270,下肢肿胀发硬,SYM,Xiazhizhongzhangfaying,Xiazhizhongzhangfaying,False
SYM_05271,下肢逆冷,SYM,Xiazhinileng,Xiazhinileng,False
SYM_05272,下肢麻木,SYM,Xiazhimamu,Xiazhimamu,False
SYM_05273,下血量多,SYM,Xiaxueliangduo,Xiaxueliangduo,False
SYM_05274,下血量少,SYM,Xiaxueliangshao,Xiaxueliangshao,False
SYM_05275,下鼻甲肿胀,SYM,Xiabijiazhongzhang,Xiabijiazhongzhang,False
SYM_05276,不发热或伴低热,SYM,Bufarehuobandire,Bufarehuobandire,False
SYM_05277,不可反侧,SYM,Bukefance,Bukefance,False
SYM_05278,不可回顾,SYM,Bukehuigu,Bukehuigu,False
SYM_05279,不呕,SYM,Buou,Buou,False
SYM_05280,不嗜食,SYM,Bushishi,Bushishi,False
SYM_05281,不得和畅,SYM,Budehechang,Budehechang,False
SYM_05282,不得眠,SYM,Budemian,Budemian,False
SYM_05283,不思纳食,SYM,Businashi,Businashi,False
SYM_05284,不思食,SYM,Busishi,Busishi,False
SYM_05285,不时啼叫,SYM,Bushitijiao,Bushitijiao,False
SYM_05286,不欲吮乳,SYM,Buyushunru,Buyushunru,False
SYM_05287,不清楚,SYM,Buqingchu,Buqingchu,False
SYM_05288,不渴]多呕,SYM,Buke]duoou,Buke]duoou,False
SYM_05289,不灵,SYM,Buling,Buling,False
SYM_05290,不甚为痛,SYM,Bushenweitong,Bushenweitong,False
SYM_05291,不畅胸胁,SYM,Buchangxiongxie,Buchangxiongxie,False
SYM_05292,不疼不痛,SYM,Butengbutong,Butengbutong,False
SYM_05293,不疼痛,SYM,Butengtong,Butengtong,False
SYM_05294,不痒不疼,SYM,Buyangbuteng,Buyangbuteng,False
SYM_05295,不知人事,SYM,Buzhirenshi,Buzhirenshi,False
SYM_05296,不穿不烂,SYM,Buchuanbulan,Buchuanbulan,False
SYM_05297,不紧不宽,SYM,Bujinbukuan,Bujinbukuan,False
SYM_05298,不耐久立,SYM,Bunaijiuli,Bunaijiuli,False
SYM_05299,不肿红痛,SYM,Buzhonghongtong,Buzhonghongtong,False
SYM_05300,不能久立,SYM,Bunengjiuli,Bunengjiuli,False
SYM_05301,不能动履,SYM,Bunengdonglv,Bunengdonglv,False
SYM_05302,不能生育,SYM,Bunengshengyu,Bunengshengyu,False
SYM_05303,不能起坐,SYM,Bunengqizuo,Bunengqizuo,False
SYM_05304,不能运动,SYM,Bunengyundong,Bunengyundong,False
SYM_05305,不能透光,SYM,Bunengtouguang,Bunengtouguang,False
SYM_05306,不能食,SYM,Bunengshi,Bunengshi,False
SYM_05307,不语,SYM,Buyu,Buyu,False
SYM_05308,不闻香臭,SYM,Buwenxiangchou,Buwenxiangchou,False
SYM_05309,不食,SYM,Bushi,Bushi,False
SYM_05310,不饥,SYM,Buji,Buji,False
SYM_05311,丘疹性荨麻疹,SYM,Qiuzhenxingxunmazhen,Qiuzhenxingxunmazhen,False
SYM_05312,两侧均大,SYM,Liangcejunda,Liangcejunda,False
SYM_05313,两手握固,SYM,Liangshouwogu,Liangshouwogu,False
SYM_05314,两目上窜,SYM,Liangmushangcuan,Liangmushangcuan,False
SYM_05315,两目连眨,SYM,Liangmulianzha,Liangmulianzha,False
SYM_05316,两眼肿起如桃,SYM,Liangyanzhongqirutao,Liangyanzhongqirutao,False
SYM_05317,两胁急缩,SYM,Liangxiejisuo,Liangxiejisuo,False
SYM_05318,两胁疼痛,SYM,Liangxietengtong,Liangxietengtong,False
SYM_05319,两胁闷,SYM,Liangxiemen,Liangxiemen,False
SYM_05320,两胫逆冷,SYM,Liangjingnileng,Liangjingnileng,False
SYM_05321,两足欹侧,SYM,Liangzuyice,Liangzuyice,False
SYM_05322,两足痿厥,SYM,Liangzuweijue,Liangzuweijue,False
SYM_05323,两足肿,SYM,Liangzuzhong,Liangzuzhong,False
SYM_05324,两边白苔如沟,SYM,Liangbianbaitairugou,Liangbianbaitairugou,False
SYM_05325,两额傍痛,SYM,Liangebangtong,Liangebangtong,False
SYM_05326,两颧潮红,SYM,Liangquanchaohong,Liangquanchaohong,False
SYM_05327,中心一点微黄色,SYM,Zhongxinyidianweihuangse,Zhongxinyidianweihuangse,False
SYM_05328,中心凹反光不清,SYM,Zhongxinaofanguangbuqing,Zhongxinaofanguangbuqing,False
SYM_05329,中心视力日减,SYM,Zhongxinshilirijian,Zhongxinshilirijian,False
SYM_05330,中腹绞痛,SYM,Zhongfujiaotong,Zhongfujiaotong,False
SYM_05331,临产阵痛轻微,SYM,Linchanzhentongqingwei,Linchanzhentongqingwei,False
SYM_05332,久不收口,SYM,Jiubushoukou,Jiubushoukou,False
SYM_05333,久方痛,SYM,Jiufangtong,Jiufangtong,False
SYM_05334,乍时赤涩泪出,SYM,Zhashichiseleichu,Zhashichiseleichu,False
SYM_05335,乍白乍赤,SYM,Zhabaizhachi,Zhabaizhachi,False
SYM_05336,乏津,SYM,Fajin,Fajin,False
SYM_05337,乳内结小核一粒如豆,SYM,Runeijiexiaoheyilirudou,Runeijiexiaoheyilirudou,False
SYM_05338,乳头内陷,SYM,Rutouneixian,Rutouneixian,False
SYM_05339,乳头颜色苍白,SYM,Rutouyansecangbai,Rutouyansecangbai,False
SYM_05340,乳房作胀,SYM,Rufangzuozhang,Rufangzuozhang,False
SYM_05341,乳房或少腹胀痛,SYM,Rufanghuoshaofuzhangtong,Rufanghuoshaofuzhangtong,False
SYM_05342,乳房皮肤湿烂,SYM,Rufangpifushilan,Rufangpifushilan,False
SYM_05343,乳房硬结明显,SYM,Rufangyingjiemingxian,Rufangyingjiemingxian,False
SYM_05344,乳房红肿,SYM,Rufanghongzhong,Rufanghongzhong,False
SYM_05345,乳房结块如梅李,SYM,Rufangjiekuairumeili,Rufangjiekuairumeili,False
SYM_05346,乳房肿块形似丸卵,SYM,Rufangzhongkuaixingsiwanluan,Rufangzhongkuaixingsiwanluan,False
SYM_05347,乳房肿块较大,SYM,Rufangzhongkuaijiaoda,Rufangzhongkuaijiaoda,False
SYM_05348,乳房胀痛或结块,SYM,Rufangzhangtonghuojiekuai,Rufangzhangtonghuojiekuai,False
SYM_05349,乳房部肿块,SYM,Rufangbuzhongkuai,Rufangbuzhongkuai,False
SYM_05350,乳疽,SYM,Ruju,Ruju,False
SYM_05351,乳痈,SYM,Ruyong,Ruyong,False
SYM_05352,乳痨,SYM,Rulao,Rulao,False
SYM_05353,乳蛾口疳龋齿,SYM,Ruekouganquchi,Ruekouganquchi,False
SYM_05354,乳衄,SYM,Runv,Runv,False
SYM_05355,乳食不节,SYM,Rushibujie,Rushibujie,False
SYM_05356,乳食积滞,SYM,Rushijizhi,Rushijizhi,False
SYM_05357,乾咳,SYM,Qianke,Qianke,False
SYM_05358,二便俱闭,SYM,Erbianjubi,Erbianjubi,False
SYM_05359,二便利,SYM,Erbianli,Erbianli,False
SYM_05360,二便秘涩,SYM,Erbianmise,Erbianmise,False
SYM_05361,二目青黯面淡红,SYM,Ermuqinganmiandanhong,Ermuqinganmiandanhong,False
SYM_05362,五岁儿不能行,SYM,Wusuierbunengxing,Wusuierbunengxing,False
SYM_05363,五心常热,SYM,Wuxinchangre,Wuxinchangre,False
SYM_05364,五心烦躁,SYM,Wuxinfanzao,Wuxinfanzao,False
SYM_05365,五更泻,SYM,Wugengxie,Wugengxie,False
SYM_05366,五更泻泄,SYM,Wugengxiexie,Wugengxiexie,False
SYM_05367,产后大便自遗,SYM,Chanhoudabianziyi,Chanhoudabianziyi,False
SYM_05368,产后妄见妄言,SYM,Chanhouwangjianwangyan,Chanhouwangjianwangyan,False
SYM_05369,产后恶露逾期不止,SYM,Chanhoueluyuqibuzhi,Chanhoueluyuqibuzhi,False
SYM_05370,产后遗粪,SYM,Chanhouyifen,Chanhouyifen,False
SYM_05371,仅见黄斑区暗红,SYM,Jinjianhuangbanquanhong,Jinjianhuangbanquanhong,False
SYM_05372,令人胀闷,SYM,Lingrenzhangmen,Lingrenzhangmen,False
SYM_05373,以肛门部皮肤起丘疹,SYM,Yigangmenbupifuqiqiuzhen,Yigangmenbupifuqiqiuzhen,False
SYM_05374,会厌或声门红肿明显,SYM,Huiyanhuoshengmenhongzhongmingxian,Huiyanhuoshengmenhongzhongmingxian,False
SYM_05375,会阴逼胀下坠,SYM,Huiyinbizhangxiazhui,Huiyinbizhangxiazhui,False
SYM_05376,会阴部肤色变浅白,SYM,Huiyinbufusebianqianbai,Huiyinbufusebianqianbai,False
SYM_05377,伤口剧痛,SYM,Shangkoujutong,Shangkoujutong,False
SYM_05378,伤寒发汗未尽,SYM,Shanghanfahanweijin,Shanghanfahanweijin,False
SYM_05379,伤燥凉之咳,SYM,Shangzaoliangzhike,Shangzaoliangzhike,False
SYM_05380,伴口干苦,SYM,Bankouganku,Bankouganku,False
SYM_05381,伴有瘀血,SYM,Banyouyuxue,Banyouyuxue,False
SYM_05382,伴有阴痒,SYM,Banyouyinyang,Banyouyinyang,False
SYM_05383,似失志状,SYM,Shishizhizhuang,Shishizhizhuang,False
SYM_05384,似搐而不甚搐,SYM,Shichuerbushenchu,Shichuerbushenchu,False
SYM_05385,低热不退,SYM,Direbutui,Direbutui,False
SYM_05386,体多肥胖,SYM,Tiduofeipang,Tiduofeipang,False
SYM_05387,体形肥胖,SYM,Tixingfeipang,Tixingfeipang,False
SYM_05388,体温升高,SYM,Tiwenshenggao,Tiwenshenggao,False
SYM_05389,体胖,SYM,Tipang,Tipang,False
SYM_05390,体虚多郁,SYM,Tixuduoyu,Tixuduoyu,False
SYM_05391,体重不增,SYM,Tizhongbuzeng,Tizhongbuzeng,False
SYM_05392,体重增加,SYM,Tizhongzengjia,Tizhongzengjia,False
SYM_05393,体麻木,SYM,Timamu,Timamu,False
SYM_05394,体黄腹大,SYM,Tihuangfuda,Tihuangfuda,False
SYM_05395,作寒作热,SYM,Zuohanzuore,Zuohanzuore,False
SYM_05396,作泻,SYM,Zuoxie,Zuoxie,False
SYM_05397,作渴便淋,SYM,Zuokebianlin,Zuokebianlin,False
SYM_05398,作渴引饮,SYM,Zuokeyin Yin,Zuokeyin Yin,False
SYM_05399,作胀而痛,SYM,Zuozhangertong,Zuozhangertong,False
SYM_05400,侧或两侧腮腺肿胀,SYM,Cehuoliangcesaixianzhongzhang,Cehuoliangcesaixianzhongzhang,False
SYM_05401,便利作痒,SYM,Bianlizuoyang,Bianlizuoyang,False
SYM_05402,便时不畅,SYM,Bianshibuchang,Bianshibuchang,False
SYM_05403,便时滴血,SYM,Bianshidixue,Bianshidixue,False
SYM_05404,便清腥臭,SYM,Bianqingxingchou,Bianqingxingchou,False
SYM_05405,便艰溲黄,SYM,Bianjiansouhuang,Bianjiansouhuang,False
SYM_05406,便血色鲜,SYM,Bianxiesexian,Bianxiesexian,False
SYM_05407,便闭溺黄,SYM,Bianbinihuang,Bianbinihuang,False
SYM_05408,倒仆昏迷,SYM,Daopuhunmi,Daopuhunmi,False
SYM_05409,候舌青,SYM,Housheqing,Housheqing,False
SYM_05410,倚息不能平卧,SYM,Yixibunengpingwo,Yixibunengpingwo,False
SYM_05411,倦体重,SYM,Juantizhong,Juantizhong,False
SYM_05412,倦嗜卧,SYM,Juanshiwo,Juanshiwo,False
SYM_05413,倦怠流涎,SYM,Juandailiuxian,Juandailiuxian,False
SYM_05414,偏瘫口淡,SYM,Piantankoudan,Piantankoudan,False
SYM_05415,偏食纳少,SYM,Pianshinashao,Pianshinashao,False
SYM_05416,先咽喉作紧,SYM,Xianyanhouzuojin,Xianyanhouzuojin,False
SYM_05417,先闻腥臊臭,SYM,Xianwenxingsaochou,Xianwenxingsaochou,False
SYM_05418,光剥,SYM,Guangbo,Guangbo,False
SYM_05419,光如镜,SYM,Guangrujing,Guangrujing,False
SYM_05420,光彩闪烁无脓血,SYM,Guangcaishanshuowunongxue,Guangcaishanshuowunongxue,False
SYM_05421,光滑柔软,SYM,Guanghuarouruan,Guanghuarouruan,False
SYM_05422,光白板亮,SYM,Guangbaibanliang,Guangbaibanliang,False
SYM_05423,光软无头,SYM,Guangruanwutou,Guangruanwutou,False
SYM_05424,入夜则啼哭不安,SYM,Ruyezetikubuan,Ruyezetikubuan,False
SYM_05425,入水大痛,SYM,Rushuidatong,Rushuidatong,False
SYM_05426,全身发育欠佳,SYM,Quanshenfayuqianjia,Quanshenfayuqianjia,False
SYM_05427,全身可见周身不适,SYM,Quanshenkejianzhoushenbushi,Quanshenkejianzhoushenbushi,False
SYM_05428,全身可见头晕,SYM,Quanshenkejiantouyun,Quanshenkejiantouyun,False
SYM_05429,全身壮热,SYM,Quanshenzhuangre,Quanshenzhuangre,False
SYM_05430,全身强直或阵挛,SYM,Quanshenqiangzhihuozhenluan,Quanshenqiangzhihuozhenluan,False
SYM_05431,全身性皮疹,SYM,Quanshenxingpizhen,Quanshenxingpizhen,False
SYM_05432,全身毛发脱落,SYM,Quanshenmaofatuoluo,Quanshenmaofatuoluo,False
SYM_05433,全身毛发脱落伴头昏,SYM,Quanshenmaofatuoluobantouhun,Quanshenmaofatuoluobantouhun,False
SYM_05434,全身肌肉酸痛,SYM,Quanshenjirousuantong,Quanshenjirousuantong,False
SYM_05435,关格,SYM,Guange,Guange,False
SYM_05436,关节活动不利,SYM,Guanjiehuodongbuli,Guanjiehuodongbuli,False
SYM_05437,关节疼痛,SYM,Guanjietengtong,Guanjietengtong,False
SYM_05438,关节紫暗肿胀,SYM,Guanjiezianzhongzhang,Guanjiezianzhongzhang,False
SYM_05439,关节红肿触之灼热痛,SYM,Guanjiehongzhongchuzhizhuoretong,Guanjiehongzhongchuzhizhuoretong,False
SYM_05440,关节肿痛灼热,SYM,Guanjiezhongtongzhuore,Guanjiezhongtongzhuore,False
SYM_05441,关节酸痛,SYM,Guanjiesuantong,Guanjiesuantong,False
SYM_05442,兴奋躁动,SYM,Xingfenzaodong,Xingfenzaodong,False
SYM_05443,其人情志不舒,SYM,Qirenqingzhibushu,Qirenqingzhibushu,False
SYM_05444,其形小,SYM,Qixingxiao,Qixingxiao,False
SYM_05445,其根深,SYM,Qigenshen,Qigenshen,False
SYM_05446,其色瘀黑,SYM,Qiseyuhei,Qiseyuhei,False
SYM_05447,养肝胁肋隐痛,SYM,Yangganxieleyintong,Yangganxieleyintong,False
SYM_05448,兼齿衄,SYM,Jianchinv,Jianchinv,False
SYM_05449,内外肿痛而水浆难下,SYM,Neiwaizhongtongershuijiangnanxia,Neiwaizhongtongershuijiangnanxia,False
SYM_05450,内寒外热,SYM,Neihanwaire,Neihanwaire,False
SYM_05451,内痔脱出,SYM,Neizhituochu,Neizhituochu,False
SYM_05452,冷气,SYM,Lengqi,Lengqi,False
SYM_05453,冷汗自出,SYM,Lenghanzichu,Lenghanzichu,False
SYM_05454,冻疮,SYM,Dongchuang,Dongchuang,False
SYM_05455,凉暮热,SYM,Liangmure,Liangmure,False
SYM_05456,出气短促,SYM,Chuqiduancu,Chuqiduancu,False
SYM_05457,出清液,SYM,Chuqingye,Chuqingye,False
SYM_05458,出牙坐立行走迟缓,SYM,Chuyazuolixingzouchihuan,Chuyazuolixingzouchihuan,False
SYM_05459,出现畸型,SYM,Chuxianjixing,Chuxianjixing,False
SYM_05460,出脓渗血,SYM,Chunongshenxue,Chunongshenxue,False
SYM_05461,出血反复不止,SYM,Chuxiefanfubuzhi,Chuxiefanfubuzhi,False
SYM_05462,出血喘脱,SYM,Chuxiechuantuo,Chuxiechuantuo,False
SYM_05463,分布广但对称,SYM,Fenbuguangdanduichen,Fenbuguangdanduichen,False
SYM_05464,创口剧痛,SYM,Chuangkoujutong,Chuangkoujutong,False
SYM_05465,初如梅李,SYM,Churumeili,Churumeili,False
SYM_05466,初如粟米,SYM,Churusumi,Churusumi,False
SYM_05467,初如饭糁,SYM,Churufansan,Churufansan,False
SYM_05468,初痒次痛,SYM,Chuyangcitong,Chuyangcitong,False
SYM_05469,初起不疼,SYM,Chuqibuteng,Chuqibuteng,False
SYM_05470,初起坚硬,SYM,Chuqijianying,Chuqijianying,False
SYM_05471,初起多痰,SYM,Chuqiduotan,Chuqiduotan,False
SYM_05472,初起无痰涎,SYM,Chuqiwutanxian,Chuqiwutanxian,False
SYM_05473,利下而不能食,SYM,Lixiaerbunengshi,Lixiaerbunengshi,False
SYM_05474,刺痛流泪,SYM,Citongliulei,Citongliulei,False
SYM_05475,前后出现头面四肢浮肿,SYM,Qianhouchuxiantoumiansizhifuzhong,Qianhouchuxiantoumiansizhifuzhong,False
SYM_05476,前板齿燥,SYM,Qianbanchizao,Qianbanchizao,False
SYM_05477,剧烈头痛,SYM,Julietoutong,Julietoutong,False
SYM_05478,剧烈如刀割,SYM,Julierudaoge,Julierudaoge,False
SYM_05479,剧烈瘙痒,SYM,Juliesaoyang,Juliesaoyang,False
SYM_05480,剧痒,SYM,Juyang,Juyang,False
SYM_05481,剧痒时作,SYM,Juyangshizuo,Juyangshizuo,False
SYM_05482,动而多怒,SYM,Dongerduonu,Dongerduonu,False
SYM_05483,势如火燎,SYM,Shiruhuoliao,Shiruhuoliao,False
SYM_05484,势散漫,SYM,Shisanman,Shisanman,False
SYM_05485,化积苔黄,SYM,Huajitaihuang,Huajitaihuang,False
SYM_05486,化脓脱腐,SYM,Huanongtuofu,Huanongtuofu,False
SYM_05487,化脓迟缓,SYM,Huanongchihuan,Huanongchihuan,False
SYM_05488,十指皆疮,SYM,Shizhijiechuang,Shizhijiechuang,False
SYM_05489,十指皆疮啮爪甲,SYM,Shizhijiechuangniezhaojia,Shizhijiechuangniezhaojia,False
SYM_05490,午后作痛作渴,SYM,Wuhouzuotongzuoke,Wuhouzuotongzuoke,False
SYM_05491,午后微热,SYM,Wuhouweire,Wuhouweire,False
SYM_05492,午后潮红,SYM,Wuhouchaohong,Wuhouchaohong,False
SYM_05493,半夜呛咳,SYM,Banyeqiangke,Banyeqiangke,False
SYM_05494,半小时胎盘不能自然娩出,SYM,Banxiaoshitaipanbunengziranmianchu,Banxiaoshitaipanbunengziranmianchu,False
SYM_05495,半身作痛,SYM,Banshenzuotong,Banshenzuotong,False
SYM_05496,单下肢静脉曲张,SYM,Danxiazhijingmaiquzhang,Danxiazhijingmaiquzhang,False
SYM_05497,压之微痛,SYM,Yazhiweitong,Yazhiweitong,False
SYM_05498,压痛明显,SYM,Yatongmingxian,Yatongmingxian,False
SYM_05499,压迫感,SYM,Yapogan,Yapogan,False
SYM_05500,厌恶摄食,SYM,Yanwusheshi,Yanwusheshi,False
SYM_05501,厥脱,SYM,Juetuo,Juetuo,False
SYM_05502,厥逆干呕咽痛,SYM,Jueniganouyantong,Jueniganouyantong,False
SYM_05503,去血不止,SYM,Quxuebuzhi,Quxuebuzhi,False
SYM_05504,去衣则凛,SYM,Quyizelin,Quyizelin,False
SYM_05505,又有脱囊,SYM,Youyoutuonang,Youyoutuonang,False
SYM_05506,双目上视,SYM,Shuangmushangshi,Shuangmushangshi,False
SYM_05507,双目频眨,SYM,Shuangmupinzha,Shuangmupinzha,False
SYM_05508,双足疼痛,SYM,Shuangzutengtong,Shuangzutengtong,False
SYM_05509,反复感冒,SYM,Fanfuganmao,Fanfuganmao,False
SYM_05510,反复抽风,SYM,Fanfuchoufeng,Fanfuchoufeng,False
SYM_05511,反复缠绵不愈,SYM,Fanfuchanmianbuyu,Fanfuchanmianbuyu,False
SYM_05512,反多,SYM,Fanduo,Fanduo,False
SYM_05513,反渴不多饮,SYM,Fankebuduo Yin,Fankebuduo Yin,False
SYM_05514,反胃,SYM,Fanwei,Fanwei,False
SYM_05515,反酸或泛吐清水,SYM,Fansuanhuofantuqingshui,Fansuanhuofantuqingshui,False
SYM_05516,反食,SYM,Fanshi,Fanshi,False
SYM_05517,发于腋际,SYM,Fayuyeji,Fayuyeji,False
SYM_05518,发作时惊叫吐舌急啼,SYM,Fazuoshijingjiaotushejiti,Fazuoshijingjiaotushejiti,False
SYM_05519,发即欲死,SYM,Fajiyusi,Fajiyusi,False
SYM_05520,发展缓慢,SYM,Fazhanhuanman,Fazhanhuanman,False
SYM_05521,发已移早,SYM,Fayiyizao,Fayiyizao,False
SYM_05522,发时不渴,SYM,Fashibuke,Fashibuke,False
SYM_05523,发歇不定,SYM,Faxiebuding,Faxiebuding,False
SYM_05524,发渴,SYM,Fake,Fake,False
SYM_05525,发烧,SYM,Fashao,Fashao,False
SYM_05526,发热头痛,SYM,Faretoutong,Faretoutong,False
SYM_05527,发热或不发热,SYM,Farehuobufare,Farehuobufare,False
SYM_05528,发生于指趾间及掌部位皮肤的皮肤癣菌感染,SYM,Fashengyuzhizhijianjizhangbuweipifudepifuxuanjunganran,Fashengyuzhizhijianjizhangbuweipifudepifuxuanjunganran,False
SYM_05529,发痈肿于皮外,SYM,Fayongzhongyupiwai,Fayongzhongyupiwai,False
SYM_05530,发痉,SYM,Fajing,Fajing,False
SYM_05531,发稀易落,SYM,Faxiyiluo,Faxiyiluo,False
SYM_05532,发稀枕秃,SYM,Faxizhentu,Faxizhentu,False
SYM_05533,发黑溃腐，,SYM,Faheikuifu，,Faheikuifu，,False
SYM_05534,口不和,SYM,Koubuhe,Koubuhe,False
SYM_05535,口中怪叫,SYM,Kouzhongguaijiao,Kouzhongguaijiao,False
SYM_05536,口中无味,SYM,Kouzhongwuwei,Kouzhongwuwei,False
SYM_05537,口中气冷,SYM,Kouzhongqileng,Kouzhongqileng,False
SYM_05538,口中涎沫及清水出,SYM,Kouzhongxianmojiqingshuichu,Kouzhongxianmojiqingshuichu,False
SYM_05539,口中粘[腻,SYM,Kouzhongzhan[ni,Kouzhongzhan[ni,False
SYM_05540,口内白烂于舌上,SYM,Kouneibailanyusheshang,Kouneibailanyusheshang,False
SYM_05541,口出秽气,SYM,Kouchuhuiqi,Kouchuhuiqi,False
SYM_05542,口吐痰沫,SYM,Koututanmo,Koututanmo,False
SYM_05543,口味时甜时苦,SYM,Kouweishitianshiku,Kouweishitianshiku,False
SYM_05544,口和不渴,SYM,Kouhebuke,Kouhebuke,False
SYM_05545,口和身冷,SYM,Kouheshenleng,Kouheshenleng,False
SYM_05546,口唇及面部色青,SYM,Kouchunjimianbuseqing,Kouchunjimianbuseqing,False
SYM_05547,口唇或红或白,SYM,Kouchunhuohonghuobai,Kouchunhuohonghuobai,False
SYM_05548,口唇爪甲青紫,SYM,Kouchunzhaojiaqingzi,Kouchunzhaojiaqingzi,False
SYM_05549,口唇紫暗,SYM,Kouchunzian,Kouchunzian,False
SYM_05550,口唇肥厚,SYM,Kouchunfeihou,Kouchunfeihou,False
SYM_05551,口噤,SYM,Koujin,Koujin,False
SYM_05552,口噫酸气,SYM,Kouyisuanqi,Kouyisuanqi,False
SYM_05553,口外糜溃于唇弦,SYM,Kouwaimikuiyuchunxian,Kouwaimikuiyuchunxian,False
SYM_05554,口如嚼物,SYM,Kourujuewu,Kourujuewu,False
SYM_05555,口干而不欲饮或喜热饮,SYM,Kouganerbuyuyinhuoxire Yin,Kouganerbuyuyinhuoxire Yin,False
SYM_05556,口干臭秽,SYM,Kouganchouhui,Kouganchouhui,False
SYM_05557,口干舌燥,SYM,Kouganshezao,Kouganshezao,False
SYM_05558,口开,SYM,Koukai,Koukai,False
SYM_05559,口开手撒,SYM,Koukaishousa,Koukaishousa,False
SYM_05560,口开手撒遗尿,SYM,Koukaishousayiniao,Koukaishousayiniao,False
SYM_05561,口微渴,SYM,Kouweike,Kouweike,False
SYM_05562,口有恶臭,SYM,Kouyouechou,Kouyouechou,False
SYM_05563,口气温热,SYM,Kouqiwenre,Kouqiwenre,False
SYM_05564,口气秽臭,SYM,Kouqihuichou,Kouqihuichou,False
SYM_05565,口气粗臭,SYM,Kouqicuchou,Kouqicuchou,False
SYM_05566,口涎外溢,SYM,Kouxianwaiyi,Kouxianwaiyi,False
SYM_05567,口淡怔忡,SYM,Koudanzhengchong,Koudanzhengchong,False
SYM_05568,口淡无味,SYM,Koudanwuwei,Koudanwuwei,False
SYM_05569,口淡而腻,SYM,Koudanerni,Koudanerni,False
SYM_05570,口渴思饮,SYM,Koukesi Yin,Koukesi Yin,False
SYM_05571,口渴欲饮,SYM,Koukeyu Yin,Koukeyu Yin,False
SYM_05572,口溢清涎,SYM,Kouyiqingxian,Kouyiqingxian,False
SYM_05573,口眼斜,SYM,Kouyanxie,Kouyanxie,False
SYM_05574,口腔溃烂周围色不红或微红,SYM,Kouqiangkuilanzhouweisebuhonghuoweihong,Kouqiangkuilanzhouweisebuhonghuoweihong,False
SYM_05575,口腔溃疡较多,SYM,Kouqiangkuiyangjiaoduo,Kouqiangkuiyangjiaoduo,False
SYM_05576,口腔溃疡较少,SYM,Kouqiangkuiyangjiaoshao,Kouqiangkuiyangjiaoshao,False
SYM_05577,口腔粘膜出脓,SYM,Kouqiangzhanmochunong,Kouqiangzhanmochunong,False
SYM_05578,口臭涎多,SYM,Kouchouxianduo,Kouchouxianduo,False
SYM_05579,口舌强,SYM,Kousheqiang,Kousheqiang,False
SYM_05580,口舌生糜,SYM,Kousheshengmi,Kousheshengmi,False
SYM_05581,口舌苔白,SYM,Koushetaibai,Koushetaibai,False
SYM_05582,口苦骨疼,SYM,Koukuguteng,Koukuguteng,False
SYM_05583,口角流涎,SYM,Koujiaoliuxian,Koujiaoliuxian,False
SYM_05584,口颊上腭齿龈口角等处溃烂,SYM,Koujiashangechiyinkoujiaodengchukuilan,Koujiashangechiyinkoujiaodengchukuilan,False
SYM_05585,口鼻咽干,SYM,Koubiyangan,Koubiyangan,False
SYM_05586,口鼻气冷,SYM,Koubiqileng,Koubiqileng,False
SYM_05587,口鼻生疮,SYM,Koubishengchuang,Koubishengchuang,False
SYM_05588,口鼻血出,SYM,Koubixuechu,Koubixuechu,False
SYM_05589,口鼻血出牙枯落,SYM,Koubixuechuyakuluo,Koubixuechuyakuluo,False
SYM_05590,可见点状或絮状团块状混浊,SYM,Kejiandianzhuanghuoxuzhuangtuankuaizhuanghunzhuo,Kejiandianzhuanghuoxuzhuangtuankuaizhuanghunzhuo,False
SYM_05591,可见眼底静脉迂曲扩张,SYM,Kejianyandijingmaiyuqukuozhang,Kejianyandijingmaiyuqukuozhang,False
SYM_05592,可见鼓膜红赤或饱满,SYM,Kejiangumohongchihuobaoman,Kejiangumohongchihuobaoman,False
SYM_05593,可见鼻翼煽动,SYM,Kejianbiyishandong,Kejianbiyishandong,False
SYM_05594,右关弦缓,SYM,Youguanxianhuan,Youguanxianhuan,False
SYM_05595,右关脉滑,SYM,Youguanmaihua,Youguanmaihua,False
SYM_05596,右寸虚大,SYM,Youcunxuda,Youcunxuda,False
SYM_05597,右胁不适,SYM,Youxiebushi,Youxiebushi,False
SYM_05598,右胁刺痛,SYM,Youxiecitong,Youxiecitong,False
SYM_05599,右胁胀痛,SYM,Youxiezhangtong,Youxiezhangtong,False
SYM_05600,右脸色多白,SYM,Youlianseduobai,Youlianseduobai,False
SYM_05601,叹气,SYM,Tanqi,Tanqi,False
SYM_05602,吃食不长肌肉,SYM,Chishibuzhangjirou,Chishibuzhangjirou,False
SYM_05603,后背]痛,SYM,Houbei]tong,Houbei]tong,False
SYM_05604,后背痛,SYM,Houbeitong,Houbeitong,False
SYM_05605,吐冷涎,SYM,Tulengxian,Tulengxian,False
SYM_05606,吐后胸满痛,SYM,Tuhouxiongmantong,Tuhouxiongmantong,False
SYM_05607,吐呃,SYM,Tue,Tue,False
SYM_05608,吐水,SYM,Tushui,Tushui,False
SYM_05609,吐沫声微,SYM,Tumoshengwei,Tumoshengwei,False
SYM_05610,吐泻不止,SYM,Tuxiebuzhi,Tuxiebuzhi,False
SYM_05611,吐泻少食,SYM,Tuxieshaoshi,Tuxieshaoshi,False
SYM_05612,吐泻并作,SYM,Tuxiebingzuo,Tuxiebingzuo,False
SYM_05613,吐泻物如米泔汁,SYM,Tuxiewurumiganzhi,Tuxiewurumiganzhi,False
SYM_05614,吐泻畅通,SYM,Tuxiechangtong,Tuxiechangtong,False
SYM_05615,吐涎,SYM,Tuxian,Tuxian,False
SYM_05616,吐涎饮,SYM,Tuxian Yin,Tuxian Yin,False
SYM_05617,吐物多为清稀痰水或不消化乳食残渣,SYM,Tuwuduoweiqingxitanshuihuobuxiaohuarushicanzha,Tuwuduoweiqingxitanshuihuobuxiaohuarushicanzha,False
SYM_05618,吐蛔虫,SYM,Tuhuichong,Tuhuichong,False
SYM_05619,吐衄随厥而发,SYM,Tunvsuijueerfa,Tunvsuijueerfa,False
SYM_05620,吐饮少而出物多,SYM,Tuyinshaoerchuwuduo,Tuyinshaoerchuwuduo,False
SYM_05621,吞咽受阻,SYM,Tunyanshouzu,Tunyanshouzu,False
SYM_05622,吞咽痛甚,SYM,Tunyantongshen,Tunyantongshen,False
SYM_05623,吞酸,SYM,Tunsuan,Tunsuan,False
SYM_05624,听力下降,SYM,Tinglixiajiang,Tinglixiajiang,False
SYM_05625,听力明显减退,SYM,Tinglimingxianjiantui,Tinglimingxianjiantui,False
SYM_05626,听力检查呈传导性聋,SYM,Tinglijianchachengchuandaoxinglong,Tinglijianchachengchuandaoxinglong,False
SYM_05627,吸气难,SYM,Xiqinan,Xiqinan,False
SYM_05628,吸气难入,SYM,Xiqinanru,Xiqinanru,False
SYM_05629,呃,SYM,E,E,False
SYM_05630,呆傻愚笨,SYM,Daishayuben,Daishayuben,False
SYM_05631,呈斑片状,SYM,Chengbanpianzhuang,Chengbanpianzhuang,False
SYM_05632,呈离心性分布,SYM,Chenglixinxingfenbu,Chenglixinxingfenbu,False
SYM_05633,呈苔藓样变,SYM,Chengtaixianyangbian,Chengtaixianyangbian,False
SYM_05634,呕吐#zz*[@]吞酸,SYM,Outu#zz*[@]tunsuan,Outu#zz*[@]tunsuan,False
SYM_05635,呕吐清水,SYM,Outuqingshui,Outuqingshui,False
SYM_05636,呕吐蛔虫,SYM,Outuhuichong,Outuhuichong,False
SYM_05637,呕吐酸苦,SYM,Outusuanku,Outusuanku,False
SYM_05638,呕哕而咳,SYM,Ouhuierke,Ouhuierke,False
SYM_05639,呕恶吐蛔,SYM,Ouetuhui,Ouetuhui,False
SYM_05640,呕恶欲吐,SYM,Oueyutu,Oueyutu,False
SYM_05641,呕沫,SYM,Oumo,Oumo,False
SYM_05642,呕血,SYM,Ouxue,Ouxue,False
SYM_05643,呕血或黑便,SYM,Ouxuehuoheibian,Ouxuehuoheibian,False
SYM_05644,呕逆泛恶,SYM,Ounifane,Ounifane,False
SYM_05645,呕逆胀满,SYM,Ounizhangman,Ounizhangman,False
SYM_05646,呛咳益剧,SYM,Qiangkeyiju,Qiangkeyiju,False
SYM_05647,呛咳阵作,SYM,Qiangkezhenzuo,Qiangkezhenzuo,False
SYM_05648,周围发硬,SYM,Zhouweifaying,Zhouweifaying,False
SYM_05649,周围淡红,SYM,Zhouweidanhong,Zhouweidanhong,False
SYM_05650,周围皮肤潮红或皲裂,SYM,Zhouweipifuchaohonghuojunlie,Zhouweipifuchaohonghuojunlie,False
SYM_05651,周围血脉紫赤怒张,SYM,Zhouweixuemaizichinuzhang,Zhouweixuemaizichinuzhang,False
SYM_05652,呵欠频作,SYM,Heqianpinzuo,Heqianpinzuo,False
SYM_05653,呼吸不均,SYM,Huxibujun,Huxibujun,False
SYM_05654,呼吸发憋,SYM,Huxifabie,Huxifabie,False
SYM_05655,呼吸喉间有音,SYM,Huxihoujianyouyin,Huxihoujianyouyin,False
SYM_05656,呼吸困难加重,SYM,Huxikunnanjiazhong,Huxikunnanjiazhong,False
SYM_05657,呼吸有声,SYM,Huxiyousheng,Huxiyousheng,False
SYM_05658,呼吸欠畅,SYM,Huxiqianchang,Huxiqianchang,False
SYM_05659,呼吸浅短,SYM,Huxiqianduan,Huxiqianduan,False
SYM_05660,呼吸浅短难续,SYM,Huxiqianduannanxu,Huxiqianduannanxu,False
SYM_05661,呼吸短促,SYM,Huxiduancu,Huxiduancu,False
SYM_05662,咬牙,SYM,Yaoya,Yaoya,False
SYM_05663,咯出不爽,SYM,Gechubushuang,Gechubushuang,False
SYM_05664,咯吐痰血,SYM,Getutanxue,Getutanxue,False
SYM_05665,咯吐瘀脓,SYM,Getuyunong,Getuyunong,False
SYM_05666,咯吐黄痰,SYM,Getuhuangtan,Getuhuangtan,False
SYM_05667,咯痰质黏起沫,SYM,Getanzhinianqimo,Getanzhinianqimo,False
SYM_05668,咯痰黄稠,SYM,Getanhuangchou,Getanhuangchou,False
SYM_05669,咯痰黏稠,SYM,Getannianchou,Getannianchou,False
SYM_05670,咯痰黏腻难出,SYM,Getannianninanchu,Getannianninanchu,False
SYM_05671,咯白痰,SYM,Gebaitan,Gebaitan,False
SYM_05672,咯黄痰,SYM,Gehuangtan,Gehuangtan,False
SYM_05673,咳],SYM,Ke],Ke],False
SYM_05674,咳则小便自遗,SYM,Kezexiaobianziyi,Kezexiaobianziyi,False
SYM_05675,咳则遗尿,SYM,Kezeyiniao,Kezeyiniao,False
SYM_05676,咳吐不爽,SYM,Ketubushuang,Ketubushuang,False
SYM_05677,咳吐涎沫,SYM,Ketuxianmo,Ketuxianmo,False
SYM_05678,咳吐痰血,SYM,Ketutanxue,Ketutanxue,False
SYM_05679,咳吐稠痰腥臭,SYM,Ketuchoutanxingchou,Ketuchoutanxingchou,False
SYM_05680,咳吐黄稠脓痰,SYM,Ketuhuangchounongtan,Ketuhuangchounongtan,False
SYM_05681,咳呕下利,SYM,Keouxiali,Keouxiali,False
SYM_05682,咳喘明,SYM,Kechuanming,Kechuanming,False
SYM_05683,咳喘重,SYM,Kechuanzhong,Kechuanzhong,False
SYM_05684,咳嗽],SYM,Kesou],Kesou],False
SYM_05685,咳嗽剧烈,SYM,Kesoujulie,Kesoujulie,False
SYM_05686,咳嗽痰白,SYM,Kesoutanbai,Kesoutanbai,False
SYM_05687,咳嗽痰黄,SYM,Kesoutanhuang,Kesoutanhuang,False
SYM_05688,咳声清高,SYM,Keshengqinggao,Keshengqinggao,False
SYM_05689,咳甚痰多,SYM,Keshentanduo,Keshentanduo,False
SYM_05690,咳甚胸痛,SYM,Keshenxiongtong,Keshenxiongtong,False
SYM_05691,咳痰不爽,SYM,Ketanbushuang,Ketanbushuang,False
SYM_05692,咳痰带红,SYM,Ketandaihong,Ketandaihong,False
SYM_05693,咳痰黄稠,SYM,Ketanhuangchou,Ketanhuangchou,False
SYM_05694,咳而无痰,SYM,Keerwutan,Keerwutan,False
SYM_05695,咳而短气,SYM,Keerduanqi,Keerduanqi,False
SYM_05696,咳血,SYM,Kexie,Kexie,False
SYM_05697,咳逆不眠,SYM,Kenibumian,Kenibumian,False
SYM_05698,咳逆喘促,SYM,Kenichuancu,Kenichuancu,False
SYM_05699,咳逆喘满,SYM,Kenichuanman,Kenichuanman,False
SYM_05700,咳逆胁痛,SYM,Kenixietong,Kenixietong,False
SYM_05701,咳重痰多,SYM,Kezhongtanduo,Kezhongtanduo,False
SYM_05702,咳铁锈色痰,SYM,Ketiexiusetan,Ketiexiusetan,False
SYM_05703,咽不肿,SYM,Yanbuzhong,Yanbuzhong,False
SYM_05704,咽中涎响,SYM,Yanzhongxianxiang,Yanzhongxianxiang,False
SYM_05705,咽喉口腔眼及外阴溃烂,SYM,Yanhoukouqiangyanjiwaiyinkuilan,Yanhoukouqiangyanjiwaiyinkuilan,False
SYM_05706,咽喉哽哽不利成痰粘着感,SYM,Yanhougenggengbulichengtanzhanzhegan,Yanhougenggengbulichengtanzhanzhegan,False
SYM_05707,咽喉异物感,SYM,Yanhouyiwugan,Yanhouyiwugan,False
SYM_05708,咽喉极度红肿,SYM,Yanhoujiduhongzhong,Yanhoujiduhongzhong,False
SYM_05709,咽喉欲闭,SYM,Yanhouyubi,Yanhouyubi,False
SYM_05710,咽喉气粗,SYM,Yanhouqicu,Yanhouqicu,False
SYM_05711,咽喉粘膜苍白或淡红,SYM,Yanhouzhanmocangbaihuodanhong,Yanhouzhanmocangbaihuodanhong,False
SYM_05712,咽喉肿塞疼痛,SYM,Yanhouzhongsaitengtong,Yanhouzhongsaitengtong,False
SYM_05713,咽喉阻塞,SYM,Yanhouzuse,Yanhouzuse,False
SYM_05714,咽干较甚苔干少津,SYM,Yanganjiaoshentaiganshaojin,Yanganjiaoshentaiganshaojin,False
SYM_05715,咽燥微痛,SYM,Yanzaoweitong,Yanzaoweitong,False
SYM_05716,咽燥而渴,SYM,Yanzaoerke,Yanzaoerke,False
SYM_05717,咽物不下,SYM,Yanwubuxia,Yanwubuxia,False
SYM_05718,咽物觉痛,SYM,Yanwujuetong,Yanwujuetong,False
SYM_05719,咽疼,SYM,Yanteng,Yanteng,False
SYM_05720,咽痛不适,SYM,Yantongbushi,Yantongbushi,False
SYM_05721,咽粘膜淡红或微肿,SYM,Yanzhanmodanhonghuoweizhong,Yanzhanmodanhonghuoweizhong,False
SYM_05722,咽粘膜肥厚,SYM,Yanzhanmofeihou,Yanzhanmofeihou,False
SYM_05723,咽部堵闷,SYM,Yanbudumen,Yanbudumen,False
SYM_05724,咽部异物,SYM,Yanbuyiwu,Yanbuyiwu,False
SYM_05725,咽部有异物感,SYM,Yanbuyouyiwugan,Yanbuyouyiwugan,False
SYM_05726,咽部潮红,SYM,Yanbuchaohong,Yanbuchaohong,False
SYM_05727,咽部疼痛较剧,SYM,Yanbutengtongjiaoju,Yanbutengtongjiaoju,False
SYM_05728,咽部红赤肿胀明显,SYM,Yanbuhongchizhongzhangmingxian,Yanbuhongchizhongzhangmingxian,False
SYM_05729,咽部脉络充血,SYM,Yanbumailuochongxue,Yanbumailuochongxue,False
SYM_05730,咽颈不适,SYM,Yanjingbushi,Yanjingbushi,False
SYM_05731,咽鲜红,SYM,Yanxianhong,Yanxianhong,False
SYM_05732,哑瘴喉风肿痛咽,SYM,Yazhanghoufengzhongtongyan,Yazhanghoufengzhongtongyan,False
SYM_05733,哭声微弱,SYM,Kushengweiruo,Kushengweiruo,False
SYM_05734,哭声较响,SYM,Kushengjiaoxiang,Kushengjiaoxiang,False
SYM_05735,哭躁扰,SYM,Kuzaorao,Kuzaorao,False
SYM_05736,唇口反裂,SYM,Chunkoufanlie,Chunkoufanlie,False
SYM_05737,唇口指甲青白,SYM,Chunkouzhijiaqingbai,Chunkouzhijiaqingbai,False
SYM_05738,唇口舌俱白色,SYM,Chunkoushejubaise,Chunkoushejubaise,False
SYM_05739,唇指青紫,SYM,Chunzhiqingzi,Chunzhiqingzi,False
SYM_05740,唇甲紫暗,SYM,Chunjiazian,Chunjiazian,False
SYM_05741,唇甲紫绀,SYM,Chunjiazigan,Chunjiazigan,False
SYM_05742,唇红而干,SYM,Chunhongergan,Chunhongergan,False
SYM_05743,唇肢青紫,SYM,Chunzhiqingzi,Chunzhiqingzi,False
SYM_05744,唇舌紫暗,SYM,Chunshezian,Chunshezian,False
SYM_05745,唇舌绛赤,SYM,Chunshejiangchi,Chunshejiangchi,False
SYM_05746,唇青吐沫,SYM,Chunqingtumo,Chunqingtumo,False
SYM_05747,唇黑甲青,SYM,Chunheijiaqing,Chunheijiaqing,False
SYM_05748,唾痰,SYM,Tuotan,Tuotan,False
SYM_05749,唾痰腥臭,SYM,Tuotanxingchou,Tuotanxingchou,False
SYM_05750,唾白沫,SYM,Tuobaimo,Tuobaimo,False
SYM_05751,唾血,SYM,Tuoxue,Tuoxue,False
SYM_05752,啼哭不止,SYM,Tikubuzhi,Tikubuzhi,False
SYM_05753,啼哭无泪,SYM,Tikuwulei,Tikuwulei,False
SYM_05754,善惊,SYM,Shanjing,Shanjing,False
SYM_05755,善渴,SYM,Shanke,Shanke,False
SYM_05756,喉中作痒而痛,SYM,Houzhongzuoyangertong,Houzhongzuoyangertong,False
SYM_05757,喉中哮鸣如吼,SYM,Houzhongxiaomingruhou,Houzhongxiaomingruhou,False
SYM_05758,喉中哮鸣如水鸡声,SYM,Houzhongxiaomingrushuijisheng,Houzhongxiaomingrushuijisheng,False
SYM_05759,喉中哮鸣如鼾,SYM,Houzhongxiaomingruhan,Houzhongxiaomingruhan,False
SYM_05760,喉中时有轻度哮鸣,SYM,Houzhongshiyouqingduxiaoming,Houzhongshiyouqingduxiaoming,False
SYM_05761,喉中痰涎壅盛,SYM,Houzhongtanxianyongsheng,Houzhongtanxianyongsheng,False
SYM_05762,喉内不肿,SYM,Houneibuzhong,Houneibuzhong,False
SYM_05763,喉头梗阻明显,SYM,Houtougengzumingxian,Houtougengzumingxian,False
SYM_05764,喉干声哑,SYM,Houganshengya,Houganshengya,False
SYM_05765,喉底红肿隆起,SYM,Houdihongzhonglongqi,Houdihongzhonglongqi,False
SYM_05766,喉底颗粒较多,SYM,Houdikelijiaoduo,Houdikelijiaoduo,False
SYM_05767,喉异物,SYM,Houyiwu,Houyiwu,False
SYM_05768,喉核及周围黏膜红肿,SYM,Houhejizhouweinianmohongzhong,Houhejizhouweinianmohongzhong,False
SYM_05769,喉核肥大,SYM,Houhefeida,Houhefeida,False
SYM_05770,喉核赤肿,SYM,Houhechizhong,Houhechizhong,False
SYM_05771,喉闭痄腮,SYM,Houbizhasai,Houbizhasai,False
SYM_05772,喉间呃呃连声,SYM,Houjianeeliansheng,Houjianeeliansheng,False
SYM_05773,喉间多痰,SYM,Houjianduotan,Houjianduotan,False
SYM_05774,喘宿痰,SYM,Chuansutan,Chuansutan,False
SYM_05775,喘急烦闷,SYM,Chuanjifanmen,Chuanjifanmen,False
SYM_05776,喘息上气,SYM,Chuanxishangqi,Chuanxishangqi,False
SYM_05777,喘息不得卧,SYM,Chuanxibudewo,Chuanxibudewo,False
SYM_05778,喘息气短,SYM,Chuanxiqiduan,Chuanxiqiduan,False
SYM_05779,喘息鼻煽,SYM,Chuanxibishan,Chuanxibishan,False
SYM_05780,喘憋气逆,SYM,Chuanbieqini,Chuanbieqini,False
SYM_05781,喘满腥臭,SYM,Chuanmanxingchou,Chuanmanxingchou,False
SYM_05782,喘逆多汗,SYM,Chuanniduohan,Chuanniduohan,False
SYM_05783,喘逆胁痛,SYM,Chuannixietong,Chuannixietong,False
SYM_05784,喜冷恶热,SYM,Xilengere,Xilengere,False
SYM_05785,喜凉饮而恶热,SYM,Xiliangyinerere,Xiliangyinerere,False
SYM_05786,喜凉饮而恶热者,SYM,Xiliangyinererezhe,Xiliangyinererezhe,False
SYM_05787,喜唾涎沫,SYM,Xituoxianmo,Xituoxianmo,False
SYM_05788,喜得冷饮,SYM,Xideleng Yin,Xideleng Yin,False
SYM_05789,喜怒不常,SYM,Xinubuchang,Xinubuchang,False
SYM_05790,喜怒不时,SYM,Xinubushi,Xinubushi,False
SYM_05791,喜怒无定,SYM,Xinuwuding,Xinuwuding,False
SYM_05792,喜摩按,SYM,Ximoan,Ximoan,False
SYM_05793,喜暖,SYM,Xinuan,Xinuan,False
SYM_05794,喜温喜暖,SYM,Xiwenxinuan,Xiwenxinuan,False
SYM_05795,喜热恶冷,SYM,Xireeleng,Xireeleng,False
SYM_05796,喜热饮食,SYM,Xireyinshi,Xireyinshi,False
SYM_05797,喧扰不宁,SYM,Xuanraobuning,Xuanraobuning,False
SYM_05798,喷嚏频作,SYM,Pentipinzuo,Pentipinzuo,False
SYM_05799,喷射性呕吐,SYM,Penshexingoutu,Penshexingoutu,False
SYM_05800,喷射而出,SYM,Pensheerchu,Pensheerchu,False
SYM_05801,嗅觉迟钝,SYM,Xiujuechidun,Xiujuechidun,False
SYM_05802,嗌塞,SYM,Aisai,Aisai,False
SYM_05803,嗜异食,SYM,Shiyishi,Shiyishi,False
SYM_05804,嗜睡露睛,SYM,Shishuilujing,Shishuilujing,False
SYM_05805,嗳吐气,SYM,Aituqi,Aituqi,False
SYM_05806,嗳气呕吐,SYM,Aiqioutu,Aiqioutu,False
SYM_05807,嗳气酸腐,SYM,Aiqisuanfu,Aiqisuanfu,False
SYM_05808,嗳腐气秽,SYM,Aifuqihui,Aifuqihui,False
SYM_05809,嗽#zz*[@]渴,SYM,Sou#zz*[@]ke,Sou#zz*[@]ke,False
SYM_05810,嗽必痰稀,SYM,Soubitanxi,Soubitanxi,False
SYM_05811,嘈杂不适,SYM,Caozabushi,Caozabushi,False
SYM_05812,嚏不止,SYM,Tibuzhi,Tibuzhi,False
SYM_05813,嚼沫咬牙,SYM,Juemoyaoya,Juemoyaoya,False
SYM_05814,囊尽脱,SYM,Nangjintuo,Nangjintuo,False
SYM_05815,囊红睾肿,SYM,Nanghonggaozhong,Nanghonggaozhong,False
SYM_05816,四体虚倦,SYM,Sitixujuan,Sitixujuan,False
SYM_05817,四围白色内中黄,SYM,Siweibaiseneizhonghuang,Siweibaiseneizhonghuang,False
SYM_05818,四肢不和,SYM,Sizhibuhe,Sizhibuhe,False
SYM_05819,四肢不收,SYM,Sizhibushou,Sizhibushou,False
SYM_05820,四肢乏弱,SYM,Sizhifaruo,Sizhifaruo,False
SYM_05821,四肢亦冷,SYM,Sizhiyileng,Sizhiyileng,False
SYM_05822,四肢冰冷,SYM,Sizhibingleng,Sizhibingleng,False
SYM_05823,四肢厥逆而冷汗出,SYM,Sizhijuenierlenghanchu,Sizhijuenierlenghanchu,False
SYM_05824,四肢散发豆粒大灰褐色坚实结节,SYM,Sizhisanfadoulidahuihesejianshijiejie,Sizhisanfadoulidahuihesejianshijiejie,False
SYM_05825,四肢末端坏死,SYM,Sizhimoduanhuaisi,Sizhimoduanhuaisi,False
SYM_05826,四肢清,SYM,Sizhiqing,Sizhiqing,False
SYM_05827,四肢清冷,SYM,Sizhiqingleng,Sizhiqingleng,False
SYM_05828,四肢痿弱,SYM,Sizhiweiruo,Sizhiweiruo,False
SYM_05829,四肢筋脉弛缓,SYM,Sizhijinmaichihuan,Sizhijinmaichihuan,False
SYM_05830,四肢逆,SYM,Sizhini,Sizhini,False
SYM_05831,四肢逆]冷,SYM,Sizhini]leng,Sizhini]leng,False
SYM_05832,四肢逆冷,SYM,Sizhinileng,Sizhinileng,False
SYM_05833,四肢重,SYM,Sizhizhong,Sizhizhong,False
SYM_05834,四边皆白,SYM,Sibianjiebai,Sibianjiebai,False
SYM_05835,圆癣,SYM,Yuanxuan,Yuanxuan,False
SYM_05836,坐不得卧,SYM,Zuobudewo,Zuobudewo,False
SYM_05837,坐卧不宁,SYM,Zuowobuning,Zuowobuning,False
SYM_05838,坚硬如石,SYM,Jianyingrushi,Jianyingrushi,False
SYM_05839,坠胀疼痛,SYM,Zhuizhangtengtong,Zhuizhangtengtong,False
SYM_05840,坠重如石,SYM,Zhuizhongrushi,Zhuizhongrushi,False
SYM_05841,境界清楚,SYM,Jingjieqingchu,Jingjieqingchu,False
SYM_05842,壮热不寒,SYM,Zhuangrebuhan,Zhuangrebuhan,False
SYM_05843,壮热不退,SYM,Zhuangrebutui,Zhuangrebutui,False
SYM_05844,声哑喉痈,SYM,Shengyahouyong,Shengyahouyong,False
SYM_05845,声嘶,SYM,Shengsi,Shengsi,False
SYM_05846,声如犬吠,SYM,Shengruquanfei,Shengruquanfei,False
SYM_05847,声短而频,SYM,Shengduanerpin,Shengduanerpin,False
SYM_05848,声重邪浊,SYM,Shengzhongxiezhuo,Shengzhongxiezhuo,False
SYM_05849,声门开合不利,SYM,Shengmenkaihebuli,Shengmenkaihebuli,False
SYM_05850,声门肿胀,SYM,Shengmenzhongzhang,Shengmenzhongzhang,False
SYM_05851,声音不出,SYM,Shengyinbuchu,Shengyinbuchu,False
SYM_05852,声音不清,SYM,Shengyinbuqing,Shengyinbuqing,False
SYM_05853,声音逐渐嘶哑,SYM,Shengyinzhujiansiya,Shengyinzhujiansiya,False
SYM_05854,夏暑汗不出,SYM,Xiashuhanbuchu,Xiashuhanbuchu,False
SYM_05855,外多毒水,SYM,Waiduodushui,Waiduodushui,False
SYM_05856,外感暑湿,SYM,Waiganshushi,Waiganshushi,False
SYM_05857,外感风寒,SYM,Waiganfenghan,Waiganfenghan,False
SYM_05858,外热谵语,SYM,Wairezhanyu,Wairezhanyu,False
SYM_05859,外痒内痛,SYM,Waiyangneitong,Waiyangneitong,False
SYM_05860,外耳道局限性红肿,SYM,Waierdaojuxianxinghongzhong,Waierdaojuxianxinghongzhong,False
SYM_05861,外耳道的弥漫性红肿疮疡,SYM,Waierdaodemimanxinghongzhongchuangyang,Waierdaodemimanxinghongzhongchuangyang,False
SYM_05862,外耳道皮肤潮红增厚皲裂,SYM,Waierdaopifuchaohongzenghoujunlie,Waierdaopifuchaohongzenghoujunlie,False
SYM_05863,外脸皆肿,SYM,Wailianjiezhong,Wailianjiezhong,False
SYM_05864,外证面黄,SYM,Waizhengmianhuang,Waizhengmianhuang,False
SYM_05865,外鼻部局限性潮红,SYM,Waibibujuxianxingchaohong,Waibibujuxianxingchaohong,False
SYM_05866,多冷汗,SYM,Duolenghan,Duolenghan,False
SYM_05867,多动少静,SYM,Duodongshaojing,Duodongshaojing,False
SYM_05868,多动而不暴躁,SYM,Duodongerbubaozao,Duodongerbubaozao,False
SYM_05869,多小腹急痛,SYM,Duoxiaofujitong,Duoxiaofujitong,False
SYM_05870,多怒善忘,SYM,Duonushanwang,Duonushanwang,False
SYM_05871,多惊惕,SYM,Duojingti,Duojingti,False
SYM_05872,多有绵涎,SYM,Duoyoumianxian,Duoyoumianxian,False
SYM_05873,多梦而易惊醒,SYM,Duomengeryijingxing,Duomengeryijingxing,False
SYM_05874,多泡沫,SYM,Duopaomo,Duopaomo,False
SYM_05875,多涕,SYM,Duoti,Duoti,False
SYM_05876,多湿多痰,SYM,Duoshiduotan,Duoshiduotan,False
SYM_05877,多眵多泪,SYM,Duochiduolei,Duochiduolei,False
SYM_05878,夜则妄语,SYM,Yezewangyu,Yezewangyu,False
SYM_05879,夜寐多梦,SYM,Yemeiduomeng,Yemeiduomeng,False
SYM_05880,夜寐欠安,SYM,Yemeiqianan,Yemeiqianan,False
SYM_05881,夜寐难醒,SYM,Yemeinanxing,Yemeinanxing,False
SYM_05882,夜尿多,SYM,Yeniaoduo,Yeniaoduo,False
SYM_05883,夜尿频数,SYM,Yeniaopinshu,Yeniaopinshu,False
SYM_05884,夜恶无寐,SYM,Yeewumei,Yeewumei,False
SYM_05885,夜梦不宁,SYM,Yemengbuning,Yemengbuning,False
SYM_05886,夜梦寐不宁,SYM,Yemengmeibuning,Yemengmeibuning,False
SYM_05887,夜热,SYM,Yere,Yere,False
SYM_05888,夜间啼哭,SYM,Yejiantiku,Yejiantiku,False
SYM_05889,夜间盗汗,SYM,Yejiandaohan,Yejiandaohan,False
SYM_05890,夜间磨牙,SYM,Yejianmoya,Yejianmoya,False
SYM_05891,夜间遗精,SYM,Yejianyijing,Yejianyijing,False
SYM_05892,大便不下,SYM,Dabianbuxia,Dabianbuxia,False
SYM_05893,大便不化,SYM,Dabianbuhua,Dabianbuhua,False
SYM_05894,大便努贡,SYM,Dabiannugong,Dabiannugong,False
SYM_05895,大便千结,SYM,Dabianqianjie,Dabianqianjie,False
SYM_05896,大便反泄,SYM,Dabianfanxie,Dabianfanxie,False
SYM_05897,大便困难,SYM,Dabiankunnan,Dabiankunnan,False
SYM_05898,大便多泻,SYM,Dabianduoxie,Dabianduoxie,False
SYM_05899,大便多结燥,SYM,Dabianduojiezao,Dabianduojiezao,False
SYM_05900,大便失调,SYM,Dabianshitiao,Dabianshitiao,False
SYM_05901,大便如常,SYM,Dabianruchang,Dabianruchang,False
SYM_05902,大便如常或溏,SYM,Dabianruchanghuotang,Dabianruchanghuotang,False
SYM_05903,大便忽泻,SYM,Dabianhuxie,Dabianhuxie,False
SYM_05904,大便或溏,SYM,Dabianhuotang,Dabianhuotang,False
SYM_05905,大便水样,SYM,Dabianshuiyang,Dabianshuiyang,False
SYM_05906,大便泄下,SYM,Dabianxiexia,Dabianxiexia,False
SYM_05907,大便泄泻或秘结,SYM,Dabianxiexiehuomijie,Dabianxiexiehuomijie,False
SYM_05908,大便浊垢,SYM,Dabianzhuogou,Dabianzhuogou,False
SYM_05909,大便涩,SYM,Dabianse,Dabianse,False
SYM_05910,大便溏秘不一,SYM,Dabiantangmibuyi,Dabiantangmibuyi,False
SYM_05911,大便滑利,SYM,Dabianhuali,Dabianhuali,False
SYM_05912,大便滞而不畅,SYM,Dabianzhierbuchang,Dabianzhierbuchang,False
SYM_05913,大便稀糊或溏,SYM,Dabianxihuhuotang,Dabianxihuhuotang,False
SYM_05914,大便结燥,SYM,Dabianjiezao,Dabianjiezao,False
SYM_05915,大便色白,SYM,Dabiansebai,Dabiansebai,False
SYM_05916,大便色黄,SYM,Dabiansehuang,Dabiansehuang,False
SYM_05917,大便色黄而臭,SYM,Dabiansehuangerchou,Dabiansehuangerchou,False
SYM_05918,大便酿泻,SYM,Dabianniangxie,Dabianniangxie,False
SYM_05919,大便青色,SYM,Dabianqingse,Dabianqingse,False
SYM_05920,大便黄而赤,SYM,Dabianhuangerchi,Dabianhuangerchi,False
SYM_05921,大便黑色,SYM,Dabianheise,Dabianheise,False
SYM_05922,大哭不休,SYM,Dakubuxiu,Dakubuxiu,False
SYM_05923,大小便自遗,SYM,Daxiaobianziyi,Daxiaobianziyi,False
SYM_05924,大小多如核桃,SYM,Daxiaoduoruhetao,Daxiaoduoruhetao,False
SYM_05925,大小眦头微带赤色,SYM,Daxiaozitouweidaichise,Daxiaozitouweidaichise,False
SYM_05926,大渴引饮,SYM,Dakeyin Yin,Dakeyin Yin,False
SYM_05927,大痛难食,SYM,Datongnanshi,Datongnanshi,False
SYM_05928,大眦睛明穴下方突发赤肿硬痛高起,SYM,Dazijingmingxuexiafangtufachizhongyingtonggaoqi,Dazijingmingxuexiafangtufachizhongyingtonggaoqi,False
SYM_05929,大者如钱,SYM,Dazheruqian,Dazheruqian,False
SYM_05930,大肉削脱,SYM,Darouxuetuo,Darouxuetuo,False
SYM_05931,大量出血,SYM,Daliangchuxie,Daliangchuxie,False
SYM_05932,失神,SYM,Shishen,Shishen,False
SYM_05933,失血必多,SYM,Shixuebiduo,Shixuebiduo,False
SYM_05934,失血过多,SYM,Shixueguoduo,Shixueguoduo,False
SYM_05935,头仍痛,SYM,Tourengtong,Tourengtong,False
SYM_05936,头发呈斑块状,SYM,Toufachengbankuaizhuang,Toufachengbankuaizhuang,False
SYM_05937,头发稀疏枯黄,SYM,Toufaxishukuhuang,Toufaxishukuhuang,False
SYM_05938,头大,SYM,Touda,Touda,False
SYM_05939,头微痛,SYM,Touweitong,Touweitong,False
SYM_05940,头昏或头晕,SYM,Touhunhuotouyun,Touhunhuotouyun,False
SYM_05941,头昏胀痛,SYM,Touhunzhangtong,Touhunzhangtong,False
SYM_05942,头晕目眩,SYM,Touyunmuxuan,Touyunmuxuan,False
SYM_05943,头汗,SYM,Touhan,Touhan,False
SYM_05944,头热毛焦,SYM,Touremaojiao,Touremaojiao,False
SYM_05945,头痛剧烈,SYM,Toutongjulie,Toutongjulie,False
SYM_05946,头痛发热,SYM,Toutongfare,Toutongfare,False
SYM_05947,头痛热渴,SYM,Toutongreke,Toutongreke,False
SYM_05948,头痛而晕,SYM,Toutongeryun,Toutongeryun,False
SYM_05949,头痛较剧,SYM,Toutongjiaoju,Toutongjiaoju,False
SYM_05950,头白秃,SYM,Toubaitu,Toubaitu,False
SYM_05951,头皮有圆形或不规则的覆盖灰白色鳞屑的斑片,SYM,Toupiyouyuanxinghuobuguizedefugaihuibaiselinxiedebanpian,Toupiyouyuanxinghuobuguizedefugaihuibaiselinxiedebanpian,False
SYM_05952,头皮色如常,SYM,Toupiseruchang,Toupiseruchang,False
SYM_05953,头皮覆盖有圆形或不规则形的灰白色鳞屑的斑片,SYM,Toupifugaiyouyuanxinghuobuguizexingdehuibaiselinxiedebanpian,Toupifugaiyouyuanxinghuobuguizexingdehuibaiselinxiedebanpian,False
SYM_05954,头目昏晕,SYM,Toumuhunyun,Toumuhunyun,False
SYM_05955,头目昏重,SYM,Toumuhunzhong,Toumuhunzhong,False
SYM_05956,头目痛,SYM,Toumutong,Toumutong,False
SYM_05957,头目眩晕,SYM,Toumuxuanyun,Toumuxuanyun,False
SYM_05958,头眼疼痛,SYM,Touyantengtong,Touyantengtong,False
SYM_05959,头眼部挫伤,SYM,Touyanbucuoshang,Touyanbucuoshang,False
SYM_05960,头胀痛,SYM,Touzhangtong,Touzhangtong,False
SYM_05961,头胀痛耳,SYM,Touzhangtonger,Touzhangtonger,False
SYM_05962,头角侧痛,SYM,Toujiaocetong,Toujiaocetong,False
SYM_05963,头身重痛,SYM,Toushenzhongtong,Toushenzhongtong,False
SYM_05964,头部初起红丘疹,SYM,Toubuchuqihongqiuzhen,Toubuchuqihongqiuzhen,False
SYM_05965,头部刺痛,SYM,Toubucitong,Toubucitong,False
SYM_05966,头部灼痛,SYM,Toubuzhuotong,Toubuzhuotong,False
SYM_05967,头部隐痛,SYM,Toubuyintong,Toubuyintong,False
SYM_05968,头面浮大,SYM,Toumianfuda,Toumianfuda,False
SYM_05969,头面热色赤,SYM,Toumianresechi,Toumianresechi,False
SYM_05970,头面疙瘩,SYM,Toumiangeda,Toumiangeda,False
SYM_05971,头面疮疖,SYM,Toumianchuangjie,Toumianchuangjie,False
SYM_05972,头额痛,SYM,Touetong,Touetong,False
SYM_05973,夹有血块,SYM,Jiayouxuekuai,Jiayouxuekuai,False
SYM_05974,女子不月,SYM,Nvzibuyue,Nvzibuyue,False
SYM_05975,女子或见月事不调,SYM,Nvzihuojianyueshibudiao,Nvzihuojianyueshibudiao,False
SYM_05976,女孩提前出现乳房发育,SYM,Nvhaitiqianchuxianrufangfayu,Nvhaitiqianchuxianrufangfayu,False
SYM_05977,女童乳房及外生殖器发育,SYM,Nvtongrufangjiwaishengzhiqifayu,Nvtongrufangjiwaishengzhiqifayu,False
SYM_05978,好食易饥,SYM,Haoshiyiji,Haoshiyiji,False
SYM_05979,如丁钉之状,SYM,Rudingdingzhizhuang,Rudingdingzhizhuang,False
SYM_05980,如囊如袋,SYM,Runangrudai,Runangrudai,False
SYM_05981,如祟之状,SYM,Rusuizhizhuang,Rusuizhizhuang,False
SYM_05982,妄笑发痉,SYM,Wangxiaofajing,Wangxiaofajing,False
SYM_05983,妄语者,SYM,Wangyuzhe,Wangyuzhe,False
SYM_05984,妇女下腹有结块,SYM,Funvxiafuyoujiekuai,Funvxiafuyoujiekuai,False
SYM_05985,妊娠期阴道少量下血,SYM,Renshenqiyindaoshaoliangxiaxue,Renshenqiyindaoshaoliangxiaxue,False
SYM_05986,妊娠肿胀,SYM,Renshenzhongzhang,Renshenzhongzhang,False
SYM_05987,始得之身冷,SYM,Shidezhishenleng,Shidezhishenleng,False
SYM_05988,婴儿乳滞睡不安,SYM,Yingerruzhishuibuan,Yingerruzhishuibuan,False
SYM_05989,嫩红,SYM,Nenhong,Nenhong,False
SYM_05990,孕妇忽然僵仆,SYM,Yunfuhuranjiangpu,Yunfuhuranjiangpu,False
SYM_05991,宗筋挛急,SYM,Zongjinluanji,Zongjinluanji,False
SYM_05992,宣透咽痛,SYM,Xuantouyantong,Xuantouyantong,False
SYM_05993,室女经闭,SYM,Shinvjingbi,Shinvjingbi,False
SYM_05994,宫缩时间短而弱,SYM,Gongsuoshijianduanerruo,Gongsuoshijianduanerruo,False
SYM_05995,宫缩虽强,SYM,Gongsuosuiqiang,Gongsuosuiqiang,False
SYM_05996,寐中不安,SYM,Meizhongbuan,Meizhongbuan,False
SYM_05997,寐时露睛,SYM,Meishilujing,Meishilujing,False
SYM_05998,寒冷,SYM,Hanleng,Hanleng,False
SYM_05999,寒多热少,SYM,Handuoreshao,Handuoreshao,False
SYM_06000,寒战壮热,SYM,Hanzhanzhuangre,Hanzhanzhuangre,False
SYM_06001,寒战热反复发作,SYM,Hanzhanrefanfufazuo,Hanzhanrefanfufazuo,False
SYM_06002,寒气壅结,SYM,Hanqiyongjie,Hanqiyongjie,False
SYM_06003,寒热交并,SYM,Hanrejiaobing,Hanrejiaobing,False
SYM_06004,寒甚热微,SYM,Hanshenrewei,Hanshenrewei,False
SYM_06005,寒甚热间,SYM,Hanshenrejian,Hanshenrejian,False
SYM_06006,寒盛热微,SYM,Hanshengrewei,Hanshengrewei,False
SYM_06007,寒轻热重,SYM,Hanqingrezhong,Hanqingrezhong,False
SYM_06008,小便不清,SYM,Xiaobianbuqing,Xiaobianbuqing,False
SYM_06009,小便乳白如脂膏,SYM,Xiaobianrubairuzhi Gao,Xiaobianrubairuzhi Gao,False
SYM_06010,小便亦多,SYM,Xiaobianyiduo,Xiaobianyiduo,False
SYM_06011,小便反多,SYM,Xiaobianfanduo,Xiaobianfanduo,False
SYM_06012,小便反涩,SYM,Xiaobianfanse,Xiaobianfanse,False
SYM_06013,小便变燥,SYM,Xiaobianbianzao,Xiaobianbianzao,False
SYM_06014,小便多而红,SYM,Xiaobianduoerhong,Xiaobianduoerhong,False
SYM_06015,小便并多,SYM,Xiaobianbingduo,Xiaobianbingduo,False
SYM_06016,小便数而欠,SYM,Xiaobianshuerqian,Xiaobianshuerqian,False
SYM_06017,小便涩痛,SYM,Xiaobiansetong,Xiaobiansetong,False
SYM_06018,小便涩痛带血,SYM,Xiaobiansetongdaixue,Xiaobiansetongdaixue,False
SYM_06019,小便清,SYM,Xiaobianqing,Xiaobianqing,False
SYM_06020,小便溲,SYM,Xiaobiansou,Xiaobiansou,False
SYM_06021,小便灼热涩痛,SYM,Xiaobianzhuoresetong,Xiaobianzhuoresetong,False
SYM_06022,小便点滴不爽,SYM,Xiaobiandiandibushuang,Xiaobiandiandibushuang,False
SYM_06023,小便点滴而下,SYM,Xiaobiandiandierxia,Xiaobiandiandierxia,False
SYM_06024,小便点滴而出,SYM,Xiaobiandiandierchu,Xiaobiandiandierchu,False
SYM_06025,小便点滴难出,SYM,Xiaobiandiandinanchu,Xiaobiandiandinanchu,False
SYM_06026,小便红涩,SYM,Xiaobianhongse,Xiaobianhongse,False
SYM_06027,小便色清,SYM,Xiaobianseqing,Xiaobianseqing,False
SYM_06028,小便色白,SYM,Xiaobiansebai,Xiaobiansebai,False
SYM_06029,小便色黄,SYM,Xiaobiansehuang,Xiaobiansehuang,False
SYM_06030,小便赤少,SYM,Xiaobianchishao,Xiaobianchishao,False
SYM_06031,小便赤热,SYM,Xiaobianchire,Xiaobianchire,False
SYM_06032,小便赤色,SYM,Xiaobianchise,Xiaobianchise,False
SYM_06033,小便通畅而色清,SYM,Xiaobiantongchangerseqing,Xiaobiantongchangerseqing,False
SYM_06034,小便闭塞,SYM,Xiaobianbise,Xiaobianbise,False
SYM_06035,小便闭塞不通,SYM,Xiaobianbisebutong,Xiaobianbisebutong,False
SYM_06036,小便闭涩,SYM,Xiaobianbise,Xiaobianbise,False
SYM_06037,小便频数短涩,SYM,Xiaobianpinshuoduanse,Xiaobianpinshuoduanse,False
SYM_06038,小便频数，滴沥不尽,SYM,Xiaobianpinshuo，dilibujin,Xiaobianpinshuo，dilibujin,False
SYM_06039,小便黄或赤,SYM,Xiaobianhuanghuochi,Xiaobianhuanghuochi,False
SYM_06040,小便黄者,SYM,Xiaobianhuangzhe,Xiaobianhuangzhe,False
SYM_06041,小儿不能自主控制排尿,SYM,Xiaoerbunengzizhukongzhipainiao,Xiaoerbunengzizhukongzhipainiao,False
SYM_06042,小水涩滞,SYM,Xiaoshuisezhi,Xiaoshuisezhi,False
SYM_06043,小溲短黄,SYM,Xiaosouduanhuang,Xiaosouduanhuang,False
SYM_06044,小者如豆,SYM,Xiaozherudou,Xiaozherudou,False
SYM_06045,小肚子有胀坠感觉,SYM,Xiaoduziyouzhangzhuiganjue,Xiaoduziyouzhangzhuiganjue,False
SYM_06046,小肠泄,SYM,Xiaochangxie,Xiaochangxie,False
SYM_06047,小肠痛,SYM,Xiaochangtong,Xiaochangtong,False
SYM_06048,小腹冷痛,SYM,Xiaofulengtong,Xiaofulengtong,False
SYM_06049,小腹急痛,SYM,Xiaofujitong,Xiaofujitong,False
SYM_06050,小腹拘急疼痛,SYM,Xiaofujujitengtong,Xiaofujujitengtong,False
SYM_06051,小腹疼痛剧烈,SYM,Xiaofutengtongjulie,Xiaofutengtongjulie,False
SYM_06052,小腹硬满,SYM,Xiaofuyingman,Xiaofuyingman,False
SYM_06053,小腹绵绵作痛,SYM,Xiaofumianmianzuotong,Xiaofumianmianzuotong,False
SYM_06054,小腹胀痛,SYM,Xiaofuzhangtong,Xiaofuzhangtong,False
SYM_06055,小腹胀痛拒按,SYM,Xiaofuzhangtongjuan,Xiaofuzhangtongjuan,False
SYM_06056,小腿抽筋,SYM,Xiaotuichoujin,Xiaotuichoujin,False
SYM_06057,小腿腓肠肌与足底疼痛与压痛,SYM,Xiaotuifeichangjiyuzuditengtongyuyatong,Xiaotuifeichangjiyuzuditengtongyuyatong,False
SYM_06058,小舌左右常出血,SYM,Xiaoshezuoyouchangchuxie,Xiaoshezuoyouchangchuxie,False
SYM_06059,小血管弯曲,SYM,Xiaoxueguanwanqu,Xiaoxueguanwanqu,False
SYM_06060,少眠,SYM,Shaomian,Shaomian,False
SYM_06061,少秘,SYM,Shaomi,Shaomi,False
SYM_06062,少腹,SYM,Shaofu,Shaofu,False
SYM_06063,少腹坠痛,SYM,Shaofuzhuitong,Shaofuzhuitong,False
SYM_06064,少腹如扇,SYM,Shaofurushan,Shaofurushan,False
SYM_06065,少腹急,SYM,Shaofuji,Shaofuji,False
SYM_06066,少腹板硬,SYM,Shaofubanying,Shaofubanying,False
SYM_06067,少腹痛,SYM,Shaofutong,Shaofutong,False
SYM_06068,少腹硬痛,SYM,Shaofuyingtong,Shaofuyingtong,False
SYM_06069,少阴寒痛,SYM,Shaoyinhantong,Shaoyinhantong,False
SYM_06070,少阴腹痛,SYM,Shaoyinfutong,Shaoyinfutong,False
SYM_06071,尖绛,SYM,Jianjiang,Jianjiang,False
SYM_06072,尖赤,SYM,Jianchi,Jianchi,False
SYM_06073,尚未行经,SYM,Shangweixingjing,Shangweixingjing,False
SYM_06074,尺寸滑数,SYM,Chicunhuashu,Chicunhuashu,False
SYM_06075,尿中时夹沙石,SYM,Niaozhongshijiashashi,Niaozhongshijiashashi,False
SYM_06076,尿多清长,SYM,Niaoduoqingzhang,Niaoduoqingzhang,False
SYM_06077,尿时夹有血块,SYM,Niaoshijiayouxuekuai,Niaoshijiayouxuekuai,False
SYM_06078,尿时疼痛或突然中断,SYM,Niaoshitengtonghuoturanzhongduan,Niaoshitengtonghuoturanzhongduan,False
SYM_06079,尿流突然中断,SYM,Niaoliuturanzhongduan,Niaoliuturanzhongduan,False
SYM_06080,尿涩,SYM,Niaose,Niaose,False
SYM_06081,尿液不清,SYM,Niaoyebuqing,Niaoyebuqing,False
SYM_06082,尿清而长,SYM,Niaoqingerzhang,Niaoqingerzhang,False
SYM_06083,尿清长,SYM,Niaoqingzhang,Niaoqingzhang,False
SYM_06084,尿热,SYM,Niaore,Niaore,False
SYM_06085,尿甜,SYM,Niaotian,Niaotian,False
SYM_06086,尿痛涩滞,SYM,Niaotongsezhi,Niaotongsezhi,False
SYM_06087,尿秘少腹满,SYM,Niaomishaofuman,Niaomishaofuman,False
SYM_06088,尿道有灼热感,SYM,Niaodaoyouzhuoregan,Niaodaoyouzhuoregan,False
SYM_06089,尿道灼热疼痛,SYM,Niaodaozhuoretengtong,Niaodaozhuoretengtong,False
SYM_06090,尿量减少,SYM,Niaoliangjianshao,Niaoliangjianshao,False
SYM_06091,尿量多小便清,SYM,Niaoliangduoxiaobianqing,Niaoliangduoxiaobianqing,False
SYM_06092,尿闭,SYM,Niaobi,Niaobi,False
SYM_06093,尿黄#zz*[@]粪黑,SYM,Niaohuang#zz*[@]fenhei,Niaohuang#zz*[@]fenhei,False
SYM_06094,尿黄热痛,SYM,Niaohuangretong,Niaohuangretong,False
SYM_06095,局部感觉减退,SYM,Jubuganjuejiantui,Jubuganjuejiantui,False
SYM_06096,局部热肿胀疼痛,SYM,Juburezhongzhangtengtong,Juburezhongzhangtengtong,False
SYM_06097,局部畸形,SYM,Jubujixing,Jubujixing,False
SYM_06098,局部红肿明显,SYM,Jubuhongzhongmingxian,Jubuhongzhongmingxian,False
SYM_06099,局部颤动,SYM,Jubuchandong,Jubuchandong,False
SYM_06100,屈伸艰难,SYM,Qushenjiannan,Qushenjiannan,False
SYM_06101,屡孕屡堕,SYM,Lvyunlvduo,Lvyunlvduo,False
SYM_06102,左关细涩,SYM,Zuoguanxise,Zuoguanxise,False
SYM_06103,左胁刺痛,SYM,Zuoxiecitong,Zuoxiecitong,False
SYM_06104,左脉微数,SYM,Zuomaiweishu,Zuomaiweishu,False
SYM_06105,带下色黄有味,SYM,Daixiasehuangyouwei,Daixiasehuangyouwei,False
SYM_06106,带下黄臭,SYM,Daixiahuangchou,Daixiahuangchou,False
SYM_06107,带多粘腻,SYM,Daiduozhanni,Daiduozhanni,False
SYM_06108,带有泡沫,SYM,Daiyoupaomo,Daiyoupaomo,False
SYM_06109,带清血,SYM,Daiqingxue,Daiqingxue,False
SYM_06110,常流清水,SYM,Changliuqingshui,Changliuqingshui,False
SYM_06111,常溢脂水或结黄浊厚痂,SYM,Changyizhishuihuojiehuangzhuohoujia,Changyizhishuihuojiehuangzhuohoujia,False
SYM_06112,干光,SYM,Ganguang,Ganguang,False
SYM_06113,干呕#zz*[@]发热,SYM,Ganou#zz*[@]fare,Ganou#zz*[@]fare,False
SYM_06114,干咳颊红,SYM,Gankejiahong,Gankejiahong,False
SYM_06115,干嗽,SYM,Gansou,Gansou,False
SYM_06116,干枯燥裂,SYM,Gankuzaolie,Gankuzaolie,False
SYM_06117,干涩灼热,SYM,Gansezhuore,Gansezhuore,False
SYM_06118,干热,SYM,Ganre,Ganre,False
SYM_06119,干燥不适,SYM,Ganzaobushi,Ganzaobushi,False
SYM_06120,平居无疾,SYM,Pingjuwuji,Pingjuwuji,False
SYM_06121,平素气息短促,SYM,Pingsuqixiduancu,Pingsuqixiduancu,False
SYM_06122,平而不肿,SYM,Pingerbuzhong,Pingerbuzhong,False
SYM_06123,年迈体虚,SYM,Nianmaitixu,Nianmaitixu,False
SYM_06124,异物堵塞感,SYM,Yiwudusegan,Yiwudusegan,False
SYM_06125,异物感,SYM,Yiwugan,Yiwugan,False
SYM_06126,异物梗喉,SYM,Yiwugenghou,Yiwugenghou,False
SYM_06127,异物梗阻感,SYM,Yiwugengzugan,Yiwugengzugan,False
SYM_06128,张口不利,SYM,Zhangkoubuli,Zhangkoubuli,False
SYM_06129,张口咀嚼困难,SYM,Zhangkoujujuekunnan,Zhangkoujujuekunnan,False
SYM_06130,弥漫对称,SYM,Mimanduichen,Mimanduichen,False
SYM_06131,弯腰屈背,SYM,Wanyaoqubei,Wanyaoqubei,False
SYM_06132,强直抽搐,SYM,Qiangzhichouchu,Qiangzhichouchu,False
SYM_06133,强饮则呛,SYM,Qiangyinzeqiang,Qiangyinzeqiang,False
SYM_06134,当汗不汗,SYM,Danghanbuhan,Danghanbuhan,False
SYM_06135,形体偏胖,SYM,Xingtipianpang,Xingtipianpang,False
SYM_06136,形体困重,SYM,Xingtikunzhong,Xingtikunzhong,False
SYM_06137,形体消削,SYM,Xingtixiaoxue,Xingtixiaoxue,False
SYM_06138,形大,SYM,Xingda,Xingda,False
SYM_06139,形如痱子,SYM,Xingrufeizi,Xingrufeizi,False
SYM_06140,形如细砂,SYM,Xingruxisha,Xingruxisha,False
SYM_06141,形如蝉肚,SYM,Xingruchandu,Xingruchandu,False
SYM_06142,形寒怕冷,SYM,Xinghanpaleng,Xinghanpaleng,False
SYM_06143,形寒汗出,SYM,Xinghanhanchu,Xinghanhanchu,False
SYM_06144,形寒肢冷,SYM,Xinghanzhileng,Xinghanzhileng,False
SYM_06145,形成巨大肿块,SYM,Xingchengjudazhongkuai,Xingchengjudazhongkuai,False
SYM_06146,形瘦便溏,SYM,Xingshoubiantang,Xingshoubiantang,False
SYM_06147,形神萎顿,SYM,Xingshenweidun,Xingshenweidun,False
SYM_06148,形色黄瘦,SYM,Xingsehuangshou,Xingsehuangshou,False
SYM_06149,影袋,SYM,Yingdai,Yingdai,False
SYM_06150,得温痛减,SYM,Dewentongjian,Dewentongjian,False
SYM_06151,得热则痛缓,SYM,Derezetonghuan,Derezetonghuan,False
SYM_06152,得热则舒,SYM,Derezeshu,Derezeshu,False
SYM_06153,微冷,SYM,Weileng,Weileng,False
SYM_06154,微含黄色遮瞳神不痒不疼渐渐昏,SYM,Weihanhuangsezhetongshenbuyangbutengjianjianhun,Weihanhuangsezhetongshenbuyangbutengjianjianhun,False
SYM_06155,微寒多热,SYM,Weihanduore,Weihanduore,False
SYM_06156,微寒怕风,SYM,Weihanpafeng,Weihanpafeng,False
SYM_06157,微微头旋额痛,SYM,Weiweitouxuanetong,Weiweitouxuanetong,False
SYM_06158,微烦,SYM,Weifan,Weifan,False
SYM_06159,微热烦满,SYM,Weirefanman,Weirefanman,False
SYM_06160,微热舌红,SYM,Weireshehong,Weireshehong,False
SYM_06161,微紫,SYM,Weizi,Weizi,False
SYM_06162,微者短气,SYM,Weizheduanqi,Weizheduanqi,False
SYM_06163,心下烦渴,SYM,Xinxiafanke,Xinxiafanke,False
SYM_06164,心下痞硬,SYM,Xinxiapiying,Xinxiapiying,False
SYM_06165,心与小肠实热,SYM,Xinyuxiaochangshire,Xinyuxiaochangshire,False
SYM_06166,心中常有所歉,SYM,Xinzhongchangyousuoqian,Xinzhongchangyousuoqian,False
SYM_06167,心中烦乱,SYM,Xinzhongfanluan,Xinzhongfanluan,False
SYM_06168,心中烦闷,SYM,Xinzhongfanmen,Xinzhongfanmen,False
SYM_06169,心中躁烦,SYM,Xinzhongzaofan,Xinzhongzaofan,False
SYM_06170,心动而悸,SYM,Xindongerji,Xindongerji,False
SYM_06171,心寒,SYM,Xinhan,Xinhan,False
SYM_06172,心悸喘满,SYM,Xinjichuanman,Xinjichuanman,False
SYM_06173,心惊胆怯,SYM,Xinjingdanqie,Xinjingdanqie,False
SYM_06174,心慌乏力,SYM,Xinhuangfali,Xinhuangfali,False
SYM_06175,心烦口苦咽干,SYM,Xinfankoukuyangan,Xinfankoukuyangan,False
SYM_06176,心烦咳呕,SYM,Xinfankeou,Xinfankeou,False
SYM_06177,心烦汗出,SYM,Xinfanhanchu,Xinfanhanchu,False
SYM_06178,心痛彻背,SYM,Xintongchebei,Xintongchebei,False
SYM_06179,心神不安,SYM,Xinshenbuan,Xinshenbuan,False
SYM_06180,心胁暴痛,SYM,Xinxiebaotong,Xinxiebaotong,False
SYM_06181,心胸刺痛,SYM,Xinxiongcitong,Xinxiongcitong,False
SYM_06182,心胸剧痛,SYM,Xinxiongjutong,Xinxiongjutong,False
SYM_06183,心胸痹痛,SYM,Xinxiongbitong,Xinxiongbitong,False
SYM_06184,心脾伤痛,SYM,Xinpishangtong,Xinpishangtong,False
SYM_06185,心腹卒痛,SYM,Xinfuzutong,Xinfuzutong,False
SYM_06186,心腹坚痛,SYM,Xinfujiantong,Xinfujiantong,False
SYM_06187,必痒痛,SYM,Biyangtong,Biyangtong,False
SYM_06188,必痛连胁筋,SYM,Bitonglianxiejin,Bitonglianxiejin,False
SYM_06189,忽尔暴吐,SYM,Huerbaotu,Huerbaotu,False
SYM_06190,忽默默无知,SYM,Humomowuzhi,Humomowuzhi,False
SYM_06191,怔忡不已,SYM,Zhengchongbuyi,Zhengchongbuyi,False
SYM_06192,怔忡之症,SYM,Zhengchongzhizheng,Zhengchongzhizheng,False
SYM_06193,怔忡懊,SYM,Zhengchongao,Zhengchongao,False
SYM_06194,怕日羞明,SYM,Parixiuming,Parixiuming,False
SYM_06195,怕热畏光,SYM,Pareweiguang,Pareweiguang,False
SYM_06196,思虑劳倦过度,SYM,Silvlaojuanguodu,Silvlaojuanguodu,False
SYM_06197,急疳龈肉烂,SYM,Jigankenroulan,Jigankenroulan,False
SYM_06198,急而不舒,SYM,Jierbushu,Jierbushu,False
SYM_06199,性交痛,SYM,Xingjiaotong,Xingjiaotong,False
SYM_06200,性欲低下,SYM,Xingyudixia,Xingyudixia,False
SYM_06201,性淡漠,SYM,Xingdanmo,Xingdanmo,False
SYM_06202,息促,SYM,Xicu,Xicu,False
SYM_06203,恶心吞酸,SYM,Exintunsuan,Exintunsuan,False
SYM_06204,恶心欲吐,SYM,Exinyutu,Exinyutu,False
SYM_06205,恶心纳呆,SYM,Exinnadai,Exinnadai,False
SYM_06206,恶性肿瘤瘤体增大迅速,SYM,Exingzhongliuliutizengdaxunsu,Exingzhongliuliutizengdaxunsu,False
SYM_06207,恶明喜暗,SYM,Emingxian,Emingxian,False
SYM_06208,恶热畏光,SYM,Ereweiguang,Ereweiguang,False
SYM_06209,恶肿痛,SYM,Ezhongtong,Ezhongtong,False
SYM_06210,恶臭,SYM,Echou,Echou,False
SYM_06211,恶进饮食,SYM,Ejinyinshi,Ejinyinshi,False
SYM_06212,恶露不尽,SYM,Elubujin,Elubujin,False
SYM_06213,恶露不止,SYM,Elubuzhi,Elubuzhi,False
SYM_06214,恶露不畅,SYM,Elubuchang,Elubuchang,False
SYM_06215,恶露色深有血块,SYM,Eluseshenyouxuekuai,Eluseshenyouxuekuai,False
SYM_06216,恶露量多或少,SYM,Eluliangduohuoshao,Eluliangduohuoshao,False
SYM_06217,恶露量或多或少,SYM,Elulianghuoduohuoshao,Elulianghuoduohuoshao,False
SYM_06218,恶风自汗,SYM,Efengzihan,Efengzihan,False
SYM_06219,恶食腹满,SYM,Eshifuman,Eshifuman,False
SYM_06220,患在右,SYM,Huanzaiyou,Huanzaiyou,False
SYM_06221,患在左,SYM,Huanzaizuo,Huanzaizuo,False
SYM_06222,患处皮厚增生,SYM,Huanchupihouzengsheng,Huanchupihouzengsheng,False
SYM_06223,患翳一半厚一半薄,SYM,Huanyiyibanhouyibanbao,Huanyiyibanhouyibanbao,False
SYM_06224,患肢明显肿胀,SYM,Huanzhimingxianzhongzhang,Huanzhimingxianzhongzhang,False
SYM_06225,悲伤,SYM,Beishang,Beishang,False
SYM_06226,悲伤欲哭,SYM,Beishangyuku,Beishangyuku,False
SYM_06227,悲喜无常,SYM,Beixiwuchang,Beixiwuchang,False
SYM_06228,情志不畅,SYM,Qingzhibuchang,Qingzhibuchang,False
SYM_06229,情绪低落,SYM,Qingxudiluo,Qingxudiluo,False
SYM_06230,情绪诱因明显,SYM,Qingxuyouyinmingxian,Qingxuyouyinmingxian,False
SYM_06231,惊厥抽搐,SYM,Jingjuechouchu,Jingjuechouchu,False
SYM_06232,惊叫吐舌急啼,SYM,Jingjiaotushejiti,Jingjiaotushejiti,False
SYM_06233,惊悸不已,SYM,Jingjibuyi,Jingjibuyi,False
SYM_06234,惊悸多魇,SYM,Jingjiduoyan,Jingjiduoyan,False
SYM_06235,惊惕不安,SYM,Jingtibuan,Jingtibuan,False
SYM_06236,惨戚振栗,SYM,Canqizhenli,Canqizhenli,False
SYM_06237,感情易激动,SYM,Ganqingyijidong,Ganqingyijidong,False
SYM_06238,感风寒,SYM,Ganfenghan,Ganfenghan,False
SYM_06239,憋闷如塞,SYM,Biemenrusai,Biemenrusai,False
SYM_06240,憎寒作热,SYM,Zenghanzuore,Zenghanzuore,False
SYM_06241,懊恨嗟叹不已,SYM,Aohenjietanbuyi,Aohenjietanbuyi,False
SYM_06242,懒动少言,SYM,Landongshaoyan,Landongshaoyan,False
SYM_06243,懒言多汗,SYM,Lanyanduohan,Lanyanduohan,False
SYM_06244,或倚门后,SYM,Huoyimenhou,Huoyimenhou,False
SYM_06245,或兼血淋,SYM,Huojianxuelin,Huojianxuelin,False
SYM_06246,或厥数日,SYM,Huojueshuri,Huojueshuri,False
SYM_06247,或吐或泻,SYM,Huotuhuoxie,Huotuhuoxie,False
SYM_06248,或呕或哕,SYM,Huoouhuohui,Huoouhuohui,False
SYM_06249,或啼或笑,SYM,Huotihuoxiao,Huotihuoxiao,False
SYM_06250,或手指如许长大,SYM,Huoshouzhiruxuzhangda,Huoshouzhiruxuzhangda,False
SYM_06251,或有烂斑,SYM,Huoyoulanban,Huoyoulanban,False
SYM_06252,或热或胀或硬,SYM,Huorehuozhanghuoying,Huorehuozhanghuoying,False
SYM_06253,或焦红,SYM,Huojiaohong,Huojiaohong,False
SYM_06254,或痒或疼渐积厚,SYM,Huoyanghuotengjianjihou,Huoyanghuotengjianjihou,False
SYM_06255,或笑,SYM,Huoxiao,Huoxiao,False
SYM_06256,或腹中作声,SYM,Huofuzhongzuosheng,Huofuzhongzuosheng,False
SYM_06257,或见异物,SYM,Huojianyiwu,Huojianyiwu,False
SYM_06258,或鸣声如吹哨笛,SYM,Huomingshengruchuishaodi,Huomingshengruchuishaodi,False
SYM_06259,或黄而润,SYM,Huohuangerrun,Huohuangerrun,False
SYM_06260,或齿落头秃,SYM,Huochiluotoutu,Huochiluotoutu,False
SYM_06261,所下白色,SYM,Suoxiabaise,Suoxiabaise,False
SYM_06262,手心灼热,SYM,Shouxinzhuore,Shouxinzhuore,False
SYM_06263,手指甲白,SYM,Shouzhijiabai,Shouzhijiabai,False
SYM_06264,手指颤抖,SYM,Shouzhichandou,Shouzhichandou,False
SYM_06265,手掌皮肤肥厚,SYM,Shouzhangpifufeihou,Shouzhangpifufeihou,False
SYM_06266,手纸染血,SYM,Shouzhiranxue,Shouzhiranxue,False
SYM_06267,手足冰冷,SYM,Shouzubingleng,Shouzubingleng,False
SYM_06268,手足厥逆,SYM,Shouzujueni,Shouzujueni,False
SYM_06269,手足心伏热,SYM,Shouzuxinfure,Shouzuxinfure,False
SYM_06270,手足心汗,SYM,Shouzuxinhan,Shouzuxinhan,False
SYM_06271,手足心热舌质淡或红舌苔薄少或花剥,SYM,Shouzuxinreshezhidanhuohongshetaibaoshaohuohuabo,Shouzuxinreshezhidanhuohongshetaibaoshaohuohuabo,False
SYM_06272,手足拘挛,SYM,Shouzujuluan,Shouzujuluan,False
SYM_06273,手足搐动,SYM,Shouzuchudong,Shouzuchudong,False
SYM_06274,手足欠温,SYM,Shouzuqianwen,Shouzuqianwen,False
SYM_06275,手足烦热,SYM,Shouzufanre,Shouzufanre,False
SYM_06276,手足畏寒,SYM,Shouzuweihan,Shouzuweihan,False
SYM_06277,手足瘛,SYM,Shouzuchi,Shouzuchi,False
SYM_06278,手足运动障碍,SYM,Shouzuyundongzhangai,Shouzuyundongzhangai,False
SYM_06279,手足麻木,SYM,Shouzumamu,Shouzumamu,False
SYM_06280,手足麻痹,SYM,Shouzumabi,Shouzumabi,False
SYM_06281,打喷嚏流清涕,SYM,Dapentiliuqingti,Dapentiliuqingti,False
SYM_06282,扰扰不宁,SYM,Raoraobuning,Raoraobuning,False
SYM_06283,抑郁,SYM,Yiyu,Yiyu,False
SYM_06284,抑郁不乐,SYM,Yiyubule,Yiyubule,False
SYM_06285,抑郁恼怒,SYM,Yiyunaonu,Yiyunaonu,False
SYM_06286,抓之有水,SYM,Zhuazhiyoushui,Zhuazhiyoushui,False
SYM_06287,抓痕及结痂,SYM,Zhuahenjijiejia,Zhuahenjijiejia,False
SYM_06288,抓痕血痂,SYM,Zhuahenxuejia,Zhuahenxuejia,False
SYM_06289,抗菌治疗无效,SYM,Kangjunzhiliaowuxiao,Kangjunzhiliaowuxiao,False
SYM_06290,抱轮红赤,SYM,Baolunhongchi,Baolunhongchi,False
SYM_06291,抽挛,SYM,Chouluan,Chouluan,False
SYM_06292,抽搐咬牙,SYM,Chouchuyaoya,Chouchuyaoya,False
SYM_06293,抽痉,SYM,Choujing,Choujing,False
SYM_06294,持续不缓解,SYM,Chixubuhuanjie,Chixubuhuanjie,False
SYM_06295,持续性低热,SYM,Chixuxingdire,Chixuxingdire,False
SYM_06296,指压褪色,SYM,Zhiyatuishai,Zhiyatuishai,False
SYM_06297,指甲发绀,SYM,Zhijiafagan,Zhijiafagan,False
SYM_06298,指纹多紫,SYM,Zhiwenduozi,Zhiwenduozi,False
SYM_06299,指纹淡滞,SYM,Zhiwendanzhi,Zhiwendanzhi,False
SYM_06300,指纹色淡,SYM,Zhiwensedan,Zhiwensedan,False
SYM_06301,指纹青,SYM,Zhiwenqing,Zhiwenqing,False
SYM_06302,指趾挛缩变细,SYM,Zhizhiluansuobianxi,Zhizhiluansuobianxi,False
SYM_06303,指趾甲增厚色黑灰,SYM,Zhizhijiazenghouseheihui,Zhizhijiazenghouseheihui,False
SYM_06304,按之不坚,SYM,Anzhibujian,Anzhibujian,False
SYM_06305,按之无力,SYM,Anzhiwuli,Anzhiwuli,False
SYM_06306,按之闷痛,SYM,Anzhimentong,Anzhimentong,False
SYM_06307,挛急偏枯,SYM,Luanjipianku,Luanjipianku,False
SYM_06308,挟瘀晦血瓣,SYM,Xieyuhuixueban,Xieyuhuixueban,False
SYM_06309,挟稀薄痰唾,SYM,Xiexibotantuo,Xiexibotantuo,False
SYM_06310,排便不畅,SYM,Paibianbuchang,Paibianbuchang,False
SYM_06311,排尿涩痛,SYM,Painiaosetong,Painiaosetong,False
SYM_06312,推之不移,SYM,Tuizhibuyi,Tuizhibuyi,False
SYM_06313,搐鼻取嚏,SYM,Chubiquti,Chubiquti,False
SYM_06314,搔抓难忍,SYM,Saozhuananren,Saozhuananren,False
SYM_06315,搔抓鼻部,SYM,Saozhuabibu,Saozhuabibu,False
SYM_06316,撤手,SYM,Cheshou,Cheshou,False
SYM_06317,擦破血流,SYM,Capoxueliu,Capoxueliu,False
SYM_06318,攻窜两胁,SYM,Gongcuanliangxie,Gongcuanliangxie,False
SYM_06319,攻窜作痛,SYM,Gongcuanzuotong,Gongcuanzuotong,False
SYM_06320,攻窜胀痛,SYM,Gongcuanzhangtong,Gongcuanzhangtong,False
SYM_06321,数天后水疱吸收隐没,SYM,Shutianhoushuipaoxishouyinmei,Shutianhoushuipaoxishouyinmei,False
SYM_06322,数小便,SYM,Shuxiaobian,Shuxiaobian,False
SYM_06323,数目多,SYM,Shumuduo,Shumuduo,False
SYM_06324,斑块,SYM,Bankuai,Bankuai,False
SYM_06325,斑疹小,SYM,Banzhenxiao,Banzhenxiao,False
SYM_06326,斑疹暗红,SYM,Banzhenanhong,Banzhenanhong,False
SYM_06327,斑疹紫黑,SYM,Banzhenzihei,Banzhenzihei,False
SYM_06328,斑疹色红如玫瑰,SYM,Banzhensehongrumeigui,Banzhensehongrumeigui,False
SYM_06329,新肉不鲜,SYM,Xinroubuxian,Xinroubuxian,False
SYM_06330,新肌不生,SYM,Xinjibusheng,Xinjibusheng,False
SYM_06331,方颅,SYM,Fanglu,Fanglu,False
SYM_06332,无定期月经愆期经乱,SYM,Wudingqiyuejingqianqijingluan,Wudingqiyuejingqianqijingluan,False
SYM_06333,无寒热,SYM,Wuhanre,Wuhanre,False
SYM_06334,无故悲泣,SYM,Wugubeiqi,Wugubeiqi,False
SYM_06335,无明显臭气,SYM,Wumingxianchouqi,Wumingxianchouqi,False
SYM_06336,无汗身热,SYM,Wuhanshenre,Wuhanshenre,False
SYM_06337,无泪而遮蔽瞳神,SYM,Wuleierzhebitongshen,Wuleierzhebitongshen,False
SYM_06338,无热无寒,SYM,Wurewuhan,Wurewuhan,False
SYM_06339,无痰身热,SYM,Wutanshenre,Wutanshenre,False
SYM_06340,无矢气,SYM,Wushiqi,Wushiqi,False
SYM_06341,无红肿痛,SYM,Wuhongzhongtong,Wuhongzhongtong,False
SYM_06342,无血块,SYM,Wuxuekuai,Wuxuekuai,False
SYM_06343,日久方溃,SYM,Rijiufangkui,Rijiufangkui,False
SYM_06344,日夜呻吟,SYM,Riyeshenyin,Riyeshenyin,False
SYM_06345,日渐消瘦,SYM,Rijianxiaoshou,Rijianxiaoshou,False
SYM_06346,日觉干涩不爽利,SYM,Rijuegansebushuangli,Rijuegansebushuangli,False
SYM_06347,旦食暮吐,SYM,Danshimutu,Danshimutu,False
SYM_06348,时叹息,SYM,Shitanxi,Shitanxi,False
SYM_06349,时呕沫,SYM,Shioumo,Shioumo,False
SYM_06350,时哭时止,SYM,Shikushizhi,Shikushizhi,False
SYM_06351,时圊血,SYM,Shiqingxue,Shiqingxue,False
SYM_06352,时寒时热,SYM,Shihanshire,Shihanshire,False
SYM_06353,时或谵语,SYM,Shihuozhanyu,Shihuozhanyu,False
SYM_06354,时时前后血,SYM,Shishiqianhouxue,Shishiqianhouxue,False
SYM_06355,时时昏晕,SYM,Shishihunyun,Shishihunyun,False
SYM_06356,时燥,SYM,Shizao,Shizao,False
SYM_06357,时稠时清,SYM,Shichoushiqing,Shichoushiqing,False
SYM_06358,时聚时散,SYM,Shijushi San,Shijushi San,False
SYM_06359,时见渴燥,SYM,Shijiankezao,Shijiankezao,False
SYM_06360,时觉有涎水粘睛,SYM,Shijueyouxianshuizhanjing,Shijueyouxianshuizhanjing,False
SYM_06361,昏冒闭满,SYM,Hunmaobiman,Hunmaobiman,False
SYM_06362,昏愦无知,SYM,Hunkuiwuzhi,Hunkuiwuzhi,False
SYM_06363,昏糊,SYM,Hunhu,Hunhu,False
SYM_06364,昏谵,SYM,Hunzhan,Hunzhan,False
SYM_06365,昏谵妄笑,SYM,Hunzhanwangxiao,Hunzhanwangxiao,False
SYM_06366,昏迷不语,SYM,Hunmibuyu,Hunmibuyu,False
SYM_06367,昏迷不醒,SYM,Hunmibuxing,Hunmibuxing,False
SYM_06368,昏重感,SYM,Hunzhonggan,Hunzhonggan,False
SYM_06369,昏闷,SYM,Hunmen,Hunmen,False
SYM_06370,易于感冒,SYM,Yiyuganmao,Yiyuganmao,False
SYM_06371,易哭易惊,SYM,Yikuyijing,Yikuyijing,False
SYM_06372,易恶心,SYM,Yiexin,Yiexin,False
SYM_06373,易患感冒,SYM,Yihuanganmao,Yihuanganmao,False
SYM_06374,易惊多梦,SYM,Yijingduomeng,Yijingduomeng,False
SYM_06375,易感冒纳呆或食少胃脘胀满或腹胀或便溏,SYM,Yiganmaonadaihuoshishaoweiwanzhangmanhuofuzhanghuobiantang,Yiganmaonadaihuoshishaoweiwanzhangmanhuofuzhanghuobiantang,False
SYM_06376,易汗,SYM,Yihan,Yihan,False
SYM_06377,易破溃糜烂,SYM,Yipokuimilan,Yipokuimilan,False
SYM_06378,易自汗出,SYM,Yizihanchu,Yizihanchu,False
SYM_06379,昼夜引饮,SYM,Zhouyeyin Yin,Zhouyeyin Yin,False
SYM_06380,昼少精神,SYM,Zhoushaojingshen,Zhoushaojingshen,False
SYM_06381,晕厥,SYM,Yunjue,Yunjue,False
SYM_06382,晦暗不泽,SYM,Huianbuze,Huianbuze,False
SYM_06383,晦黯不泽,SYM,Huianbuze,Huianbuze,False
SYM_06384,智力较差,SYM,Zhilijiaocha,Zhilijiaocha,False
SYM_06385,智力迟钝,SYM,Zhilichidun,Zhilichidun,False
SYM_06386,智能低下,SYM,Zhinengdixia,Zhinengdixia,False
SYM_06387,智能减退,SYM,Zhinengjiantui,Zhinengjiantui,False
SYM_06388,暑疖,SYM,Shujie,Shujie,False
SYM_06389,暗紫,SYM,Anzi,Anzi,False
SYM_06390,暴吐,SYM,Baotu,Baotu,False
SYM_06391,暴喘,SYM,Baochuan,Baochuan,False
SYM_06392,暴怒伤肝,SYM,Baonushanggan,Baonushanggan,False
SYM_06393,月事不来#zz*[@]经水不通,SYM,Yueshibulai#zz*[@]jingshuibutong,Yueshibulai#zz*[@]jingshuibutong,False
SYM_06394,月事衰少不来也,SYM,Yueshishuaishaobulaiye,Yueshishuaishaobulaiye,False
SYM_06395,月经初潮偏迟,SYM,Yuejingchuchaopianchi,Yuejingchuchaopianchi,False
SYM_06396,月经周期延后,SYM,Yuejingzhouqiyanhou,Yuejingzhouqiyanhou,False
SYM_06397,月经将行作痛,SYM,Yuejingjiangxingzuotong,Yuejingjiangxingzuotong,False
SYM_06398,月经推迟,SYM,Yuejingtuichi,Yuejingtuichi,False
SYM_06399,月经提前,SYM,Yuejingtiqian,Yuejingtiqian,False
SYM_06400,月经量少或闭经,SYM,Yuejingliangshaohuobijing,Yuejingliangshaohuobijing,False
SYM_06401,月经量稍多,SYM,Yuejingliangshaoduo,Yuejingliangshaoduo,False
SYM_06402,有呃逆反酸,SYM,Youenifansuan,Youenifansuan,False
SYM_06403,有块耕起,SYM,Youkuaigengqi,Youkuaigengqi,False
SYM_06404,有寒冷感,SYM,Youhanlenggan,Youhanlenggan,False
SYM_06405,有少许分泌物附着,SYM,Youshaoxufenmiwufuzhuo,Youshaoxufenmiwufuzhuo,False
SYM_06406,有少许脓痂或鳞屑样干痂,SYM,Youshaoxunongjiahuolinxieyangganjia,Youshaoxunongjiahuolinxieyangganjia,False
SYM_06407,有少量浊粘泪液自泪窍溢出,SYM,Youshaoliangzhuozhanleiyezileiqiaoyichu,Youshaoliangzhuozhanleiyezileiqiaoyichu,False
SYM_06408,有少量渗液,SYM,Youshaoliangshenye,Youshaoliangshenye,False
SYM_06409,有抓痕,SYM,Youzhuahen,Youzhuahen,False
SYM_06410,有抓痕及结痂,SYM,Youzhuahenjijiejia,Youzhuahenjijiejia,False
SYM_06411,有时而痛,SYM,Youshiertong,Youshiertong,False
SYM_06412,有暗斑,SYM,Youanban,Youanban,False
SYM_06413,有汗不解,SYM,Youhanbujie,Youhanbujie,False
SYM_06414,有汗恶风,SYM,Youhanefeng,Youhanefeng,False
SYM_06415,有汗无热,SYM,Youhanwure,Youhanwure,False
SYM_06416,有湿麻痹,SYM,Youshimabi,Youshimabi,False
SYM_06417,有灰白]色菌鞘围绕,SYM,Youhuibai]sejunqiaoweirao,Youhuibai]sejunqiaoweirao,False
SYM_06418,有窒息感,SYM,Youzhixigan,Youzhixigan,False
SYM_06419,有红斑暗滞,SYM,Youhongbananzhi,Youhongbananzhi,False
SYM_06420,有耳内流脓,SYM,Youerneiliunong,Youerneiliunong,False
SYM_06421,有肠鸣,SYM,Youchangming,Youchangming,False
SYM_06422,有臭味,SYM,Youchouwei,Youchouwei,False
SYM_06423,有蟹爪纹,SYM,Youxiezhaowen,Youxiezhaowen,False
SYM_06424,有血舌黯,SYM,Youxueshean,Youxueshean,False
SYM_06425,木痛,SYM,Mutong,Mutong,False
SYM_06426,机窍,SYM,Jiqiao,Jiqiao,False
SYM_06427,杂食瘀实不消,SYM,Zashiyushibuxiao,Zashiyushibuxiao,False
SYM_06428,条索状红肿,SYM,Tiaosuozhuanghongzhong,Tiaosuozhuanghongzhong,False
SYM_06429,根白不肿,SYM,Genbaibuzhong,Genbaibuzhong,False
SYM_06430,根盘红晕显着,SYM,Genpanhongyunxianzhe,Genpanhongyunxianzhe,False
SYM_06431,根脚收束,SYM,Genjiaoshoushu,Genjiaoshoushu,False
SYM_06432,梗阻感,SYM,Gengzugan,Gengzugan,False
SYM_06433,梦多怪异,SYM,Mengduoguaiyi,Mengduoguaiyi,False
SYM_06434,模糊,SYM,Mohu,Mohu,False
SYM_06435,横痃质坚韧,SYM,Hengxuanzhijianren,Hengxuanzhijianren,False
SYM_06436,次多量少,SYM,Ciduoliangshao,Ciduoliangshao,False
SYM_06437,欲小便而不得出,SYM,Yuxiaobianerbudechu,Yuxiaobianerbudechu,False
SYM_06438,欲闭,SYM,Yubi,Yubi,False
SYM_06439,欹侧欲倒,SYM,Yiceyudao,Yiceyudao,False
SYM_06440,步履无力,SYM,Bulvwuli,Bulvwuli,False
SYM_06441,步履沉重,SYM,Bulvchenzhong,Bulvchenzhong,False
SYM_06442,殒胎附滞胞中,SYM,Yuntaifuzhibaozhong,Yuntaifuzhibaozhong,False
SYM_06443,每夜定时啼哭,SYM,Meiyedingshitiku,Meiyedingshitiku,False
SYM_06444,毙,SYM,Bi,Bi,False
SYM_06445,毛发干枯,SYM,Maofaganku,Maofaganku,False
SYM_06446,毛发稀疏,SYM,Maofaxishu,Maofaxishu,False
SYM_06447,毛悴色夭,SYM,Maocuiseyao,Maocuiseyao,False
SYM_06448,气不交通,SYM,Qibujiaotong,Qibujiaotong,False
SYM_06449,气不得续,SYM,Qibudexu,Qibudexu,False
SYM_06450,气促昏倒,SYM,Qicuhundao,Qicuhundao,False
SYM_06451,气促自汗,SYM,Qicuzihan,Qicuzihan,False
SYM_06452,气冲脘痛,SYM,Qichongwantong,Qichongwantong,False
SYM_06453,气味秽臭,SYM,Qiweihuichou,Qiweihuichou,False
SYM_06454,气味酸臭,SYM,Qiweisuanchou,Qiweisuanchou,False
SYM_06455,气喘动则加重,SYM,Qichuandongzejiazhong,Qichuandongzejiazhong,False
SYM_06456,气喘动则加重气不得,SYM,Qichuandongzejiazhongqibude,Qichuandongzejiazhongqibude,False
SYM_06457,气壅不利,SYM,Qiyongbuli,Qiyongbuli,False
SYM_06458,气弱,SYM,Qiruo,Qiruo,False
SYM_06459,气微欲绝,SYM,Qiweiyujue,Qiweiyujue,False
SYM_06460,气怯声低,SYM,Qiqieshengdi,Qiqieshengdi,False
SYM_06461,气息低促,SYM,Qixidicu,Qixidicu,False
SYM_06462,气息短促,SYM,Qixiduancu,Qixiduancu,False
SYM_06463,气滞血郁,SYM,Qizhixueyu,Qizhixueyu,False
SYM_06464,气短喘促,SYM,Qiduanchuancu,Qiduanchuancu,False
SYM_06465,气秽,SYM,Qihui,Qihui,False
SYM_06466,气粗息涌,SYM,Qicuxiyong,Qicuxiyong,False
SYM_06467,气血不足,SYM,Qixuebuzu,Qixuebuzu,False
SYM_06468,气血亏虚,SYM,Qixuekuixu,Qixuekuixu,False
SYM_06469,气血瘀阻,SYM,Qixueyuzu,Qixueyuzu,False
SYM_06470,气衰言微,SYM,Qishuaiyanwei,Qishuaiyanwei,False
SYM_06471,气逆欲呕,SYM,Qiniyuou,Qiniyuou,False
SYM_06472,气逆而吐,SYM,Qiniertu,Qiniertu,False
SYM_06473,气高而短,SYM,Qigaoerduan,Qigaoerduan,False
SYM_06474,水下复泄,SYM,Shuixiafuxie,Shuixiafuxie,False
SYM_06475,水肿加重,SYM,Shuizhongjiazhong,Shuizhongjiazhong,False
SYM_06476,水肿势剧,SYM,Shuizhongshiju,Shuizhongshiju,False
SYM_06477,水肿延久不退,SYM,Shuizhongyanjiubutui,Shuizhongyanjiubutui,False
SYM_06478,水臌,SYM,Shuigu,Shuigu,False
SYM_06479,水血散入四肢,SYM,Shuixuesanrusizhi,Shuixuesanrusizhi,False
SYM_06480,水谷不消,SYM,Shuigubuxiao,Shuigubuxiao,False
SYM_06481,汗出不止气短喘渴,SYM,Hanchubuzhiqiduanchuanke,Hanchubuzhiqiduanchuanke,False
SYM_06482,汗出多者,SYM,Hanchuduozhe,Hanchuduozhe,False
SYM_06483,汗出气短,SYM,Hanchuqiduan,Hanchuqiduan,False
SYM_06484,汗出溺短,SYM,Hanchuniduan,Hanchuniduan,False
SYM_06485,汗出过多,SYM,Hanchuguoduo,Hanchuguoduo,False
SYM_06486,汗出遍身,SYM,Hanchubianshen,Hanchubianshen,False
SYM_06487,汗喘,SYM,Hanchuan,Hanchuan,False
SYM_06488,汗少,SYM,Hanshao,Hanshao,False
SYM_06489,沉默痴呆,SYM,Chenmochidai,Chenmochidai,False
SYM_06490,泄利后重,SYM,Xielihouzhong,Xielihouzhong,False
SYM_06491,泄而困倦不便,SYM,Xieerkunjuanbubian,Xieerkunjuanbubian,False
SYM_06492,泄而大渴,SYM,Xieerdake,Xieerdake,False
SYM_06493,泛吐清水,SYM,Fantuqingshui,Fantuqingshui,False
SYM_06494,泛恶易呕,SYM,Faneyiou,Faneyiou,False
SYM_06495,注漏睛脓出之证,SYM,Zhuloujingnongchuzhizheng,Zhuloujingnongchuzhizheng,False
SYM_06496,泪出如汤,SYM,Leichuru Tang,Leichuru Tang,False
SYM_06497,泪热眵多,SYM,Leirechiduo,Leirechiduo,False
SYM_06498,泪窍开口在眦角,SYM,Leiqiaokaikouzaizijiao,Leiqiaokaikouzaizijiao,False
SYM_06499,泻一阵,SYM,Xieyizhen,Xieyizhen,False
SYM_06500,泻出如水样,SYM,Xiechurushuiyang,Xiechurushuiyang,False
SYM_06501,泻利溺白,SYM,Xielinibai,Xielinibai,False
SYM_06502,泻后痛止,SYM,Xiehoutongzhi,Xiehoutongzhi,False
SYM_06503,泻多黄水,SYM,Xieduohuangshui,Xieduohuangshui,False
SYM_06504,泻有发热,SYM,Xieyoufare,Xieyoufare,False
SYM_06505,泻黄,SYM,Xiehuang,Xiehuang,False
SYM_06506,津伤口渴,SYM,Jinshangkouke,Jinshangkouke,False
SYM_06507,津液枯燥,SYM,Jinyekuzao,Jinyekuzao,False
SYM_06508,津液耗伤,SYM,Jinyehaoshang,Jinyehaoshang,False
SYM_06509,津黄水,SYM,Jinhuangshui,Jinhuangshui,False
SYM_06510,活动性减小,SYM,Huodongxingjianxiao,Huodongxingjianxiao,False
SYM_06511,流水作痛,SYM,Liushuizuotong,Liushuizuotong,False
SYM_06512,流浊涕,SYM,Liuzhuoti,Liuzhuoti,False
SYM_06513,流清涎,SYM,Liuqingxian,Liuqingxian,False
SYM_06514,流脓不畅,SYM,Liunongbuchang,Liunongbuchang,False
SYM_06515,流脓水,SYM,Liunongshui,Liunongshui,False
SYM_06516,流脓汁或清涎,SYM,Liunongzhihuoqingxian,Liunongzhihuoqingxian,False
SYM_06517,流脓稀薄,SYM,Liunongxibo,Liunongxibo,False
SYM_06518,流黄色脂水,SYM,Liuhuangsezhishui,Liuhuangsezhishui,False
SYM_06519,浅色斑,SYM,Qianseban,Qianseban,False
SYM_06520,浅表糜烂,SYM,Qianbiaomilan,Qianbiaomilan,False
SYM_06521,浅静脉扩张,SYM,Qianjingmaikuozhang,Qianjingmaikuozhang,False
SYM_06522,浊涕,SYM,Zhuoti,Zhuoti,False
SYM_06523,浊痰俱退,SYM,Zhuotanjutui,Zhuotanjutui,False
SYM_06524,浮肿胀满,SYM,Fuzhongzhangman,Fuzhongzhangman,False
SYM_06525,浸淫成片,SYM,Jinyinchengpian,Jinyinchengpian,False
SYM_06526,浸淫成疮,SYM,Jinyinchengchuang,Jinyinchengchuang,False
SYM_06527,浸渍睑眦,SYM,Jinzijianzi,Jinzijianzi,False
SYM_06528,消失,SYM,Xiaoshi,Xiaoshi,False
SYM_06529,涎出于口,SYM,Xianchuyukou,Xianchuyukou,False
SYM_06530,涎多黏稠,SYM,Xianduonianchou,Xianduonianchou,False
SYM_06531,涕白而粘,SYM,Tibaierzhan,Tibaierzhan,False
SYM_06532,润脉滑或细涩,SYM,Runmaihuahuoxise,Runmaihuahuoxise,False
SYM_06533,涩痒间作,SYM,Seyangjianzuo,Seyangjianzuo,False
SYM_06534,涩痛不利,SYM,Setongbuli,Setongbuli,False
SYM_06535,液少皮皱,SYM,Yeshaopizhou,Yeshaopizhou,False
SYM_06536,液郁化痰,SYM,Yeyuhuatan,Yeyuhuatan,False
SYM_06537,淋出为脂,SYM,Linchuweizhi,Linchuweizhi,False
SYM_06538,淋沥不尽,SYM,Linlibujin,Linlibujin,False
SYM_06539,淋沥不断,SYM,Linlibuduan,Linlibuduan,False
SYM_06540,淋沥不止,SYM,Linlibuzhi,Linlibuzhi,False
SYM_06541,淋漓涩痛,SYM,Linlisetong,Linlisetong,False
SYM_06542,淌清涎,SYM,Tangqingxian,Tangqingxian,False
SYM_06543,淡暗,SYM,Danan,Danan,False
SYM_06544,淡红斑,SYM,Danhongban,Danhongban,False
SYM_06545,淡黑,SYM,Danhei,Danhei,False
SYM_06546,淡黯,SYM,Danan,Danan,False
SYM_06547,深度昏迷,SYM,Shenduhunmi,Shenduhunmi,False
SYM_06548,混杂黏液,SYM,Hunzanianye,Hunzanianye,False
SYM_06549,混浊如脂膏,SYM,Hunzhuoruzhi Gao,Hunzhuoruzhi Gao,False
SYM_06550,清窍不利,SYM,Qingqiaobuli,Qingqiaobuli,False
SYM_06551,渐大如盅,SYM,Jiandaruzhong,Jiandaruzhong,False
SYM_06552,渐次肿坚,SYM,Jiancizhongjian,Jiancizhongjian,False
SYM_06553,渐渐失明,SYM,Jianjianshiming,Jianjianshiming,False
SYM_06554,渗出黄色脂水,SYM,Shenchuhuangsezhishui,Shenchuhuangsezhishui,False
SYM_06555,渴不多饮,SYM,Kebuduo Yin,Kebuduo Yin,False
SYM_06556,渴喜热饮,SYM,Kexire Yin,Kexire Yin,False
SYM_06557,渴欲饮水,SYM,Keyuyinshui,Keyuyinshui,False
SYM_06558,湿泻者,SYM,Shixiezhe,Shixiezhe,False
SYM_06559,湿痰多胸闷,SYM,Shitanduoxiongmen,Shitanduoxiongmen,False
SYM_06560,湿邪中阻,SYM,Shixiezhongzu,Shixiezhongzu,False
SYM_06561,溃口流脓,SYM,Kuikouliunong,Kuikouliunong,False
SYM_06562,溃后渗流滋水,SYM,Kuihoushenliuzishui,Kuihoushenliuzishui,False
SYM_06563,溃后脓出,SYM,Kuihounongchu,Kuihounongchu,False
SYM_06564,溃后难敛,SYM,Kuihounanlian,Kuihounanlian,False
SYM_06565,溃烂皮脱,SYM,Kuilanpituo,Kuilanpituo,False
SYM_06566,溃疡较深,SYM,Kuiyangjiaoshen,Kuiyangjiaoshen,False
SYM_06567,溃而不敛,SYM,Kuierbulian,Kuierbulian,False
SYM_06568,溏薄,SYM,Tangbao,Tangbao,False
SYM_06569,溲黄便结,SYM,Souhuangbianjie,Souhuangbianjie,False
SYM_06570,溺涩,SYM,Nise,Nise,False
SYM_06571,溺短赤涩,SYM,Niduanchise,Niduanchise,False
SYM_06572,溺色黄赤,SYM,Nisehuangchi,Nisehuangchi,False
SYM_06573,溺血疼痛,SYM,Nixuetengtong,Nixuetengtong,False
SYM_06574,滋流黄水,SYM,Ziliuhuangshui,Ziliuhuangshui,False
SYM_06575,滑尺脉弱,SYM,Huachimairuo,Huachimairuo,False
SYM_06576,滑精,SYM,Huajing,Huajing,False
SYM_06577,滑翳水银珠子样,SYM,Huayishuiyinzhuziyang,Huayishuiyinzhuziyang,False
SYM_06578,满口斑烂,SYM,Mankoubanlan,Mankoubanlan,False
SYM_06579,满口有疮臭烂落下牙齿,SYM,Mankouyouchuangchoulanlaxiayachi,Mankouyouchuangchoulanlaxiayachi,False
SYM_06580,满口烂斑,SYM,Mankoulanban,Mankoulanban,False
SYM_06581,满口糜烂,SYM,Mankoumilan,Mankoumilan,False
SYM_06582,满喉少有红点,SYM,Manhoushaoyouhongdian,Manhoushaoyouhongdian,False
SYM_06583,满闷不舒,SYM,Manmenbushu,Manmenbushu,False
SYM_06584,滴水难进,SYM,Dishuinanjin,Dishuinanjin,False
SYM_06585,滴血,SYM,Dixue,Dixue,False
SYM_06586,漏斗胸,SYM,Loudouxiong,Loudouxiong,False
SYM_06587,漏睛脓出睑眦间,SYM,Loujingnongchujianzijian,Loujingnongchujianzijian,False
SYM_06588,漫延中下,SYM,Manyanzhongxia,Manyanzhongxia,False
SYM_06589,漫肿坚硬,SYM,Manzhongjianying,Manzhongjianying,False
SYM_06590,潮湿,SYM,Chaoshi,Chaoshi,False
SYM_06591,潮热便结,SYM,Chaorebianjie,Chaorebianjie,False
SYM_06592,澄澈清冷,SYM,Chengcheqingleng,Chengcheqingleng,False
SYM_06593,澳黄,SYM,Aohuang,Aohuang,False
SYM_06594,灰指趾甲,SYM,Huizhizhijia,Huizhizhijia,False
SYM_06595,灰白色鳞屑的斑片,SYM,Huibaiselinxiedebanpian,Huibaiselinxiedebanpian,False
SYM_06596,灼热干痛,SYM,Zhuoregantong,Zhuoregantong,False
SYM_06597,点滴而急痛,SYM,Diandierjitong,Diandierjitong,False
SYM_06598,烂通尿道,SYM,Lantongniaodao,Lantongniaodao,False
SYM_06599,烘热,SYM,Hongre,Hongre,False
SYM_06600,烦乱,SYM,Fanluan,Fanluan,False
SYM_06601,烦心甚,SYM,Fanxinshen,Fanxinshen,False
SYM_06602,烦热难眠,SYM,Fanrenanmian,Fanrenanmian,False
SYM_06603,烦燥,SYM,Fanzao,Fanzao,False
SYM_06604,烦燥饮冷,SYM,Fanzaoyinleng,Fanzaoyinleng,False
SYM_06605,烦躁多啼,SYM,Fanzaoduoti,Fanzaoduoti,False
SYM_06606,烦闷急躁,SYM,Fanmenjizao,Fanmenjizao,False
SYM_06607,烦闷抑郁,SYM,Fanmenyiyu,Fanmenyiyu,False
SYM_06608,烦闷热壅,SYM,Fanmenreyong,Fanmenreyong,False
SYM_06609,热不甚,SYM,Rebushen,Rebushen,False
SYM_06610,热不解,SYM,Rebujie,Rebujie,False
SYM_06611,热作,SYM,Rezuo,Rezuo,False
SYM_06612,热微痛,SYM,Reweitong,Reweitong,False
SYM_06613,热渴不已,SYM,Rekebuyi,Rekebuyi,False
SYM_06614,热灼心包,SYM,Rezhuoxinbao,Rezhuoxinbao,False
SYM_06615,热痛明显,SYM,Retongmingxian,Retongmingxian,False
SYM_06616,热而喘嗽,SYM,Reerchuansou,Reerchuansou,False
SYM_06617,热聚心胸而多呕,SYM,Rejuxinxiongerduoou,Rejuxinxiongerduoou,False
SYM_06618,热遂不退,SYM,Resuibutui,Resuibutui,False
SYM_06619,然恍惚惊悸惑乱怔忡癫狂,SYM,Ranhuanghujingjihuoluanzhengchongdiankuang,Ranhuanghujingjihuoluanzhengchongdiankuang,False
SYM_06620,燎浆,SYM,Liaojiang,Liaojiang,False
SYM_06621,燥后余疾,SYM,Zaohouyuji,Zaohouyuji,False
SYM_06622,燥渴烦急,SYM,Zaokefanji,Zaokefanji,False
SYM_06623,燥渴烦急粪带青,SYM,Zaokefanjifendaiqing,Zaokefanjifendaiqing,False
SYM_06624,燥结,SYM,Zaojie,Zaojie,False
SYM_06625,爪甲无华,SYM,Zhaojiawuhua,Zhaojiawuhua,False
SYM_06626,爪甲皆青,SYM,Zhaojiajieqing,Zhaojiajieqing,False
SYM_06627,爪甲青,SYM,Zhaojiaqing,Zhaojiaqing,False
SYM_06628,爱吃泥土,SYM,Aichinitu,Aichinitu,False
SYM_06629,爱处暗地,SYM,Aichuandi,Aichuandi,False
SYM_06630,牙体被蛀蚀,SYM,Yatibeizhushi,Yatibeizhushi,False
SYM_06631,牙关微紧,SYM,Yaguanweijin,Yaguanweijin,False
SYM_06632,牙关紧急不能言,SYM,Yaguanjinjibunengyan,Yaguanjinjibunengyan,False
SYM_06633,牙枯脱落,SYM,Yakutuoluo,Yakutuoluo,False
SYM_06634,牙枯落,SYM,Yakuluo,Yakuluo,False
SYM_06635,牙疳诸恶疮,SYM,Yaganzhuechuang,Yaganzhuechuang,False
SYM_06636,牙痈胃热肿牙床,SYM,Yayongweirezhongyachuang,Yayongweirezhongyachuang,False
SYM_06637,牙痛踵痛,SYM,Yatongzhongtong,Yatongzhongtong,False
SYM_06638,牙紧口噤,SYM,Yajinkoujin,Yajinkoujin,False
SYM_06639,牙齿动摇疼痛,SYM,Yachidongyaotengtong,Yachidongyaotengtong,False
SYM_06640,牙齿痛甚,SYM,Yachitongshen,Yachitongshen,False
SYM_06641,牙龈生疮,SYM,Yayinshengchuang,Yayinshengchuang,False
SYM_06642,牙龈红肿,SYM,Yayinhongzhong,Yayinhongzhong,False
SYM_06643,牙龈齿缝出血,SYM,Yayinchifengchuxie,Yayinchifengchuxie,False
SYM_06644,牛皮癣,SYM,Niupixuan,Niupixuan,False
SYM_06645,牢涩,SYM,Laose,Laose,False
SYM_06646,牵引少腹不适,SYM,Qianyinshaofubushi,Qianyinshaofubushi,False
SYM_06647,牵引耳痛,SYM,Qianyinertong,Qianyinertong,False
SYM_06648,犯肺,SYM,Fanfei,Fanfei,False
SYM_06649,状如惊痫,SYM,Zhuangrujingxian,Zhuangrujingxian,False
SYM_06650,状如镜面,SYM,Zhuangrujingmian,Zhuangrujingmian,False
SYM_06651,狂躁,SYM,Kuangzao,Kuangzao,False
SYM_06652,独语不休,SYM,Duyubuxiu,Duyubuxiu,False
SYM_06653,独语书空,SYM,Duyushukong,Duyushukong,False
SYM_06654,猝仆者,SYM,Cupuzhe,Cupuzhe,False
SYM_06655,猝倒,SYM,Cudao,Cudao,False
SYM_06656,猝然昏倒,SYM,Curanhundao,Curanhundao,False
SYM_06657,玻璃体有尘状或点状混浊,SYM,Bolitiyouchenzhuanghuodianzhuanghunzhuo,Bolitiyouchenzhuanghuodianzhuanghunzhuo,False
SYM_06658,玻璃体混浊,SYM,Bolitihunzhuo,Bolitihunzhuo,False
SYM_06659,珠痛拒按,SYM,Zhutongjuan,Zhutongjuan,False
SYM_06660,甚则割痛,SYM,Shenzegetong,Shenzegetong,False
SYM_06661,甚则唇腮俱作浮肿,SYM,Shenzechunsaijuzuofuzhong,Shenzechunsaijuzuofuzhong,False
SYM_06662,甚则唇腮俱浮肿,SYM,Shenzechunsaijufuzhong,Shenzechunsaijufuzhong,False
SYM_06663,甚或嵌顿,SYM,Shenhuoqiandun,Shenhuoqiandun,False
SYM_06664,甚者则悸,SYM,Shenzhezeji,Shenzhezeji,False
SYM_06665,甚者火炎于上,SYM,Shenzhehuoyanyushang,Shenzhehuoyanyushang,False
SYM_06666,生于腹,SYM,Shengyufu,Shengyufu,False
SYM_06667,生殖器疱疹,SYM,Shengzhiqipaozhen,Shengzhiqipaozhen,False
SYM_06668,生津脘腹胀,SYM,Shengjinwanfuzhang,Shengjinwanfuzhang,False
SYM_06669,生长缓慢,SYM,Shengzhanghuanman,Shengzhanghuanman,False
SYM_06670,畏光羞明,SYM,Weiguangxiuming,Weiguangxiuming,False
SYM_06671,畏冷,SYM,Weileng,Weileng,False
SYM_06672,畏寒肢肿,SYM,Weihanzhizhong,Weihanzhizhong,False
SYM_06673,畏寒腹痛,SYM,Weihanfutong,Weihanfutong,False
SYM_06674,畏风多涕,SYM,Weifengduoti,Weifengduoti,False
SYM_06675,畏风易汗,SYM,Weifengyihan,Weifengyihan,False
SYM_06676,略青,SYM,Lveqing,Lveqing,False
SYM_06677,疣状肿物,SYM,Youzhuangzhongwu,Youzhuangzhongwu,False
SYM_06678,疮口渐大,SYM,Chuangkoujianda,Chuangkoujianda,False
SYM_06679,疮口经久不愈,SYM,Chuangkoujingjiubuyu,Chuangkoujingjiubuyu,False
SYM_06680,疮口胬肉高突,SYM,Chuangkounurougaotu,Chuangkounurougaotu,False
SYM_06681,疮口腐肉已尽,SYM,Chuangkoufurouyijin,Chuangkoufurouyijin,False
SYM_06682,疮周红肿疼痛,SYM,Chuangzhouhongzhongtengtong,Chuangzhouhongzhongtengtong,False
SYM_06683,疮少而大,SYM,Chuangshaoerda,Chuangshaoerda,False
SYM_06684,疮必塌陷,SYM,Chuangbitaxian,Chuangbitaxian,False
SYM_06685,疮面新肉不生,SYM,Chuangmianxinroubusheng,Chuangmianxinroubusheng,False
SYM_06686,疮面淡润,SYM,Chuangmiandanrun,Chuangmiandanrun,False
SYM_06687,疮面腐烂,SYM,Chuangmianfulan,Chuangmianfulan,False
SYM_06688,疮顶现黄白色脓点,SYM,Chuangdingxianhuangbaisenongdian,Chuangdingxianhuangbaisenongdian,False
SYM_06689,疱浆混浊紫黯,SYM,Paojianghunzhuozian,Paojianghunzhuozian,False
SYM_06690,疱液混浊,SYM,Paoyehunzhuo,Paoyehunzhuo,False
SYM_06691,疱疹发于阴部,SYM,Paozhenfayuyinbu,Paozhenfayuyinbu,False
SYM_06692,疱疹壮热,SYM,Paozhenzhuangre,Paozhenzhuangre,False
SYM_06693,疱破毒水津烂不臭,SYM,Paopodushuijinlanbuchou,Paopodushuijinlanbuchou,False
SYM_06694,疳疮色呈紫红,SYM,Ganchuangsechengzihong,Ganchuangsechengzihong,False
SYM_06695,疹点密布,SYM,Zhendianmibu,Zhendianmibu,False
SYM_06696,疹稀色淡,SYM,Zhenxisedan,Zhenxisedan,False
SYM_06697,疹色紫黯,SYM,Zhensezian,Zhensezian,False
SYM_06698,疹色红润,SYM,Zhensehongrun,Zhensehongrun,False
SYM_06699,疹风疮,SYM,Zhenfengchuang,Zhenfengchuang,False
SYM_06700,疼呕清涎,SYM,Tengouqingxian,Tengouqingxian,False
SYM_06701,疼痛剧烈,SYM,Tengtongjulie,Tengtongjulie,False
SYM_06702,疼痛加剧,SYM,Tengtongjiaju,Tengtongjiaju,False
SYM_06703,疼痛哽咽,SYM,Tengtonggengye,Tengtonggengye,False
SYM_06704,疼痛拒食,SYM,Tengtongjushi,Tengtongjushi,False
SYM_06705,病久不复,SYM,Bingjiubufu,Bingjiubufu,False
SYM_06706,病情经久不愈或反复发作,SYM,Bingqingjingjiubuyuhuofanfufazuo,Bingqingjingjiubuyuhuofanfufazuo,False
SYM_06707,病胸胁支满,SYM,Bingxiongxiezhiman,Bingxiongxiezhiman,False
SYM_06708,痈肿突起,SYM,Yongzhongtuqi,Yongzhongtuqi,False
SYM_06709,痈脓已溃,SYM,Yongnongyikui,Yongnongyikui,False
SYM_06710,痈脓溃后,SYM,Yongnongkuihou,Yongnongkuihou,False
SYM_06711,痒兼痛,SYM,Yangjiantong,Yangjiantong,False
SYM_06712,痒多痛少,SYM,Yangduotongshao,Yangduotongshao,False
SYM_06713,痒如虫行,SYM,Yangruchongxing,Yangruchongxing,False
SYM_06714,痒痛作肿,SYM,Yangtongzuozhong,Yangtongzuozhong,False
SYM_06715,痒痛注闷,SYM,Yangtongzhumen,Yangtongzhumen,False
SYM_06716,痒而不痛,SYM,Yangerbutong,Yangerbutong,False
SYM_06717,痔核脱出,SYM,Zhihetuochu,Zhihetuochu,False
SYM_06718,痔核脱出嵌顿,SYM,Zhihetuochuqiandun,Zhihetuochuqiandun,False
SYM_06719,痔血,SYM,Zhixue,Zhixue,False
SYM_06720,痘疹形大,SYM,Douzhenxingda,Douzhenxingda,False
SYM_06721,痛一阵,SYM,Tongyizhen,Tongyizhen,False
SYM_06722,痛不可着地,SYM,Tongbukezhedi,Tongbukezhedi,False
SYM_06723,痛位不定,SYM,Tongweibuding,Tongweibuding,False
SYM_06724,痛如火烙,SYM,Tongruhuolao,Tongruhuolao,False
SYM_06725,痛如针刺,SYM,Tongruzhenci,Tongruzhenci,False
SYM_06726,痛引耳窍,SYM,Tongyinerqiao,Tongyinerqiao,False
SYM_06727,痛引腰骶,SYM,Tongyinyaodi,Tongyinyaodi,False
SYM_06728,痛有休止,SYM,Tongyouxiuzhi,Tongyouxiuzhi,False
SYM_06729,痛涩难开,SYM,Tongsenankai,Tongsenankai,False
SYM_06730,痛热,SYM,Tongre,Tongre,False
SYM_06731,痛牵右肋,SYM,Tongqianyoule,Tongqianyoule,False
SYM_06732,痛牵左肋,SYM,Tongqianzuole,Tongqianzuole,False
SYM_06733,痛而兼胀,SYM,Tongerjianzhang,Tongerjianzhang,False
SYM_06734,痛连眉棱颞颥,SYM,Tonglianmeilengnieru,Tonglianmeilengnieru,False
SYM_06735,痛连胁筋,SYM,Tonglianxiejin,Tonglianxiejin,False
SYM_06736,痛高肿,SYM,Tonggaozhong,Tonggaozhong,False
SYM_06737,痞塞不舒,SYM,Pisaibushu,Pisaibushu,False
SYM_06738,痞塞不适,SYM,Pisaibushi,Pisaibushi,False
SYM_06739,痞塞不饮食,SYM,Pisaibuyinshi,Pisaibuyinshi,False
SYM_06740,痞满不痛,SYM,Pimanbutong,Pimanbutong,False
SYM_06741,痞结,SYM,Pijie,Pijie,False
SYM_06742,痢则腹痛,SYM,Lizefutong,Lizefutong,False
SYM_06743,痤疮,SYM,Cuochuang,Cuochuang,False
SYM_06744,痰中夹血,SYM,Tanzhongjiaxue,Tanzhongjiaxue,False
SYM_06745,痰兼热,SYM,Tanjianre,Tanjianre,False
SYM_06746,痰吐白沫量多,SYM,Tantubaimoliangduo,Tantubaimoliangduo,False
SYM_06747,痰咳,SYM,Tanke,Tanke,False
SYM_06748,痰塞鼻内,SYM,Tansaibinei,Tansaibinei,False
SYM_06749,痰壅喘逆,SYM,Tanyongchuanni,Tanyongchuanni,False
SYM_06750,痰多喘急,SYM,Tanduochuanji,Tanduochuanji,False
SYM_06751,痰多泡沫,SYM,Tanduopaomo,Tanduopaomo,False
SYM_06752,痰多粘色黄,SYM,Tanduozhansehuang,Tanduozhansehuang,False
SYM_06753,痰多色白,SYM,Tanduosebai,Tanduosebai,False
SYM_06754,痰夹瘀血,SYM,Tanjiayuxue,Tanjiayuxue,False
SYM_06755,痰少质黏,SYM,Tanshaozhinian,Tanshaozhinian,False
SYM_06756,痰气呕逆,SYM,Tanqiouni,Tanqiouni,False
SYM_06757,痰浊壅盛,SYM,Tanzhuoyongsheng,Tanzhuoyongsheng,False
SYM_06758,痰涎]壅塞喉间,SYM,Tanxian]yongsehoujian,Tanxian]yongsehoujian,False
SYM_06759,痰涎复多,SYM,Tanxianfuduo,Tanxianfuduo,False
SYM_06760,痰涎多或有腐物,SYM,Tanxianduohuoyoufuwu,Tanxianduohuoyoufuwu,False
SYM_06761,痰涎清水,SYM,Tanxianqingshui,Tanxianqingshui,False
SYM_06762,痰涎清稀或质黏起沫,SYM,Tanxianqingxihuozhinianqimo,Tanxianqingxihuozhinianqimo,False
SYM_06763,痰涎胶粘,SYM,Tanxianjiaozhan,Tanxianjiaozhan,False
SYM_06764,痰湿较重,SYM,Tanshijiaozhong,Tanshijiaozhong,False
SYM_06765,痰热伤津,SYM,Tanreshangjin,Tanreshangjin,False
SYM_06766,痰瘀互结,SYM,Tanyuhujie,Tanyuhujie,False
SYM_06767,痰瘀互结食道,SYM,Tanyuhujieshidao,Tanyuhujieshidao,False
SYM_06768,痰粘,SYM,Tanzhan,Tanzhan,False
SYM_06769,痰蕴化热,SYM,Tanyunhuare,Tanyunhuare,False
SYM_06770,痰量不多,SYM,Tanliangbuduo,Tanliangbuduo,False
SYM_06771,痰黄黏稠,SYM,Tanhuangnianchou,Tanhuangnianchou,False
SYM_06772,痰黏难咯,SYM,Tanniannange,Tanniannange,False
SYM_06773,痴呆,SYM,Chidai,Chidai,False
SYM_06774,痹厥脚气顽麻,SYM,Bijuejiaoqiwanma,Bijuejiaoqiwanma,False
SYM_06775,瘀血闭血,SYM,Yuxuebixue,Yuxuebixue,False
SYM_06776,瘅热焦渴,SYM,Danrejiaoke,Danrejiaoke,False
SYM_06777,瘘管外口凹陷,SYM,Louguanwaikouaoxian,Louguanwaikouaoxian,False
SYM_06778,瘤体呈半球形或扁平隆起,SYM,Liutichengbanqiuxinghuobianpinglongqi,Liutichengbanqiuxinghuobianpinglongqi,False
SYM_06779,瘤色紫红或暗红,SYM,Liusezihonghuoanhong,Liusezihonghuoanhong,False
SYM_06780,瘵虫感染,SYM,Zhaichongganran,Zhaichongganran,False
SYM_06781,瘿囊,SYM,Yingnang,Yingnang,False
SYM_06782,瘿气,SYM,Yingqi,Yingqi,False
SYM_06783,瘿瘤,SYM,Yingliu,Yingliu,False
SYM_06784,癍疹胸痞,SYM,Banzhenxiongpi,Banzhenxiongpi,False
SYM_06785,癫狂,SYM,Diankuang,Diankuang,False
SYM_06786,癫狂痫,SYM,Diankuangxian,Diankuangxian,False
SYM_06787,癫狂痫有痰者,SYM,Diankuangxianyoutanzhe,Diankuangxianyoutanzhe,False
SYM_06788,白仁生虚翳,SYM,Bairenshengxuyi,Bairenshengxuyi,False
SYM_06789,白天尿频,SYM,Baitianniaopin,Baitianniaopin,False
SYM_06790,白带增多,SYM,Baidaizengduo,Baidaizengduo,False
SYM_06791,白斑痛烂,SYM,Baibantonglan,Baibantonglan,False
SYM_06792,白睛如常或稍有赤脉,SYM,Baijingruchanghuoshaoyouchimai,Baijingruchanghuoshaoyouchimai,False
SYM_06793,白睛微黄,SYM,Baijingweihuang,Baijingweihuang,False
SYM_06794,白睛污秽,SYM,Baijingwuhui,Baijingwuhui,False
SYM_06795,白睛混赤,SYM,Baijinghunchi,Baijinghunchi,False
SYM_06796,白睛稍显污红,SYM,Baijingshaoxianwuhong,Baijingshaoxianwuhong,False
SYM_06797,白睛结节,SYM,Baijingjiejie,Baijingjiejie,False
SYM_06798,白睛表层有痘状疱疹突起,SYM,Baijingbiaocengyoudouzhuangpaozhentuqi,Baijingbiaocengyoudouzhuangpaozhentuqi,False
SYM_06799,白睛隐红,SYM,Baijingyinhong,Baijingyinhong,False
SYM_06800,白睛隐隐淡红,SYM,Baijingyinyindanhong,Baijingyinyindanhong,False
SYM_06801,白粘痰,SYM,Baizhantan,Baizhantan,False
SYM_06802,白粘痰不易咯出,SYM,Baizhantanbuyigechu,Baizhantanbuyigechu,False
SYM_06803,白而不肿,SYM,Baierbuzhong,Baierbuzhong,False
SYM_06804,白色泡沫痰液,SYM,Baisepaomotanye,Baisepaomotanye,False
SYM_06805,白苔,SYM,Baitai,Baitai,False
SYM_06806,白驳风,SYM,Baibofeng,Baibofeng,False
SYM_06807,百节内痛,SYM,Baijieneitong,Baijieneitong,False
SYM_06808,皮损呈线状,SYM,Pisunchengxianzhuang,Pisunchengxianzhuang,False
SYM_06809,皮损暗红,SYM,Pisunanhong,Pisunanhong,False
SYM_06810,皮损灰白,SYM,Pisunhuibai,Pisunhuibai,False
SYM_06811,皮损肥厚干燥,SYM,Pisunfeihouganzao,Pisunfeihouganzao,False
SYM_06812,皮损能挤出白色半透明状粉汁,SYM,Pisunnengjichubaisebantoumingzhuangfenzhi,Pisunnengjichubaisebantoumingzhuangfenzhi,False
SYM_06813,皮毛枯槁,SYM,Pimaokugao,Pimaokugao,False
SYM_06814,皮生长白痂,SYM,Pishengzhangbaijia,Pishengzhangbaijia,False
SYM_06815,皮破烂斑,SYM,Pipolanban,Pipolanban,False
SYM_06816,皮肤不润,SYM,Pifuburun,Pifuburun,False
SYM_06817,皮肤之小疣赘,SYM,Pifuzhixiaoyouzhui,Pifuzhixiaoyouzhui,False
SYM_06818,皮肤产生痒感而欲搔抓,SYM,Pifuchanshengyangganeryusaozhua,Pifuchanshengyangganeryusaozhua,False
SYM_06819,皮肤以脱屑及叶状结痂,SYM,Pifuyituoxiejiyezhuangjiejia,Pifuyituoxiejiyezhuangjiejia,False
SYM_06820,皮肤作痒,SYM,Pifuzuoyang,Pifuzuoyang,False
SYM_06821,皮肤出现紫红色扁平皮疹,SYM,Pifuchuxianzihongsebianpingpizhen,Pifuchuxianzihongsebianpingpizhen,False
SYM_06822,皮肤出现红色或苍白风团,SYM,Pifuchuxianhongsehuocangbaifengtuan,Pifuchuxianhongsehuocangbaifengtuan,False
SYM_06823,皮肤发疹发斑,SYM,Pifufazhenfaban,Pifufazhenfaban,False
SYM_06824,皮肤发黄,SYM,Pifufahuang,Pifufahuang,False
SYM_06825,皮肤失润,SYM,Pifushirun,Pifushirun,False
SYM_06826,皮肤或粘膜上起大小水疱,SYM,Pifuhuozhanmoshangqidaxiaoshuipao,Pifuhuozhanmoshangqidaxiaoshuipao,False
SYM_06827,皮肤损害为深红色浸润斑块,SYM,Pifusunhaiweishenhongsejinrunbankuai,Pifusunhaiweishenhongsejinrunbankuai,False
SYM_06828,皮肤有瘀点,SYM,Pifuyouyudian,Pifuyouyudian,False
SYM_06829,皮肤有脓疮,SYM,Pifuyounongchuang,Pifuyounongchuang,False
SYM_06830,皮肤有青紫点,SYM,Pifuyouqingzidian,Pifuyouqingzidian,False
SYM_06831,皮肤有青紫点或斑块,SYM,Pifuyouqingzidianhuobankuai,Pifuyouqingzidianhuobankuai,False
SYM_06832,皮肤枯燥色紫,SYM,Pifukuzaosezi,Pifukuzaosezi,False
SYM_06833,皮肤浸渍发白,SYM,Pifujinzifabai,Pifujinzifabai,False
SYM_06834,皮肤渐变肥厚,SYM,Pifujianbianfeihou,Pifujianbianfeihou,False
SYM_06835,皮肤湿裂,SYM,Pifushilie,Pifushilie,False
SYM_06836,皮肤潮红,SYM,Pifuchaohong,Pifuchaohong,False
SYM_06837,皮肤燥裂,SYM,Pifuzaolie,Pifuzaolie,False
SYM_06838,皮肤燥裂紫白斑,SYM,Pifuzaoliezibaiban,Pifuzaoliezibaiban,False
SYM_06839,皮肤痤疮,SYM,Pifucuochuang,Pifucuochuang,False
SYM_06840,皮肤瘀斑密集,SYM,Pifuyubanmiji,Pifuyubanmiji,False
SYM_06841,皮肤瘙痒或有灼热感,SYM,Pifusaoyanghuoyouzhuoregan,Pifusaoyanghuoyouzhuoregan,False
SYM_06842,皮肤瘙痒皲裂,SYM,Pifusaoyangjunlie,Pifusaoyangjunlie,False
SYM_06843,皮肤癞癣,SYM,Pifulaixuan,Pifulaixuan,False
SYM_06844,皮肤粗糙肥厚,SYM,Pifucucaofeihou,Pifucucaofeihou,False
SYM_06845,皮肤紫癜色暗,SYM,Pifuzidiansean,Pifuzidiansean,False
SYM_06846,皮肤红,SYM,Pifuhong,Pifuhong,False
SYM_06847,皮肤红斑,SYM,Pifuhongban,Pifuhongban,False
SYM_06848,皮肤红肿发亮,SYM,Pifuhongzhongfaliang,Pifuhongzhongfaliang,False
SYM_06849,皮肤色变,SYM,Pifusebian,Pifusebian,False
SYM_06850,皮肤角化过度,SYM,Pifujiaohuaguodu,Pifujiaohuaguodu,False
SYM_06851,皮肤间出现圆形质软的肿块,SYM,Pifujianchuxianyuanxingzhiruandezhongkuai,Pifujianchuxianyuanxingzhiruandezhongkuai,False
SYM_06852,皮肤鲜红成片,SYM,Pifuxianhongchengpian,Pifuxianhongchengpian,False
SYM_06853,皮肤麻木,SYM,Pifumamu,Pifumamu,False
SYM_06854,皮肤麻木感,SYM,Pifumamugan,Pifumamugan,False
SYM_06855,皮色如常或有褐色斑,SYM,Piseruchanghuoyouheseban,Piseruchanghuoyouheseban,False
SYM_06856,皮色如故,SYM,Piserugu,Piserugu,False
SYM_06857,皮色暗红而热,SYM,Piseanhongerre,Piseanhongerre,False
SYM_06858,皮色转红,SYM,Pisezhuanhong,Pisezhuanhong,False
SYM_06859,皮薄光亮,SYM,Pibaoguangliang,Pibaoguangliang,False
SYM_06860,皲裂破溃,SYM,Junliepokui,Junliepokui,False
SYM_06861,目不欲开,SYM,Mubuyukai,Mubuyukai,False
SYM_06862,目内赤色,SYM,Muneichise,Muneichise,False
SYM_06863,目常开不闭,SYM,Muchangkaibubi,Muchangkaibubi,False
SYM_06864,目振,SYM,Muzhen,Muzhen,False
SYM_06865,目无翳障,SYM,Muwuyizhang,Muwuyizhang,False
SYM_06866,目无翳障不疼痛,SYM,Muwuyizhangbutengtong,Muwuyizhangbutengtong,False
SYM_06867,目时眩,SYM,Mushixuan,Mushixuan,False
SYM_06868,目昏,SYM,Muhun,Muhun,False
SYM_06869,目昏神暗,SYM,Muhunshenan,Muhunshenan,False
SYM_06870,目昧眦疡,SYM,Mumeiziyang,Mumeiziyang,False
SYM_06871,目暗,SYM,Muan,Muan,False
SYM_06872,目欲爆出,SYM,Muyubaochu,Muyubaochu,False
SYM_06873,目泣自出,SYM,Muqizichu,Muqizichu,False
SYM_06874,目涩,SYM,Muse,Muse,False
SYM_06875,目珠胀痛,SYM,Muzhuzhangtong,Muzhuzhangtong,False
SYM_06876,目珠酸痛,SYM,Muzhusuantong,Muzhusuantong,False
SYM_06877,目痛,SYM,Mutong,Mutong,False
SYM_06878,目眩发热,SYM,Muxuanfare,Muxuanfare,False
SYM_06879,目眩呕逆,SYM,Muxuanouni,Muxuanouni,False
SYM_06880,目睛红赤,SYM,Mujinghongchi,Mujinghongchi,False
SYM_06881,目窍萎闭而失明,SYM,Muqiaoweibiershiming,Muqiaoweibiershiming,False
SYM_06882,目胞合缝,SYM,Mubaohefeng,Mubaohefeng,False
SYM_06883,目赤下寒,SYM,Muchixiahan,Muchixiahan,False
SYM_06884,目赤口苦,SYM,Muchikouku,Muchikouku,False
SYM_06885,目赤痛,SYM,Muchitong,Muchitong,False
SYM_06886,目赤眩晕,SYM,Muchixuanyun,Muchixuanyun,False
SYM_06887,目赤龈胀,SYM,Muchikenzhang,Muchikenzhang,False
SYM_06888,目黄者,SYM,Muhuangzhe,Muhuangzhe,False
SYM_06889,眉发脱落,SYM,Meifatuoluo,Meifatuoluo,False
SYM_06890,眉棱骨眼眶骨及前额骨皆痛,SYM,Meilengguyankuanggujiqianegujietong,Meilengguyankuanggujiqianegujietong,False
SYM_06891,眠差,SYM,Miancha,Miancha,False
SYM_06892,眦帷有白色泡沫样眼眵,SYM,Ziweiyoubaisepaomoyangyanchi,Ziweiyoubaisepaomoyangyanchi,False
SYM_06893,眦漏,SYM,Zilou,Zilou,False
SYM_06894,眩晕昏仆,SYM,Xuanyunhunpu,Xuanyunhunpu,False
SYM_06895,眼内干涩不舒,SYM,Yanneigansebushu,Yanneigansebushu,False
SYM_06896,眼前中央有带色阴影遮隔,SYM,Yanqianzhongyangyoudaiseyinyingzhege,Yanqianzhongyangyoudaiseyinyingzhege,False
SYM_06897,眼前自见黑花,SYM,Yanqianzijianheihua,Yanqianzijianheihua,False
SYM_06898,眼前黑影游动如蚊蝇飞舞,SYM,Yanqianheiyingyoudongruwenyingfeiwu,Yanqianheiyingyoudongruwenyingfeiwu,False
SYM_06899,眼干涩不适,SYM,Yangansebushi,Yangansebushi,False
SYM_06900,眼底有出血性病变,SYM,Yandiyouchuxiexingbingbian,Yandiyouchuxiexingbingbian,False
SYM_06901,眼底视乳头生理凹陷加深扩大,SYM,Yandishirutoushengliaoxianjiashenkuoda,Yandishirutoushengliaoxianjiashenkuoda,False
SYM_06902,眼底静脉迂曲扩张,SYM,Yandijingmaiyuqukuozhang,Yandijingmaiyuqukuozhang,False
SYM_06903,眼斜口歪,SYM,Yanxiekouwai,Yanxiekouwai,False
SYM_06904,眼珠刺痛,SYM,Yanzhucitong,Yanzhucitong,False
SYM_06905,眼珠剧痛,SYM,Yanzhujutong,Yanzhujutong,False
SYM_06906,眼珠发胀,SYM,Yanzhufazhang,Yanzhufazhang,False
SYM_06907,眼珠呈进行性外突,SYM,Yanzhuchengjinxingxingwaitu,Yanzhuchengjinxingxingwaitu,False
SYM_06908,眼珠外突,SYM,Yanzhuwaitu,Yanzhuwaitu,False
SYM_06909,眼珠微突,SYM,Yanzhuweitu,Yanzhuweitu,False
SYM_06910,眼珠或眶内灌脓,SYM,Yanzhuhuokuangneiguannong,Yanzhuhuokuangneiguannong,False
SYM_06911,眼珠胀痛突起,SYM,Yanzhuzhangtongtuqi,Yanzhuzhangtongtuqi,False
SYM_06912,眼珠闷胀,SYM,Yanzhumenzhang,Yanzhumenzhang,False
SYM_06913,眼生眵泪涩难睁,SYM,Yanshengchileisenanzheng,Yanshengchileisenanzheng,False
SYM_06914,眼目赤涩,SYM,Yanmuchise,Yanmuchise,False
SYM_06915,眼眶微痛,SYM,Yankuangweitong,Yankuangweitong,False
SYM_06916,眼眶暗,SYM,Yankuangan,Yankuangan,False
SYM_06917,眼眶暗黑,SYM,Yankuanganhei,Yankuanganhei,False
SYM_06918,眼眶目珠微痛酸楚不适,SYM,Yankuangmuzhuweitongsuanchubushi,Yankuangmuzhuweitongsuanchubushi,False
SYM_06919,眼睑下肢浮肿,SYM,Yanjianxiazhifuzhong,Yanjianxiazhifuzhong,False
SYM_06920,眼睑骨鼻颊骨痛,SYM,Yanjiangubijiagutong,Yanjiangubijiagutong,False
SYM_06921,眼络枯涩,SYM,Yanluokuse,Yanluokuse,False
SYM_06922,眼耳发痒,SYM,Yanerfayang,Yanerfayang,False
SYM_06923,眼胀,SYM,Yanzhang,Yanzhang,False
SYM_06924,眼见黑花飞舞,SYM,Yanjianheihuafeiwu,Yanjianheihuafeiwu,False
SYM_06925,眼角赤烂,SYM,Yanjiaochilan,Yanjiaochilan,False
SYM_06926,眼部发痒,SYM,Yanbufayang,Yanbufayang,False
SYM_06927,眼部赤肿不显,SYM,Yanbuchizhongbuxian,Yanbuchizhongbuxian,False
SYM_06928,眼部锐器伤,SYM,Yanburuiqishang,Yanburuiqishang,False
SYM_06929,着衣则烦,SYM,Zheyizefan,Zheyizefan,False
SYM_06930,睑内可见颗粒遍生,SYM,Jianneikejiankelibiansheng,Jianneikejiankelibiansheng,False
SYM_06931,睑内遍生颗粒,SYM,Jianneibianshengkeli,Jianneibianshengkeli,False
SYM_06932,睡卧露睛,SYM,Shuiwolujing,Shuiwolujing,False
SYM_06933,睡眠不安,SYM,Shuimianbuan,Shuimianbuan,False
SYM_06934,睡眠不实,SYM,Shuimianbushi,Shuimianbushi,False
SYM_06935,睾丸损伤,SYM,Gaowansunshang,Gaowansunshang,False
SYM_06936,睾丸疝痛,SYM,Gaowanshantong,Gaowanshantong,False
SYM_06937,睾丸肿痛,SYM,Gaowanzhongtong,Gaowanzhongtong,False
SYM_06938,睾丸肿胀疼痛,SYM,Gaowanzhongzhangtengtong,Gaowanzhongzhangtengtong,False
SYM_06939,瞪目直视,SYM,Dengmuzhishi,Dengmuzhishi,False
SYM_06940,瞳仁大小不等,SYM,Tongrendaxiaobudeng,Tongrendaxiaobudeng,False
SYM_06941,瞳心内一点如水银珠子之状,SYM,Tongxinneiyidianrushuiyinzhuzizhizhuang,Tongxinneiyidianrushuiyinzhuzizhizhuang,False
SYM_06942,瞳神多见干缺不圆,SYM,Tongshenduojianganquebuyuan,Tongshenduojianganquebuyuan,False
SYM_06943,瞳神干缺以黄仁与晶珠黏着,SYM,Tongshenganqueyihuangrenyujingzhunianzhuo,Tongshenganqueyihuangrenyujingzhunianzhuo,False
SYM_06944,瞳神渐散,SYM,Tongshenjian San,Tongshenjian San,False
SYM_06945,瞳神甚小,SYM,Tongshenshenxiao,Tongshenshenxiao,False
SYM_06946,瞳神边缘参差不齐,SYM,Tongshenbianyuancencibuqi,Tongshenbianyuancencibuqi,False
SYM_06947,矢气频繁,SYM,Shiqipinfan,Shiqipinfan,False
SYM_06948,知觉过敏,SYM,Zhijueguomin,Zhijueguomin,False
SYM_06949,短气喘息,SYM,Duanqichuanxi,Duanqichuanxi,False
SYM_06950,短气溺少,SYM,Duanqinishao,Duanqinishao,False
SYM_06951,短涩,SYM,Duanse,Duanse,False
SYM_06952,短赤尿后滴沥,SYM,Duanchiniaohoudili,Duanchiniaohoudili,False
SYM_06953,破损,SYM,Posun,Posun,False
SYM_06954,破流黄水,SYM,Poliuhuangshui,Poliuhuangshui,False
SYM_06955,硬满,SYM,Yingman,Yingman,False
SYM_06956,神困,SYM,Shenkun,Shenkun,False
SYM_06957,神志恍惚失神,SYM,Shenzhihuanghushishen,Shenzhihuanghushishen,False
SYM_06958,神思涣散,SYM,Shensihuan San,Shensihuan San,False
SYM_06959,神情呆滞,SYM,Shenqingdaizhi,Shenqingdaizhi,False
SYM_06960,神情淡漠,SYM,Shenqingdanmo,Shenqingdanmo,False
SYM_06961,神情迟钝,SYM,Shenqingchidun,Shenqingchidun,False
SYM_06962,神昏不语,SYM,Shenhunbuyu,Shenhunbuyu,False
SYM_06963,神昏口噤,SYM,Shenhunkoujin,Shenhunkoujin,False
SYM_06964,神昏惊厥,SYM,Shenhunjingjue,Shenhunjingjue,False
SYM_06965,神昏澹语,SYM,Shenhundanyu,Shenhundanyu,False
SYM_06966,神昏狂妄,SYM,Shenhunkuangwang,Shenhunkuangwang,False
SYM_06967,神昏肢逆,SYM,Shenhunzhini,Shenhunzhini,False
SYM_06968,神气惨惨,SYM,Shenqicancan,Shenqicancan,False
SYM_06969,神疲肢倦,SYM,Shenpizhijuan,Shenpizhijuan,False
SYM_06970,神短忽忽语失常,SYM,Shenduanhuhuyushichang,Shenduanhuhuyushichang,False
SYM_06971,神识昏迷,SYM,Shenshihunmi,Shenshihunmi,False
SYM_06972,神识虽清,SYM,Shenshisuiqing,Shenshisuiqing,False
SYM_06973,神迷,SYM,Shenmi,Shenmi,False
SYM_06974,禁之不住,SYM,Jinzhibuzhu,Jinzhibuzhu,False
SYM_06975,秃斑干枯作痒,SYM,Tubangankuzuoyang,Tubangankuzuoyang,False
SYM_06976,积块坚硬,SYM,Jikuaijianying,Jikuaijianying,False
SYM_06977,积块质软不坚,SYM,Jikuaizhiruanbujian,Jikuaizhiruanbujian,False
SYM_06978,积痰于胸,SYM,Jitanyuxiong,Jitanyuxiong,False
SYM_06979,移时方寤,SYM,Yishifangwu,Yishifangwu,False
SYM_06980,移时苏醒,SYM,Yishisuxing,Yishisuxing,False
SYM_06981,稀散色淡,SYM,Xisansedan,Xisansedan,False
SYM_06982,稠粘脓液常自泪窍溢出,SYM,Chouzhannongyechangzileiqiaoyichu,Chouzhannongyechangzileiqiaoyichu,False
SYM_06983,稠黏臭秽,SYM,Chounianchouhui,Chounianchouhui,False
SYM_06984,穿刺有脓,SYM,Chuanciyounong,Chuanciyounong,False
SYM_06985,穿腮蚀唇,SYM,Chuansaishichun,Chuansaishichun,False
SYM_06986,突然中断,SYM,Turanzhongduan,Turanzhongduan,False
SYM_06987,突然倒仆,SYM,Turandaopu,Turandaopu,False
SYM_06988,突然昏倒,SYM,Turanhundao,Turanhundao,False
SYM_06989,突然腹部绞痛,SYM,Turanfubujiaotong,Turanfubujiaotong,False
SYM_06990,突然高热,SYM,Turangaore,Turangaore,False
SYM_06991,突起睛高,SYM,Tuqijinggao,Tuqijinggao,False
SYM_06992,窍阻,SYM,Qiaozu,Qiaozu,False
SYM_06993,窒,SYM,Zhi,Zhi,False
SYM_06994,窒而痛,SYM,Zhiertong,Zhiertong,False
SYM_06995,窜痛,SYM,Cuantong,Cuantong,False
SYM_06996,立迟行迟齿迟,SYM,Lichixingchichichi,Lichixingchichichi,False
SYM_06997,笑妄,SYM,Xiaowang,Xiaowang,False
SYM_06998,筋脉拘疼,SYM,Jinmaijuteng,Jinmaijuteng,False
SYM_06999,筋脉挛急,SYM,Jinmailuanji,Jinmailuanji,False
SYM_07000,筋骨疼痛,SYM,Jingutengtong,Jingutengtong,False
SYM_07001,筋骨酸痛,SYM,Jingusuantong,Jingusuantong,False
SYM_07002,粉刺,SYM,Fenci,Fenci,False
SYM_07003,粉瘤,SYM,Fenliu,Fenliu,False
SYM_07004,粗糙肥厚,SYM,Cucaofeihou,Cucaofeihou,False
SYM_07005,粘滞不畅,SYM,Zhanzhibuchang,Zhanzhibuchang,False
SYM_07006,粘膜上有粟粒状小结节,SYM,Zhanmoshangyousulizhuangxiaojiejie,Zhanmoshangyousulizhuangxiaojiejie,False
SYM_07007,粘膜水肿及浅表溃疡,SYM,Zhanmoshuizhongjiqianbiaokuiyang,Zhanmoshuizhongjiqianbiaokuiyang,False
SYM_07008,粘膜淡白,SYM,Zhanmodanbai,Zhanmodanbai,False
SYM_07009,粪粒坚硬,SYM,Fenlijianying,Fenlijianying,False
SYM_07010,粪质稀溏,SYM,Fenzhixitang,Fenzhixitang,False
SYM_07011,精神亢奋,SYM,Jingshenkangfen,Jingshenkangfen,False
SYM_07012,精神减少,SYM,Jingshenjianshao,Jingshenjianshao,False
SYM_07013,精神委顿,SYM,Jingshenweidun,Jingshenweidun,False
SYM_07014,精神尚可,SYM,Jingshenshangke,Jingshenshangke,False
SYM_07015,精神恍惚,SYM,Jingshenhuanghu,Jingshenhuanghu,False
SYM_07016,精神欠佳,SYM,Jingshenqianjia,Jingshenqianjia,False
SYM_07017,精神良好,SYM,Jingshenlianghao,Jingshenlianghao,False
SYM_07018,糜烂坏死,SYM,Milanhuaisi,Milanhuaisi,False
SYM_07019,糜烂面淡红,SYM,Milanmiandanhong,Milanmiandanhong,False
SYM_07020,糟粕不化,SYM,Zaopobuhua,Zaopobuhua,False
SYM_07021,紧糙,SYM,Jincao,Jincao,False
SYM_07022,紫暗有瘀点,SYM,Zianyouyudian,Zianyouyudian,False
SYM_07023,紫点,SYM,Zidian,Zidian,False
SYM_07024,紫白癜风,SYM,Zibaidianfeng,Zibaidianfeng,False
SYM_07025,紫绀,SYM,Zigan,Zigan,False
SYM_07026,红热不退,SYM,Hongrebutui,Hongrebutui,False
SYM_07027,红肿烂斑,SYM,Hongzhonglanban,Hongzhonglanban,False
SYM_07028,红肿甚,SYM,Hongzhongshen,Hongzhongshen,False
SYM_07029,红色斑,SYM,Hongseban,Hongseban,False
SYM_07030,纳便血色鲜,SYM,Nabianxiesexian,Nabianxiesexian,False
SYM_07031,纳呆便溏,SYM,Nadaibiantang,Nadaibiantang,False
SYM_07032,纳呆呕恶,SYM,Nadaioue,Nadaioue,False
SYM_07033,纳而复出,SYM,Naerfuchu,Naerfuchu,False
SYM_07034,纳谷减少,SYM,Nagujianshao,Nagujianshao,False
SYM_07035,纳运无力,SYM,Nayunwuli,Nayunwuli,False
SYM_07036,纳食呆滞,SYM,Nashidaizhi,Nashidaizhi,False
SYM_07037,纳食日减,SYM,Nashirijian,Nashirijian,False
SYM_07038,纷扰,SYM,Fenrao,Fenrao,False
SYM_07039,经候时行时止,SYM,Jinghoushixingshizhi,Jinghoushixingshizhi,False
SYM_07040,经净复如常人,SYM,Jingjingfuruchangren,Jingjingfuruchangren,False
SYM_07041,经前冲气旺盛,SYM,Jingqianchongqiwangsheng,Jingqianchongqiwangsheng,False
SYM_07042,经前抑郁不乐,SYM,Jingqianyiyubule,Jingqianyiyubule,False
SYM_07043,经后冲气渐平,SYM,Jinghouchongqijianping,Jinghouchongqijianping,False
SYM_07044,经后气火渐平和,SYM,Jinghouqihuojianpinghe,Jinghouqihuojianpinghe,False
SYM_07045,经多不调,SYM,Jingduobudiao,Jingduobudiao,False
SYM_07046,经常溢脓,SYM,Jingchangyinong,Jingchangyinong,False
SYM_07047,经断后阴道出血,SYM,Jingduanhouyindaochuxie,Jingduanhouyindaochuxie,False
SYM_07048,经期超前,SYM,Jingqichaoqian,Jingqichaoqian,False
SYM_07049,经来甚多,SYM,Jinglaishenduo,Jinglaishenduo,False
SYM_07050,经水不通,SYM,Jingshuibutong,Jingshuibutong,False
SYM_07051,经水淋沥不断,SYM,Jingshuilinlibuduan,Jingshuilinlibuduan,False
SYM_07052,经水闭不利,SYM,Jingshuibibuli,Jingshuibibuli,False
SYM_07053,经色鲜红或深红,SYM,Jingsexianhonghuoshenhong,Jingsexianhonghuoshenhong,False
SYM_07054,经行时间延长,SYM,Jingxingshijianyanchang,Jingxingshijianyanchang,False
SYM_07055,经行量少,SYM,Jingxingliangshao,Jingxingliangshao,False
SYM_07056,经量偏多,SYM,Jingliangpianduo,Jingliangpianduo,False
SYM_07057,经量减少,SYM,Jingliangjianshao,Jingliangjianshao,False
SYM_07058,经量时多时少,SYM,Jingliangshiduoshishao,Jingliangshiduoshishao,False
SYM_07059,结块坚硬,SYM,Jiekuaijianying,Jiekuaijianying,False
SYM_07060,结块肿大,SYM,Jiekuaizhongda,Jiekuaizhongda,False
SYM_07061,结小核,SYM,Jiexiaohe,Jiexiaohe,False
SYM_07062,结成痞块,SYM,Jiechengpikuai,Jiechengpikuai,False
SYM_07063,结核样型,SYM,Jieheyangxing,Jieheyangxing,False
SYM_07064,结毒溃面,SYM,Jiedukuimian,Jiedukuimian,False
SYM_07065,结聚,SYM,Jieju,Jieju,False
SYM_07066,结节不甚高隆,SYM,Jiejiebushengaolong,Jiejiebushengaolong,False
SYM_07067,绛紫,SYM,Jiangzi,Jiangzi,False
SYM_07068,绞痛,SYM,Jiaotong,Jiaotong,False
SYM_07069,绵绵不休,SYM,Mianmianbuxiu,Mianmianbuxiu,False
SYM_07070,绵绵痛,SYM,Mianmiantong,Mianmiantong,False
SYM_07071,缠若红丝,SYM,Chanruohongsi,Chanruohongsi,False
SYM_07072,缩,SYM,Suo,Suo,False
SYM_07073,羊水外溢,SYM,Yangshuiwaiyi,Yangshuiwaiyi,False
SYM_07074,羊水溢出,SYM,Yangshuiyichu,Yangshuiyichu,False
SYM_07075,翳厚色黄,SYM,Yihousehuang,Yihousehuang,False
SYM_07076,翳隐黑珠障内光,SYM,Yiyinheizhuzhangneiguang,Yiyinheizhuzhangneiguang,False
SYM_07077,翻胃,SYM,Fanwei,Fanwei,False
SYM_07078,老花眼,SYM,Laohuayan,Laohuayan,False
SYM_07079,而为悸为消者,SYM,Erweijiweixiaozhe,Erweijiweixiaozhe,False
SYM_07080,耳内蝉鸣,SYM,Erneichanming,Erneichanming,False
SYM_07081,耳垂肿大,SYM,Erchuizhongda,Erchuizhongda,False
SYM_07082,耳壳流痰,SYM,Erkeliutan,Erkeliutan,False
SYM_07083,耳如雷鸣,SYM,Erruleiming,Erruleiming,False
SYM_07084,耳流脓水,SYM,Erliunongshui,Erliunongshui,False
SYM_07085,耳流脓水湿疮生,SYM,Erliunongshuishichuangsheng,Erliunongshuishichuangsheng,False
SYM_07086,耳疮流脓,SYM,Erchuangliunong,Erchuangliunong,False
SYM_07087,耳痒耳痛反复发作,SYM,Eryangertongfanfufazuo,Eryangertongfanfufazuo,False
SYM_07088,耳痛甚剧痛引腮脑,SYM,Ertongshenjutongyinsainao,Ertongshenjutongyinsainao,False
SYM_07089,耳痛耳痒耳道灼热感,SYM,Ertongeryangerdaozhuoregan,Ertongeryangerdaozhuoregan,False
SYM_07090,耳脓多而黄稠或带红色,SYM,Ernongduoerhuangchouhuodaihongse,Ernongduoerhuangchouhuodaihongse,False
SYM_07091,耳脓清稀,SYM,Ernongqingxi,Ernongqingxi,False
SYM_07092,耳脓秽浊或呈豆腐渣样,SYM,Ernonghuizhuohuochengdoufuzhayang,Ernonghuizhuohuochengdoufuzhayang,False
SYM_07093,耳赤,SYM,Erchi,Erchi,False
SYM_07094,耳道有黄稠或带红色脓液,SYM,Erdaoyouhuangchouhuodaihongsenongye,Erdaoyouhuangchouhuodaihongsenongye,False
SYM_07095,耳道潮湿,SYM,Erdaochaoshi,Erdaochaoshi,False
SYM_07096,耳道灼热,SYM,Erdaozhuore,Erdaozhuore,False
SYM_07097,耳部瘙痒,SYM,Erbusaoyang,Erbusaoyang,False
SYM_07098,耳闭重听,SYM,Erbizhongting,Erbizhongting,False
SYM_07099,耳闻雷声,SYM,Erwenleisheng,Erwenleisheng,False
SYM_07100,耳鼓膜红赤饱满,SYM,Ergumohongchibaoman,Ergumohongchibaoman,False
SYM_07101,肉少皮宽自离,SYM,Roushaopikuanzili,Roushaopikuanzili,False
SYM_07102,肉瘤,SYM,Rouliu,Rouliu,False
SYM_07103,肉腐为脓,SYM,Roufuweinong,Roufuweinong,False
SYM_07104,肉色不变,SYM,Rousebubian,Rousebubian,False
SYM_07105,肉芽色淡不泽,SYM,Rouyasedanbuze,Rouyasedanbuze,False
SYM_07106,肉芽苍白,SYM,Rouyacangbai,Rouyacangbai,False
SYM_07107,肉龈袒脱,SYM,Roukentantuo,Roukentantuo,False
SYM_07108,肉龈袒脱疼痛,SYM,Roukentantuotengtong,Roukentantuotengtong,False
SYM_07109,肋下硬肿疼,SYM,Lexiayingzhongteng,Lexiayingzhongteng,False
SYM_07110,肌削,SYM,Jixue,Jixue,False
SYM_07111,肌热,SYM,Jire,Jire,False
SYM_07112,肌热恶热,SYM,Jireere,Jireere,False
SYM_07113,肌痛肢楚,SYM,Jitongzhichu,Jitongzhichu,False
SYM_07114,肌肉不泽,SYM,Jiroubuze,Jiroubuze,False
SYM_07115,肌肉可有触痛,SYM,Jiroukeyouchutong,Jiroukeyouchutong,False
SYM_07116,肌肉惊跳,SYM,Jiroujingtiao,Jiroujingtiao,False
SYM_07117,肌肉松弛无力或不能运动,SYM,Jirousongchiwulihuobunengyundong,Jirousongchiwulihuobunengyundong,False
SYM_07118,肌肉消瘦,SYM,Jirouxiaoshou,Jirouxiaoshou,False
SYM_07119,肌肉消铄,SYM,Jirouxiaoshuo,Jirouxiaoshuo,False
SYM_07120,肌肉渐瘦,SYM,Jiroujianshou,Jiroujianshou,False
SYM_07121,肌肉热极,SYM,Jiroureji,Jiroureji,False
SYM_07122,肌肉软,SYM,Jirouruan,Jirouruan,False
SYM_07123,肌肤痒甚,SYM,Jifuyangshen,Jifuyangshen,False
SYM_07124,肌肤糜烂,SYM,Jifumilan,Jifumilan,False
SYM_07125,肌肤色红干燥疼痛,SYM,Jifusehongganzaotengtong,Jifusehongganzaotengtong,False
SYM_07126,肌肤顽麻或重着,SYM,Jifuwanmahuozhongzhe,Jifuwanmahuozhongzhe,False
SYM_07127,肌肤麻木不仁,SYM,Jifumamuburen,Jifumamuburen,False
SYM_07128,肌骨作痛,SYM,Jiguzuotong,Jiguzuotong,False
SYM_07129,肘痈,SYM,Zhouyong,Zhouyong,False
SYM_07130,肚热,SYM,Dure,Dure,False
SYM_07131,肚硬如石,SYM,Duyingrushi,Duyingrushi,False
SYM_07132,肚胀,SYM,Duzhang,Duzhang,False
SYM_07133,肚腹搅痛,SYM,Dufujiaotong,Dufujiaotong,False
SYM_07134,肚腹疼痛,SYM,Dufutengtong,Dufutengtong,False
SYM_07135,肚腹痞闷,SYM,Dufupimen,Dufupimen,False
SYM_07136,肚腹胀大,SYM,Dufuzhangda,Dufuzhangda,False
SYM_07137,肛乳头肥大,SYM,Gangrutoufeida,Gangrutoufeida,False
SYM_07138,肛内肿物外脱,SYM,Gangneizhongwuwaituo,Gangneizhongwuwaituo,False
SYM_07139,肛周红肿,SYM,Gangzhouhongzhong,Gangzhouhongzhong,False
SYM_07140,肛管皮肤全层裂开,SYM,Gangguanpifuquancengliekai,Gangguanpifuquancengliekai,False
SYM_07141,肛缘水肿,SYM,Gangyuanshuizhong,Gangyuanshuizhong,False
SYM_07142,肛门坠痛,SYM,Gangmenzhuitong,Gangmenzhuitong,False
SYM_07143,肛门热,SYM,Gangmenre,Gangmenre,False
SYM_07144,肛门疼痛,SYM,Gangmentengtong,Gangmentengtong,False
SYM_07145,肛门肿痛剧烈,SYM,Gangmenzhongtongjulie,Gangmenzhongtongjulie,False
SYM_07146,肛门肿痛灼热,SYM,Gangmenzhongtongzhuore,Gangmenzhongtongzhuore,False
SYM_07147,肝区隐痛,SYM,Ganquyintong,Ganquyintong,False
SYM_07148,肝脾肿大,SYM,Ganpizhongda,Ganpizhongda,False
SYM_07149,肝腰痛,SYM,Ganyaotong,Ganyaotong,False
SYM_07150,肠中痛,SYM,Changzhongtong,Changzhongtong,False
SYM_07151,肠周围间隙发生急慢性感染而形成的脓肿,SYM,Changzhouweijianxifashengjimanxingganranerxingchengdenongzhong,Changzhouweijianxifashengjimanxingganranerxingchengdenongzhong,False
SYM_07152,肠燥,SYM,Changzao,Changzao,False
SYM_07153,肢体倦]怠,SYM,Zhitijuan]dai,Zhitijuan]dai,False
SYM_07154,肢体关节酸痛麻木,SYM,Zhitiguanjiesuantongmamu,Zhitiguanjiesuantongmamu,False
SYM_07155,肢体强急,SYM,Zhitiqiangji,Zhitiqiangji,False
SYM_07156,肢体强直,SYM,Zhitiqiangzhi,Zhitiqiangzhi,False
SYM_07157,肢体拘挛,SYM,Zhitijuluan,Zhitijuluan,False
SYM_07158,肢体振颤,SYM,Zhitizhenchan,Zhitizhenchan,False
SYM_07159,肢体渐肿,SYM,Zhitijianzhong,Zhitijianzhong,False
SYM_07160,肢体疼痛麻木,SYM,Zhititengtongmamu,Zhititengtongmamu,False
SYM_07161,肢体痿软无力,SYM,Zhitiweiruanwuli,Zhitiweiruanwuli,False
SYM_07162,肢体蠕动,SYM,Zhitirudong,Zhitirudong,False
SYM_07163,肢体面目发生肿胀,SYM,Zhitimianmufashengzhongzhang,Zhitimianmufashengzhongzhang,False
SYM_07164,肢体麻木不仁,SYM,Zhitimamuburen,Zhitimamuburen,False
SYM_07165,肢倦体重,SYM,Zhijuantizhong,Zhijuantizhong,False
SYM_07166,肢冷畏寒,SYM,Zhilengweihan,Zhilengweihan,False
SYM_07167,肢厥便泄,SYM,Zhijuebianxie,Zhijuebianxie,False
SYM_07168,肢厥冷,SYM,Zhijueleng,Zhijueleng,False
SYM_07169,肢厥冷汗,SYM,Zhijuelenghan,Zhijuelenghan,False
SYM_07170,肢末时痛,SYM,Zhimoshitong,Zhimoshitong,False
SYM_07171,肢浅静脉伸长迂曲而呈曲张状态,SYM,Zhiqianjingmaishenchangyuquerchengquzhangzhuangtai,Zhiqianjingmaishenchangyuquerchengquzhangzhuangtai,False
SYM_07172,肢节肿,SYM,Zhijiezhong,Zhijiezhong,False
SYM_07173,肢节肿胀而痛,SYM,Zhijiezhongzhangertong,Zhijiezhongzhangertong,False
SYM_07174,肢节酸楚,SYM,Zhijiesuanchu,Zhijiesuanchu,False
SYM_07175,肢逆,SYM,Zhini,Zhini,False
SYM_07176,肢逆吐沫,SYM,Zhinitumo,Zhinitumo,False
SYM_07177,肤现丘疹风团水疱,SYM,Fuxianqiuzhenfengtuanshuipao,Fuxianqiuzhenfengtuanshuipao,False
SYM_07178,肤生红斑,SYM,Fushenghongban,Fushenghongban,False
SYM_07179,肤色萎黄,SYM,Fuseweihuang,Fuseweihuang,False
SYM_07180,肤色转红,SYM,Fusezhuanhong,Fusezhuanhong,False
SYM_07181,肤顽麻或重着,SYM,Fuwanmahuozhongzhe,Fuwanmahuozhongzhe,False
SYM_07182,肥厚粗糙,SYM,Feihoucucao,Feihoucucao,False
SYM_07183,肺叶生疮,SYM,Feiyeshengchuang,Feiyeshengchuang,False
SYM_07184,肺络受损,SYM,Feiluoshousun,Feiluoshousun,False
SYM_07185,肺胀,SYM,Feizhang,Feizhang,False
SYM_07186,肺郁痰盛,SYM,Feiyutansheng,Feiyutansheng,False
SYM_07187,肿作痛,SYM,Zhongzuotong,Zhongzuotong,False
SYM_07188,肿势平塌,SYM,Zhongshipingta,Zhongshipingta,False
SYM_07189,肿势高突,SYM,Zhongshigaotu,Zhongshigaotu,False
SYM_07190,肿块偏于一侧,SYM,Zhongkuaipianyuyice,Zhongkuaipianyuyice,False
SYM_07191,肿块坚硬且移动性减少,SYM,Zhongkuaijianyingqieyidongxingjianshao,Zhongkuaijianyingqieyidongxingjianshao,False
SYM_07192,肿块坚硬如石，紧贴于骨,SYM,Zhongkuaijianyingrushi，jintieyugu,Zhongkuaijianyingrushi，jintieyugu,False
SYM_07193,肿块堵塞肛门,SYM,Zhongkuaidusegangmen,Zhongkuaidusegangmen,False
SYM_07194,肿块平塌散漫,SYM,Zhongkuaipingtasanman,Zhongkuaipingtasanman,False
SYM_07195,肿块溃后腐烂无脓,SYM,Zhongkuaikuihoufulanwunong,Zhongkuaikuihoufulanwunong,False
SYM_07196,肿块溃烂,SYM,Zhongkuaikuilan,Zhongkuaikuilan,False
SYM_07197,肿块胀痛,SYM,Zhongkuaizhangtong,Zhongkuaizhangtong,False
SYM_07198,肿处渐渐腐烂,SYM,Zhongchujianjianfulan,Zhongchujianjianfulan,False
SYM_07199,肿如溃水,SYM,Zhongrukuishui,Zhongrukuishui,False
SYM_07200,肿溃蚀烂,SYM,Zhongkuishilan,Zhongkuishilan,False
SYM_07201,肿热延及面及颈项,SYM,Zhongreyanjimianjijingxiang,Zhongreyanjimianjijingxiang,False
SYM_07202,肿痛不退,SYM,Zhongtongbutui,Zhongtongbutui,False
SYM_07203,肿痛妨碍饮食,SYM,Zhongtongfangaiyinshi,Zhongtongfangaiyinshi,False
SYM_07204,肿痛消退,SYM,Zhongtongxiaotui,Zhongtongxiaotui,False
SYM_07205,肿痛甚,SYM,Zhongtongshen,Zhongtongshen,False
SYM_07206,肿瘤边界不清,SYM,Zhongliubianjiebuqing,Zhongliubianjiebuqing,False
SYM_07207,肿硬不消,SYM,Zhongyingbuxiao,Zhongyingbuxiao,False
SYM_07208,肿而不溃,SYM,Zhongerbukui,Zhongerbukui,False
SYM_07209,肿而不红,SYM,Zhongerbuhong,Zhongerbuhong,False
SYM_07210,肿软色赤,SYM,Zhongruansechi,Zhongruansechi,False
SYM_07211,肿闷脱坠,SYM,Zhongmentuozhui,Zhongmentuozhui,False
SYM_07212,胀满难忍,SYM,Zhangmannanren,Zhangmannanren,False
SYM_07213,胀痛不适,SYM,Zhangtongbushi,Zhangtongbushi,False
SYM_07214,胀痛压痛明显,SYM,Zhangtongyatongmingxian,Zhangtongyatongmingxian,False
SYM_07215,胀痛引脑门,SYM,Zhangtongyinnaomen,Zhangtongyinnaomen,False
SYM_07216,胀痛更甚,SYM,Zhangtonggengshen,Zhangtonggengshen,False
SYM_07217,胀痛缓解,SYM,Zhangtonghuanjie,Zhangtonghuanjie,False
SYM_07218,胁下急缩,SYM,Xiexiajisuo,Xiexiajisuo,False
SYM_07219,胁下痛,SYM,Xiexiatong,Xiexiatong,False
SYM_07220,胁下痞块,SYM,Xiexiapikuai,Xiexiapikuai,False
SYM_07221,胁下积肿,SYM,Xiexiajizhong,Xiexiajizhong,False
SYM_07222,胁下肿块坚硬,SYM,Xiexiazhongkuaijianying,Xiexiazhongkuaijianying,False
SYM_07223,胁痛潮热,SYM,Xietongchaore,Xietongchaore,False
SYM_07224,胁痛腹满,SYM,Xietongfuman,Xietongfuman,False
SYM_07225,胁肋满痛,SYM,Xielemantong,Xielemantong,False
SYM_07226,胁肋灼痛,SYM,Xielezhuotong,Xielezhuotong,False
SYM_07227,胁肋胀痛或窜痛,SYM,Xielezhangtonghuocuantong,Xielezhangtonghuocuantong,False
SYM_07228,胁胀腹疼,SYM,Xiezhangfuteng,Xiezhangfuteng,False
SYM_07229,胁腹痛胀,SYM,Xiefutongzhang,Xiefutongzhang,False
SYM_07230,胃不喜食,SYM,Weibuxishi,Weibuxishi,False
SYM_07231,胃中冷即吐虫,SYM,Weizhonglengjituchong,Weizhonglengjituchong,False
SYM_07232,胃中灼热,SYM,Weizhongzhuore,Weizhongzhuore,False
SYM_07233,胃中生痈,SYM,Weizhongshengyong,Weizhongshengyong,False
SYM_07234,胃中酸水上泛,SYM,Weizhongsuanshuishangfan,Weizhongsuanshuishangfan,False
SYM_07235,胃口时痛时止,SYM,Weikoushitongshizhi,Weikoushitongshizhi,False
SYM_07236,胃气上逆动膈,SYM,Weiqishangnidongge,Weiqishangnidongge,False
SYM_07237,胃泄,SYM,Weixie,Weixie,False
SYM_07238,胃纳欠佳,SYM,Weinaqianjia,Weinaqianjia,False
SYM_07239,胃脘有振水声,SYM,Weiwanyouzhenshuisheng,Weiwanyouzhenshuisheng,False
SYM_07240,胃脘灼痛,SYM,Weiwanzhuotong,Weiwanzhuotong,False
SYM_07241,胃脘胀满,SYM,Weiwanzhangman,Weiwanzhangman,False
SYM_07242,胆小易惊,SYM,Danxiaoyijing,Danxiaoyijing,False
SYM_07243,胆汁排泄不畅,SYM,Danzhipaixiebuchang,Danzhipaixiebuchang,False
SYM_07244,背痛彻心,SYM,Beitongchexin,Beitongchexin,False
SYM_07245,胎儿不能顺利娩出,SYM,Taierbunengshunlimianchu,Taierbunengshunlimianchu,False
SYM_07246,胎膜早破,SYM,Taimozaopo,Taimozaopo,False
SYM_07247,胎膜破损,SYM,Taimoposun,Taimoposun,False
SYM_07248,胞睑有重坠之感,SYM,Baojianyouzhongzhuizhigan,Baojianyouzhongzhuizhigan,False
SYM_07249,胞睑沉重,SYM,Baojianchenzhong,Baojianchenzhong,False
SYM_07250,胫膝酸软,SYM,Jingxisuanruan,Jingxisuanruan,False
SYM_07251,胬肉淡红,SYM,Nuroudanhong,Nuroudanhong,False
SYM_07252,胬肉高突,SYM,Nurougaotu,Nurougaotu,False
SYM_07253,胶冻如鼻涕,SYM,Jiaodongrubiti,Jiaodongrubiti,False
SYM_07254,胸中冒闷,SYM,Xiongzhongmaomen,Xiongzhongmaomen,False
SYM_07255,胸中刺痛,SYM,Xiongzhongcitong,Xiongzhongcitong,False
SYM_07256,胸中憋闷,SYM,Xiongzhongbiemen,Xiongzhongbiemen,False
SYM_07257,胸中憋闷或有窒息感,SYM,Xiongzhongbiemenhuoyouzhixigan,Xiongzhongbiemenhuoyouzhixigan,False
SYM_07258,胸中烦热,SYM,Xiongzhongfanre,Xiongzhongfanre,False
SYM_07259,胸中甲错,SYM,Xiongzhongjiacuo,Xiongzhongjiacuo,False
SYM_07260,胸中痞结,SYM,Xiongzhongpijie,Xiongzhongpijie,False
SYM_07261,胸廓变形,SYM,Xiongkuobianxing,Xiongkuobianxing,False
SYM_07262,胸满呕逆飧泄,SYM,Xiongmanounisunxie,Xiongmanounisunxie,False
SYM_07263,胸满咽酸,SYM,Xiongmanyansuan,Xiongmanyansuan,False
SYM_07264,胸满气喘,SYM,Xiongmanqichuan,Xiongmanqichuan,False
SYM_07265,胸满气憋,SYM,Xiongmanqibie,Xiongmanqibie,False
SYM_07266,胸满膈胀,SYM,Xiongmangezhang,Xiongmangezhang,False
SYM_07267,胸满闷痛,SYM,Xiongmanmentong,Xiongmanmentong,False
SYM_07268,胸痛如刺,SYM,Xiongtongruci,Xiongtongruci,False
SYM_07269,胸痛气秽,SYM,Xiongtongqihui,Xiongtongqihui,False
SYM_07270,胸痛阵发,SYM,Xiongtongzhenfa,Xiongtongzhenfa,False
SYM_07271,胸痞闷,SYM,Xiongpimen,Xiongpimen,False
SYM_07272,胸胁不适,SYM,Xiongxiebushi,Xiongxiebushi,False
SYM_07273,胸胁满闷,SYM,Xiongxiemanmen,Xiongxiemanmen,False
SYM_07274,胸胁牵痛,SYM,Xiongxieqiantong,Xiongxieqiantong,False
SYM_07275,胸胁牵痛全身,SYM,Xiongxieqiantongquanshen,Xiongxieqiantongquanshen,False
SYM_07276,胸胁痛楚,SYM,Xiongxietongchu,Xiongxietongchu,False
SYM_07277,胸胁痞闷,SYM,Xiongxiepimen,Xiongxiepimen,False
SYM_07278,胸胁窜痛,SYM,Xiongxiecuantong,Xiongxiecuantong,False
SYM_07279,胸胁胀疼,SYM,Xiongxiezhangteng,Xiongxiezhangteng,False
SYM_07280,胸胁闷痛,SYM,Xiongxiementong,Xiongxiementong,False
SYM_07281,胸胁闷胀,SYM,Xiongxiemenzhang,Xiongxiemenzhang,False
SYM_07282,胸脘拒痛,SYM,Xiongwanjutong,Xiongwanjutong,False
SYM_07283,胸脘痞塞,SYM,Xiongwanpisai,Xiongwanpisai,False
SYM_07284,胸脘胀闷,SYM,Xiongwanzhangmen,Xiongwanzhangmen,False
SYM_07285,胸脘闷痛,SYM,Xiongwanmentong,Xiongwanmentong,False
SYM_07286,胸腹板闷,SYM,Xiongfubanmen,Xiongfubanmen,False
SYM_07287,胸膈滞塞,SYM,Xionggezhisai,Xionggezhisai,False
SYM_07288,胸膈满热,SYM,Xionggemanre,Xionggemanre,False
SYM_07289,胸膈烦闷，,SYM,Xionggefanmen，,Xionggefanmen，,False
SYM_07290,胸膈疼痛,SYM,Xionggetengtong,Xionggetengtong,False
SYM_07291,胸膺,SYM,Xiongying,Xiongying,False
SYM_07292,胸膺不适,SYM,Xiongyingbushi,Xiongyingbushi,False
SYM_07293,胸膺满闷,SYM,Xiongyingmanmen,Xiongyingmanmen,False
SYM_07294,胸部憋塞,SYM,Xiongbubiesai,Xiongbubiesai,False
SYM_07295,胸部窒闷,SYM,Xiongbuzhimen,Xiongbuzhimen,False
SYM_07296,胸部缩窄样疼痛,SYM,Xiongbusuozhaiyangtengtong,Xiongbusuozhaiyangtengtong,False
SYM_07297,胸部闷痛,SYM,Xiongbumentong,Xiongbumentong,False
SYM_07298,胸部闷窒,SYM,Xiongbumenzhi,Xiongbumenzhi,False
SYM_07299,胸闷不舒,SYM,Xiongmenbushu,Xiongmenbushu,False
SYM_07300,胸闷咳喘,SYM,Xiongmenkechuan,Xiongmenkechuan,False
SYM_07301,胸闷欲绝,SYM,Xiongmenyujue,Xiongmenyujue,False
SYM_07302,胸闷腹胀尿少,SYM,Xiongmenfuzhangniaoshao,Xiongmenfuzhangniaoshao,False
SYM_07303,胸高胁满,SYM,Xionggaoxieman,Xionggaoxieman,False
SYM_07304,脉不匀,SYM,Maibuyun,Maibuyun,False
SYM_07305,脉促,SYM,Maicu,Maicu,False
SYM_07306,脉弦或涩,SYM,Maixianhuose,Maixianhuose,False
SYM_07307,脉弦无力,SYM,Maixianwuli,Maixianwuli,False
SYM_07308,脉弦涩,SYM,Maixianse,Maixianse,False
SYM_07309,脉弦滑或滑数,SYM,Maixianhuahuohuashu,Maixianhuahuohuashu,False
SYM_07310,脉无力,SYM,Maiwuli,Maiwuli,False
SYM_07311,脉来沉数,SYM,Mailaichenshu,Mailaichenshu,False
SYM_07312,脉来迟缓,SYM,Mailaichihuan,Mailaichihuan,False
SYM_07313,脉沉,SYM,Maichen,Deep pulse,True
SYM_07314,脉沉实有力,SYM,Maichenshiyouli,Maichenshiyouli,False
SYM_07315,脉沉弦,SYM,Maichenxian,Maichenxian,False
SYM_07316,脉沉弦细迟,SYM,Maichenxianxichi,Maichenxianxichi,False
SYM_07317,脉沉滑无力,SYM,Maichenhuawuli,Maichenhuawuli,False
SYM_07318,脉沉紧,SYM,Maichenjin,Maichenjin,False
SYM_07319,脉沉细弦,SYM,Maichenxixian,Maichenxixian,False
SYM_07320,脉沉细或沉微,SYM,Maichenxihuochenwei,Maichenxihuochenwei,False
SYM_07321,脉沉细缓,SYM,Maichenxihuan,Maichenxihuan,False
SYM_07322,脉沉缓,SYM,Maichenhuan,Maichenhuan,False
SYM_07323,脉滑或濡,SYM,Maihuahuoru,Maihuahuoru,False
SYM_07324,脉濡而缓,SYM,Mairuerhuan,Mairuerhuan,False
SYM_07325,脉细弦,SYM,Maixixian,Maixixian,False
SYM_07326,脉细涩无力,SYM,Maixisewuli,Maixisewuli,False
SYM_07327,脉细滑,SYM,Maixihua,Maixihua,False
SYM_07328,脉缓或细弱,SYM,Maihuanhuoxiruo,Maihuanhuoxiruo,False
SYM_07329,脉脱神糊,SYM,Maituoshenhu,Maituoshenhu,False
SYM_07330,脉软弱,SYM,Mairuanruo,Mairuanruo,False
SYM_07331,脊骨强痛,SYM,Jiguqiangtong,Jiguqiangtong,False
SYM_07332,脊骨羸瘦,SYM,Jiguleishou,Jiguleishou,False
SYM_07333,脏腑不调,SYM,Zangfubudiao,Zangfubudiao,False
SYM_07334,脐下悸动肾气凌心,SYM,Qixiajidongshenqilingxin,Qixiajidongshenqilingxin,False
SYM_07335,脐中生疮,SYM,Qizhongshengchuang,Qizhongshengchuang,False
SYM_07336,脐疮,SYM,Qichuang,Qichuang,False
SYM_07337,脐腹作痛,SYM,Qifuzuotong,Qifuzuotong,False
SYM_07338,脐腹急痛,SYM,Qifujitong,Qifujitong,False
SYM_07339,脐腹疼痛,SYM,Qifutengtong,Qifutengtong,False
SYM_07340,脑尽痛,SYM,Naojintong,Naojintong,False
SYM_07341,脑痛,SYM,Naotong,Naotong,False
SYM_07342,脓多稠粘,SYM,Nongduochouzhan,Nongduochouzhan,False
SYM_07343,脓已成,SYM,Nongyicheng,Nongyicheng,False
SYM_07344,脓成不溃,SYM,Nongchengbukui,Nongchengbukui,False
SYM_07345,脓未成,SYM,Nongweicheng,Nongweicheng,False
SYM_07346,脓毒重,SYM,Nongduzhong,Nongduzhong,False
SYM_07347,脓水外溢,SYM,Nongshuiwaiyi,Nongshuiwaiyi,False
SYM_07348,脓水淋漓,SYM,Nongshuilinli,Nongshuilinli,False
SYM_07349,脓水稀薄,SYM,Nongshuixibo,Nongshuixibo,False
SYM_07350,脓水稀薄色灰,SYM,Nongshuixibosehui,Nongshuixibosehui,False
SYM_07351,脓水较多,SYM,Nongshuijiaoduo,Nongshuijiaoduo,False
SYM_07352,脓汁少而不绝,SYM,Nongzhishaoerbujue,Nongzhishaoerbujue,False
SYM_07353,脓汁浸淫,SYM,Nongzhijinyin,Nongzhijinyin,False
SYM_07354,脓汁浸淫痒不疼,SYM,Nongzhijinyinyangbuteng,Nongzhijinyinyangbuteng,False
SYM_07355,脓液不断,SYM,Nongyebuduan,Nongyebuduan,False
SYM_07356,脓液秽浊,SYM,Nongyehuizhuo,Nongyehuizhuo,False
SYM_07357,脓液稀少,SYM,Nongyexishao,Nongyexishao,False
SYM_07358,脓液黄稠,SYM,Nongyehuangchou,Nongyehuangchou,False
SYM_07359,脓清不能敛,SYM,Nongqingbunenglian,Nongqingbunenglian,False
SYM_07360,脓清淡白,SYM,Nongqingdanbai,Nongqingdanbai,False
SYM_07361,脓疱,SYM,Nongpao,Nongpao,False
SYM_07362,脓窝疮,SYM,Nongwochuang,Nongwochuang,False
SYM_07363,脓肿,SYM,Nongzhong,Nongzhong,False
SYM_07364,脓腐较多,SYM,Nongfujiaoduo,Nongfujiaoduo,False
SYM_07365,脓苔稠粘,SYM,Nongtaichouzhan,Nongtaichouzhan,False
SYM_07366,脓血便,SYM,Nongxuebian,Nongxuebian,False
SYM_07367,脓血稠粘,SYM,Nongxuechouzhan,Nongxuechouzhan,False
SYM_07368,脓质稠厚,SYM,Nongzhichouhou,Nongzhichouhou,False
SYM_07369,脘中阻痛,SYM,Wanzhongzutong,Wanzhongzutong,False
SYM_07370,脘痛,SYM,Wantong,Wantong,False
SYM_07371,脘痛拒按,SYM,Wantongjuan,Wantongjuan,False
SYM_07372,脘胁胀痛,SYM,Wanxiezhangtong,Wanxiezhangtong,False
SYM_07373,脘腹疼痛,SYM,Wanfutengtong,Wanfutengtong,False
SYM_07374,脘腹胀,SYM,Wanfuzhang,Wanfuzhang,False
SYM_07375,脘腹胀急,SYM,Wanfuzhangji,Wanfuzhangji,False
SYM_07376,脘腹胀闷不舒,SYM,Wanfuzhangmenbushu,Wanfuzhangmenbushu,False
SYM_07377,脘闷不饥,SYM,Wanmenbuji,Wanmenbuji,False
SYM_07378,脘闷吐泻,SYM,Wanmentuxie,Wanmentuxie,False
SYM_07379,脘闷食少,SYM,Wanmenshishao,Wanmenshishao,False
SYM_07380,脚气疮在足膝生,SYM,Jiaoqichuangzaizuxisheng,Jiaoqichuangzaizuxisheng,False
SYM_07381,脚肿,SYM,Jiaozhong,Jiaozhong,False
SYM_07382,脚面渐肿,SYM,Jiaomianjianzhong,Jiaomianjianzhong,False
SYM_07383,脱落,SYM,Tuoluo,Tuoluo,False
SYM_07384,脱落成片,SYM,Tuoluochengpian,Tuoluochengpian,False
SYM_07385,脾肺气虚,SYM,Pifeiqixu,Pifeiqixu,False
SYM_07386,脾运失健,SYM,Piyunshijian,Piyunshijian,False
SYM_07387,腐臭难闻,SYM,Fuchounanwen,Fuchounanwen,False
SYM_07388,腐蚀骨质,SYM,Fushiguzhi,Fushiguzhi,False
SYM_07389,腑闭,SYM,Fubi,Fubi,False
SYM_07390,腥臭浊痰,SYM,Xingchouzhuotan,Xingchouzhuotan,False
SYM_07391,腰以下痿软瘫痪不能动,SYM,Yaoyixiaweiruantanhuanbunengdong,Yaoyixiaweiruantanhuanbunengdong,False
SYM_07392,腰屈不伸,SYM,Yaoqubushen,Yaoqubushen,False
SYM_07393,腰痛腿软,SYM,Yaotongtuiruan,Yaotongtuiruan,False
SYM_07394,腰背反张,SYM,Yaobeifanzhang,Yaobeifanzhang,False
SYM_07395,腰背痛,SYM,Yaobeitong,Yaobeitong,False
SYM_07396,腰脊痛,SYM,Yaojitong,Yaojitong,False
SYM_07397,腰脊痛宛,SYM,Yaojitongwan,Yaojitongwan,False
SYM_07398,腰脐下痛,SYM,Yaoqixiatong,Yaoqixiatong,False
SYM_07399,腰腹冷痛,SYM,Yaofulengtong,Yaofulengtong,False
SYM_07400,腰腹疼痛剧烈,SYM,Yaofutengtongjulie,Yaofutengtongjulie,False
SYM_07401,腰腹绞痛,SYM,Yaofujiaotong,Yaofujiaotong,False
SYM_07402,腰腿无力,SYM,Yaotuiwuli,Yaotuiwuli,False
SYM_07403,腰膝冷痛,SYM,Yaoxilengtong,Yaoxilengtong,False
SYM_07404,腰膝清冷,SYM,Yaoxiqingleng,Yaoxiqingleng,False
SYM_07405,腰膝疲软,SYM,Yaoxipiruan,Yaoxipiruan,False
SYM_07406,腰膝软痛,SYM,Yaoxiruantong,Yaoxiruantong,False
SYM_07407,腰膝酸软较甚,SYM,Yaoxisuanruanjiaoshen,Yaoxisuanruanjiaoshen,False
SYM_07408,腰膝酸软重,SYM,Yaoxisuanruanzhong,Yaoxisuanruanzhong,False
SYM_07409,腰部冷痛酸痛,SYM,Yaobulengtongsuantong,Yaobulengtongsuantong,False
SYM_07410,腰部刺痛,SYM,Yaobucitong,Yaobucitong,False
SYM_07411,腰部酸痛,SYM,Yaobusuantong,Yaobusuantong,False
SYM_07412,腹上青筋,SYM,Fushangqingjin,Fushangqingjin,False
SYM_07413,腹不知痛,SYM,Fubuzhitong,Fubuzhitong,False
SYM_07414,腹不能努,SYM,Fubunengnu,Fubunengnu,False
SYM_07415,腹中坚痛,SYM,Fuzhongjiantong,Fuzhongjiantong,False
SYM_07416,腹中急动,SYM,Fuzhongjidong,Fuzhongjidong,False
SYM_07417,腹中时痛,SYM,Fuzhongshitong,Fuzhongshitong,False
SYM_07418,腹中结块柔软,SYM,Fuzhongjiekuairouruan,Fuzhongjiekuairouruan,False
SYM_07419,腹中鸣,SYM,Fuzhongming,Fuzhongming,False
SYM_07420,腹冷痛便溏,SYM,Fulengtongbiantang,Fulengtongbiantang,False
SYM_07421,腹壁青筋暴露,SYM,Fubiqingjinbaolu,Fubiqingjinbaolu,False
SYM_07422,腹大如箕,SYM,Fudaruji,Fudaruji,False
SYM_07423,腹大青筋,SYM,Fudaqingjin,Fudaqingjin,False
SYM_07424,腹大青筋身羸瘦,SYM,Fudaqingjinshenleishou,Fudaqingjinshenleishou,False
SYM_07425,腹满急痛,SYM,Fumanjitong,Fumanjitong,False
SYM_07426,腹疼,SYM,Futeng,Futeng,False
SYM_07427,腹痛曲腰,SYM,Futongquyao,Futongquyao,False
SYM_07428,腹痛泄泻,SYM,Futongxiexie,Futongxiexie,False
SYM_07429,腹痛疼,SYM,Futongteng,Futongteng,False
SYM_07430,腹痛食积,SYM,Futongshiji,Futongshiji,False
SYM_07431,腹皮急,SYM,Fupiji,Fupiji,False
SYM_07432,腹硬如砖,SYM,Fuyingruzhuan,Fuyingruzhuan,False
SYM_07433,腹肌收缩,SYM,Fujishousuo,Fujishousuo,False
SYM_07434,腹肿如箕,SYM,Fuzhongruji,Fuzhongruji,False
SYM_07435,腹胀气怯,SYM,Fuzhangqiqie,Fuzhangqiqie,False
SYM_07436,腹胀满闷,SYM,Fuzhangmanmen,Fuzhangmanmen,False
SYM_07437,腹胀难忍,SYM,Fuzhangnanren,Fuzhangnanren,False
SYM_07438,腹胀青筋肛湿痒,SYM,Fuzhangqingjingangshiyang,Fuzhangqingjingangshiyang,False
SYM_07439,腹膨,SYM,Fupeng,Fupeng,False
SYM_07440,腹部压痛,SYM,Fubuyatong,Fubuyatong,False
SYM_07441,腹部压痛明显,SYM,Fubuyatongmingxian,Fubuyatongmingxian,False
SYM_07442,腹部增大异常,SYM,Fubuzengdayichang,Fubuzengdayichang,False
SYM_07443,腹部胀大,SYM,Fubuzhangda,Fubuzhangda,False
SYM_07444,腹部胀大如鼓,SYM,Fubuzhangdarugu,Fubuzhangdarugu,False
SYM_07445,腹部胀急,SYM,Fubuzhangji,Fubuzhangji,False
SYM_07446,腹部胀痛拒按,SYM,Fubuzhangtongjuan,Fubuzhangtongjuan,False
SYM_07447,腹部青筋显露,SYM,Fubuqingjinxianlu,Fubuqingjinxianlu,False
SYM_07448,腹闷,SYM,Fumen,Fumen,False
SYM_07449,腻罩,SYM,Nizhao,Nizhao,False
SYM_07450,腻脉滑数,SYM,Nimaihuashu,Nimaihuashu,False
SYM_07451,腿足发肿,SYM,Tuizufazhong,Tuizufazhong,False
SYM_07452,腿足挛急,SYM,Tuizuluanji,Tuizuluanji,False
SYM_07453,腿软,SYM,Tuiruan,Tuiruan,False
SYM_07454,臂如折,SYM,Biruzhe,Biruzhe,False
SYM_07455,自欲悲哭,SYM,Ziyubeiku,Ziyubeiku,False
SYM_07456,自汗出,SYM,Zihanchu,Zihanchu,False
SYM_07457,自见黑花,SYM,Zijianheihua,Zijianheihua,False
SYM_07458,自觉眼前黑花飞舞,SYM,Zijueyanqianheihuafeiwu,Zijueyanqianheihuafeiwu,False
SYM_07459,自觉隐涩不舒,SYM,Zijueyinsebushu,Zijueyinsebushu,False
SYM_07460,臭如烂肉,SYM,Chourulanrou,Chourulanrou,False
SYM_07461,致眼中忽然肿痛,SYM,Zhiyanzhonghuranzhongtong,Zhiyanzhonghuranzhongtong,False
SYM_07462,舌上有瘀斑,SYM,Sheshangyouyuban,Sheshangyouyuban,False
SYM_07463,舌不大赤,SYM,Shebudachi,Shebudachi,False
SYM_07464,舌光如镜,SYM,Sheguangrujing,Sheguangrujing,False
SYM_07465,舌光无苔,SYM,Sheguangwutai,Sheguangwutai,False
SYM_07466,舌光色绛,SYM,Sheguangsejiang,Sheguangsejiang,False
SYM_07467,舌出不缩,SYM,Shechubusuo,Shechubusuo,False
SYM_07468,舌卷粗大,SYM,Shejuancuda,Shejuancuda,False
SYM_07469,舌咽作痛,SYM,Sheyanzuotong,Sheyanzuotong,False
SYM_07470,舌干紫晦,SYM,Sheganzihui,Sheganzihui,False
SYM_07471,舌干绛,SYM,Sheganjiang,Sheganjiang,False
SYM_07472,舌干肿大,SYM,Sheganzhongda,Sheganzhongda,False
SYM_07473,舌强,SYM,Sheqiang,Sheqiang,False
SYM_07474,舌暗#zz*[@]红或有紫气,SYM,Shean#zz*[@]honghuoyouziqi,Shean#zz*[@]honghuoyouziqi,False
SYM_07475,舌暗紫,SYM,Sheanzi,Sheanzi,False
SYM_07476,舌暗红,SYM,Sheanhong,Sheanhong,False
SYM_07477,舌暗边有瘀斑,SYM,Sheanbianyouyuban,Sheanbianyouyuban,False
SYM_07478,舌有瘀点,SYM,Sheyouyudian,Sheyouyudian,False
SYM_07479,舌有紫斑,SYM,Sheyouziban,Sheyouziban,False
SYM_07480,舌淡暗,SYM,Shedanan,Shedanan,False
SYM_07481,舌淡白,SYM,Shedanbai,Shedanbai,False
SYM_07482,舌淡紫或黯,SYM,Shedanzihuoan,Shedanzihuoan,False
SYM_07483,舌淡红而无苔,SYM,Shedanhongerwutai,Shedanhongerwutai,False
SYM_07484,舌淡脉微,SYM,Shedanmaiwei,Shedanmaiwei,False
SYM_07485,舌淡苔白或白腻,SYM,Shedantaibaihuobaini,Shedantaibaihuobaini,False
SYM_07486,舌淡黄,SYM,Shedanhuang,Shedanhuang,False
SYM_07487,舌燥,SYM,Shezao,Shezao,False
SYM_07488,舌白而干,SYM,Shebaiergan,Shebaiergan,False
SYM_07489,舌白薄,SYM,Shebaibao,Shebaibao,False
SYM_07490,舌紫胖,SYM,Shezipang,Shezipang,False
SYM_07491,舌红无苔,SYM,Shehongwutai,Shehongwutai,False
SYM_07492,舌红绛苔黄腻,SYM,Shehongjiangtaihuangni,Shehongjiangtaihuangni,False
SYM_07493,舌红而干,SYM,Shehongergan,Shehongergan,False
SYM_07494,舌红苔白,SYM,Shehongtaibai,Shehongtaibai,False
SYM_07495,舌红苔白或微黄,SYM,Shehongtaibaihuoweihuang,Shehongtaibaihuoweihuang,False
SYM_07496,舌红苔薄黄,SYM,Shehongtaibaohuang,Shehongtaibaohuang,False
SYM_07497,舌绛,SYM,Shejiang,Shejiang,False
SYM_07498,舌色带白,SYM,Shesedaibai,Shesedaibai,False
SYM_07499,舌苔光如镜,SYM,Shetaiguangrujing,Shetaiguangrujing,False
SYM_07500,舌苔厚,SYM,Shetaihou,Shetaihou,False
SYM_07501,舌苔干黄起刺,SYM,Shetaiganhuangqici,Shetaiganhuangqici,False
SYM_07502,舌苔微黄厚腻,SYM,Shetaiweihuanghouni,Shetaiweihuanghouni,False
SYM_07503,舌苔焦干黑,SYM,Shetaijiaoganhei,Shetaijiaoganhei,False
SYM_07504,舌苔白润,SYM,Shetaibairun,Shetaibairun,False
SYM_07505,舌苔白滑,SYM,Shetaibaihua,Shetaibaihua,False
SYM_07506,舌苔霉滑,SYM,Shetaimeihua,Shetaimeihua,False
SYM_07507,舌苔黄厚而腻,SYM,Shetaihuanghouerni,Shetaihuanghouerni,False
SYM_07508,舌薄,SYM,Shebao,Shebao,False
SYM_07509,舌质暗红或淡紫,SYM,Shezhianhonghuodanzi,Shezhianhonghuodanzi,False
SYM_07510,舌质有瘀斑,SYM,Shezhiyouyuban,Shezhiyouyuban,False
SYM_07511,舌质正常或紫黯,SYM,Shezhizhengchanghuozian,Shezhizhengchanghuozian,False
SYM_07512,舌质淡嫩,SYM,Shezhidannen,Shezhidannen,False
SYM_07513,舌质淡润,SYM,Shezhidanrun,Shezhidanrun,False
SYM_07514,舌质淡紫,SYM,Shezhidanzi,Shezhidanzi,False
SYM_07515,舌质紫,SYM,Shezhizi,Shezhizi,False
SYM_07516,舌质紫暗者,SYM,Shezhizianzhe,Shezhizianzhe,False
SYM_07517,舌质红者,SYM,Shezhihongzhe,Shezhihongzhe,False
SYM_07518,舌质胖大,SYM,Shezhipangda,Shezhipangda,False
SYM_07519,舌质胖大或暗紫,SYM,Shezhipangdahuoanzi,Shezhipangdahuoanzi,False
SYM_07520,舌质青黯,SYM,Shezhiqingan,Shezhiqingan,False
SYM_07521,舌质黯淡或有瘀点瘀斑,SYM,Shezhiandanhuoyouyudianyuban,Shezhiandanhuoyouyudianyuban,False
SYM_07522,舌赤唇红,SYM,Shechichunhong,Shechichunhong,False
SYM_07523,舌边尖有瘀点,SYM,Shebianjianyouyudian,Shebianjianyouyudian,False
SYM_07524,舌边常见齿痕,SYM,Shebianchangjianchihen,Shebianchangjianchihen,False
SYM_07525,舌边有瘀点,SYM,Shebianyouyudian,Shebianyouyudian,False
SYM_07526,舌边有齿痕,SYM,Shebianyouchihen,Shebianyouchihen,False
SYM_07527,舌黄便闭,SYM,Shehuangbianbi,Shehuangbianbi,False
SYM_07528,舌黄白相间滑厚,SYM,Shehuangbaixiangjianhuahou,Shehuangbaixiangjianhuahou,False
SYM_07529,舌黄脉洪,SYM,Shehuangmaihong,Shehuangmaihong,False
SYM_07530,舌黄起刺,SYM,Shehuangqici,Shehuangqici,False
SYM_07531,舌黑焦黄,SYM,Sheheijiaohuang,Sheheijiaohuang,False
SYM_07532,舌黑神昏,SYM,Sheheishenhun,Sheheishenhun,False
SYM_07533,舌黯有瘀斑,SYM,Sheanyouyuban,Sheanyouyuban,False
SYM_07534,舌黯红苔白,SYM,Sheanhongtaibai,Sheanhongtaibai,False
SYM_07535,色不变,SYM,Sebubian,Sebubian,False
SYM_07536,色如鸭粪,SYM,Seruyafen,Seruyafen,False
SYM_07537,色带灰绿,SYM,Sedaihuilv,Sedaihuilv,False
SYM_07538,色晦黯不泽,SYM,Sehuianbuze,Sehuianbuze,False
SYM_07539,色泽晦暗,SYM,Sezehuian,Sezehuian,False
SYM_07540,色泽淡白,SYM,Sezedanbai,Sezedanbai,False
SYM_07541,色泽鲜明,SYM,Sezexianming,Sezexianming,False
SYM_07542,色淡红不鲜,SYM,Sedanhongbuxian,Sedanhongbuxian,False
SYM_07543,色淡质薄,SYM,Sedanzhibao,Sedanzhibao,False
SYM_07544,色清而多,SYM,Seqingerduo,Seqingerduo,False
SYM_07545,色灰暗不泽,SYM,Sehuianbuze,Sehuianbuze,False
SYM_07546,色疸额黑身黄,SYM,Sedaneheishenhuang,Sedaneheishenhuang,False
SYM_07547,色白带黄,SYM,Sebaidaihuang,Sebaidaihuang,False
SYM_07548,色白濡肿,SYM,Sebairuzhong,Sebairuzhong,False
SYM_07549,色紫斑烂,SYM,Sezibanlan,Sezibanlan,False
SYM_07550,色紫痛,SYM,Sezitong,Sezitong,False
SYM_07551,色紫红,SYM,Sezihong,Sezihong,False
SYM_07552,色红痛高肿,SYM,Sehongtonggaozhong,Sehongtonggaozhong,False
SYM_07553,色苍苍,SYM,Secangcang,Secangcang,False
SYM_07554,色鲜艳,SYM,Sexianyan,Sexianyan,False
SYM_07555,色黑根深,SYM,Seheigenshen,Seheigenshen,False
SYM_07556,色黯有块,SYM,Seanyoukuai,Seanyoukuai,False
SYM_07557,色黯滞,SYM,Seanzhi,Seanzhi,False
SYM_07558,芒刺遍起,SYM,Mangcibianqi,Mangcibianqi,False
SYM_07559,苔剥,SYM,Taibo,Taibo,False
SYM_07560,苔剥脉细,SYM,Taibomaixi,Taibomaixi,False
SYM_07561,苔少乏津,SYM,Taishaofajin,Taishaofajin,False
SYM_07562,苔少或无,SYM,Taishaohuowu,Taishaohuowu,False
SYM_07563,苔少或薄黄,SYM,Taishaohuobaohuang,Taishaohuobaohuang,False
SYM_07564,苔微白,SYM,Taiweibai,Taiweibai,False
SYM_07565,苔无或花剥,SYM,Taiwuhuohuabo,Taiwuhuohuabo,False
SYM_07566,苔根腻,SYM,Taigenni,Taigenni,False
SYM_07567,苔浊厚腻,SYM,Taizhuohouni,Taizhuohouni,False
SYM_07568,苔浊腻,SYM,Taizhuoni,Taizhuoni,False
SYM_07569,苔润,SYM,Tairun,Tairun,False
SYM_07570,苔白腻或黄腻,SYM,Taibainihuohuangni,Taibainihuohuangni,False
SYM_07571,苔白薄,SYM,Taibaibao,Taibaibao,False
SYM_07572,苔薄微腻,SYM,Taibaoweini,Taibaoweini,False
SYM_07573,苔薄或薄腻,SYM,Taibaohuobaoni,Taibaohuobaoni,False
SYM_07574,苔薄白润,SYM,Taibaobairun,Taibaobairun,False
SYM_07575,苔薄白舌,SYM,Taibaobaishe,Taibaobaishe,False
SYM_07576,苔薄腻或浊腻,SYM,Taibaonihuozhuoni,Taibaonihuozhuoni,False
SYM_07577,苔藓样变,SYM,Taixianyangbian,Taixianyangbian,False
SYM_07578,苔黄厚或腻,SYM,Taihuanghouhuoni,Taihuanghouhuoni,False
SYM_07579,苔黄而腻,SYM,Taihuangerni,Taihuangerni,False
SYM_07580,若有所失,SYM,Ruoyousuoshi,Ruoyousuoshi,False
SYM_07581,若遍身肿,SYM,Ruobianshenzhong,Ruobianshenzhong,False
SYM_07582,若风火犯于中而为呕为胀者,SYM,Ruofenghuofanyuzhongerweiouweizhangzhe,Ruofenghuofanyuzhongerweiouweizhangzhe,False
SYM_07583,茎中不利,SYM,Jingzhongbuli,Jingzhongbuli,False
SYM_07584,茎中作痛欲死,SYM,Jingzhongzuotongyusi,Jingzhongzuotongyusi,False
SYM_07585,荨麻疹,SYM,Xunmazhen,Xunmazhen,False
SYM_07586,营血已干,SYM,Yingxueyigan,Yingxueyigan,False
SYM_07587,蔓延如癜,SYM,Manyanrudian,Manyanrudian,False
SYM_07588,藏于腹胁,SYM,Cangyufuxie,Cangyufuxie,False
SYM_07589,虚浮肿胀,SYM,Xufuzhongzhang,Xufuzhongzhang,False
SYM_07590,虚烦不眠,SYM,Xufanbumian,Xufanbumian,False
SYM_07591,虚痒发生,SYM,Xuyangfasheng,Xuyangfasheng,False
SYM_07592,虚羸脚软细小,SYM,Xuleijiaoruanxixiao,Xuleijiaoruanxixiao,False
SYM_07593,虚羸腹痛,SYM,Xuleifutong,Xuleifutong,False
SYM_07594,虚胖,SYM,Xupang,Xupang,False
SYM_07595,虫石阻塞胆道,SYM,Chongshizusedandao,Chongshizusedandao,False
SYM_07596,虫臌,SYM,Chonggu,Chonggu,False
SYM_07597,血从口出,SYM,Xuecongkouchu,Xuecongkouchu,False
SYM_07598,血压下降,SYM,Xueyaxiajiang,Xueyaxiajiang,False
SYM_07599,血厥不止,SYM,Xuejuebuzhi,Xuejuebuzhi,False
SYM_07600,血崩,SYM,Xuebeng,Xuebeng,False
SYM_07601,血崩乳肿胁痛,SYM,Xuebengruzhongxietong,Xuebengruzhongxietong,False
SYM_07602,血气不和,SYM,Xueqibuhe,Xueqibuhe,False
SYM_07603,血水淋漓,SYM,Xueshuilinli,Xueshuilinli,False
SYM_07604,血淡而稠粘,SYM,Xuedanerchouzhan,Xuedanerchouzhan,False
SYM_07605,血痕累累,SYM,Xuehenleilei,Xuehenleilei,False
SYM_07606,血肉腐败,SYM,Xueroufubai,Xueroufubai,False
SYM_07607,血臌之证,SYM,Xueguzhizheng,Xueguzhizheng,False
SYM_07608,血色暗红,SYM,Xueseanhong,Xueseanhong,False
SYM_07609,血色暗而有块,SYM,Xueseaneryoukuai,Xueseaneryoukuai,False
SYM_07610,血色紫,SYM,Xuesezi,Xuesezi,False
SYM_07611,血色黑黯,SYM,Xueseheian,Xueseheian,False
SYM_07612,行步怯,SYM,Xingbuqie,Xingbuqie,False
SYM_07613,行走不正,SYM,Xingzoubuzheng,Xingzoubuzheng,False
SYM_07614,行走挤压时痛甚,SYM,Xingzoujiyashitongshen,Xingzoujiyashitongshen,False
SYM_07615,表皮色红,SYM,Biaopisehong,Biaopisehong,False
SYM_07616,表面光滑柔软有弹性,SYM,Biaomianguanghuarouruanyoutanxing,Biaomianguanghuarouruanyoutanxing,False
SYM_07617,表面或见痂皮,SYM,Biaomianhuojianjiapi,Biaomianhuojianjiapi,False
SYM_07618,表面高低不平,SYM,Biaomiangaodibuping,Biaomiangaodibuping,False
SYM_07619,裂口色红,SYM,Liekousehong,Liekousehong,False
SYM_07620,裂纹,SYM,Liewen,Liewen,False
SYM_07621,褥疮溃烂,SYM,Ruchuangkuilan,Ruchuangkuilan,False
SYM_07622,见人则惊避,SYM,Jianrenzejingbi,Jianrenzejingbi,False
SYM_07623,见人心惕惕,SYM,Jianrenxintiti,Jianrenxintiti,False
SYM_07624,见脉络膜视网膜病灶色素沉着,SYM,Jianmailuomoshiwangmobingzaosesuchenzhuo,Jianmailuomoshiwangmobingzaosesuchenzhuo,False
SYM_07625,见腹硬,SYM,Jianfuying,Jianfuying,False
SYM_07626,见鼓膜小穿孔及搏动性溢脓,SYM,Jiangumoxiaochuankongjibodongxingyinong,Jiangumoxiaochuankongjibodongxingyinong,False
SYM_07627,视乳头轻度充血,SYM,Shirutouqingduchongxue,Shirutouqingduchongxue,False
SYM_07628,视力减退,SYM,Shilijiantui,Shilijiantui,False
SYM_07629,视力缓降,SYM,Shilihuanjiang,Shilihuanjiang,False
SYM_07630,视昏花,SYM,Shihunhua,Shihunhua,False
SYM_07631,视物欠佳,SYM,Shiwuqianjia,Shiwuqianjia,False
SYM_07632,视近物清晰，视远物模糊,SYM,Shijinwuqingxi，shiyuanwumohu,Shijinwuqingxi，shiyuanwumohu,False
SYM_07633,视远较视近清楚,SYM,Shiyuanjiaoshijinqingchu,Shiyuanjiaoshijinqingchu,False
SYM_07634,视野明显缩窄,SYM,Shiyemingxiansuozhai,Shiyemingxiansuozhai,False
SYM_07635,觉舌胀闷,SYM,Jueshezhangmen,Jueshezhangmen,False
SYM_07636,角栓形成,SYM,Jiaoshuanxingcheng,Jiaoshuanxingcheng,False
SYM_07637,触到肿块,SYM,Chudaozhongkuai,Chudaozhongkuai,False
SYM_07638,触有肿块,SYM,Chuyouzhongkuai,Chuyouzhongkuai,False
SYM_07639,触痛明显,SYM,Chutongmingxian,Chutongmingxian,False
SYM_07640,言憔悴,SYM,Yanqiaocui,Yanqiaocui,False
SYM_07641,言语不利,SYM,Yanyubuli,Yanyubuli,False
SYM_07642,记忆力减退或智力较差,SYM,Jiyilijiantuihuozhilijiaocha,Jiyilijiantuihuozhilijiaocha,False
SYM_07643,语声低微,SYM,Yushengdiwei,Yushengdiwei,False
SYM_07644,语声重浊,SYM,Yushengzhongzhuo,Yushengzhongzhuo,False
SYM_07645,语无伦次,SYM,Yuwulunci,Yuwulunci,False
SYM_07646,语言难出,SYM,Yuyannanchu,Yuyannanchu,False
SYM_07647,诸药罔效,SYM,Zhuyaowangxiao,Zhuyaowangxiao,False
SYM_07648,谷食不化,SYM,Gushibuhua,Gushibuhua,False
SYM_07649,豁稠难咯,SYM,Huochounange,Huochounange,False
SYM_07650,败絮样物,SYM,Baixuyangwu,Baixuyangwu,False
SYM_07651,败脱,SYM,Baituo,Baituo,False
SYM_07652,质坚硬,SYM,Zhijianying,Zhijianying,False
SYM_07653,质干硬,SYM,Zhiganying,Zhiganying,False
SYM_07654,质暗或紫,SYM,Zhianhuozi,Zhianhuozi,False
SYM_07655,质暗或红,SYM,Zhianhuohong,Zhianhuohong,False
SYM_07656,质硬如石,SYM,Zhiyingrushi,Zhiyingrushi,False
SYM_07657,质稍稠,SYM,Zhishaochou,Zhishaochou,False
SYM_07658,质粘稠,SYM,Zhinianchou,Zhinianchou,False
SYM_07659,质粘腻如痰,SYM,Zhizhannirutan,Zhizhannirutan,False
SYM_07660,质黏腻,SYM,Zhinianni,Zhinianni,False
SYM_07661,质黏起沫,SYM,Zhinianqimo,Zhinianqimo,False
SYM_07662,质黯,SYM,Zhian,Zhian,False
SYM_07663,赤丝血缕,SYM,Chisixuelv,Chisixuelv,False
SYM_07664,赤涩少,SYM,Chiseshao,Chiseshao,False
SYM_07665,赤白带下,SYM,Chibaidaixia,Chibaidaixia,False
SYM_07666,起时作痒破时疼,SYM,Qishizuoyangposhiteng,Qishizuoyangposhiteng,False
SYM_07667,起白屑,SYM,Qibaixie,Qibaixie,False
SYM_07668,起裂,SYM,Qilie,Qilie,False
SYM_07669,起风团,SYM,Qifengtuan,Qifengtuan,False
SYM_07670,足冷,SYM,Zuleng,Zuleng,False
SYM_07671,足紫红色青紫色,SYM,Zuzihongseqingzise,Zuzihongseqingzise,False
SYM_07672,足软,SYM,Zuruan,Zuruan,False
SYM_07673,趾间潮湿,SYM,Zhijianchaoshi,Zhijianchaoshi,False
SYM_07674,跳痛,SYM,Tiaotong,Tiaotong,False
SYM_07675,躁扰不安,SYM,Zaoraobuan,Zaoraobuan,False
SYM_07676,身体强直,SYM,Shentiqiangzhi,Shentiqiangzhi,False
SYM_07677,身体浮肿,SYM,Shentifuzhong,Shentifuzhong,False
SYM_07678,身体消瘦,SYM,Shentixiaoshou,Shentixiaoshou,False
SYM_07679,身体疲倦,SYM,Shentipijuan,Shentipijuan,False
SYM_07680,身体羸瘦,SYM,Shentileishou,Shentileishou,False
SYM_07681,身体解倦,SYM,Shentijiejuan,Shentijiejuan,False
SYM_07682,身倦酸痛,SYM,Shenjuansuantong,Shenjuansuantong,False
SYM_07683,身发疮疡,SYM,Shenfachuangyang,Shenfachuangyang,False
SYM_07684,身发疮痍,SYM,Shenfachuangyi,Shenfachuangyi,False
SYM_07685,身头面俱肿,SYM,Shentoumianjuzhong,Shentoumianjuzhong,False
SYM_07686,身如冷水,SYM,Shenrulengshui,Shenrulengshui,False
SYM_07687,身寒,SYM,Shenhan,Shenhan,False
SYM_07688,身无寒热,SYM,Shenwuhanre,Shenwuhanre,False
SYM_07689,身材矮小,SYM,Shencaiaixiao,Shencaiaixiao,False
SYM_07690,身汗如雨,SYM,Shenhanruyu,Shenhanruyu,False
SYM_07691,身热怕寒,SYM,Shenrepahan,Shenrepahan,False
SYM_07692,身热而烦,SYM,Shenreerfan,Shenreerfan,False
SYM_07693,身热肢重,SYM,Shenrezhizhong,Shenrezhizhong,False
SYM_07694,身热腹痛,SYM,Shenrefutong,Shenrefutong,False
SYM_07695,身热自汗,SYM,Shenrezihan,Shenrezihan,False
SYM_07696,身热足冷,SYM,Shenrezuleng,Shenrezuleng,False
SYM_07697,身疼恶寒,SYM,Shentengehan,Shentengehan,False
SYM_07698,身目黄染,SYM,Shenmuhuangran,Shenmuhuangran,False
SYM_07699,身腹俱暖,SYM,Shenfujunuan,Shenfujunuan,False
SYM_07700,身色如熏黄,SYM,Shenseruxunhuang,Shenseruxunhuang,False
SYM_07701,身虽肿,SYM,Shensuizhong,Shensuizhong,False
SYM_07702,身黄色,SYM,Shenhuangse,Shenhuangse,False
SYM_07703,转侧不利,SYM,Zhuancebuli,Zhuancebuli,False
SYM_07704,转筋入腹,SYM,Zhuanjinrufu,Zhuanjinrufu,False
SYM_07705,软弱无力,SYM,Ruanruowuli,Ruanruowuli,False
SYM_07706,软疖,SYM,Ruanjie,Ruanjie,False
SYM_07707,软硬间杂,SYM,Ruanyingjianza,Ruanyingjianza,False
SYM_07708,软而不坚,SYM,Ruanerbujian,Ruanerbujian,False
SYM_07709,轻度哮鸣,SYM,Qingduxiaoming,Qingduxiaoming,False
SYM_07710,轻微红赤,SYM,Qingweihongchi,Qingweihongchi,False
SYM_07711,轻微触痛,SYM,Qingweichutong,Qingweichutong,False
SYM_07712,辛苦喉风,SYM,Xinkuhoufeng,Xinkuhoufeng,False
SYM_07713,边界清楚,SYM,Bianjieqingchu,Bianjieqingchu,False
SYM_07714,边紫,SYM,Bianzi,Bianzi,False
SYM_07715,边缘不清,SYM,Bianyuanbuqing,Bianyuanbuqing,False
SYM_07716,边缘清楚,SYM,Bianyuanqingchu,Bianyuanqingchu,False
SYM_07717,迅速结块,SYM,Xunsujiekuai,Xunsujiekuai,False
SYM_07718,近小舌小有泡,SYM,Jinxiaoshexiaoyoupao,Jinxiaoshexiaoyoupao,False
SYM_07719,进食困难,SYM,Jinshikunnan,Jinshikunnan,False
SYM_07720,连及肩肘,SYM,Lianjijianzhou,Lianjijianzhou,False
SYM_07721,连腰牵痛,SYM,Lianyaoqiantong,Lianyaoqiantong,False
SYM_07722,逆冷肌粟起头,SYM,Nilengjisuqitou,Nilengjisuqitou,False
SYM_07723,逆火随血去而减,SYM,Nihuosuixuequerjian,Nihuosuixuequerjian,False
SYM_07724,逐渐肿大,SYM,Zhujianzhongda,Zhujianzhongda,False
SYM_07725,通夕不寐,SYM,Tongxibumei,Tongxibumei,False
SYM_07726,通淋利尿,SYM,Tonglinliniao,Tonglinliniao,False
SYM_07727,通身肿胀,SYM,Tongshenzhongzhang,Tongshenzhongzhang,False
SYM_07728,遇事易忘,SYM,Yushiyiwang,Yushiyiwang,False
SYM_07729,遇寒冷时症状加重,SYM,Yuhanlengshizhengzhuangjiazhong,Yuhanlengshizhengzhuangjiazhong,False
SYM_07730,遇寒则痛甚,SYM,Yuhanzetongshen,Yuhanzetongshen,False
SYM_07731,遇风痛甚,SYM,Yufengtongshen,Yufengtongshen,False
SYM_07732,遍身冷,SYM,Bianshenleng,Bianshenleng,False
SYM_07733,郁厥亦血厥症,SYM,Yujueyixuejuezheng,Yujueyixuejuezheng,False
SYM_07734,郁怒忧思,SYM,Yunuyousi,Yunuyousi,False
SYM_07735,郁滞,SYM,Yuzhi,Yuzhi,False
SYM_07736,部有异物感,SYM,Buyouyiwugan,Buyouyiwugan,False
SYM_07737,部红肿疼痒,SYM,Buhongzhongtengyang,Buhongzhongtengyang,False
SYM_07738,酒后或疲劳易发,SYM,Jiuhouhuopilaoyifa,Jiuhouhuopilaoyifa,False
SYM_07739,酒渣鼻,SYM,Jiuzhabi,Jiuzhabi,False
SYM_07740,酸楚,SYM,Suanchu,Suanchu,False
SYM_07741,酸胀,SYM,Suanzhang,Suanzhang,False
SYM_07742,酸软,SYM,Suanruan,Suanruan,False
SYM_07743,量多次频,SYM,Liangduocipin,Liangduocipin,False
SYM_07744,量少或稍多,SYM,Liangshaohuoshaoduo,Liangshaohuoshaoduo,False
SYM_07745,量少而不爽利,SYM,Liangshaoerbushuangli,Liangshaoerbushuangli,False
SYM_07746,量或多或少,SYM,Lianghuoduohuoshao,Lianghuoduohuoshao,False
SYM_07747,量稍多,SYM,Liangshaoduo,Liangshaoduo,False
SYM_07748,金匮云食少饮多,SYM,Jinkuiyunshishaoyinduo,Jinkuiyunshishaoyinduo,False
SYM_07749,针刺,SYM,Zhenci,Zhenci,False
SYM_07750,银屑病,SYM,Yinxiebing,Yinxiebing,False
SYM_07751,锁喉痈,SYM,Suohouyong,Suohouyong,False
SYM_07752,错言妄语,SYM,Cuoyanwangyu,Cuoyanwangyu,False
SYM_07753,闭塞不通,SYM,Bisebutong,Bisebutong,False
SYM_07754,闭塞泪窍,SYM,Biseleiqiao,Biseleiqiao,False
SYM_07755,问丧,SYM,Wensang,Wensang,False
SYM_07756,间或夹杂新的渗出斑,SYM,Jianhuojiazaxindeshenchuban,Jianhuojiazaxindeshenchuban,False
SYM_07757,间日腐秽,SYM,Jianrifuhui,Jianrifuhui,False
SYM_07758,闷肿胀痛,SYM,Menzhongzhangtong,Menzhongzhangtong,False
SYM_07759,闻大声或大惊而发搐,SYM,Wendashenghuodajingerfachu,Wendashenghuodajingerfachu,False
SYM_07760,阳伤痿弱,SYM,Yangshangweiruo,Yangshangweiruo,False
SYM_07761,阴中干涩,SYM,Yinzhongganse,Yinzhongganse,False
SYM_07762,阴中灼热,SYM,Yinzhongzhuore,Yinzhongzhuore,False
SYM_07763,阴分素亏,SYM,Yinfensukui,Yinfensukui,False
SYM_07764,阴口流出脓水,SYM,Yinkouliuchunongshui,Yinkouliuchunongshui,False
SYM_07765,阴吹,SYM,Yinchui,Yinchui,False
SYM_07766,阴囊潮湿,SYM,Yinnangchaoshi,Yinnangchaoshi,False
SYM_07767,阴囊红肿作痛,SYM,Yinnanghongzhongzuotong,Yinnanghongzhongzuotong,False
SYM_07768,阴囊红肿溃破,SYM,Yinnanghongzhongkuipo,Yinnanghongzhongkuipo,False
SYM_07769,阴囊红肿热痛,SYM,Yinnanghongzhongretong,Yinnanghongzhongretong,False
SYM_07770,阴头穿二三窍出臭脓,SYM,Yintouchuanersanqiaochuchounong,Yintouchuanersanqiaochuchounong,False
SYM_07771,阴户中生小疮,SYM,Yinhuzhongshengxiaochuang,Yinhuzhongshengxiaochuang,False
SYM_07772,阴毛腋毛出现,SYM,Yinmaoyemaochuxian,Yinmaoyemaochuxian,False
SYM_07773,阴痒,SYM,Yinyang,Yinyang,False
SYM_07774,阴胀坠胎气下迫,SYM,Yinzhangzhuitaiqixiapo,Yinzhangzhuitaiqixiapo,False
SYM_07775,阴茎冠状沟附近有丘疹结节疣状肿物,SYM,Yinjingguanzhuanggoufujinyouqiuzhenjiejieyouzhuangzhongwu,Yinjingguanzhuanggoufujinyouqiuzhenjiejieyouzhuangzhongwu,False
SYM_07776,阴茎溃烂脱,SYM,Yinjingkuilantuo,Yinjingkuilantuo,False
SYM_07777,阴茎痿软不举,SYM,Yinjingweiruanbuju,Yinjingweiruanbuju,False
SYM_07778,阴茎部溃疡,SYM,Yinjingbukuiyang,Yinjingbukuiyang,False
SYM_07779,阴道下血量多,SYM,Yindaoxiaxueliangduo,Yindaoxiaxueliangduo,False
SYM_07780,阴道中时时出气,SYM,Yindaozhongshishichuqi,Yindaozhongshishichuqi,False
SYM_07781,阴道分泌物增多,SYM,Yindaofenmiwuzengduo,Yindaofenmiwuzengduo,False
SYM_07782,阴道分泌物多,SYM,Yindaofenmiwuduo,Yindaofenmiwuduo,False
SYM_07783,阴道分泌物秽浊,SYM,Yindaofenmiwuhuizhuo,Yindaofenmiwuhuizhuo,False
SYM_07784,阴道分泌物黄臭量多,SYM,Yindaofenmiwuhuangchouliangduo,Yindaofenmiwuhuangchouliangduo,False
SYM_07785,阴道反复流血或下水泡如虾蟆子,SYM,Yindaofanfuliuxiehuoxiashuipaoruhamazi,Yindaofanfuliuxiehuoxiashuipaoruhamazi,False
SYM_07786,阴道大量出血,SYM,Yindaodaliangchuxie,Yindaodaliangchuxie,False
SYM_07787,阴道少量出血,SYM,Yindaoshaoliangchuxie,Yindaoshaoliangchuxie,False
SYM_07788,阴道流血不止,SYM,Yindaoliuxiebuzhi,Yindaoliuxiebuzhi,False
SYM_07789,阴道流血逐渐增多,SYM,Yindaoliuxiezhujianzengduo,Yindaoliuxiezhujianzengduo,False
SYM_07790,阴道突然大量出血,SYM,Yindaoturandaliangchuxie,Yindaoturandaliangchuxie,False
SYM_07791,阴部瘙痒难忍,SYM,Yinbusaoyangnanren,Yinbusaoyangnanren,False
SYM_07792,阴部肤色变浅白,SYM,Yinbufusebianqianbai,Yinbufusebianqianbai,False
SYM_07793,阵发性痉挛,SYM,Zhenfaxingjingluan,Zhenfaxingjingluan,False
SYM_07794,阵咳,SYM,Zhenke,Zhenke,False
SYM_07795,附睾睾丸肿大,SYM,Fugaogaowanzhongda,Fugaogaowanzhongda,False
SYM_07796,附睾结节,SYM,Fugaojiejie,Fugaojiejie,False
SYM_07797,陷入昏迷,SYM,Xianruhunmi,Xianruhunmi,False
SYM_07798,隐涩难睁,SYM,Yinsenanzheng,Yinsenanzheng,False
SYM_07799,隐疼日久,SYM,Yintengrijiu,Yintengrijiu,False
SYM_07800,难经云脾,SYM,Nanjingyunpi,Nanjingyunpi,False
SYM_07801,难腐难脱,SYM,Nanfunantuo,Nanfunantuo,False
SYM_07802,难辨人物,SYM,Nanbianrenwu,Nanbianrenwu,False
SYM_07803,霍乱吐泻,SYM,Huoluantuxie,Huoluantuxie,False
SYM_07804,露下恶血,SYM,Luxiaexue,Luxiaexue,False
SYM_07805,青白不一,SYM,Qingbaibuyi,Qingbaibuyi,False
SYM_07806,静而多喜,SYM,Jingerduoxi,Jingerduoxi,False
SYM_07807,静脉内不正常凝结,SYM,Jingmaineibuzhengchangningjie,Jingmaineibuzhengchangningjie,False
SYM_07808,面唇肤色晦滞,SYM,Mianchunfusehuizhi,Mianchunfusehuizhi,False
SYM_07809,面容憔悴,SYM,Mianrongqiaocui,Mianrongqiaocui,False
SYM_07810,面浮不得卧,SYM,Mianfubudewo,Mianfubudewo,False
SYM_07811,面浮肢肿,SYM,Mianfuzhizhong,Mianfuzhizhong,False
SYM_07812,面热,SYM,Mianre,Mianre,False
SYM_07813,面瘫,SYM,Miantan,Miantan,False
SYM_07814,面白唇淡,SYM,Mianbaichundan,Mianbaichundan,False
SYM_07815,面白悲嚏,SYM,Mianbaibeiti,Mianbaibeiti,False
SYM_07816,面白或萎黄,SYM,Mianbaihuoweihuang,Mianbaihuoweihuang,False
SYM_07817,面目及肌肤淡黄,SYM,Mianmujijifudanhuang,Mianmujijifudanhuang,False
SYM_07818,面目发黄,SYM,Mianmufahuang,Mianmufahuang,False
SYM_07819,面目四肢浮肿,SYM,Mianmusizhifuzhong,Mianmusizhifuzhong,False
SYM_07820,面目尽浮,SYM,Mianmujinfu,Mianmujinfu,False
SYM_07821,面目爪甲青,SYM,Mianmuzhaojiaqing,Mianmuzhaojiaqing,False
SYM_07822,面目皮肤发黄,SYM,Mianmupifufahuang,Mianmupifufahuang,False
SYM_07823,面目红赤,SYM,Mianmuhongchi,Mianmuhongchi,False
SYM_07824,面目肌肤发黄,SYM,Mianmujifufahuang,Mianmujifufahuang,False
SYM_07825,面肢浮肿,SYM,Mianzhifuzhong,Mianzhifuzhong,False
SYM_07826,面色不华,SYM,Miansebuhua,Miansebuhua,False
SYM_07827,面色乍红乍白,SYM,Miansezhahongzhabai,Miansezhahongzhabai,False
SYM_07828,面色乍青乍白乍赤,SYM,Miansezhaqingzhabaizhachi,Miansezhaqingzhabaizhachi,False
SYM_07829,面色发青,SYM,Miansefaqing,Miansefaqing,False
SYM_07830,面色必淡而白,SYM,Miansebidanerbai,Miansebidanerbai,False
SYM_07831,面色灰滞,SYM,Miansehuizhi,Miansehuizhi,False
SYM_07832,面色紫黑,SYM,Miansezihei,Miansezihei,False
SYM_07833,面色红紫,SYM,Miansehongzi,Miansehongzi,False
SYM_07834,面色苍黄,SYM,Miansecanghuang,Miansecanghuang,False
SYM_07835,面色苍黄或白,SYM,Miansecanghuanghuobai,Miansecanghuanghuobai,False
SYM_07836,面色萎黄或黧黑,SYM,Mianseweihuanghuolihei,Mianseweihuanghuolihei,False
SYM_07837,面色青暗,SYM,Mianseqingan,Mianseqingan,False
SYM_07838,面色青灰,SYM,Mianseqinghui,Mianseqinghui,False
SYM_07839,面色青灰或苍白,SYM,Mianseqinghuihuocangbai,Mianseqinghuihuocangbai,False
SYM_07840,面色青黄,SYM,Mianseqinghuang,Mianseqinghuang,False
SYM_07841,面色青黑,SYM,Mianseqinghei,Mianseqinghei,False
SYM_07842,面色青黯,SYM,Mianseqingan,Mianseqingan,False
SYM_07843,面色黯黑,SYM,Mianseanhei,Mianseanhei,False
SYM_07844,面莹白而夹青,SYM,Mianyingbaierjiaqing,Mianyingbaierjiaqing,False
SYM_07845,面足浮肿,SYM,Mianzufuzhong,Mianzufuzhong,False
SYM_07846,面部烘热,SYM,Mianbuhongre,Mianbuhongre,False
SYM_07847,面部痤疮,SYM,Mianbucuochuang,Mianbucuochuang,False
SYM_07848,面部瘀斑,SYM,Mianbuyuban,Mianbuyuban,False
SYM_07849,面部色青,SYM,Mianbuseqing,Mianbuseqing,False
SYM_07850,面部蝶形,SYM,Mianbudiexing,Mianbudiexing,False
SYM_07851,面部蝶形红斑,SYM,Mianbudiexinghongban,Mianbudiexinghongban,False
SYM_07852,面部黯斑,SYM,Mianbuanban,Mianbuanban,False
SYM_07853,面青黑,SYM,Mianqinghei,Mianqinghei,False
SYM_07854,面颈胸臂出现血痣,SYM,Mianjingxiongbichuxianxuezhi,Mianjingxiongbichuxianxuezhi,False
SYM_07855,面颈躯干四肢部皮肤的圆形癣菌,SYM,Mianjingqugansizhibupifudeyuanxingxuanjun,Mianjingqugansizhibupifudeyuanxingxuanjun,False
SYM_07856,面颊褐斑,SYM,Mianjiaheban,Mianjiaheban,False
SYM_07857,面黄微热,SYM,Mianhuangweire,Mianhuangweire,False
SYM_07858,面黑,SYM,Mianhei,Mianhei,False
SYM_07859,面黑目振,SYM,Mianheimuzhen,Mianheimuzhen,False
SYM_07860,韧硬,SYM,Renying,Renying,False
SYM_07861,音哑言涩,SYM,Yinyayanse,Yinyayanse,False
SYM_07862,项细,SYM,Xiangxi,Xiangxi,False
SYM_07863,项背强直,SYM,Xiangbeiqiangzhi,Xiangbeiqiangzhi,False
SYM_07864,颈前一侧或两侧出现肿块,SYM,Jingqianyicehuoliangcechuxianzhongkuai,Jingqianyicehuoliangcechuxianzhongkuai,False
SYM_07865,颈前包块,SYM,Jingqianbaokuai,Jingqianbaokuai,False
SYM_07866,颈前喉结两旁结块肿大,SYM,Jingqianhoujieliangpangjiekuaizhongda,Jingqianhoujieliangpangjiekuaizhongda,False
SYM_07867,颈前结块肿大,SYM,Jingqianjiekuaizhongda,Jingqianjiekuaizhongda,False
SYM_07868,颈前肿块坚硬如石,SYM,Jingqianzhongkuaijianyingrushi,Jingqianzhongkuaijianyingrushi,False
SYM_07869,颈生瘰疬,SYM,Jingshengluoli,Jingshengluoli,False
SYM_07870,颈痈,SYM,Jingyong,Jingyong,False
SYM_07871,颈筋粗大,SYM,Jingjincuda,Jingjincuda,False
SYM_07872,颈脉显露,SYM,Jingmaixianlu,Jingmaixianlu,False
SYM_07873,颈项转动不利,SYM,Jingxiangzhuandongbuli,Jingxiangzhuandongbuli,False
SYM_07874,颊红,SYM,Jiahong,Jiahong,False
SYM_07875,颌下核痛,SYM,Hexiahetong,Hexiahetong,False
SYM_07876,频吐青涎,SYM,Pintuqingxian,Pintuqingxian,False
SYM_07877,频呕清涎,SYM,Pinouqingxian,Pinouqingxian,False
SYM_07878,频咳气促,SYM,Pinkeqicu,Pinkeqicu,False
SYM_07879,频啮爪甲,SYM,Pinniezhaojia,Pinniezhaojia,False
SYM_07880,频繁呃逆,SYM,Pinfaneni,Pinfaneni,False
SYM_07881,频频下泪涩痛,SYM,Pinpinxialeisetong,Pinpinxialeisetong,False
SYM_07882,频频眨目,SYM,Pinpinzhamu,Pinpinzhamu,False
SYM_07883,颜白飧泄,SYM,Yanbaisunxie,Yanbaisunxie,False
SYM_07884,颜色苍,SYM,Yansecang,Yansecang,False
SYM_07885,颜面疔疮,SYM,Yanmiandingchuang,Yanmiandingchuang,False
SYM_07886,颜面肢体水肿,SYM,Yanmianzhitishuizhong,Yanmianzhitishuizhong,False
SYM_07887,额寒脑痛,SYM,Ehannaotong,Ehannaotong,False
SYM_07888,额汗不温,SYM,Ehanbuwen,Ehanbuwen,False
SYM_07889,额黑,SYM,Ehei,Ehei,False
SYM_07890,风团,SYM,Fengtuan,Fengtuan,False
SYM_07891,风寒冷]湿,SYM,Fenghanleng]shi,Fenghanleng]shi,False
SYM_07892,风毒疮疖,SYM,Fengduchuangjie,Fengduchuangjie,False
SYM_07893,风热疮,SYM,Fengrechuang,Fengrechuang,False
SYM_07894,风痰上涌,SYM,Fengtanshangyong,Fengtanshangyong,False
SYM_07895,风盛而瘙痒,SYM,Fengshengersaoyang,Fengshengersaoyang,False
SYM_07896,食不得下,SYM,Shibudexia,Shibudexia,False
SYM_07897,食不能下,SYM,Shibunengxia,Shibunengxia,False
SYM_07898,食则吐逆,SYM,Shizetuni,Shizetuni,False
SYM_07899,食后胃脘胀满,SYM,Shihouweiwanzhangman,Shihouweiwanzhangman,False
SYM_07900,食后饱满,SYM,Shihoubaoman,Shihoubaoman,False
SYM_07901,食如饥者,SYM,Shirujizhe,Shirujizhe,False
SYM_07902,食少而无味,SYM,Shishaoerwuwei,Shishaoerwuwei,False
SYM_07903,食少腹胀,SYM,Shishaofuzhang,Shishaofuzhang,False
SYM_07904,食少面黄,SYM,Shishaomianhuang,Shishaomianhuang,False
SYM_07905,食物梗噎不顺,SYM,Shiwugengyebushun,Shiwugengyebushun,False
SYM_07906,食积,SYM,Shiji,Shiji,False
SYM_07907,食积不化,SYM,Shijibuhua,Shijibuhua,False
SYM_07908,食积内停,SYM,Shijineiting,Shijineiting,False
SYM_07909,食积较重,SYM,Shijijiaozhong,Shijijiaozhong,False
SYM_07910,食而不化,SYM,Shierbuhua,Shierbuhua,False
SYM_07911,食道异物,SYM,Shidaoyiwu,Shidaoyiwu,False
SYM_07912,餐后即泻,SYM,Canhoujixie,Canhoujixie,False
SYM_07913,饥不能食,SYM,Jibunengshi,Jibunengshi,False
SYM_07914,饥不能食者,SYM,Jibunengshizhe,Jibunengshizhe,False
SYM_07915,饥而不欲食,SYM,Jierbuyushi,Jierbuyushi,False
SYM_07916,饮水呛咳,SYM,Yinshuiqiangke,Yinshuiqiangke,False
SYM_07917,饮水量多,SYM,Yinshuiliangduo,Yinshuiliangduo,False
SYM_07918,饮食不下,SYM,Yinshibuxia,Yinshibuxia,False
SYM_07919,饮食不思,SYM,Yinshibusi,Yinshibusi,False
SYM_07920,饮食不甘,SYM,Yinshibugan,Yinshibugan,False
SYM_07921,饮食大减,SYM,Yinshidajian,Yinshidajian,False
SYM_07922,饮食失调,SYM,Yinshishitiao,Yinshishitiao,False
SYM_07923,饮食欠香,SYM,Yinshiqianxiang,Yinshiqianxiang,False
SYM_07924,饮食难下,SYM,Yinshinanxia,Yinshinanxia,False
SYM_07925,骂詈毁物,SYM,Malihuiwu,Malihuiwu,False
SYM_07926,骨松齿摇,SYM,Gusongchiyao,Gusongchiyao,False
SYM_07927,骨痛,SYM,Gutong,Gutong,False
SYM_07928,骨破坏,SYM,Gupohuai,Gupohuai,False
SYM_07929,骨结构紊乱,SYM,Gujiegouwenluan,Gujiegouwenluan,False
SYM_07930,骨肉烂成疡,SYM,Guroulanchengyang,Guroulanchengyang,False
SYM_07931,骨肉皆烂,SYM,Guroujielan,Guroujielan,False
SYM_07932,骨节疼烦,SYM,Gujietengfan,Gujietengfan,False
SYM_07933,骨蒸作热,SYM,Guzhengzuore,Guzhengzuore,False
SYM_07934,骨蒸劳热,SYM,Guzhenglaore,Guzhenglaore,False
SYM_07935,高肿发硬,SYM,Gaozhongfaying,Gaozhongfaying,False
SYM_07936,鳞屑较多,SYM,Linxiejiaoduo,Linxiejiaoduo,False
SYM_07937,鸡胸,SYM,Jixiong,Jixiong,False
SYM_07938,麻痹,SYM,Mabi,Mabi,False
SYM_07939,黄仁色泽干枯不荣,SYM,Huangrensezegankuburong,Huangrensezegankuburong,False
SYM_07940,黄斑区轻度水肿,SYM,Huangbanquqingdushuizhong,Huangbanquqingdushuizhong,False
SYM_07941,黄水淋漓,SYM,Huangshuilinli,Huangshuilinli,False
SYM_07942,黄水疮如粟米形,SYM,Huangshuichuangrusumixing,Huangshuichuangrusumixing,False
SYM_07943,黄疸也,SYM,Huangdanye,Huangdanye,False
SYM_07944,黄疸持续不退,SYM,Huangdanchixubutui,Huangdanchixubutui,False
SYM_07945,黄疸迅速加深,SYM,Huangdanxunsujiashen,Huangdanxunsujiashen,False
SYM_07946,黄白相兼,SYM,Huangbaixiangjian,Huangbaixiangjian,False
SYM_07947,黄脓小疱,SYM,Huangnongxiaopao,Huangnongxiaopao,False
SYM_07948,黄色晦黯,SYM,Huangsehuian,Huangsehuian,False
SYM_07949,黄色黏腻渗出,SYM,Huangseniannishenchu,Huangseniannishenchu,False
SYM_07950,黄黏不爽,SYM,Huangnianbushuang,Huangnianbushuang,False
SYM_07951,黏液便,SYM,Nianyebian,Nianyebian,False
SYM_07952,黏白泡沫,SYM,Nianbaipaomo,Nianbaipaomo,False
SYM_07953,黏腻难出,SYM,Nianninanchu,Nianninanchu,False
SYM_07954,黑便,SYM,Heibian,Heibian,False
SYM_07955,黑垢,SYM,Heigou,Heigou,False
SYM_07956,黑暗血水,SYM,Heianxueshui,Heianxueshui,False
SYM_07957,黑睛上有颗粒样小泡突起,SYM,Heijingshangyoukeliyangxiaopaotuqi,Heijingshangyoukeliyangxiaopaotuqi,False
SYM_07958,黑睛上生多个细小星翳,SYM,Heijingshangshengduogexixiaoxingyi,Heijingshangshengduogexixiaoxingyi,False
SYM_07959,黑睛上生翳,SYM,Heijingshangshengyi,Heijingshangshengyi,False
SYM_07960,黑睛之后或见血液沉积,SYM,Heijingzhihouhuojianxueyechenji,Heijingzhihouhuojianxueyechenji,False
SYM_07961,黑睛可有细点星翳,SYM,Heijingkeyouxidianxingyi,Heijingkeyouxidianxingyi,False
SYM_07962,黑睛含糊,SYM,Heijinghanhu,Heijinghanhu,False
SYM_07963,黑睛星翳不退,SYM,Heijingxingyibutui,Heijingxingyibutui,False
SYM_07964,黑睛猝偏不得转动,SYM,Heijingcupianbudezhuandong,Heijingcupianbudezhuandong,False
SYM_07965,黑睛边缘有豆状疱疹,SYM,Heijingbianyuanyoudouzhuangpaozhen,Heijingbianyuanyoudouzhuangpaozhen,False
SYM_07966,黑花自见,SYM,Heihuazijian,Heihuazijian,False
SYM_07967,黑花飞舞检视玻璃体可见尘状或点状混浊,SYM,Heihuafeiwujianshibolitikejianchenzhuanghuodianzhuanghunzhuo,Heihuafeiwujianshibolitikejianchenzhuanghuodianzhuanghunzhuo,False
SYM_07968,黧黑斑,SYM,Liheiban,Liheiban,False
SYM_07969,黯淡,SYM,Andan,Andan,False
SYM_07970,鼓胀,SYM,Guzhang,Guzhang,False
SYM_07971,鼓膜紧张部穿孔,SYM,Gumojinzhangbuchuankong,Gumojinzhangbuchuankong,False
SYM_07972,鼓膜红赤肿胀,SYM,Gumohongchizhongzhang,Gumohongchizhongzhang,False
SYM_07973,鼻,SYM,Bi,Bi,False
SYM_07974,鼻下两旁斑烂形,SYM,Bixialiangpangbanlanxing,Bixialiangpangbanlanxing,False
SYM_07975,鼻中衄血,SYM,Bizhongnvxue,Bizhongnvxue,False
SYM_07976,鼻前孔及周围瘙痒,SYM,Biqiankongjizhouweisaoyang,Biqiankongjizhouweisaoyang,False
SYM_07977,鼻前孔及周围皮肤糜烂,SYM,Biqiankongjizhouweipifumilan,Biqiankongjizhouweipifumilan,False
SYM_07978,鼻前孔肌肤粗糙增厚或皲裂,SYM,Biqiankongjifucucaozenghouhuojunlie,Biqiankongjifucucaozenghouhuojunlie,False
SYM_07979,鼻咽眼耳发痒,SYM,Biyanyanerfayang,Biyanyanerfayang,False
SYM_07980,鼻塞声重,SYM,Biseshengzhong,Biseshengzhong,False
SYM_07981,鼻塞时轻时重,SYM,Biseshiqingshizhong,Biseshiqingshizhong,False
SYM_07982,鼻塞较甚或持续不减,SYM,Bisejiaoshenhuochixubujian,Bisejiaoshenhuochixubujian,False
SYM_07983,鼻干息鸣,SYM,Biganximing,Biganximing,False
SYM_07984,鼻息不通,SYM,Bixibutong,Bixibutong,False
SYM_07985,鼻扇抬肩,SYM,Bishantaijian,Bishantaijian,False
SYM_07986,鼻损伤,SYM,Bisunshang,Bisunshang,False
SYM_07987,鼻梁陷塌,SYM,Biliangxianta,Biliangxianta,False
SYM_07988,鼻槁,SYM,Bigao,Bigao,False
SYM_07989,鼻气腥臭,SYM,Biqixingchou,Biqixingchou,False
SYM_07990,鼻涕溏流,SYM,Bititangliu,Bititangliu,False
SYM_07991,鼻涕眼泪交加,SYM,Bitiyanleijiaojia,Bitiyanleijiaojia,False
SYM_07992,鼻涕粘黄或粘白,SYM,Bitizhanhuanghuozhanbai,Bitizhanhuanghuozhanbai,False
SYM_07993,鼻涕色黄,SYM,Bitisehuang,Bitisehuang,False
SYM_07994,鼻涕色黄量少,SYM,Bitisehuangliangshao,Bitisehuangliangshao,False
SYM_07995,鼻煽,SYM,Bishan,Bishan,False
SYM_07996,鼻甲肥大质硬,SYM,Bijiafeidazhiying,Bijiafeidazhiying,False
SYM_07997,鼻甲肿胀,SYM,Bijiazhongzhang,Bijiazhongzhang,False
SYM_07998,鼻痒咽痒喷嚏,SYM,Biyangyanyangpenti,Biyangyanyangpenti,False
SYM_07999,鼻窍肿塞,SYM,Biqiaozhongsai,Biqiaozhongsai,False
SYM_08000,鼻窍肿引脑门疼,SYM,Biqiaozhongyinnaomenteng,Biqiaozhongyinnaomenteng,False
SYM_08001,鼻粘膜充血,SYM,Bizhanmochongxue,Bizhanmochongxue,False
SYM_08002,鼻粘膜及鼻甲淡红肿胀,SYM,Bizhanmojibijiadanhongzhongzhang,Bizhanmojibijiadanhongzhongzhang,False
SYM_08003,鼻粘膜暗红肥厚,SYM,Bizhanmoanhongfeihou,Bizhanmoanhongfeihou,False
SYM_08004,鼻粘膜淡白或灰白,SYM,Bizhanmodanbaihuohuibai,Bizhanmodanbaihuohuibai,False
SYM_08005,鼻粘膜色红或暗红,SYM,Bizhanmosehonghuoanhong,Bizhanmosehonghuoanhong,False
SYM_08006,鼻粘膜苍白肿胀,SYM,Bizhanmocangbaizhongzhang,Bizhanmocangbaizhongzhang,False
SYM_08007,鼻翼煽动,SYM,Biyishandong,Biyishandong,False
SYM_08008,鼻肿如瓶,SYM,Bizhongruping,Bizhongruping,False
SYM_08009,鼻色紫红如酒渣,SYM,Bisezihongrujiuzha,Bisezihongrujiuzha,False
SYM_08010,鼻道可见水样分泌物,SYM,Bidaokejianshuiyangfenmiwu,Bidaokejianshuiyangfenmiwu,False
SYM_08011,鼻道有水样分泌物,SYM,Bidaoyoushuiyangfenmiwu,Bidaoyoushuiyangfenmiwu,False
SYM_08012,鼻颊生疮,SYM,Bijiashengchuang,Bijiashengchuang,False
SYM_08013,鼻鸣,SYM,Biming,Biming,False
SYM_08014,鼻鸣干燥,SYM,Bimingganzao,Bimingganzao,False
SYM_08015,鼻鸣而寒,SYM,Bimingerhan,Bimingerhan,False
SYM_08016,鼻黏膜萎缩,SYM,Binianmoweisuo,Binianmoweisuo,False
SYM_08017,齿亦隐隐而痛,SYM,Chiyiyinyinertong,Chiyiyinyinertong,False
SYM_08018,齿根宣露,SYM,Chigenxuanlu,Chigenxuanlu,False
SYM_08019,齿生较晚,SYM,Chishengjiaowan,Chishengjiaowan,False
SYM_08020,齿龈红肿疼痛,SYM,Chiyinhongzhongtengtong,Chiyinhongzhongtengtong,False
SYM_08021,龈不甚肿,SYM,Kenbushenzhong,Kenbushenzhong,False
SYM_08022,龋齿,SYM,Quchi,Quchi,False
SYM_08023,，舌上黄滑苔,SYM,，sheshanghuanghuatai,，sheshanghuanghuatai,False
