source_id,relation,target_id,weight,split
CAU_00053,CAUSES,SYM_03407,2,train
CAU_00064,CAUSES,SYM_04891,2,train
CAU_00053,CAUSES,SYM_03424,2,valid
CAU_00020,CAUSES,SYM_03426,5,train
CAU_00020,CAUSES,SYM_03453,3,test
CAU_00020,CAUSES,SYM_03564,3,train
CAU_00099,CAUSES,SYM_03425,2,train
CAU_00103,CAUSES,SYM_03430,2,train
CAU_00103,CAUSES,SYM_03425,2,train
CAU_00068,CAUSES,SYM_03430,4,train
CAU_00068,CAUSES,SYM_03425,5,train
CAU_00025,CAUSES,SYM_03413,4,train
CAU_00025,CAUSES,SYM_03578,2,train
CAU_00073,CAUSES,SYM_03524,4,train
CAU_00139,CAUSES,SYM_03496,2,train
CAU_00139,CAUSES,SYM_03413,3,train
CAU_00139,CAUSES,SYM_04379,2,train
CAU_00150,CAUSES,SYM_03822,2,train
CAU_00064,CAUSES,SYM_03822,2,train
CAU_00406,CAUSES,SYM_04341,2,train
CAU_00018,CAUSES,SYM_03413,4,train
CAU_00084,CAUSES,SYM_03727,2,train
CAU_00084,CAUSES,SYM_03530,2,train
CAU_00084,CAUSES,SYM_04342,2,train
CAU_00084,CAUSES,SYM_03407,2,train
CAU_00020,CAUSES,SYM_03812,2,train
CAU_00020,CAUSES,SYM_03409,3,train
CAU_00020,CAUSES,SYM_03856,2,train
CAU_00048,CAUSES,SYM_03430,2,train
CAU_00048,CAUSES,SYM_03413,6,train
CAU_00048,CAUSES,SYM_03433,4,train
CAU_00048,CAUSES,SYM_04659,2,train
CAU_00254,CAUSES,SYM_03727,2,train
CAU_00254,CAUSES,SYM_04253,2,train
CAU_00036,CAUSES,SYM_03410,7,train
CAU_00036,CAUSES,SYM_03464,2,train
CAU_00036,CAUSES,SYM_03462,2,train
CAU_00036,CAUSES,SYM_03477,2,train
CAU_00036,CAUSES,SYM_03419,4,train
CAU_00036,CAUSES,SYM_03574,2,valid
CAU_00048,CAUSES,SYM_03465,2,train
CAU_00048,CAUSES,SYM_03524,2,valid
CAU_00048,CAUSES,SYM_03418,2,valid
CAU_00060,CAUSES,SYM_03465,2,test
CAU_00060,CAUSES,SYM_03524,3,train
CAU_00060,CAUSES,SYM_03418,4,valid
CAU_00060,CAUSES,SYM_03407,2,valid
CAU_00190,CAUSES,SYM_03515,2,train
CAU_00190,CAUSES,SYM_03413,2,train
CAU_00190,CAUSES,SYM_04386,2,train
CAU_00087,CAUSES,SYM_03453,2,test
CAU_00087,CAUSES,SYM_03620,2,train
CAU_00020,CAUSES,SYM_03513,2,train
CAU_00025,CAUSES,SYM_03513,2,train
CAU_00140,CAUSES,SYM_03524,3,train
CAU_00140,CAUSES,SYM_03418,2,train
CAU_00076,CAUSES,SYM_03418,3,train
CAU_00139,CAUSES,SYM_03426,2,train
CAU_00139,CAUSES,SYM_05071,2,train
CAU_00139,CAUSES,SYM_04395,2,train
CAU_00139,CAUSES,SYM_04909,2,train
CAU_00139,CAUSES,SYM_03480,3,valid
CAU_00139,CAUSES,SYM_04344,2,train
CAU_00189,CAUSES,SYM_03410,2,test
CAU_00036,CAUSES,SYM_03441,2,train
CAU_00102,CAUSES,SYM_03410,2,train
CAU_00010,CAUSES,SYM_03425,16,train
CAU_00010,CAUSES,SYM_03430,2,train
CAU_00010,CAUSES,SYM_03413,25,train
CAU_00073,CAUSES,SYM_04394,2,train
CAU_00117,CAUSES,SYM_03430,2,train
CAU_00117,CAUSES,SYM_03702,2,test
CAU_00117,CAUSES,SYM_03514,2,train
CAU_00117,CAUSES,SYM_03446,2,train
CAU_00117,CAUSES,SYM_03411,2,train
CAU_00117,CAUSES,SYM_03438,2,train
CAU_00117,CAUSES,SYM_03431,2,train
CAU_00117,CAUSES,SYM_03578,2,train
CAU_00009,CAUSES,SYM_03430,2,valid
CAU_00009,CAUSES,SYM_03702,2,train
CAU_00009,CAUSES,SYM_03514,3,train
CAU_00009,CAUSES,SYM_03446,3,train
CAU_00009,CAUSES,SYM_03411,4,train
CAU_00009,CAUSES,SYM_03438,2,train
CAU_00009,CAUSES,SYM_03431,7,train
CAU_00009,CAUSES,SYM_03578,2,valid
CAU_00105,CAUSES,SYM_03407,2,train
CAU_00259,CAUSES,SYM_03822,2,train
CAU_00048,CAUSES,SYM_03646,2,train
CAU_00103,CAUSES,SYM_03527,2,train
CAU_00103,CAUSES,SYM_03524,3,test
CAU_00073,CAUSES,SYM_03540,2,train
CAU_00118,CAUSES,SYM_03524,4,train
CAU_00009,CAUSES,SYM_03413,7,test
CAU_00009,CAUSES,SYM_04089,3,train
CAU_00009,CAUSES,SYM_03461,5,valid
CAU_00009,CAUSES,SYM_03407,5,valid
CAU_00018,CAUSES,SYM_03407,2,valid
CAU_00057,CAUSES,SYM_03415,7,test
CAU_00057,CAUSES,SYM_03429,2,train
CAU_00057,CAUSES,SYM_03448,3,train
CAU_00064,CAUSES,SYM_03415,2,train
CAU_00064,CAUSES,SYM_03429,2,train
CAU_00009,CAUSES,SYM_03415,3,train
CAU_00009,CAUSES,SYM_03429,2,train
CAU_00009,CAUSES,SYM_03448,5,train
CAU_00009,CAUSES,SYM_04307,2,train
CAU_00102,CAUSES,SYM_03430,2,train
CAU_00102,CAUSES,SYM_03441,2,train
CAU_00102,CAUSES,SYM_03425,2,valid
CAU_00088,CAUSES,SYM_03433,2,train
CAU_00055,CAUSES,SYM_03441,2,valid
CAU_00055,CAUSES,SYM_03464,4,train
CAU_00083,CAUSES,SYM_03413,2,train
CAU_00018,CAUSES,SYM_03417,3,train
CAU_00010,CAUSES,SYM_03417,28,test
CAU_00010,CAUSES,SYM_03538,2,valid
CAU_00069,CAUSES,SYM_03902,2,train
CAU_00069,CAUSES,SYM_03450,3,train
CAU_00156,CAUSES,SYM_03426,2,valid
CAU_00156,CAUSES,SYM_03619,2,train
CAU_00087,CAUSES,SYM_03426,2,train
CAU_00087,CAUSES,SYM_03450,2,test
CAU_00087,CAUSES,SYM_03419,2,test
CAU_00087,CAUSES,SYM_03619,2,test
CAU_00028,CAUSES,SYM_03474,3,train
CAU_00028,CAUSES,SYM_03425,2,train
CAU_00028,CAUSES,SYM_03411,3,test
CAU_00026,CAUSES,SYM_03411,4,train
CAU_00010,CAUSES,SYM_03474,4,train
CAU_00010,CAUSES,SYM_03870,3,train
CAU_00009,CAUSES,SYM_03696,2,train
CAU_00009,CAUSES,SYM_03460,4,train
CAU_00009,CAUSES,SYM_03546,2,train
CAU_00028,CAUSES,SYM_03417,3,train
CAU_00028,CAUSES,SYM_03413,6,train
CAU_00015,CAUSES,SYM_03553,2,train
CAU_00015,CAUSES,SYM_03413,6,train
CAU_00010,CAUSES,SYM_03539,2,train
CAU_00010,CAUSES,SYM_03506,3,train
CAU_00010,CAUSES,SYM_03427,21,train
CAU_00010,CAUSES,SYM_03508,3,train
CAU_00066,CAUSES,SYM_03413,2,train
CAU_00066,CAUSES,SYM_03427,2,train
CAU_00066,CAUSES,SYM_03508,2,train
CAU_00018,CAUSES,SYM_03427,2,train
CAU_00018,CAUSES,SYM_03508,2,train
CAU_00009,CAUSES,SYM_03809,2,train
CAU_00009,CAUSES,SYM_03427,2,valid
CAU_00059,CAUSES,SYM_03430,2,train
CAU_00059,CAUSES,SYM_03451,2,test
CAU_00059,CAUSES,SYM_03408,4,train
CAU_00059,CAUSES,SYM_03425,2,test
CAU_00059,CAUSES,SYM_03437,2,train
CAU_00073,CAUSES,SYM_03430,2,train
CAU_00073,CAUSES,SYM_03451,2,valid
CAU_00073,CAUSES,SYM_03527,4,train
CAU_00073,CAUSES,SYM_03408,3,test
CAU_00073,CAUSES,SYM_03425,2,train
CAU_00073,CAUSES,SYM_03939,2,train
CAU_00073,CAUSES,SYM_03437,2,train
CAU_00060,CAUSES,SYM_03430,2,train
CAU_00060,CAUSES,SYM_03527,3,train
CAU_00060,CAUSES,SYM_03408,4,train
CAU_00060,CAUSES,SYM_03425,2,train
CAU_00068,CAUSES,SYM_03527,2,train
CAU_00068,CAUSES,SYM_03408,2,valid
CAU_00068,CAUSES,SYM_03567,2,valid
CAU_00068,CAUSES,SYM_03939,2,train
CAU_00068,CAUSES,SYM_03437,2,valid
CAU_00099,CAUSES,SYM_03506,2,train
CAU_00099,CAUSES,SYM_03408,3,train
CAU_00099,CAUSES,SYM_03462,2,train
CAU_00099,CAUSES,SYM_03409,3,train
CAU_00073,CAUSES,SYM_03929,2,train
CAU_00171,CAUSES,SYM_03929,2,train
CAU_00068,CAUSES,SYM_03929,2,test
CAU_00073,CAUSES,SYM_03438,2,train
CAU_00015,CAUSES,SYM_03426,3,train
CAU_00015,CAUSES,SYM_03421,2,train
CAU_00015,CAUSES,SYM_03467,3,train
CAU_00015,CAUSES,SYM_03930,2,train
CAU_00015,CAUSES,SYM_03550,2,test
CAU_00015,CAUSES,SYM_03502,2,train
CAU_00020,CAUSES,SYM_03863,3,train
CAU_00020,CAUSES,SYM_03486,2,valid
CAU_00020,CAUSES,SYM_03419,3,train
CAU_00059,CAUSES,SYM_03420,5,train
CAU_00059,CAUSES,SYM_03957,2,train
CAU_00059,CAUSES,SYM_03524,4,train
CAU_00140,CAUSES,SYM_03420,2,train
CAU_00140,CAUSES,SYM_03957,2,train
CAU_00140,CAUSES,SYM_03408,2,train
CAU_00025,CAUSES,SYM_03407,2,train
CAU_00025,CAUSES,SYM_03424,2,train
CAU_00118,CAUSES,SYM_03425,2,valid
CAU_00304,CAUSES,SYM_03425,2,train
CAU_00018,CAUSES,SYM_03542,2,train
CAU_00055,CAUSES,SYM_03530,2,train
CAU_00055,CAUSES,SYM_03420,2,train
CAU_00016,CAUSES,SYM_03434,2,train
CAU_00016,CAUSES,SYM_03411,3,train
CAU_00016,CAUSES,SYM_03793,3,train
CAU_00015,CAUSES,SYM_03431,2,train
CAU_00015,CAUSES,SYM_03446,5,train
CAU_00015,CAUSES,SYM_03566,2,valid
CAU_00015,CAUSES,SYM_03418,2,train
CAU_00015,CAUSES,SYM_04765,2,train
CAU_00015,CAUSES,SYM_04214,2,train
CAU_00015,CAUSES,SYM_04412,2,train
CAU_00015,CAUSES,SYM_03905,2,train
CAU_00015,CAUSES,SYM_04147,2,train
CAU_00009,CAUSES,SYM_04765,2,test
CAU_00009,CAUSES,SYM_04214,2,test
CAU_00009,CAUSES,SYM_04412,2,train
CAU_00009,CAUSES,SYM_03905,2,train
CAU_00009,CAUSES,SYM_04147,2,train
CAU_00015,CAUSES,SYM_03417,7,train
CAU_00015,CAUSES,SYM_03423,8,train
CAU_00066,CAUSES,SYM_03423,2,train
CAU_00009,CAUSES,SYM_03417,2,train
CAU_00118,CAUSES,SYM_03438,2,train
CAU_00118,CAUSES,SYM_03472,2,test
CAU_00140,CAUSES,SYM_03472,2,train
CAU_00057,CAUSES,SYM_03466,4,train
CAU_00057,CAUSES,SYM_03431,5,train
CAU_00009,CAUSES,SYM_03466,3,train
CAU_00066,CAUSES,SYM_03448,2,test
CAU_00066,CAUSES,SYM_03431,2,train
CAU_00028,CAUSES,SYM_03544,2,train
CAU_00009,CAUSES,SYM_03432,2,train
CAU_00009,CAUSES,SYM_03813,2,train
CAU_00013,CAUSES,SYM_03463,2,train
CAU_00013,CAUSES,SYM_04377,2,train
CAU_00013,CAUSES,SYM_03534,2,train
CAU_00013,CAUSES,SYM_03482,2,train
CAU_00138,CAUSES,SYM_03565,2,train
CAU_00036,CAUSES,SYM_03614,2,train
CAU_00036,CAUSES,SYM_03408,4,train
CAU_00036,CAUSES,SYM_03409,2,test
CAU_00036,CAUSES,SYM_03416,6,train
CAU_00016,CAUSES,SYM_03415,3,valid
CAU_00016,CAUSES,SYM_03632,2,valid
CAU_00016,CAUSES,SYM_03421,3,train
CAU_00016,CAUSES,SYM_03456,4,train
CAU_00027,CAUSES,SYM_03415,2,train
CAU_00027,CAUSES,SYM_03412,3,train
CAU_00027,CAUSES,SYM_03409,5,train
CAU_00027,CAUSES,SYM_03862,2,valid
CAU_00027,CAUSES,SYM_03717,3,train
CAU_00013,CAUSES,SYM_03862,3,train
CAU_00013,CAUSES,SYM_03717,3,train
CAU_00013,CAUSES,SYM_03689,2,train
CAU_00013,CAUSES,SYM_03407,6,valid
CAU_00057,CAUSES,SYM_03417,5,train
CAU_00057,CAUSES,SYM_03428,3,train
CAU_00018,CAUSES,SYM_03428,2,train
CAU_00027,CAUSES,SYM_03456,3,test
CAU_00027,CAUSES,SYM_03407,5,train
CAU_00016,CAUSES,SYM_03407,4,train
CAU_00036,CAUSES,SYM_03442,2,train
CAU_00015,CAUSES,SYM_03430,2,train
CAU_00015,CAUSES,SYM_03425,3,train
CAU_00015,CAUSES,SYM_03428,2,train
CAU_00015,CAUSES,SYM_03496,3,train
CAU_00013,CAUSES,SYM_03423,2,train
CAU_00028,CAUSES,SYM_03415,2,valid
CAU_00028,CAUSES,SYM_03433,4,train
CAU_00028,CAUSES,SYM_03423,3,train
CAU_00010,CAUSES,SYM_03415,26,train
CAU_00010,CAUSES,SYM_03433,3,valid
CAU_00010,CAUSES,SYM_03423,23,train
CAU_00010,CAUSES,SYM_03455,4,train
CAU_00124,CAUSES,SYM_03412,3,valid
CAU_00013,CAUSES,SYM_03429,3,train
CAU_00015,CAUSES,SYM_03429,3,train
CAU_00015,CAUSES,SYM_03448,8,test
CAU_00103,CAUSES,SYM_03451,2,valid
CAU_00324,CAUSES,SYM_03420,2,train
CAU_00324,CAUSES,SYM_03421,2,train
CAU_00324,CAUSES,SYM_03456,2,train
CAU_00020,CAUSES,SYM_03569,2,train
CAU_00016,CAUSES,SYM_04244,2,train
CAU_00016,CAUSES,SYM_03428,3,train
CAU_00071,CAUSES,SYM_03415,2,train
CAU_00071,CAUSES,SYM_03431,4,train
CAU_00071,CAUSES,SYM_03421,2,train
CAU_00071,CAUSES,SYM_03428,4,train
CAU_00071,CAUSES,SYM_03460,2,valid
CAU_00071,CAUSES,SYM_03456,2,train
CAU_00009,CAUSES,SYM_04244,2,valid
CAU_00009,CAUSES,SYM_03421,4,train
CAU_00009,CAUSES,SYM_03428,3,train
CAU_00009,CAUSES,SYM_03456,3,train
CAU_00009,CAUSES,SYM_03778,2,train
CAU_00009,CAUSES,SYM_03449,2,train
CAU_00136,CAUSES,SYM_03448,2,train
CAU_00092,CAUSES,SYM_03429,2,train
CAU_00092,CAUSES,SYM_03448,2,train
CAU_00092,CAUSES,SYM_04089,2,train
CAU_00092,CAUSES,SYM_03428,2,valid
CAU_00092,CAUSES,SYM_03461,2,valid
CAU_00213,CAUSES,SYM_03428,3,test
CAU_00100,CAUSES,SYM_03433,4,train
CAU_00100,CAUSES,SYM_03432,4,train
CAU_00027,CAUSES,SYM_03421,2,train
CAU_00027,CAUSES,SYM_03561,4,train
CAU_00062,CAUSES,SYM_03450,3,train
CAU_00062,CAUSES,SYM_03419,3,train
CAU_00059,CAUSES,SYM_03438,3,test
CAU_00059,CAUSES,SYM_03934,2,train
CAU_00059,CAUSES,SYM_03472,3,train
CAU_00118,CAUSES,SYM_03430,2,train
CAU_00118,CAUSES,SYM_03437,2,train
CAU_00068,CAUSES,SYM_03433,2,train
CAU_00235,CAUSES,SYM_03410,2,train
CAU_00235,CAUSES,SYM_03416,2,train
CAU_00235,CAUSES,SYM_03407,2,train
CAU_00092,CAUSES,SYM_03417,2,train
CAU_00010,CAUSES,SYM_03420,2,train
CAU_00010,CAUSES,SYM_03429,2,train
CAU_00010,CAUSES,SYM_03653,2,test
CAU_00010,CAUSES,SYM_03428,22,train
CAU_00010,CAUSES,SYM_03461,12,test
CAU_00027,CAUSES,SYM_04376,2,train
CAU_00143,CAUSES,SYM_03407,2,train
CAU_00124,CAUSES,SYM_03574,3,train
CAU_00059,CAUSES,SYM_03421,2,test
CAU_00060,CAUSES,SYM_03421,2,train
CAU_00060,CAUSES,SYM_03438,2,test
CAU_00060,CAUSES,SYM_03934,2,train
CAU_00027,CAUSES,SYM_03636,2,train
CAU_00027,CAUSES,SYM_03601,2,train
CAU_00027,CAUSES,SYM_04561,2,train
CAU_00027,CAUSES,SYM_03954,2,train
CAU_00027,CAUSES,SYM_03478,2,train
CAU_00027,CAUSES,SYM_04179,2,train
CAU_00027,CAUSES,SYM_04227,2,train
CAU_00293,CAUSES,SYM_03636,2,test
CAU_00293,CAUSES,SYM_03601,2,valid
CAU_00293,CAUSES,SYM_04561,2,train
CAU_00293,CAUSES,SYM_03954,2,test
CAU_00293,CAUSES,SYM_03478,2,valid
CAU_00293,CAUSES,SYM_03409,2,train
CAU_00293,CAUSES,SYM_03561,2,train
CAU_00293,CAUSES,SYM_04179,2,train
CAU_00293,CAUSES,SYM_04227,2,train
CAU_00293,CAUSES,SYM_03407,2,train
CAU_00016,CAUSES,SYM_03807,2,train
CAU_00016,CAUSES,SYM_03414,2,valid
CAU_00016,CAUSES,SYM_04279,2,train
CAU_00016,CAUSES,SYM_03409,3,test
CAU_00016,CAUSES,SYM_03424,3,train
CAU_00148,CAUSES,SYM_03772,2,train
CAU_00148,CAUSES,SYM_03579,2,train
CAU_00148,CAUSES,SYM_03410,2,train
CAU_00148,CAUSES,SYM_03434,2,valid
CAU_00148,CAUSES,SYM_03574,2,test
CAU_00148,CAUSES,SYM_04964,2,train
CAU_00148,CAUSES,SYM_03412,2,train
CAU_00148,CAUSES,SYM_03418,2,train
CAU_00124,CAUSES,SYM_03772,2,train
CAU_00124,CAUSES,SYM_03579,2,train
CAU_00124,CAUSES,SYM_03410,2,train
CAU_00124,CAUSES,SYM_03434,2,train
CAU_00124,CAUSES,SYM_04964,2,train
CAU_00124,CAUSES,SYM_03418,2,train
CAU_00300,CAUSES,SYM_03772,2,valid
CAU_00300,CAUSES,SYM_03579,2,valid
CAU_00300,CAUSES,SYM_03410,2,train
CAU_00300,CAUSES,SYM_03434,2,valid
CAU_00300,CAUSES,SYM_03574,2,train
CAU_00300,CAUSES,SYM_04964,2,train
CAU_00300,CAUSES,SYM_03412,2,test
CAU_00300,CAUSES,SYM_03418,2,train
CAU_00294,CAUSES,SYM_03772,2,test
CAU_00294,CAUSES,SYM_03579,2,valid
CAU_00294,CAUSES,SYM_03410,2,train
CAU_00294,CAUSES,SYM_03434,2,train
CAU_00294,CAUSES,SYM_03574,2,valid
CAU_00294,CAUSES,SYM_04964,2,valid
CAU_00294,CAUSES,SYM_03412,2,train
CAU_00294,CAUSES,SYM_03418,2,test
CAU_00261,CAUSES,SYM_03772,2,train
CAU_00261,CAUSES,SYM_03579,2,train
CAU_00261,CAUSES,SYM_03410,2,test
CAU_00261,CAUSES,SYM_03434,2,train
CAU_00261,CAUSES,SYM_03574,2,train
CAU_00261,CAUSES,SYM_04964,2,train
CAU_00261,CAUSES,SYM_03412,2,train
CAU_00261,CAUSES,SYM_03418,2,train
CAU_00276,CAUSES,SYM_03809,2,train
CAU_00276,CAUSES,SYM_03439,2,train
CAU_00276,CAUSES,SYM_03428,2,test
CAU_00276,CAUSES,SYM_03475,2,train
CAU_00275,CAUSES,SYM_03809,2,test
CAU_00275,CAUSES,SYM_03439,2,train
CAU_00275,CAUSES,SYM_03428,2,test
CAU_00275,CAUSES,SYM_03475,2,valid
CAU_00213,CAUSES,SYM_03809,2,train
CAU_00213,CAUSES,SYM_03439,2,train
CAU_00213,CAUSES,SYM_03475,2,valid
CAU_00013,CAUSES,SYM_03673,2,train
CAU_00013,CAUSES,SYM_03476,7,train
CAU_00013,CAUSES,SYM_03927,2,train
CAU_00013,CAUSES,SYM_03436,2,test
CAU_00232,CAUSES,SYM_03430,2,train
CAU_00232,CAUSES,SYM_03425,2,valid
CAU_00036,CAUSES,SYM_03436,3,train
CAU_00205,CAUSES,SYM_03408,2,train
CAU_00205,CAUSES,SYM_03473,2,train
CAU_00198,CAUSES,SYM_04141,2,train
CAU_00100,CAUSES,SYM_03413,3,train
CAU_00100,CAUSES,SYM_04141,2,train
CAU_00015,CAUSES,SYM_03466,2,train
CAU_00138,CAUSES,SYM_03417,2,train
CAU_00138,CAUSES,SYM_03448,2,train
CAU_00013,CAUSES,SYM_04915,2,train
CAU_00015,CAUSES,SYM_03414,5,train
CAU_00020,CAUSES,SYM_03619,2,train
CAU_00196,CAUSES,SYM_03642,2,train
CAU_00069,CAUSES,SYM_03442,4,train
CAU_00069,CAUSES,SYM_03441,3,train
CAU_00015,CAUSES,SYM_05053,2,train
CAU_00388,CAUSES,SYM_03413,2,valid
CAU_00388,CAUSES,SYM_03425,2,train
CAU_00388,CAUSES,SYM_03538,2,train
CAU_00301,CAUSES,SYM_05053,2,train
CAU_00301,CAUSES,SYM_03423,2,train
CAU_00301,CAUSES,SYM_03448,2,valid
CAU_00267,CAUSES,SYM_03539,2,train
CAU_00267,CAUSES,SYM_03413,2,train
CAU_00267,CAUSES,SYM_03425,2,train
CAU_00267,CAUSES,SYM_03487,2,train
CAU_00267,CAUSES,SYM_03437,2,train
CAU_00267,CAUSES,SYM_03427,2,valid
CAU_00015,CAUSES,SYM_03487,2,test
CAU_00009,CAUSES,SYM_03414,2,train
CAU_00009,CAUSES,SYM_03423,2,train
CAU_00015,CAUSES,SYM_03454,3,train
CAU_00411,CAUSES,SYM_05230,2,train
CAU_00026,CAUSES,SYM_03453,3,train
CAU_00009,CAUSES,SYM_03728,2,test
CAU_00086,CAUSES,SYM_04018,2,train
CAU_00127,CAUSES,SYM_03539,2,train
CAU_00127,CAUSES,SYM_04916,2,train
PRE_02500,CONTAINS,HER_01897,15,train
PRE_02500,CONTAINS,HER_01877,14,train
PRE_02500,CONTAINS,HER_01866,12,train
PRE_02500,CONTAINS,HER_01882,6,train
PRE_02500,CONTAINS,HER_01859,11,train
PRE_02500,CONTAINS,HER_01874,10,train
PRE_02500,CONTAINS,HER_01871,15,train
PRE_02500,CONTAINS,HER_01856,17,train
PRE_02500,CONTAINS,HER_01883,5,valid
HER_01897,HAS_EFFECT,EFF_01257,24,train
HER_01877,HAS_EFFECT,EFF_01257,25,train
HER_01866,HAS_EFFECT,EFF_01257,27,train
HER_01882,HAS_EFFECT,EFF_01257,5,valid
HER_01859,HAS_EFFECT,EFF_01257,17,train
HER_01874,HAS_EFFECT,EFF_01257,12,train
HER_01871,HAS_EFFECT,EFF_01257,24,train
HER_01856,HAS_EFFECT,EFF_01257,30,train
HER_01883,HAS_EFFECT,EFF_01257,4,train
HER_01897,RELIEVES,SYM_03458,3,train
HER_01877,RELIEVES,SYM_03458,2,train
HER_01866,RELIEVES,SYM_03458,5,test
HER_01859,RELIEVES,SYM_03458,3,valid
HER_01874,RELIEVES,SYM_03458,3,train
HER_01871,RELIEVES,SYM_03458,4,train
HER_01856,RELIEVES,SYM_03458,3,train
PRE_02558,CONTAINS,HER_02141,2,train
PRE_02479,CONTAINS,HER_02052,2,train
PRE_02479,CONTAINS,HER_01859,13,train
PRE_02479,CONTAINS,HER_01922,10,train
PRE_02479,CONTAINS,HER_02305,2,train
PRE_02943,CONTAINS,HER_01863,2,test
PRE_02943,CONTAINS,HER_01866,2,train
HER_01854,HAS_EFFECT,EFF_01333,2,train
HER_01867,HAS_EFFECT,EFF_01313,2,train
HER_01913,HAS_EFFECT,EFF_01313,2,valid
PRE_02505,CONTAINS,HER_01977,3,train
PRE_02615,CONTAINS,HER_01913,2,train
PRE_02615,CONTAINS,HER_01977,2,train
PRE_02615,CONTAINS,HER_01867,3,train
PRE_02615,CONTAINS,HER_02199,3,train
PRE_02615,CONTAINS,HER_01870,2,train
PRE_02482,CONTAINS,HER_01940,4,train
PRE_02482,CONTAINS,HER_01882,9,test
PRE_02482,CONTAINS,HER_02107,2,train
PRE_02504,CONTAINS,HER_01870,3,train
PRE_03029,CONTAINS,HER_01863,2,train
PRE_03029,CONTAINS,HER_02180,2,train
HER_01863,HAS_EFFECT,EFF_01268,3,train
PRE_02611,CONTAINS,HER_02101,2,train
PRE_02611,CONTAINS,HER_01882,2,valid
PRE_02611,CONTAINS,HER_01854,2,test
PRE_02611,CONTAINS,HER_01881,2,train
PRE_02611,CONTAINS,HER_01858,2,train
HER_01891,HAS_EFFECT,EFF_01289,2,train
HER_01891,HAS_EFFECT,EFF_01258,3,train
HER_02016,HAS_EFFECT,EFF_01258,2,train
HER_01877,HAS_EFFECT,EFF_01289,2,train
HER_01877,HAS_EFFECT,EFF_01258,2,train
HER_01937,HAS_EFFECT,EFF_01258,5,train
HER_01865,HAS_EFFECT,EFF_01289,2,train
HER_01865,HAS_EFFECT,EFF_01258,13,train
HER_01882,HAS_EFFECT,EFF_01258,3,train
HER_01854,HAS_EFFECT,EFF_01289,2,train
HER_01854,HAS_EFFECT,EFF_01258,13,train
HER_01881,HAS_EFFECT,EFF_01258,7,train
HER_01861,HAS_EFFECT,EFF_01258,9,test
HER_01933,HAS_EFFECT,EFF_01258,9,train
HER_01904,HAS_EFFECT,EFF_01289,2,train
HER_01904,HAS_EFFECT,EFF_01258,12,test
HER_01858,HAS_EFFECT,EFF_01289,2,train
HER_01858,HAS_EFFECT,EFF_01258,12,train
HER_02034,HAS_EFFECT,EFF_01258,2,train
HER_01878,HAS_EFFECT,EFF_01258,7,train
HER_02244,HAS_EFFECT,EFF_01402,2,train
HER_02268,HAS_EFFECT,EFF_01402,2,train
HER_02105,HAS_EFFECT,EFF_01402,2,train
HER_02248,HAS_EFFECT,EFF_01402,2,train
HER_01858,HAS_EFFECT,EFF_01286,3,train
HER_01858,HAS_EFFECT,EFF_01284,2,train
HER_01951,HAS_EFFECT,EFF_01286,2,train
HER_01886,HAS_EFFECT,EFF_01286,2,train
HER_01886,HAS_EFFECT,EFF_01295,2,train
HER_01886,HAS_EFFECT,EFF_01284,3,train
HER_02031,HAS_EFFECT,EFF_01295,3,train
HER_01877,HAS_EFFECT,EFF_01284,4,train
HER_01854,HAS_EFFECT,EFF_01286,4,train
HER_01854,HAS_EFFECT,EFF_01284,4,train
HER_01860,HAS_EFFECT,EFF_01295,2,valid
HER_01860,HAS_EFFECT,EFF_01284,3,train
HER_01859,HAS_EFFECT,EFF_01286,4,train
HER_01859,HAS_EFFECT,EFF_01284,2,train
HER_01856,HAS_EFFECT,EFF_01295,3,train
HER_01856,HAS_EFFECT,EFF_01284,3,train
HER_01869,HAS_EFFECT,EFF_01286,2,train
HER_01869,HAS_EFFECT,EFF_01295,2,train
HER_01869,HAS_EFFECT,EFF_01284,2,train
HER_01913,HAS_EFFECT,EFF_01286,3,train
HER_01913,HAS_EFFECT,EFF_01295,2,train
HER_02042,HAS_EFFECT,EFF_01284,2,test
HER_01867,HAS_EFFECT,EFF_01286,5,train
HER_01867,HAS_EFFECT,EFF_01295,2,train
HER_01911,HAS_EFFECT,EFF_01286,5,train
HER_01911,HAS_EFFECT,EFF_01295,2,train
HER_01911,HAS_EFFECT,EFF_01284,2,train
HER_02031,RELIEVES,SYM_04402,2,test
HER_01948,RELIEVES,SYM_03438,5,train
HER_01854,RELIEVES,SYM_04402,2,train
HER_01859,RELIEVES,SYM_03438,3,valid
HER_01856,RELIEVES,SYM_03438,2,train
HER_01869,RELIEVES,SYM_04402,2,test
HER_01867,RELIEVES,SYM_03438,2,train
HER_01911,RELIEVES,SYM_04402,2,valid
CAU_00010,CAUSES,SYM_03475,9,train
PRE_02495,CONTAINS,HER_02041,2,test
PRE_02495,CONTAINS,HER_01857,7,train
PRE_02495,CONTAINS,HER_01854,4,valid
PRE_02495,CONTAINS,HER_01855,7,train
PRE_02495,CONTAINS,HER_01903,2,train
PRE_02495,CONTAINS,HER_01859,4,valid
PRE_02495,CONTAINS,HER_01856,3,train
PRE_02495,CONTAINS,HER_02047,2,test
PRE_02495,CONTAINS,HER_01867,2,test
PRE_02567,CONTAINS,HER_01857,2,valid
PRE_02567,CONTAINS,HER_01863,2,train
PRE_02567,CONTAINS,HER_01854,2,train
PRE_02567,CONTAINS,HER_01855,2,train
PRE_02567,CONTAINS,HER_01903,2,valid
PRE_02567,CONTAINS,HER_01907,2,train
PRE_02567,CONTAINS,HER_01856,2,train
HER_02068,HAS_EFFECT,EFF_01271,2,test
HER_01857,HAS_EFFECT,EFF_01262,18,train
HER_01857,HAS_EFFECT,EFF_01351,2,test
HER_01863,HAS_EFFECT,EFF_01262,7,train
HER_01863,HAS_EFFECT,EFF_01435,2,valid
HER_01854,HAS_EFFECT,EFF_01262,13,train
HER_01854,HAS_EFFECT,EFF_01271,5,train
HER_01854,HAS_EFFECT,EFF_01435,2,train
HER_01855,HAS_EFFECT,EFF_01262,17,train
HER_01855,HAS_EFFECT,EFF_01271,5,train
HER_01855,HAS_EFFECT,EFF_01351,2,train
HER_01903,HAS_EFFECT,EFF_01262,5,valid
HER_01903,HAS_EFFECT,EFF_01271,4,train
HER_01903,HAS_EFFECT,EFF_01351,2,train
HER_01903,HAS_EFFECT,EFF_01435,2,train
HER_01907,HAS_EFFECT,EFF_01262,2,train
HER_01907,HAS_EFFECT,EFF_01271,4,train
HER_01910,HAS_EFFECT,EFF_01262,4,valid
HER_01910,HAS_EFFECT,EFF_01271,3,train
HER_01910,HAS_EFFECT,EFF_01435,2,train
HER_01859,HAS_EFFECT,EFF_01262,4,train
HER_01859,HAS_EFFECT,EFF_01271,4,train
HER_01856,HAS_EFFECT,EFF_01262,10,train
HER_01954,HAS_EFFECT,EFF_01262,2,valid
HER_02047,HAS_EFFECT,EFF_01262,3,train
HER_01867,HAS_EFFECT,EFF_01262,4,train
HER_01867,HAS_EFFECT,EFF_01271,5,train
HER_01867,HAS_EFFECT,EFF_01351,2,train
HER_01867,HAS_EFFECT,EFF_01435,2,test
HER_01883,HAS_EFFECT,EFF_01262,2,train
HER_02068,RELIEVES,SYM_04831,2,train
HER_01903,RELIEVES,SYM_04831,2,train
HER_01910,RELIEVES,SYM_04831,2,train
HER_01859,RELIEVES,SYM_04831,2,valid
HER_01856,RELIEVES,SYM_04831,2,train
HER_01954,RELIEVES,SYM_04831,2,train
HER_02047,RELIEVES,SYM_04831,2,test
CAU_00023,CAUSES,SYM_04134,2,train
CAU_00023,CAUSES,SYM_03462,2,train
PRE_02484,CONTAINS,HER_01930,6,train
PRE_02484,CONTAINS,HER_01880,6,valid
PRE_02484,CONTAINS,HER_01854,6,train
PRE_02484,CONTAINS,HER_01873,11,train
PRE_02484,CONTAINS,HER_01898,4,train
PRE_02513,CONTAINS,HER_01930,2,test
PRE_02513,CONTAINS,HER_01880,4,train
PRE_02513,CONTAINS,HER_01854,2,train
PRE_02513,CONTAINS,HER_01873,4,train
PRE_02513,CONTAINS,HER_01898,4,train
PRE_02622,CONTAINS,HER_01854,2,train
PRE_02622,CONTAINS,HER_01898,2,train
HER_01898,HAS_EFFECT,EFF_01367,2,train
HER_01880,RELIEVES,SYM_03462,2,train
HER_01854,RELIEVES,SYM_04134,2,train
HER_01854,RELIEVES,SYM_03462,4,train
HER_01873,RELIEVES,SYM_03462,2,valid
HER_01871,RELIEVES,SYM_03462,4,train
PRE_02990,CONTAINS,HER_01876,2,train
PRE_02990,CONTAINS,HER_01912,2,train
PRE_02990,CONTAINS,HER_01856,2,train
PRE_02990,CONTAINS,HER_01915,2,train
PRE_02990,CONTAINS,HER_01864,2,train
PRE_02582,CONTAINS,HER_01978,3,train
PRE_02582,CONTAINS,HER_01854,2,train
PRE_02582,CONTAINS,HER_02049,4,train
PRE_02582,CONTAINS,HER_01915,3,train
PRE_02582,CONTAINS,HER_01864,3,train
PRE_02582,CONTAINS,HER_02002,3,train
HER_01854,HAS_EFFECT,EFF_01346,2,train
HER_01862,HAS_EFFECT,EFF_01346,3,train
HER_01912,HAS_EFFECT,EFF_01346,2,train
HER_01915,HAS_EFFECT,EFF_01346,2,train
HER_01864,HAS_EFFECT,EFF_01346,2,train
HER_02002,HAS_EFFECT,EFF_01382,2,train
PRE_02558,CONTAINS,HER_01870,2,train
PRE_02558,CONTAINS,HER_01854,4,train
PRE_02558,CONTAINS,HER_01921,2,train
HER_01870,HAS_EFFECT,EFF_01339,2,test
HER_01858,HAS_EFFECT,EFF_01339,2,train
HER_01991,HAS_EFFECT,EFF_01339,2,train
HER_01872,RELIEVES,SYM_04388,2,train
HER_01854,RELIEVES,SYM_04388,2,test
HER_01869,RELIEVES,SYM_04388,3,test
HER_01858,RELIEVES,SYM_04388,2,train
HER_01878,RELIEVES,SYM_04388,2,train
CAU_00089,CAUSES,SYM_03460,4,train
CAU_00089,CAUSES,SYM_04495,2,train
CAU_00082,CAUSES,SYM_03460,3,train
CAU_00082,CAUSES,SYM_04495,2,train
HER_01903,HAS_EFFECT,EFF_01378,2,train
HER_01903,HAS_EFFECT,EFF_01356,2,train
HER_01897,HAS_EFFECT,EFF_01285,2,train
HER_01897,HAS_EFFECT,EFF_01356,2,train
HER_01990,HAS_EFFECT,EFF_01378,2,train
HER_01854,HAS_EFFECT,EFF_01285,3,train
HER_01854,HAS_EFFECT,EFF_01378,2,train
HER_01854,HAS_EFFECT,EFF_01356,2,test
HER_01919,HAS_EFFECT,EFF_01356,2,train
HER_01867,HAS_EFFECT,EFF_01410,2,train
HER_01867,HAS_EFFECT,EFF_01285,2,train
HER_01867,HAS_EFFECT,EFF_01356,2,train
HER_01878,HAS_EFFECT,EFF_01285,2,train
HER_01903,RELIEVES,SYM_03606,3,train
HER_01986,RELIEVES,SYM_03606,3,train
HER_01986,RELIEVES,SYM_03460,2,valid
HER_01897,RELIEVES,SYM_03606,3,train
HER_01990,RELIEVES,SYM_05106,2,train
HER_01854,RELIEVES,SYM_04429,2,train
HER_01854,RELIEVES,SYM_03606,4,train
HER_01854,RELIEVES,SYM_03460,5,train
HER_01919,RELIEVES,SYM_03606,6,train
HER_01867,RELIEVES,SYM_05106,2,train
HER_01867,RELIEVES,SYM_03606,3,train
HER_01878,RELIEVES,SYM_04429,2,train
HER_01878,RELIEVES,SYM_05106,2,train
HER_01878,RELIEVES,SYM_03606,6,train
PRE_02526,CONTAINS,HER_01868,2,train
PRE_02526,CONTAINS,HER_01942,3,train
PRE_02526,CONTAINS,HER_01893,4,train
PRE_02526,CONTAINS,HER_01921,4,train
HER_01903,HAS_EFFECT,EFF_01257,5,train
HER_01868,HAS_EFFECT,EFF_01257,8,train
HER_01942,HAS_EFFECT,EFF_01366,2,train
HER_01854,HAS_EFFECT,EFF_01257,14,train
HER_01854,HAS_EFFECT,EFF_01366,2,train
HER_01881,HAS_EFFECT,EFF_01257,2,train
HER_01881,HAS_EFFECT,EFF_01454,2,train
HER_01893,HAS_EFFECT,EFF_01257,4,train
HER_01893,HAS_EFFECT,EFF_01366,3,train
HER_01921,HAS_EFFECT,EFF_01366,2,train
HER_01921,HAS_EFFECT,EFF_01454,2,train
PRE_02505,CONTAINS,HER_02052,4,train
PRE_02505,CONTAINS,HER_01868,2,train
PRE_02505,CONTAINS,HER_01900,2,train
PRE_02505,CONTAINS,HER_01854,7,train
PRE_02505,CONTAINS,HER_01879,5,test
HER_01854,HAS_EFFECT,EFF_01439,2,train
PRE_02667,CONTAINS,HER_01928,2,train
PRE_02667,CONTAINS,HER_01854,2,train
PRE_02667,CONTAINS,HER_01881,2,train
PRE_02667,CONTAINS,HER_01867,2,train
PRE_02667,CONTAINS,HER_01997,2,train
PRE_02667,CONTAINS,HER_02286,2,train
PRE_02667,CONTAINS,HER_01870,2,test
HER_01854,HAS_EFFECT,EFF_01268,7,train
HER_01867,HAS_EFFECT,EFF_01268,3,train
HER_01870,HAS_EFFECT,EFF_01268,2,train
HER_01928,HAS_EFFECT,EFF_01271,3,train
HER_01948,HAS_EFFECT,EFF_01271,5,train
HER_01881,HAS_EFFECT,EFF_01271,2,train
HER_01878,HAS_EFFECT,EFF_01271,6,train
HER_01870,HAS_EFFECT,EFF_01271,2,train
PRE_02528,CONTAINS,HER_02031,2,train
PRE_02528,CONTAINS,HER_01866,7,valid
PRE_02528,CONTAINS,HER_01854,6,train
PRE_02528,CONTAINS,HER_01860,9,train
PRE_02528,CONTAINS,HER_01871,2,test
PRE_02528,CONTAINS,HER_01856,4,train
PRE_02528,CONTAINS,HER_01911,2,train
HER_01907,HAS_EFFECT,EFF_01257,2,train
HER_02031,HAS_EFFECT,EFF_01257,7,train
HER_01863,HAS_EFFECT,EFF_01257,3,train
HER_01990,HAS_EFFECT,EFF_01257,4,train
HER_01860,HAS_EFFECT,EFF_01257,10,train
HER_01911,HAS_EFFECT,EFF_01257,8,train
PRE_02644,CONTAINS,HER_01857,2,train
PRE_02644,CONTAINS,HER_01862,2,train
PRE_02644,CONTAINS,HER_01854,2,train
PRE_02644,CONTAINS,HER_01855,2,valid
PRE_02481,CONTAINS,HER_01857,14,train
PRE_02481,CONTAINS,HER_01862,6,train
PRE_02481,CONTAINS,HER_01854,7,train
PRE_02481,CONTAINS,HER_01855,10,train
PRE_02481,CONTAINS,HER_01884,3,test
PRE_02481,CONTAINS,HER_01879,9,test
PRE_02481,CONTAINS,HER_01893,6,train
PRE_02481,CONTAINS,HER_01898,4,train
PRE_02535,CONTAINS,HER_01857,2,train
PRE_02535,CONTAINS,HER_01862,2,valid
PRE_02535,CONTAINS,HER_01854,2,train
PRE_02535,CONTAINS,HER_01855,4,train
PRE_02535,CONTAINS,HER_01884,5,train
PRE_02535,CONTAINS,HER_01879,2,train
HER_01857,HAS_EFFECT,EFF_01448,2,train
HER_01857,HAS_EFFECT,EFF_01291,3,valid
HER_01862,HAS_EFFECT,EFF_01291,5,train
HER_01854,HAS_EFFECT,EFF_01448,2,test
HER_01854,HAS_EFFECT,EFF_01291,2,train
HER_01855,HAS_EFFECT,EFF_01448,2,train
HER_01855,HAS_EFFECT,EFF_01291,4,test
HER_01884,HAS_EFFECT,EFF_01291,3,train
HER_01879,HAS_EFFECT,EFF_01291,3,train
HER_01893,HAS_EFFECT,EFF_01291,2,train
HER_01937,HAS_EFFECT,EFF_01315,2,train
HER_01867,HAS_EFFECT,EFF_01315,2,train
HER_01965,HAS_EFFECT,EFF_01315,2,valid
HER_01870,HAS_EFFECT,EFF_01315,3,train
HER_01868,HAS_EFFECT,EFF_01359,2,valid
HER_02101,HAS_EFFECT,EFF_01359,2,train
HER_01858,HAS_EFFECT,EFF_01359,2,train
HER_01870,HAS_EFFECT,EFF_01359,2,train
PRE_03003,CONTAINS,HER_02060,2,train
PRE_03003,CONTAINS,HER_01854,2,train
PRE_03003,CONTAINS,HER_01860,2,train
PRE_03003,CONTAINS,HER_01922,2,train
PRE_03003,CONTAINS,HER_01874,2,train
PRE_03003,CONTAINS,HER_01858,2,train
PRE_03003,CONTAINS,HER_01883,2,train
PRE_03003,CONTAINS,HER_01971,2,train
PRE_02533,CONTAINS,HER_02060,2,train
PRE_02533,CONTAINS,HER_01854,3,train
PRE_02533,CONTAINS,HER_01860,2,train
PRE_02533,CONTAINS,HER_01922,3,train
PRE_02533,CONTAINS,HER_01874,2,test
PRE_02533,CONTAINS,HER_01858,2,valid
PRE_02533,CONTAINS,HER_01883,3,train
PRE_02533,CONTAINS,HER_01971,2,train
PRE_02493,CONTAINS,HER_02060,2,train
PRE_02493,CONTAINS,HER_01854,7,train
PRE_02493,CONTAINS,HER_01860,4,valid
PRE_02493,CONTAINS,HER_01922,2,train
PRE_02493,CONTAINS,HER_01874,2,train
PRE_02493,CONTAINS,HER_01858,6,train
PRE_02493,CONTAINS,HER_01883,9,train
PRE_02493,CONTAINS,HER_01971,3,train
PRE_02492,CONTAINS,HER_02060,2,train
PRE_02492,CONTAINS,HER_01854,6,test
PRE_02492,CONTAINS,HER_01860,3,train
PRE_02492,CONTAINS,HER_01922,3,train
PRE_02492,CONTAINS,HER_01874,5,train
PRE_02492,CONTAINS,HER_01858,9,valid
PRE_02492,CONTAINS,HER_01883,8,train
PRE_02492,CONTAINS,HER_01971,2,train
PRE_02509,CONTAINS,HER_02060,2,train
PRE_02509,CONTAINS,HER_01854,4,train
PRE_02509,CONTAINS,HER_01860,3,train
PRE_02509,CONTAINS,HER_01922,3,train
PRE_02509,CONTAINS,HER_01874,3,train
PRE_02509,CONTAINS,HER_01858,3,train
PRE_02509,CONTAINS,HER_01883,5,train
PRE_02509,CONTAINS,HER_01971,2,train
HER_02060,HAS_EFFECT,EFF_01397,2,train
HER_01854,HAS_EFFECT,EFF_01397,2,train
HER_01860,HAS_EFFECT,EFF_01397,2,train
HER_01922,HAS_EFFECT,EFF_01397,2,train
HER_01874,HAS_EFFECT,EFF_01397,2,train
HER_01858,HAS_EFFECT,EFF_01397,2,train
HER_01883,HAS_EFFECT,EFF_01397,2,test
HER_01971,HAS_EFFECT,EFF_01397,2,test
PRE_02591,CONTAINS,HER_02272,2,valid
PRE_02591,CONTAINS,HER_01895,2,train
PRE_02591,CONTAINS,HER_01963,2,train
HER_02272,HAS_EFFECT,EFF_01267,2,train
HER_01895,HAS_EFFECT,EFF_01267,6,test
HER_01963,HAS_EFFECT,EFF_01267,8,train
CAU_00181,CAUSES,SYM_03647,2,train
HER_01901,HAS_EFFECT,EFF_01337,2,train
HER_01901,HAS_EFFECT,EFF_01357,2,train
HER_02223,HAS_EFFECT,EFF_01337,2,train
HER_02223,HAS_EFFECT,EFF_01357,2,train
HER_02104,HAS_EFFECT,EFF_01337,2,train
HER_02104,HAS_EFFECT,EFF_01357,2,train
HER_01883,HAS_EFFECT,EFF_01337,2,train
HER_01883,HAS_EFFECT,EFF_01357,2,test
HER_02064,HAS_EFFECT,EFF_01337,2,train
HER_02064,HAS_EFFECT,EFF_01357,2,train
HER_01901,RELIEVES,SYM_03647,2,train
HER_02223,RELIEVES,SYM_03647,2,train
HER_02104,RELIEVES,SYM_03647,2,train
HER_01883,RELIEVES,SYM_03647,2,valid
HER_02064,RELIEVES,SYM_03647,2,train
HER_01876,HAS_EFFECT,EFF_01377,2,train
HER_01879,HAS_EFFECT,EFF_01377,2,train
HER_01856,HAS_EFFECT,EFF_01377,2,train
HER_01893,HAS_EFFECT,EFF_01377,2,train
HER_01912,RELIEVES,SYM_03553,2,train
HER_01893,RELIEVES,SYM_03553,2,train
HER_01903,HAS_EFFECT,EFF_01268,2,train
HER_01855,HAS_EFFECT,EFF_01268,6,train
PRE_02887,CONTAINS,HER_01870,2,train
PRE_02887,CONTAINS,HER_01942,2,train
PRE_02887,CONTAINS,HER_01995,2,train
PRE_02887,CONTAINS,HER_02000,2,train
PRE_02887,CONTAINS,HER_01921,2,test
PRE_02582,CONTAINS,HER_02074,2,train
PRE_02582,CONTAINS,HER_01870,2,train
PRE_02516,CONTAINS,HER_01857,9,train
PRE_02516,CONTAINS,HER_01900,5,train
PRE_02516,CONTAINS,HER_01862,10,train
PRE_02516,CONTAINS,HER_01854,7,test
PRE_02516,CONTAINS,HER_01855,10,train
PRE_02516,CONTAINS,HER_01879,8,train
PRE_02516,CONTAINS,HER_01915,4,train
PRE_02516,CONTAINS,HER_01864,6,train
PRE_02505,CONTAINS,HER_01857,2,train
PRE_02505,CONTAINS,HER_01913,7,train
PRE_02505,CONTAINS,HER_01862,6,test
PRE_02505,CONTAINS,HER_01855,6,test
PRE_02505,CONTAINS,HER_01860,3,train
PRE_02505,CONTAINS,HER_01864,4,train
PRE_02481,CONTAINS,HER_01900,2,train
PRE_02481,CONTAINS,HER_01913,3,train
PRE_02481,CONTAINS,HER_01860,3,train
PRE_02481,CONTAINS,HER_01915,3,train
PRE_02481,CONTAINS,HER_01864,10,train
HER_01857,HAS_EFFECT,EFF_01266,6,test
HER_01913,HAS_EFFECT,EFF_01266,6,train
HER_01862,HAS_EFFECT,EFF_01266,13,test
HER_01854,HAS_EFFECT,EFF_01266,6,valid
HER_01855,HAS_EFFECT,EFF_01266,10,train
HER_01860,HAS_EFFECT,EFF_01266,2,train
HER_01879,HAS_EFFECT,EFF_01266,6,test
HER_01915,HAS_EFFECT,EFF_01266,3,train
HER_01864,HAS_EFFECT,EFF_01266,5,valid
HER_01977,HAS_EFFECT,EFF_01266,3,train
HER_01855,RELIEVES,SYM_04507,2,train
HER_01898,RELIEVES,SYM_04507,2,train
PRE_02481,CONTAINS,HER_01868,3,train
HER_01857,HAS_EFFECT,EFF_01255,26,train
HER_01857,HAS_EFFECT,EFF_01268,6,train
HER_01857,HAS_EFFECT,EFF_01254,35,train
HER_01868,HAS_EFFECT,EFF_01255,3,train
HER_01868,HAS_EFFECT,EFF_01268,2,train
HER_01868,HAS_EFFECT,EFF_01254,9,train
HER_01900,HAS_EFFECT,EFF_01255,2,valid
HER_01900,HAS_EFFECT,EFF_01268,3,train
HER_01900,HAS_EFFECT,EFF_01254,5,train
HER_01862,HAS_EFFECT,EFF_01255,24,valid
HER_01862,HAS_EFFECT,EFF_01268,4,train
HER_01862,HAS_EFFECT,EFF_01254,19,test
HER_01854,HAS_EFFECT,EFF_01255,21,valid
HER_01854,HAS_EFFECT,EFF_01254,22,train
HER_01855,HAS_EFFECT,EFF_01255,29,train
HER_01855,HAS_EFFECT,EFF_01254,38,train
HER_01879,HAS_EFFECT,EFF_01255,20,train
HER_01879,HAS_EFFECT,EFF_01268,4,train
HER_01879,HAS_EFFECT,EFF_01254,26,train
HER_01864,HAS_EFFECT,EFF_01255,15,train
HER_01864,HAS_EFFECT,EFF_01268,3,train
HER_01864,HAS_EFFECT,EFF_01254,25,train
HER_01876,HAS_EFFECT,EFF_01363,3,train
PRE_02676,CONTAINS,HER_01857,2,test
PRE_02676,CONTAINS,HER_01880,2,valid
PRE_02676,CONTAINS,HER_01855,2,train
PRE_02676,CONTAINS,HER_01873,2,train
PRE_02676,CONTAINS,HER_01930,2,train
HER_01857,HAS_EFFECT,EFF_01391,2,train
HER_01862,HAS_EFFECT,EFF_01391,2,train
HER_01854,HAS_EFFECT,EFF_01391,2,train
HER_01855,HAS_EFFECT,EFF_01391,2,train
HER_01873,HAS_EFFECT,EFF_01391,2,train
HER_01912,HAS_EFFECT,EFF_01391,2,train
HER_01930,HAS_EFFECT,EFF_01391,2,train
PRE_02606,CONTAINS,HER_01915,2,train
PRE_02606,CONTAINS,HER_01887,4,valid
PRE_02606,CONTAINS,HER_02019,2,train
PRE_02606,CONTAINS,HER_01854,2,train
PRE_02606,CONTAINS,HER_01916,3,train
PRE_02606,CONTAINS,HER_01855,4,train
PRE_02606,CONTAINS,HER_02083,2,train
PRE_02606,CONTAINS,HER_01872,2,train
PRE_02606,CONTAINS,HER_01861,4,train
PRE_02606,CONTAINS,HER_01869,3,train
PRE_02606,CONTAINS,HER_01864,4,train
PRE_02606,CONTAINS,HER_01987,2,train
PRE_02606,CONTAINS,HER_01931,3,valid
PRE_02606,TREATS,SYM_03444,2,train
HER_01858,HAS_EFFECT,EFF_01253,50,train
HER_01915,HAS_EFFECT,EFF_01253,13,train
HER_01887,HAS_EFFECT,EFF_01253,22,train
HER_02019,HAS_EFFECT,EFF_01253,2,test
HER_01857,HAS_EFFECT,EFF_01253,16,train
HER_01854,HAS_EFFECT,EFF_01253,49,train
HER_01916,HAS_EFFECT,EFF_01253,11,train
HER_01855,HAS_EFFECT,EFF_01253,39,train
HER_01860,HAS_EFFECT,EFF_01253,23,train
HER_02083,HAS_EFFECT,EFF_01253,3,train
HER_01952,HAS_EFFECT,EFF_01253,5,train
HER_01872,HAS_EFFECT,EFF_01253,38,train
HER_01861,HAS_EFFECT,EFF_01253,37,train
HER_01869,HAS_EFFECT,EFF_01253,37,train
HER_01864,HAS_EFFECT,EFF_01253,19,train
HER_01987,HAS_EFFECT,EFF_01253,4,train
HER_01931,HAS_EFFECT,EFF_01253,7,train
HER_01858,RELIEVES,SYM_03444,11,train
HER_01915,RELIEVES,SYM_03444,3,train
HER_01887,RELIEVES,SYM_03444,9,valid
HER_02019,RELIEVES,SYM_03444,2,test
HER_01857,RELIEVES,SYM_03444,8,train
HER_01854,RELIEVES,SYM_03444,9,train
HER_01916,RELIEVES,SYM_03444,4,train
HER_01855,RELIEVES,SYM_03444,12,valid
HER_01860,RELIEVES,SYM_03444,4,train
HER_02083,RELIEVES,SYM_03444,2,train
HER_01980,RELIEVES,SYM_03444,2,train
HER_01872,RELIEVES,SYM_03444,9,train
HER_01861,RELIEVES,SYM_03444,10,test
HER_01869,RELIEVES,SYM_03444,19,train
HER_01864,RELIEVES,SYM_03444,5,train
HER_01987,RELIEVES,SYM_03444,3,train
HER_01931,RELIEVES,SYM_03444,3,train
CAU_00012,CAUSES,SYM_04079,2,train
PRE_02491,CONTAINS,HER_01862,4,train
PRE_02491,CONTAINS,HER_02070,2,train
PRE_02491,CONTAINS,HER_01946,2,train
PRE_02491,CONTAINS,HER_01857,4,valid
PRE_02491,CONTAINS,HER_01854,4,valid
PRE_02491,CONTAINS,HER_01855,3,train
PRE_02491,CONTAINS,HER_01860,2,test
PRE_02491,CONTAINS,HER_01903,3,train
PRE_02491,CONTAINS,HER_01894,3,train
PRE_02491,CONTAINS,HER_01980,4,test
PRE_02491,CONTAINS,HER_01874,3,train
PRE_02491,CONTAINS,HER_01879,4,train
PRE_02491,CONTAINS,HER_01856,2,train
PRE_02491,CONTAINS,HER_01864,3,train
PRE_02491,CONTAINS,HER_01867,3,train
HER_01939,HAS_EFFECT,EFF_01255,5,train
HER_01862,HAS_EFFECT,EFF_01264,6,train
HER_01862,HAS_EFFECT,EFF_01280,6,train
HER_02070,HAS_EFFECT,EFF_01280,3,train
HER_01946,HAS_EFFECT,EFF_01255,4,train
HER_01946,HAS_EFFECT,EFF_01280,2,train
HER_02115,HAS_EFFECT,EFF_01255,2,train
HER_02096,HAS_EFFECT,EFF_01255,2,train
HER_02096,HAS_EFFECT,EFF_01280,2,train
HER_01857,HAS_EFFECT,EFF_01264,10,train
HER_01857,HAS_EFFECT,EFF_01280,4,train
HER_01875,HAS_EFFECT,EFF_01264,3,train
HER_01875,HAS_EFFECT,EFF_01255,15,test
HER_01875,HAS_EFFECT,EFF_01280,2,test
HER_01928,HAS_EFFECT,EFF_01264,3,train
HER_01928,HAS_EFFECT,EFF_01255,4,train
HER_01928,HAS_EFFECT,EFF_01280,2,train
HER_01975,HAS_EFFECT,EFF_01255,5,train
HER_01932,HAS_EFFECT,EFF_01255,2,train
HER_01854,HAS_EFFECT,EFF_01264,9,train
HER_01854,HAS_EFFECT,EFF_01280,4,train
HER_01855,HAS_EFFECT,EFF_01264,6,train
HER_01855,HAS_EFFECT,EFF_01280,5,train
HER_01860,HAS_EFFECT,EFF_01264,6,train
HER_01860,HAS_EFFECT,EFF_01255,11,train
HER_01977,HAS_EFFECT,EFF_01255,3,train
HER_01903,HAS_EFFECT,EFF_01255,6,train
HER_01903,HAS_EFFECT,EFF_01280,5,train
HER_01894,HAS_EFFECT,EFF_01264,3,train
HER_01894,HAS_EFFECT,EFF_01255,7,train
HER_01894,HAS_EFFECT,EFF_01280,2,test
HER_01980,HAS_EFFECT,EFF_01255,4,test
HER_01980,HAS_EFFECT,EFF_01280,5,test
HER_01910,HAS_EFFECT,EFF_01255,3,valid
HER_01910,HAS_EFFECT,EFF_01280,3,train
HER_01874,HAS_EFFECT,EFF_01264,2,train
HER_01874,HAS_EFFECT,EFF_01255,7,train
HER_01879,HAS_EFFECT,EFF_01264,2,train
HER_01879,HAS_EFFECT,EFF_01280,4,train
HER_01856,HAS_EFFECT,EFF_01264,13,train
HER_01856,HAS_EFFECT,EFF_01255,20,train
HER_01856,HAS_EFFECT,EFF_01280,2,train
HER_01864,HAS_EFFECT,EFF_01264,6,train
HER_01864,HAS_EFFECT,EFF_01280,3,train
HER_01927,HAS_EFFECT,EFF_01255,3,train
HER_01913,HAS_EFFECT,EFF_01255,5,train
HER_01913,HAS_EFFECT,EFF_01280,3,valid
HER_02105,HAS_EFFECT,EFF_01255,3,train
HER_02105,HAS_EFFECT,EFF_01280,2,train
HER_02095,HAS_EFFECT,EFF_01255,3,test
HER_02095,HAS_EFFECT,EFF_01280,4,train
HER_01989,HAS_EFFECT,EFF_01255,2,train
HER_02026,HAS_EFFECT,EFF_01264,2,train
HER_02026,HAS_EFFECT,EFF_01255,3,train
HER_02026,HAS_EFFECT,EFF_01280,3,valid
HER_01867,HAS_EFFECT,EFF_01264,2,train
HER_01867,HAS_EFFECT,EFF_01255,7,valid
HER_01867,HAS_EFFECT,EFF_01280,6,valid
HER_01911,HAS_EFFECT,EFF_01264,2,test
HER_01911,HAS_EFFECT,EFF_01255,9,test
HER_01911,HAS_EFFECT,EFF_01280,4,test
HER_01855,RELIEVES,SYM_04079,2,train
HER_01903,RELIEVES,SYM_04079,2,train
HER_01980,RELIEVES,SYM_04079,2,train
HER_01913,RELIEVES,SYM_04079,2,valid
HER_02095,RELIEVES,SYM_04079,2,valid
HER_02026,RELIEVES,SYM_04079,2,train
HER_01867,RELIEVES,SYM_04079,2,train
HER_01911,RELIEVES,SYM_04079,2,valid
HER_01880,HAS_EFFECT,EFF_01255,9,train
HER_01891,HAS_EFFECT,EFF_01255,5,train
HER_01891,HAS_EFFECT,EFF_01279,4,train
HER_01863,HAS_EFFECT,EFF_01255,12,train
HER_02235,HAS_EFFECT,EFF_01280,3,train
HER_01855,HAS_EFFECT,EFF_01279,5,train
HER_01859,HAS_EFFECT,EFF_01255,12,train
HER_01859,HAS_EFFECT,EFF_01279,8,valid
HER_01931,HAS_EFFECT,EFF_01255,4,train
HER_01931,HAS_EFFECT,EFF_01280,2,train
HER_02036,HAS_EFFECT,EFF_01255,4,train
HER_02036,HAS_EFFECT,EFF_01280,2,train
PRE_02500,CONTAINS,HER_01886,9,test
PRE_02500,CONTAINS,HER_02031,3,train
PRE_02500,CONTAINS,HER_02069,2,train
PRE_02500,CONTAINS,HER_01891,3,train
PRE_02500,CONTAINS,HER_02016,2,test
PRE_02500,CONTAINS,HER_02139,2,train
PRE_02500,CONTAINS,HER_01864,5,test
PRE_02500,CONTAINS,HER_02034,2,train
HER_01915,HAS_EFFECT,EFF_01257,5,train
HER_01886,HAS_EFFECT,EFF_01257,17,test
HER_02069,HAS_EFFECT,EFF_01257,5,train
HER_01891,HAS_EFFECT,EFF_01257,9,train
HER_02016,HAS_EFFECT,EFF_01257,3,train
HER_02139,HAS_EFFECT,EFF_01257,2,test
HER_02003,HAS_EFFECT,EFF_01257,4,train
HER_01864,HAS_EFFECT,EFF_01257,13,train
HER_02205,HAS_EFFECT,EFF_01257,2,train
HER_02034,HAS_EFFECT,EFF_01257,4,valid
HER_01871,RELIEVES,SYM_03692,2,valid
HER_01886,RELIEVES,SYM_03692,2,train
HER_01877,RELIEVES,SYM_03692,2,train
HER_01897,RELIEVES,SYM_03692,3,train
HER_01859,RELIEVES,SYM_03692,2,valid
HER_01874,RELIEVES,SYM_03807,2,train
HER_01856,RELIEVES,SYM_03692,3,train
HER_01866,RELIEVES,SYM_03692,2,train
HER_02205,RELIEVES,SYM_03692,2,train
HER_01880,HAS_EFFECT,EFF_01259,2,train
HER_02052,HAS_EFFECT,EFF_01259,2,train
HER_01928,HAS_EFFECT,EFF_01259,2,train
HER_01862,HAS_EFFECT,EFF_01259,9,train
HER_01854,HAS_EFFECT,EFF_01259,3,test
HER_01856,HAS_EFFECT,EFF_01259,9,train
HER_01970,HAS_EFFECT,EFF_01259,4,train
HER_01883,HAS_EFFECT,EFF_01264,2,train
HER_01883,HAS_EFFECT,EFF_01259,2,valid
PRE_02505,CONTAINS,HER_01903,3,train
PRE_02505,CONTAINS,HER_01883,2,train
HER_01903,HAS_EFFECT,EFF_01266,4,train
HER_01980,HAS_EFFECT,EFF_01266,2,test
HER_02121,HAS_EFFECT,EFF_01266,3,train
HER_01931,HAS_EFFECT,EFF_01266,2,train
HER_01883,HAS_EFFECT,EFF_01266,2,train
HER_01897,HAS_EFFECT,EFF_01335,4,train
HER_01877,HAS_EFFECT,EFF_01335,4,train
HER_01866,HAS_EFFECT,EFF_01335,4,train
HER_01859,HAS_EFFECT,EFF_01335,2,valid
HER_01871,HAS_EFFECT,EFF_01335,2,train
HER_01874,HAS_EFFECT,EFF_01335,2,train
HER_01856,HAS_EFFECT,EFF_01335,4,train
PRE_02483,CONTAINS,HER_01897,16,train
PRE_02483,CONTAINS,HER_01868,3,train
PRE_02483,CONTAINS,HER_01877,16,train
PRE_02483,CONTAINS,HER_02010,14,train
PRE_02483,CONTAINS,HER_01866,14,train
PRE_02483,CONTAINS,HER_01920,2,train
PRE_02483,CONTAINS,HER_01855,7,test
PRE_02483,CONTAINS,HER_01871,8,train
PRE_02483,CONTAINS,HER_01856,15,train
PRE_02483,CONTAINS,HER_01864,2,train
PRE_02482,CONTAINS,HER_01897,6,train
PRE_02482,CONTAINS,HER_01868,5,train
PRE_02482,CONTAINS,HER_01877,5,train
PRE_02482,CONTAINS,HER_02010,2,train
PRE_02482,CONTAINS,HER_01866,4,valid
PRE_02482,CONTAINS,HER_01920,4,train
PRE_02482,CONTAINS,HER_01855,9,train
PRE_02482,CONTAINS,HER_01871,4,valid
PRE_02482,CONTAINS,HER_01856,6,train
PRE_02482,CONTAINS,HER_01864,13,train
HER_02010,HAS_EFFECT,EFF_01257,4,train
HER_01920,HAS_EFFECT,EFF_01257,2,train
HER_01855,HAS_EFFECT,EFF_01257,13,train
PRE_02656,CONTAINS,HER_01863,2,train
PRE_02656,CONTAINS,HER_02026,2,train
PRE_02656,CONTAINS,HER_01916,2,train
PRE_02502,CONTAINS,HER_01863,2,train
PRE_02502,CONTAINS,HER_02026,2,train
PRE_02502,CONTAINS,HER_01916,3,train
PRE_02484,CONTAINS,HER_02117,4,train
PRE_02484,CONTAINS,HER_01868,2,train
PRE_02484,CONTAINS,HER_01855,9,train
PRE_02484,CONTAINS,HER_01921,3,test
PRE_02502,CONTAINS,HER_01868,4,train
PRE_02502,CONTAINS,HER_01854,3,train
PRE_02502,CONTAINS,HER_01855,6,train
PRE_02550,CONTAINS,HER_01868,3,train
PRE_02550,CONTAINS,HER_01854,2,train
PRE_02550,CONTAINS,HER_01855,4,train
HER_01857,HAS_EFFECT,EFF_01256,5,train
HER_01863,HAS_EFFECT,EFF_01256,5,train
HER_01984,HAS_EFFECT,EFF_01256,3,test
HER_02029,HAS_EFFECT,EFF_01256,2,train
HER_01854,HAS_EFFECT,EFF_01256,5,train
HER_01860,HAS_EFFECT,EFF_01256,7,valid
HER_01861,HAS_EFFECT,EFF_01256,3,train
HER_01867,HAS_EFFECT,EFF_01256,4,train
HER_01970,HAS_EFFECT,EFF_01268,2,train
HER_01970,HAS_EFFECT,EFF_01256,5,train
PRE_02563,CONTAINS,HER_01862,2,train
PRE_02563,CONTAINS,HER_01902,2,train
PRE_02563,CONTAINS,HER_01873,2,train
PRE_02563,CONTAINS,HER_01912,2,valid
PRE_02563,CONTAINS,HER_01854,2,valid
PRE_02563,CONTAINS,HER_01879,2,train
PRE_02563,CONTAINS,HER_01866,2,train
PRE_02563,CONTAINS,HER_01919,2,train
HER_01862,HAS_EFFECT,EFF_01322,2,train
HER_01862,HAS_EFFECT,EFF_01257,9,test
HER_01862,HAS_EFFECT,EFF_01265,4,train
HER_01902,HAS_EFFECT,EFF_01322,2,train
HER_01902,HAS_EFFECT,EFF_01265,2,train
HER_01873,HAS_EFFECT,EFF_01257,3,valid
HER_01873,HAS_EFFECT,EFF_01265,5,valid
HER_01871,HAS_EFFECT,EFF_01322,2,test
HER_01871,HAS_EFFECT,EFF_01265,3,valid
HER_01912,HAS_EFFECT,EFF_01322,2,train
HER_01912,HAS_EFFECT,EFF_01257,4,train
HER_02096,HAS_EFFECT,EFF_01257,3,train
HER_01886,HAS_EFFECT,EFF_01322,2,train
HER_01886,HAS_EFFECT,EFF_01265,3,train
HER_01875,HAS_EFFECT,EFF_01322,2,train
HER_01875,HAS_EFFECT,EFF_01257,4,train
HER_01880,HAS_EFFECT,EFF_01257,4,train
HER_01877,HAS_EFFECT,EFF_01322,2,train
HER_01863,HAS_EFFECT,EFF_01265,3,train
HER_01854,HAS_EFFECT,EFF_01322,4,train
HER_01854,HAS_EFFECT,EFF_01265,5,train
HER_01925,HAS_EFFECT,EFF_01257,2,test
HER_01925,HAS_EFFECT,EFF_01265,4,train
HER_01903,HAS_EFFECT,EFF_01265,2,train
HER_02138,HAS_EFFECT,EFF_01257,2,train
HER_01897,HAS_EFFECT,EFF_01322,2,train
HER_01910,HAS_EFFECT,EFF_01322,2,train
HER_01910,HAS_EFFECT,EFF_01257,4,train
HER_01910,HAS_EFFECT,EFF_01265,4,train
HER_01879,HAS_EFFECT,EFF_01322,2,train
HER_01879,HAS_EFFECT,EFF_01257,6,train
HER_01866,HAS_EFFECT,EFF_01322,2,train
HER_01866,HAS_EFFECT,EFF_01265,2,train
HER_01919,HAS_EFFECT,EFF_01257,3,train
HER_01919,HAS_EFFECT,EFF_01265,5,train
HER_01944,HAS_EFFECT,EFF_01257,2,train
HER_01867,HAS_EFFECT,EFF_01257,2,train
HER_01867,HAS_EFFECT,EFF_01265,6,train
HER_01863,HAS_EFFECT,EFF_01314,4,train
HER_02124,HAS_EFFECT,EFF_01314,2,train
PRE_02481,CONTAINS,HER_01875,2,train
PRE_02481,CONTAINS,HER_01863,3,train
PRE_02553,CONTAINS,HER_01944,2,train
PRE_02482,CONTAINS,HER_01909,2,train
PRE_02482,CONTAINS,HER_01918,6,train
PRE_02482,CONTAINS,HER_01968,3,train
PRE_02486,CONTAINS,HER_01935,2,train
PRE_02663,CONTAINS,HER_01857,3,train
PRE_02663,CONTAINS,HER_01863,2,train
PRE_02663,CONTAINS,HER_01862,2,train
PRE_02663,CONTAINS,HER_01854,4,train
PRE_02663,CONTAINS,HER_01873,2,train
PRE_02663,CONTAINS,HER_01930,2,train
PRE_02480,CONTAINS,HER_01857,21,train
PRE_02480,CONTAINS,HER_01903,2,train
PRE_02480,CONTAINS,HER_02050,3,train
PRE_02480,CONTAINS,HER_01863,7,train
PRE_02480,CONTAINS,HER_01889,11,train
PRE_02480,CONTAINS,HER_01862,7,train
PRE_02480,CONTAINS,HER_01854,34,train
PRE_02480,CONTAINS,HER_01859,8,train
PRE_02480,CONTAINS,HER_01861,11,train
PRE_02480,CONTAINS,HER_01922,3,train
PRE_02480,CONTAINS,HER_01873,7,train
PRE_02480,CONTAINS,HER_01856,21,train
PRE_02480,CONTAINS,HER_01911,2,valid
PRE_02480,CONTAINS,HER_01930,4,train
PRE_02694,CONTAINS,HER_02168,2,train
PRE_02694,CONTAINS,HER_01941,2,train
PRE_02694,CONTAINS,HER_02220,2,train
PRE_02558,CONTAINS,HER_01868,2,train
PRE_02558,CONTAINS,HER_01866,2,train
PRE_02558,CONTAINS,HER_01916,2,valid
PRE_02558,CONTAINS,HER_01864,2,train
HER_01887,HAS_EFFECT,EFF_01257,2,valid
HER_01897,HAS_EFFECT,EFF_01258,2,test
HER_01895,HAS_EFFECT,EFF_01258,6,train
HER_02003,HAS_EFFECT,EFF_01258,3,train
HER_01886,HAS_EFFECT,EFF_01258,7,train
HER_01897,HAS_EFFECT,EFF_01304,2,train
HER_01877,HAS_EFFECT,EFF_01304,2,train
HER_01862,HAS_EFFECT,EFF_01304,3,test
HER_01886,HAS_EFFECT,EFF_01304,2,train
PRE_02577,CONTAINS,HER_01857,2,train
PRE_02577,CONTAINS,HER_01877,2,train
PRE_02577,CONTAINS,HER_01854,2,train
PRE_02577,CONTAINS,HER_01855,3,train
PRE_02577,CONTAINS,HER_02196,3,train
PRE_02577,CONTAINS,HER_01873,2,train
PRE_02577,CONTAINS,HER_01946,4,train
HER_01875,HAS_EFFECT,EFF_01321,4,train
HER_01857,HAS_EFFECT,EFF_01321,3,valid
HER_01854,HAS_EFFECT,EFF_01321,3,valid
HER_01910,HAS_EFFECT,EFF_01321,3,train
HER_01855,HAS_EFFECT,EFF_01321,4,train
HER_01902,HAS_EFFECT,EFF_01321,2,train
HER_01873,HAS_EFFECT,EFF_01321,3,valid
HER_01946,HAS_EFFECT,EFF_01321,2,valid
HER_01930,HAS_EFFECT,EFF_01321,2,valid
HER_02096,HAS_EFFECT,EFF_01321,2,train
HER_01875,HAS_EFFECT,EFF_01356,2,train
HER_01875,HAS_EFFECT,EFF_01393,2,train
HER_01863,HAS_EFFECT,EFF_01356,2,train
HER_01854,HAS_EFFECT,EFF_01393,2,test
HER_01918,HAS_EFFECT,EFF_01255,5,train
HER_01967,HAS_EFFECT,EFF_01255,3,train
HER_01871,HAS_EFFECT,EFF_01255,5,train
HER_01902,HAS_EFFECT,EFF_01255,7,train
HER_01873,HAS_EFFECT,EFF_01255,9,train
HER_01930,HAS_EFFECT,EFF_01255,5,train
HER_01886,HAS_EFFECT,EFF_01255,10,train
PRE_02483,CONTAINS,HER_01857,5,train
PRE_02483,CONTAINS,HER_01863,5,train
PRE_02483,CONTAINS,HER_01862,6,train
PRE_02483,CONTAINS,HER_01854,9,train
HER_01857,HAS_EFFECT,EFF_01257,6,train
HER_02114,HAS_EFFECT,EFF_01257,2,test
HER_01946,HAS_EFFECT,EFF_01257,3,train
PRE_02513,CONTAINS,HER_01875,5,train
PRE_02513,CONTAINS,HER_01857,4,train
PRE_02513,CONTAINS,HER_01860,2,train
PRE_02513,CONTAINS,HER_01902,2,train
PRE_02513,CONTAINS,HER_01855,4,train
PRE_02582,CONTAINS,HER_01855,3,train
PRE_02481,CONTAINS,HER_01918,2,train
PRE_02481,CONTAINS,HER_01859,6,train
HER_01918,HAS_EFFECT,EFF_01254,13,train
HER_01859,HAS_EFFECT,EFF_01254,11,train
HER_01860,HAS_EFFECT,EFF_01254,13,train
HER_01887,HAS_EFFECT,EFF_01254,9,train
HER_01898,HAS_EFFECT,EFF_01254,7,test
HER_02079,HAS_EFFECT,EFF_01254,2,train
PRE_02617,CONTAINS,HER_01854,2,train
PRE_02617,CONTAINS,HER_01860,2,test
PRE_02617,CONTAINS,HER_01859,2,test
PRE_02617,CONTAINS,HER_01874,2,train
PRE_02528,CONTAINS,HER_01861,3,train
PRE_02528,CONTAINS,HER_01859,10,train
PRE_02528,CONTAINS,HER_01874,7,train
HER_01895,HAS_EFFECT,EFF_01269,2,train
HER_01854,HAS_EFFECT,EFF_01269,4,train
HER_01860,HAS_EFFECT,EFF_01269,2,train
HER_01861,HAS_EFFECT,EFF_01269,3,valid
HER_01859,HAS_EFFECT,EFF_01269,2,train
HER_01874,HAS_EFFECT,EFF_01269,2,train
HER_02079,HAS_EFFECT,EFF_01269,2,train
PRE_02500,CONTAINS,HER_01868,2,train
PRE_02574,CONTAINS,HER_01939,2,train
PRE_02574,CONTAINS,HER_01868,3,test
PRE_02574,CONTAINS,HER_01975,2,train
PRE_02574,CONTAINS,HER_01978,2,valid
PRE_02482,CONTAINS,HER_01952,4,train
PRE_02482,CONTAINS,HER_01916,4,train
PRE_02482,CONTAINS,HER_01861,4,valid
PRE_02482,CONTAINS,HER_01917,4,train
PRE_02482,CONTAINS,HER_02222,2,train
PRE_02492,CONTAINS,HER_01868,7,valid
PRE_02492,CONTAINS,HER_02039,2,valid
PRE_02492,CONTAINS,HER_01932,2,train
PRE_02492,CONTAINS,HER_01876,2,train
PRE_02492,CONTAINS,HER_01916,2,train
PRE_02492,CONTAINS,HER_01855,2,train
PRE_02492,CONTAINS,HER_01861,8,train
PRE_02492,CONTAINS,HER_01902,4,train
PRE_02492,CONTAINS,HER_01879,3,train
PRE_02492,CONTAINS,HER_01946,2,train
PRE_02492,CONTAINS,HER_01893,4,train
PRE_02492,TREATS,SYM_03458,2,train
HER_01875,RELIEVES,SYM_03583,2,valid
HER_01875,RELIEVES,SYM_03458,5,test
HER_01939,RELIEVES,SYM_04312,3,train
HER_01939,RELIEVES,SYM_03583,2,train
HER_01939,RELIEVES,SYM_03458,3,train
HER_01868,RELIEVES,SYM_04312,2,train
HER_01868,RELIEVES,SYM_03583,2,train
HER_01868,RELIEVES,SYM_03458,6,train
HER_02039,RELIEVES,SYM_03458,2,train
HER_01932,RELIEVES,SYM_04312,3,train
HER_01932,RELIEVES,SYM_03583,2,test
HER_01876,RELIEVES,SYM_04312,2,train
HER_01876,RELIEVES,SYM_03583,3,train
HER_01876,RELIEVES,SYM_03458,6,train
HER_01854,RELIEVES,SYM_03583,4,train
HER_01854,RELIEVES,SYM_03458,7,train
HER_01916,RELIEVES,SYM_03458,5,train
HER_01855,RELIEVES,SYM_04312,3,train
HER_01855,RELIEVES,SYM_03583,4,valid
HER_01855,RELIEVES,SYM_03458,8,valid
HER_01861,RELIEVES,SYM_03583,2,train
HER_01861,RELIEVES,SYM_03458,6,train
HER_01902,RELIEVES,SYM_03583,3,train
HER_01902,RELIEVES,SYM_03458,4,train
HER_01879,RELIEVES,SYM_03583,2,test
HER_01879,RELIEVES,SYM_03458,3,valid
HER_01950,RELIEVES,SYM_03583,2,train
HER_01950,RELIEVES,SYM_03458,3,train
HER_01858,RELIEVES,SYM_04312,2,train
HER_01858,RELIEVES,SYM_03583,3,train
HER_01858,RELIEVES,SYM_03458,3,train
HER_01893,RELIEVES,SYM_04312,2,train
HER_01893,RELIEVES,SYM_03583,2,train
HER_01893,RELIEVES,SYM_03458,3,test
CAU_00308,CAUSES,SYM_03477,2,train
HER_02233,HAS_EFFECT,EFF_01336,2,train
HER_02009,HAS_EFFECT,EFF_01272,2,test
HER_02009,HAS_EFFECT,EFF_01336,2,valid
HER_01887,HAS_EFFECT,EFF_01272,3,train
HER_01887,HAS_EFFECT,EFF_01336,3,train
HER_01895,HAS_EFFECT,EFF_01272,2,train
HER_01895,HAS_EFFECT,EFF_01336,2,train
HER_01925,HAS_EFFECT,EFF_01336,2,train
HER_01977,HAS_EFFECT,EFF_01272,2,train
HER_01977,HAS_EFFECT,EFF_01336,2,train
HER_01872,HAS_EFFECT,EFF_01272,6,train
HER_01872,HAS_EFFECT,EFF_01336,2,test
HER_01861,HAS_EFFECT,EFF_01272,2,train
HER_01861,HAS_EFFECT,EFF_01336,2,test
HER_01874,HAS_EFFECT,EFF_01272,3,test
HER_01856,HAS_EFFECT,EFF_01272,6,test
HER_01856,HAS_EFFECT,EFF_01336,2,valid
HER_01927,HAS_EFFECT,EFF_01272,2,train
HER_01927,HAS_EFFECT,EFF_01336,3,train
HER_01913,HAS_EFFECT,EFF_01272,2,train
HER_01937,HAS_EFFECT,EFF_01272,3,train
HER_01867,HAS_EFFECT,EFF_01272,2,train
HER_01867,HAS_EFFECT,EFF_01336,3,train
HER_02233,RELIEVES,SYM_03477,2,train
HER_02009,RELIEVES,SYM_03477,2,train
HER_01887,RELIEVES,SYM_03477,4,test
HER_01895,RELIEVES,SYM_03477,2,train
HER_01925,RELIEVES,SYM_03477,3,train
HER_01977,RELIEVES,SYM_03477,3,train
HER_01872,RELIEVES,SYM_03477,6,train
HER_01861,RELIEVES,SYM_03477,5,test
HER_01874,RELIEVES,SYM_03477,2,train
HER_01856,RELIEVES,SYM_03477,4,valid
HER_01927,RELIEVES,SYM_03477,4,train
HER_01913,RELIEVES,SYM_03477,2,train
HER_01937,RELIEVES,SYM_03477,3,train
HER_01867,RELIEVES,SYM_03477,6,train
HER_01911,RELIEVES,SYM_03477,2,train
PRE_02480,CONTAINS,HER_01939,9,train
PRE_02480,CONTAINS,HER_01975,6,train
PRE_02480,CONTAINS,HER_01932,10,train
PRE_02480,CONTAINS,HER_01865,8,train
PRE_02480,CONTAINS,HER_01876,21,train
PRE_02480,CONTAINS,HER_01978,2,train
PRE_02480,CONTAINS,HER_01872,8,train
PRE_02480,CONTAINS,HER_01899,16,train
PRE_02480,CONTAINS,HER_01855,35,train
PRE_02480,CONTAINS,HER_01869,7,test
PRE_02480,CONTAINS,HER_01915,10,train
PRE_02480,CONTAINS,HER_01864,27,train
PRE_02480,CONTAINS,HER_01887,7,train
PRE_02480,CONTAINS,HER_01979,5,valid
PRE_02480,CONTAINS,HER_01934,5,test
HER_01857,HAS_EFFECT,EFF_01269,5,train
HER_01939,HAS_EFFECT,EFF_01269,2,train
HER_01939,HAS_EFFECT,EFF_01253,2,train
HER_01939,HAS_EFFECT,EFF_01254,11,train
HER_01975,HAS_EFFECT,EFF_01253,5,test
HER_01975,HAS_EFFECT,EFF_01254,8,train
HER_01932,HAS_EFFECT,EFF_01269,5,valid
HER_01932,HAS_EFFECT,EFF_01253,3,train
HER_01932,HAS_EFFECT,EFF_01254,8,train
HER_01865,HAS_EFFECT,EFF_01269,3,test
HER_01865,HAS_EFFECT,EFF_01253,38,test
HER_01865,HAS_EFFECT,EFF_01254,4,train
HER_01876,HAS_EFFECT,EFF_01269,6,train
HER_01876,HAS_EFFECT,EFF_01253,17,train
HER_01876,HAS_EFFECT,EFF_01254,10,train
HER_01978,HAS_EFFECT,EFF_01269,5,test
HER_01978,HAS_EFFECT,EFF_01253,3,train
HER_01978,HAS_EFFECT,EFF_01254,5,train
HER_01872,HAS_EFFECT,EFF_01254,5,train
HER_01899,HAS_EFFECT,EFF_01269,2,train
HER_01899,HAS_EFFECT,EFF_01253,15,train
HER_01899,HAS_EFFECT,EFF_01254,13,train
HER_01855,HAS_EFFECT,EFF_01269,8,valid
HER_01861,HAS_EFFECT,EFF_01254,6,train
HER_01869,HAS_EFFECT,EFF_01269,2,test
HER_01869,HAS_EFFECT,EFF_01254,3,train
HER_01915,HAS_EFFECT,EFF_01254,12,train
HER_01864,HAS_EFFECT,EFF_01269,7,train
HER_01887,HAS_EFFECT,EFF_01269,2,test
HER_01979,HAS_EFFECT,EFF_01269,3,train
HER_01979,HAS_EFFECT,EFF_01253,5,train
HER_01979,HAS_EFFECT,EFF_01254,4,train
HER_01934,HAS_EFFECT,EFF_01253,5,train
HER_01934,HAS_EFFECT,EFF_01254,2,train
PRE_02574,CONTAINS,HER_01854,2,train
PRE_02574,CONTAINS,HER_01855,2,train
PRE_02574,CONTAINS,HER_01861,2,train
PRE_02574,CONTAINS,HER_01858,2,train
PRE_02574,CONTAINS,HER_01864,2,valid
PRE_02480,CONTAINS,HER_01868,13,train
PRE_02480,CONTAINS,HER_01914,4,train
PRE_02480,CONTAINS,HER_01920,3,train
PRE_02480,CONTAINS,HER_01874,16,train
PRE_02480,CONTAINS,HER_01858,11,train
PRE_02480,CONTAINS,HER_01898,9,valid
PRE_02480,CONTAINS,HER_02079,2,train
PRE_02482,CONTAINS,HER_01914,7,train
PRE_02482,CONTAINS,HER_01854,9,train
PRE_02482,CONTAINS,HER_01874,14,train
PRE_02482,CONTAINS,HER_01858,7,train
PRE_02482,CONTAINS,HER_01898,8,train
HER_01874,HAS_EFFECT,EFF_01363,2,train
HER_01858,HAS_EFFECT,EFF_01363,2,train
PRE_02704,CONTAINS,HER_01868,3,train
PRE_02704,CONTAINS,HER_01854,3,valid
PRE_02704,CONTAINS,HER_01860,2,train
PRE_02704,CONTAINS,HER_01859,2,train
PRE_02704,CONTAINS,HER_01855,2,train
PRE_02704,CONTAINS,HER_01887,2,valid
PRE_02480,CONTAINS,HER_01866,15,train
PRE_02480,CONTAINS,HER_01860,6,train
PRE_02480,CONTAINS,HER_01905,8,train
PRE_02634,CONTAINS,HER_01860,3,valid
PRE_02480,TREATS,SYM_04641,2,test
PRE_02480,TREATS,SYM_03583,2,train
HER_01866,HAS_EFFECT,EFF_01293,2,train
HER_01866,HAS_EFFECT,EFF_01254,6,valid
HER_01866,HAS_EFFECT,EFF_01279,3,train
HER_01872,HAS_EFFECT,EFF_01279,5,test
HER_01854,HAS_EFFECT,EFF_01293,2,valid
HER_01854,HAS_EFFECT,EFF_01279,6,train
HER_01860,HAS_EFFECT,EFF_01293,3,train
HER_01860,HAS_EFFECT,EFF_01279,8,train
HER_01859,HAS_EFFECT,EFF_01293,2,valid
HER_01855,HAS_EFFECT,EFF_01293,2,train
HER_01905,HAS_EFFECT,EFF_01416,2,train
HER_01905,HAS_EFFECT,EFF_01293,2,train
HER_01905,HAS_EFFECT,EFF_01254,10,train
HER_01905,HAS_EFFECT,EFF_01279,6,train
HER_01864,HAS_EFFECT,EFF_01293,2,train
HER_01864,HAS_EFFECT,EFF_01279,4,test
HER_01887,HAS_EFFECT,EFF_01293,2,train
HER_01868,RELIEVES,SYM_04641,2,train
HER_01866,RELIEVES,SYM_04641,2,train
HER_01866,RELIEVES,SYM_03583,2,train
HER_01872,RELIEVES,SYM_03583,2,train
HER_01854,RELIEVES,SYM_04641,2,train
HER_01899,RELIEVES,SYM_03583,3,train
HER_01859,RELIEVES,SYM_03583,2,train
HER_01855,RELIEVES,SYM_04641,2,train
HER_01905,RELIEVES,SYM_04641,2,train
HER_01905,RELIEVES,SYM_03583,2,train
HER_01887,RELIEVES,SYM_03583,2,train
CAU_00339,CAUSES,SYM_03458,2,train
PRE_02492,CONTAINS,HER_01920,2,train
PRE_02492,CONTAINS,HER_01872,3,train
PRE_02492,CONTAINS,HER_01869,3,train
PRE_02492,CONTAINS,HER_01887,3,train
HER_02039,HAS_EFFECT,EFF_01349,2,train
HER_02039,HAS_EFFECT,EFF_01253,2,train
HER_02110,HAS_EFFECT,EFF_01253,4,valid
HER_01937,HAS_EFFECT,EFF_01325,3,train
HER_01937,HAS_EFFECT,EFF_01253,9,valid
HER_01920,HAS_EFFECT,EFF_01349,2,train
HER_01920,HAS_EFFECT,EFF_01253,11,train
HER_01916,HAS_EFFECT,EFF_01349,2,train
HER_01861,HAS_EFFECT,EFF_01445,2,train
HER_02012,HAS_EFFECT,EFF_01253,5,valid
HER_01869,HAS_EFFECT,EFF_01349,2,train
HER_01858,HAS_EFFECT,EFF_01325,2,train
HER_01927,HAS_EFFECT,EFF_01325,2,train
HER_01927,HAS_EFFECT,EFF_01253,15,train
HER_01887,HAS_EFFECT,EFF_01349,2,train
HER_01920,RELIEVES,SYM_05087,2,train
HER_01872,RELIEVES,SYM_05087,2,train
HER_01872,RELIEVES,SYM_03458,3,train
HER_01861,RELIEVES,SYM_05087,2,train
HER_02012,RELIEVES,SYM_03458,3,test
HER_01869,RELIEVES,SYM_05087,2,train
HER_01869,RELIEVES,SYM_03458,4,train
HER_01858,RELIEVES,SYM_05087,2,train
HER_01927,RELIEVES,SYM_03458,2,train
HER_01887,RELIEVES,SYM_05087,2,train
HER_01887,RELIEVES,SYM_03458,4,test
PRE_02899,CONTAINS,HER_01855,2,train
HER_01868,HAS_EFFECT,EFF_01253,8,test
HER_01932,HAS_EFFECT,EFF_01260,2,valid
HER_01876,HAS_EFFECT,EFF_01255,5,train
HER_01876,HAS_EFFECT,EFF_01260,2,valid
HER_01854,HAS_EFFECT,EFF_01260,10,train
HER_01854,HAS_EFFECT,EFF_01355,3,train
HER_01855,HAS_EFFECT,EFF_01260,12,train
HER_01855,HAS_EFFECT,EFF_01355,2,train
HER_01861,HAS_EFFECT,EFF_01255,3,train
HER_01861,HAS_EFFECT,EFF_01260,2,test
HER_01861,HAS_EFFECT,EFF_01355,2,train
HER_01902,HAS_EFFECT,EFF_01260,3,train
HER_01902,HAS_EFFECT,EFF_01253,19,train
HER_01874,HAS_EFFECT,EFF_01260,2,train
HER_01874,HAS_EFFECT,EFF_01253,10,train
HER_01879,HAS_EFFECT,EFF_01260,11,train
HER_01879,HAS_EFFECT,EFF_01253,6,train
HER_01946,HAS_EFFECT,EFF_01260,3,train
HER_01946,HAS_EFFECT,EFF_01253,5,train
HER_01858,HAS_EFFECT,EFF_01255,2,train
HER_01858,HAS_EFFECT,EFF_01355,2,valid
HER_01893,HAS_EFFECT,EFF_01255,6,train
HER_01893,HAS_EFFECT,EFF_01260,3,train
HER_01898,HAS_EFFECT,EFF_01255,3,train
HER_01898,HAS_EFFECT,EFF_01260,4,test
HER_01898,HAS_EFFECT,EFF_01253,5,valid
PRE_02538,CONTAINS,HER_01939,5,train
PRE_02538,CONTAINS,HER_01868,2,test
PRE_02538,CONTAINS,HER_01932,5,train
PRE_02538,CONTAINS,HER_01865,5,test
PRE_02538,CONTAINS,HER_01978,4,test
PRE_02538,CONTAINS,HER_01855,5,train
PRE_02538,CONTAINS,HER_01869,3,train
PRE_02538,CONTAINS,HER_01864,5,train
PRE_02538,CONTAINS,HER_01887,3,train
PRE_02538,CONTAINS,HER_01898,3,train
PRE_02538,TREATS,SYM_04312,2,train
HER_01868,HAS_EFFECT,EFF_01269,8,train
HER_01893,HAS_EFFECT,EFF_01269,3,train
HER_01898,HAS_EFFECT,EFF_01269,3,train
HER_01865,RELIEVES,SYM_04312,2,valid
HER_01869,RELIEVES,SYM_04312,2,train
HER_01864,RELIEVES,SYM_04312,2,train
HER_01887,RELIEVES,SYM_04312,2,train
HER_01887,RELIEVES,SYM_04388,2,train
PRE_02522,CONTAINS,HER_01857,4,test
PRE_02522,CONTAINS,HER_01868,2,train
PRE_02522,CONTAINS,HER_01876,7,valid
PRE_02522,CONTAINS,HER_01960,5,test
PRE_02522,CONTAINS,HER_01855,5,train
PRE_02522,CONTAINS,HER_01940,3,test
PRE_02522,CONTAINS,HER_01989,2,train
PRE_02522,CONTAINS,HER_01864,5,train
PRE_02522,CONTAINS,HER_01898,3,train
PRE_02522,CONTAINS,HER_01923,5,train
HER_01857,HAS_EFFECT,EFF_01345,3,train
HER_01876,HAS_EFFECT,EFF_01345,3,train
HER_01960,HAS_EFFECT,EFF_01345,3,train
HER_01855,HAS_EFFECT,EFF_01345,4,train
HER_01940,HAS_EFFECT,EFF_01345,3,train
HER_01989,HAS_EFFECT,EFF_01345,2,train
HER_01989,HAS_EFFECT,EFF_01269,3,train
HER_01864,HAS_EFFECT,EFF_01345,3,train
HER_01898,HAS_EFFECT,EFF_01345,3,train
HER_01923,HAS_EFFECT,EFF_01345,2,train
PRE_02517,CONTAINS,HER_01953,3,valid
PRE_02517,CONTAINS,HER_01890,8,train
PRE_02517,CONTAINS,HER_01929,2,train
PRE_02517,CONTAINS,HER_01865,11,test
PRE_02517,CONTAINS,HER_01904,10,train
PRE_02517,CONTAINS,HER_01941,5,train
HER_01868,HAS_EFFECT,EFF_01320,3,train
HER_01932,HAS_EFFECT,EFF_01320,4,test
HER_01865,HAS_EFFECT,EFF_01320,3,valid
HER_01978,HAS_EFFECT,EFF_01320,4,train
HER_01916,HAS_EFFECT,EFF_01269,2,test
HER_01989,HAS_EFFECT,EFF_01320,3,train
HER_01864,HAS_EFFECT,EFF_01320,4,train
PRE_02507,CONTAINS,HER_01868,2,train
PRE_02507,CONTAINS,HER_01876,5,train
PRE_02507,CONTAINS,HER_02014,2,train
PRE_02507,CONTAINS,HER_01861,6,train
PRE_02507,CONTAINS,HER_01981,6,train
PRE_02507,CONTAINS,HER_01864,3,train
HER_01868,HAS_EFFECT,EFF_01338,3,valid
HER_01876,HAS_EFFECT,EFF_01338,3,train
HER_01876,HAS_EFFECT,EFF_01320,2,train
HER_02014,HAS_EFFECT,EFF_01338,2,train
HER_02014,HAS_EFFECT,EFF_01269,2,train
HER_01861,HAS_EFFECT,EFF_01338,3,train
HER_01981,HAS_EFFECT,EFF_01338,2,train
HER_01864,HAS_EFFECT,EFF_01338,4,train
HER_01868,HAS_EFFECT,EFF_01349,2,train
HER_02060,HAS_EFFECT,EFF_01269,2,train
HER_01920,HAS_EFFECT,EFF_01336,2,train
HER_01920,HAS_EFFECT,EFF_01269,2,train
HER_01854,HAS_EFFECT,EFF_01349,2,train
HER_01867,HAS_EFFECT,EFF_01269,3,train
HER_01951,HAS_EFFECT,EFF_01336,2,train
HER_01868,RELIEVES,SYM_03477,2,train
HER_01920,RELIEVES,SYM_03477,4,test
HER_01854,RELIEVES,SYM_03477,3,train
HER_01946,RELIEVES,SYM_03477,2,valid
HER_01951,RELIEVES,SYM_03477,3,train
CAU_00228,CAUSES,SYM_03444,2,train
PRE_02704,CONTAINS,HER_01874,2,train
PRE_02704,CONTAINS,HER_01869,2,train
PRE_02617,CONTAINS,HER_01940,2,train
HER_01891,HAS_EFFECT,EFF_01253,12,train
HER_02031,HAS_EFFECT,EFF_01253,6,train
HER_01876,HAS_EFFECT,EFF_01257,4,train
HER_01859,HAS_EFFECT,EFF_01253,26,valid
HER_01940,HAS_EFFECT,EFF_01253,3,train
HER_01871,HAS_EFFECT,EFF_01253,26,train
HER_01869,HAS_EFFECT,EFF_01257,6,train
HER_01891,RELIEVES,SYM_03444,3,train
HER_01891,RELIEVES,SYM_04372,3,train
HER_01868,RELIEVES,SYM_04372,2,train
HER_01876,RELIEVES,SYM_03444,7,train
HER_01876,RELIEVES,SYM_04372,2,test
HER_01854,RELIEVES,SYM_04372,2,train
HER_01860,RELIEVES,SYM_04372,2,train
HER_01859,RELIEVES,SYM_03444,2,train
HER_01859,RELIEVES,SYM_04372,2,train
HER_01940,RELIEVES,SYM_04372,2,train
HER_01855,RELIEVES,SYM_04372,3,valid
HER_01874,RELIEVES,SYM_03444,3,train
HER_01874,RELIEVES,SYM_04372,2,train
HER_01871,RELIEVES,SYM_03444,4,valid
HER_01871,RELIEVES,SYM_04372,2,train
PRE_02606,CONTAINS,HER_01876,2,train
PRE_02522,CONTAINS,HER_01972,2,train
PRE_02522,CONTAINS,HER_02037,2,test
PRE_02522,CONTAINS,HER_01854,3,test
HER_02037,HAS_EFFECT,EFF_01338,2,train
HER_01854,HAS_EFFECT,EFF_01338,3,train
HER_01855,HAS_EFFECT,EFF_01338,2,train
HER_01898,HAS_EFFECT,EFF_01338,2,valid
PRE_02549,CONTAINS,HER_01868,2,train
PRE_02549,CONTAINS,HER_01929,3,train
PRE_02549,CONTAINS,HER_01876,2,train
PRE_02549,CONTAINS,HER_02131,2,train
PRE_02549,CONTAINS,HER_01906,3,train
PRE_02549,CONTAINS,HER_01870,3,test
PRE_02482,CONTAINS,HER_01950,2,valid
PRE_02482,CONTAINS,HER_01947,3,train
PRE_02482,CONTAINS,HER_01887,4,train
PRE_02482,CONTAINS,HER_01894,4,train
PRE_02485,CONTAINS,HER_01940,2,train
PRE_02485,CONTAINS,HER_01905,7,valid
PRE_02482,CONTAINS,HER_01865,2,train
PRE_02482,CONTAINS,HER_01905,3,test
PRE_02486,CONTAINS,HER_01887,2,train
PRE_02982,CONTAINS,HER_01887,2,train
PRE_02595,CONTAINS,HER_01871,2,train
PRE_02500,CONTAINS,HER_01920,3,train
PRE_02500,CONTAINS,HER_01862,2,test
PRE_02500,CONTAINS,HER_01854,6,train
PRE_02500,CONTAINS,HER_01911,6,train
HER_01897,HAS_EFFECT,EFF_01255,4,train
HER_01897,HAS_EFFECT,EFF_01254,3,train
HER_02031,HAS_EFFECT,EFF_01255,3,train
HER_02031,HAS_EFFECT,EFF_01254,2,train
HER_02031,HAS_EFFECT,EFF_01259,2,train
HER_01877,HAS_EFFECT,EFF_01255,6,train
HER_01877,HAS_EFFECT,EFF_01254,6,test
HER_01914,HAS_EFFECT,EFF_01255,2,train
HER_01914,HAS_EFFECT,EFF_01254,3,train
HER_01920,HAS_EFFECT,EFF_01255,3,train
HER_01920,HAS_EFFECT,EFF_01254,3,train
HER_01920,HAS_EFFECT,EFF_01259,2,train
HER_01978,HAS_EFFECT,EFF_01255,2,train
HER_02069,HAS_EFFECT,EFF_01255,2,train
HER_02069,HAS_EFFECT,EFF_01259,2,train
HER_01922,HAS_EFFECT,EFF_01255,7,train
HER_01922,HAS_EFFECT,EFF_01254,4,test
HER_01871,HAS_EFFECT,EFF_01254,3,test
HER_01871,HAS_EFFECT,EFF_01259,3,train
HER_01879,HAS_EFFECT,EFF_01259,3,train
HER_01856,HAS_EFFECT,EFF_01254,13,valid
HER_01911,HAS_EFFECT,EFF_01254,3,train
HER_01911,HAS_EFFECT,EFF_01259,7,train
HER_01886,HAS_EFFECT,EFF_01254,8,train
HER_01886,HAS_EFFECT,EFF_01259,2,train
PRE_02587,CONTAINS,HER_01855,2,train
PRE_02587,CONTAINS,HER_01919,2,train
PRE_02587,CONTAINS,HER_01856,2,test
PRE_02587,CONTAINS,HER_01864,2,train
PRE_02479,CONTAINS,HER_01857,15,test
PRE_02479,CONTAINS,HER_01875,2,train
PRE_02479,CONTAINS,HER_01907,3,train
PRE_02479,CONTAINS,HER_01863,3,train
PRE_02479,CONTAINS,HER_01862,10,train
PRE_02479,CONTAINS,HER_01855,6,train
PRE_02479,CONTAINS,HER_01983,2,train
PRE_02479,CONTAINS,HER_01856,12,train
PRE_02479,CONTAINS,HER_01925,3,train
PRE_02479,CONTAINS,HER_01912,3,train
PRE_02479,CONTAINS,HER_01864,10,train
PRE_02494,CONTAINS,HER_01875,2,train
PRE_02494,CONTAINS,HER_01863,2,train
PRE_02494,CONTAINS,HER_01862,3,train
PRE_02494,CONTAINS,HER_01855,2,train
PRE_02494,CONTAINS,HER_01983,2,train
PRE_02494,CONTAINS,HER_01919,2,valid
PRE_02494,CONTAINS,HER_01856,2,train
HER_01857,HAS_EFFECT,EFF_01260,14,train
HER_01857,HAS_EFFECT,EFF_01297,2,train
HER_01857,HAS_EFFECT,EFF_01282,8,train
HER_01875,HAS_EFFECT,EFF_01262,4,train
HER_01875,HAS_EFFECT,EFF_01260,4,train
HER_01875,HAS_EFFECT,EFF_01297,4,train
HER_01875,HAS_EFFECT,EFF_01282,9,train
HER_01907,HAS_EFFECT,EFF_01255,12,train
HER_01907,HAS_EFFECT,EFF_01260,9,train
HER_01907,HAS_EFFECT,EFF_01282,2,test
HER_01863,HAS_EFFECT,EFF_01260,5,train
HER_01863,HAS_EFFECT,EFF_01297,3,train
HER_01863,HAS_EFFECT,EFF_01282,3,test
HER_01862,HAS_EFFECT,EFF_01262,10,valid
HER_01862,HAS_EFFECT,EFF_01260,14,train
HER_01862,HAS_EFFECT,EFF_01282,3,test
HER_01855,HAS_EFFECT,EFF_01282,5,train
HER_01983,HAS_EFFECT,EFF_01262,2,test
HER_01983,HAS_EFFECT,EFF_01255,3,train
HER_02142,HAS_EFFECT,EFF_01260,2,train
HER_01919,HAS_EFFECT,EFF_01262,5,train
HER_01919,HAS_EFFECT,EFF_01255,8,train
HER_01919,HAS_EFFECT,EFF_01260,4,valid
HER_01919,HAS_EFFECT,EFF_01282,2,train
HER_01856,HAS_EFFECT,EFF_01260,10,train
HER_01856,HAS_EFFECT,EFF_01282,2,train
HER_01925,HAS_EFFECT,EFF_01262,4,train
HER_01925,HAS_EFFECT,EFF_01255,8,train
HER_01925,HAS_EFFECT,EFF_01260,3,train
HER_01912,HAS_EFFECT,EFF_01262,3,train
HER_01912,HAS_EFFECT,EFF_01255,9,valid
HER_01912,HAS_EFFECT,EFF_01260,3,train
HER_01912,HAS_EFFECT,EFF_01282,5,train
HER_01864,HAS_EFFECT,EFF_01262,8,train
HER_01864,HAS_EFFECT,EFF_01260,5,train
HER_01864,HAS_EFFECT,EFF_01282,2,train
HER_01898,HAS_EFFECT,EFF_01262,2,train
HER_02079,HAS_EFFECT,EFF_01262,2,train
PRE_02541,CONTAINS,HER_01855,3,train
PRE_02550,CONTAINS,HER_01891,2,train
PRE_02550,CONTAINS,HER_01918,2,train
PRE_02550,CONTAINS,HER_01864,2,valid
PRE_02550,CONTAINS,HER_01886,2,train
HER_01891,HAS_EFFECT,EFF_01269,4,train
HER_01914,HAS_EFFECT,EFF_01258,7,test
HER_01914,HAS_EFFECT,EFF_01269,2,train
HER_01913,HAS_EFFECT,EFF_01258,2,train
HER_01913,HAS_EFFECT,EFF_01269,2,train
HER_01896,HAS_EFFECT,EFF_01258,9,valid
HER_01896,HAS_EFFECT,EFF_01269,2,train
HER_01920,HAS_EFFECT,EFF_01258,6,train
HER_01918,HAS_EFFECT,EFF_01258,3,train
HER_01918,HAS_EFFECT,EFF_01269,4,train
HER_01855,HAS_EFFECT,EFF_01258,6,train
HER_02175,HAS_EFFECT,EFF_01258,2,train
HER_01867,HAS_EFFECT,EFF_01258,2,train
HER_01864,HAS_EFFECT,EFF_01258,4,train
HER_01886,HAS_EFFECT,EFF_01269,4,train
PRE_02558,CONTAINS,HER_01943,2,train
PRE_02558,CONTAINS,HER_01928,2,train
PRE_02558,CONTAINS,HER_02060,2,train
PRE_02558,CONTAINS,HER_01855,3,test
PRE_02558,CONTAINS,HER_01856,2,train
PRE_02558,CONTAINS,HER_01893,2,train
HER_02060,RELIEVES,SYM_03579,2,valid
PRE_02663,CONTAINS,HER_01855,2,train
PRE_02576,CONTAINS,HER_01855,2,train
PRE_02558,CONTAINS,HER_01874,2,train
PRE_02538,CONTAINS,HER_01857,2,train
PRE_02538,CONTAINS,HER_01975,2,train
PRE_02538,CONTAINS,HER_01876,3,test
PRE_02538,CONTAINS,HER_01858,2,valid
PRE_02538,TREATS,SYM_03444,2,train
HER_01857,HAS_EFFECT,EFF_01284,2,test
HER_01975,HAS_EFFECT,EFF_01284,2,train
HER_01855,HAS_EFFECT,EFF_01284,2,train
HER_01873,HAS_EFFECT,EFF_01284,2,valid
HER_01864,HAS_EFFECT,EFF_01284,2,train
HER_01939,RELIEVES,SYM_03444,4,train
HER_01975,RELIEVES,SYM_03444,4,train
HER_01932,RELIEVES,SYM_03444,4,train
HER_01865,RELIEVES,SYM_03444,10,test
HER_01873,RELIEVES,SYM_03444,4,valid
PRE_02559,CONTAINS,HER_01854,2,train
PRE_02559,CONTAINS,HER_01887,2,test
HER_01894,HAS_EFFECT,EFF_01253,4,train
HER_01909,HAS_EFFECT,EFF_01253,14,train
HER_01889,HAS_EFFECT,EFF_01253,27,train
HER_01891,RELIEVES,SYM_03652,2,test
HER_01894,RELIEVES,SYM_03444,2,train
HER_01909,RELIEVES,SYM_03444,2,train
HER_01889,RELIEVES,SYM_03444,3,test
HER_01876,RELIEVES,SYM_03652,2,train
HER_01869,RELIEVES,SYM_03652,2,test
HER_01887,RELIEVES,SYM_03652,2,train
PRE_02573,CONTAINS,HER_01875,2,train
HER_01880,HAS_EFFECT,EFF_01260,3,train
HER_01860,HAS_EFFECT,EFF_01260,5,train
HER_02041,HAS_EFFECT,EFF_01260,2,train
PRE_02528,CONTAINS,HER_01877,3,valid
PRE_02528,CONTAINS,HER_01905,8,train
PRE_02528,CONTAINS,HER_01864,7,train
PRE_02528,CONTAINS,HER_02009,3,train
PRE_02528,CONTAINS,HER_01886,3,train
HER_01877,HAS_EFFECT,EFF_01279,2,train
HER_01874,HAS_EFFECT,EFF_01279,2,train
HER_01905,HAS_EFFECT,EFF_01257,7,train
HER_01856,HAS_EFFECT,EFF_01279,7,train
HER_02009,HAS_EFFECT,EFF_01257,2,train
HER_01886,HAS_EFFECT,EFF_01279,2,train
HER_01894,HAS_EFFECT,EFF_01284,2,train
HER_01942,HAS_EFFECT,EFF_01403,2,train
HER_01905,HAS_EFFECT,EFF_01284,2,train
HER_02125,HAS_EFFECT,EFF_01284,2,train
HER_01950,HAS_EFFECT,EFF_01403,2,train
HER_02032,HAS_EFFECT,EFF_01284,2,train
HER_01875,RELIEVES,SYM_03460,3,train
HER_01894,RELIEVES,SYM_03460,2,train
HER_01912,RELIEVES,SYM_03460,3,train
HER_01864,RELIEVES,SYM_03460,2,test
HER_01893,RELIEVES,SYM_03460,3,train
PRE_02485,CONTAINS,HER_02032,2,train
PRE_02485,CONTAINS,HER_02073,2,train
PRE_02733,CONTAINS,HER_02202,2,test
PRE_02733,CONTAINS,HER_01891,2,train
PRE_02733,CONTAINS,HER_02229,2,train
PRE_02482,CONTAINS,HER_02202,2,train
PRE_02482,CONTAINS,HER_01891,3,train
PRE_02482,CONTAINS,HER_02229,2,train
PRE_02999,CONTAINS,HER_01909,2,train
PRE_02999,CONTAINS,HER_01854,2,train
PRE_02999,CONTAINS,HER_01861,2,test
PRE_02999,CONTAINS,HER_01858,2,train
PRE_02507,CONTAINS,HER_01854,6,train
PRE_02507,CONTAINS,HER_01855,3,train
HER_01959,HAS_EFFECT,EFF_01253,8,train
HER_01904,HAS_EFFECT,EFF_01253,30,train
PRE_02479,CONTAINS,HER_02027,2,train
PRE_02479,CONTAINS,HER_01899,2,test
PRE_02479,CONTAINS,HER_01854,8,train
PRE_02479,CONTAINS,HER_01918,3,train
PRE_02479,CONTAINS,HER_01882,4,test
PRE_02479,CONTAINS,HER_01884,6,train
PRE_02479,CONTAINS,HER_01879,7,test
PRE_02479,CONTAINS,HER_01950,2,valid
HER_01875,HAS_EFFECT,EFF_01254,11,train
HER_02027,HAS_EFFECT,EFF_01262,7,train
HER_02027,HAS_EFFECT,EFF_01255,3,train
HER_02027,HAS_EFFECT,EFF_01254,8,train
HER_01889,HAS_EFFECT,EFF_01254,2,train
HER_01899,HAS_EFFECT,EFF_01262,4,train
HER_01899,HAS_EFFECT,EFF_01255,6,train
HER_01918,HAS_EFFECT,EFF_01262,7,train
HER_01882,HAS_EFFECT,EFF_01262,4,train
HER_01882,HAS_EFFECT,EFF_01255,2,valid
HER_01882,HAS_EFFECT,EFF_01254,4,valid
HER_01884,HAS_EFFECT,EFF_01262,11,valid
HER_01884,HAS_EFFECT,EFF_01255,12,train
HER_01884,HAS_EFFECT,EFF_01254,16,valid
HER_02030,HAS_EFFECT,EFF_01262,5,train
HER_02030,HAS_EFFECT,EFF_01255,2,valid
HER_02030,HAS_EFFECT,EFF_01254,3,train
HER_01879,HAS_EFFECT,EFF_01262,9,valid
HER_01912,HAS_EFFECT,EFF_01254,8,train
HER_01950,HAS_EFFECT,EFF_01262,2,valid
HER_01950,HAS_EFFECT,EFF_01255,2,valid
HER_01935,HAS_EFFECT,EFF_01262,3,train
PRE_02500,CONTAINS,HER_01860,2,train
PRE_02500,CONTAINS,HER_01855,5,train
PRE_02500,CONTAINS,HER_01968,2,train
HER_01857,HAS_EFFECT,EFF_01317,3,train
HER_01894,HAS_EFFECT,EFF_01257,5,train
HER_01894,HAS_EFFECT,EFF_01262,4,train
HER_01894,HAS_EFFECT,EFF_01269,2,train
HER_01868,HAS_EFFECT,EFF_01262,4,train
HER_01900,HAS_EFFECT,EFF_01317,3,train
HER_01996,HAS_EFFECT,EFF_01262,2,train
HER_01860,HAS_EFFECT,EFF_01262,4,test
HER_01860,HAS_EFFECT,EFF_01317,2,train
HER_01859,HAS_EFFECT,EFF_01317,2,train
HER_01884,HAS_EFFECT,EFF_01257,2,valid
HER_01884,HAS_EFFECT,EFF_01317,2,train
HER_01856,HAS_EFFECT,EFF_01269,3,train
HER_01968,HAS_EFFECT,EFF_01257,5,train
HER_01968,HAS_EFFECT,EFF_01262,2,test
HER_01864,HAS_EFFECT,EFF_01317,3,train
HER_01996,RELIEVES,SYM_04897,2,test
HER_01855,RELIEVES,SYM_04897,2,test
HER_01856,RELIEVES,SYM_04897,2,train
HER_01925,RELIEVES,SYM_04897,2,train
PRE_02522,CONTAINS,HER_01900,2,train
PRE_02522,CONTAINS,HER_01915,2,test
PRE_02522,CONTAINS,HER_02023,3,train
PRE_02529,CONTAINS,HER_01857,4,train
PRE_02529,CONTAINS,HER_01876,2,train
PRE_02529,CONTAINS,HER_01960,2,train
PRE_02529,CONTAINS,HER_01855,4,train
PRE_02529,CONTAINS,HER_01940,3,train
PRE_02529,CONTAINS,HER_01915,2,train
PRE_02529,CONTAINS,HER_01864,2,train
HER_01900,HAS_EFFECT,EFF_01345,3,train
HER_01960,HAS_EFFECT,EFF_01254,6,train
HER_01940,HAS_EFFECT,EFF_01254,3,train
HER_02023,HAS_EFFECT,EFF_01345,2,train
HER_02023,HAS_EFFECT,EFF_01254,2,train
PRE_02524,CONTAINS,HER_01875,3,train
PRE_02524,CONTAINS,HER_01857,4,train
PRE_02524,CONTAINS,HER_01854,4,train
PRE_02524,CONTAINS,HER_01884,2,test
PRE_02524,CONTAINS,HER_01879,3,test
PRE_02524,CONTAINS,HER_01950,2,train
PRE_02524,CONTAINS,HER_01893,3,train
PRE_02524,CONTAINS,HER_01979,2,valid
PRE_02571,CONTAINS,HER_01875,3,test
PRE_02571,CONTAINS,HER_01857,4,train
PRE_02571,CONTAINS,HER_01903,3,train
PRE_02571,CONTAINS,HER_01854,3,train
PRE_02571,CONTAINS,HER_01879,3,train
PRE_02571,CONTAINS,HER_01950,5,test
PRE_02571,CONTAINS,HER_01893,2,test
PRE_02571,CONTAINS,HER_01979,5,test
HER_01903,HAS_EFFECT,EFF_01282,2,train
HER_01854,HAS_EFFECT,EFF_01282,7,train
HER_01884,HAS_EFFECT,EFF_01282,5,train
HER_01879,HAS_EFFECT,EFF_01282,5,train
HER_01950,HAS_EFFECT,EFF_01282,2,train
HER_01893,HAS_EFFECT,EFF_01282,3,train
HER_01979,HAS_EFFECT,EFF_01282,2,train
HER_01894,HAS_EFFECT,EFF_01254,12,train
HER_01874,HAS_EFFECT,EFF_01254,10,train
PRE_02488,CONTAINS,HER_01923,2,test
PRE_02480,CONTAINS,HER_01943,4,train
PRE_02480,CONTAINS,HER_01900,6,train
PRE_02486,CONTAINS,HER_01861,3,train
PRE_02486,CONTAINS,HER_01855,4,train
PRE_03020,CONTAINS,HER_01861,2,train
PRE_03020,CONTAINS,HER_01855,2,train
PRE_02712,CONTAINS,HER_01894,2,test
PRE_02712,CONTAINS,HER_01934,2,train
PRE_02480,CONTAINS,HER_01894,12,train
PRE_02634,CONTAINS,HER_01958,2,train
PRE_02634,CONTAINS,HER_01876,2,train
PRE_02634,CONTAINS,HER_02007,2,train
PRE_02634,CONTAINS,HER_01902,2,train
PRE_02634,CONTAINS,HER_01861,2,train
PRE_02634,CONTAINS,HER_01874,2,train
PRE_02634,CONTAINS,HER_02301,2,train
PRE_02634,CONTAINS,HER_01898,2,train
PRE_02634,CONTAINS,HER_01947,2,valid
PRE_02529,CONTAINS,HER_01894,2,train
PRE_02529,CONTAINS,HER_01860,3,train
PRE_02480,CONTAINS,HER_01880,5,train
PRE_02480,CONTAINS,HER_01998,2,test
PRE_02480,CONTAINS,HER_01960,10,valid
PRE_02774,CONTAINS,HER_01894,2,valid
PRE_02774,CONTAINS,HER_01876,2,train
PRE_02774,CONTAINS,HER_01960,3,train
PRE_02774,CONTAINS,HER_01915,2,valid
PRE_02774,CONTAINS,HER_01864,3,valid
PRE_02529,TREATS,SYM_03635,2,test
PRE_02480,TREATS,SYM_03635,2,test
HER_01880,HAS_EFFECT,EFF_01254,10,train
HER_01998,HAS_EFFECT,EFF_01254,2,train
HER_01894,RELIEVES,SYM_03635,2,train
HER_01876,RELIEVES,SYM_03635,2,train
HER_01960,RELIEVES,SYM_03635,3,train
HER_01860,RELIEVES,SYM_03635,4,train
HER_01856,RELIEVES,SYM_03635,2,train
HER_01864,RELIEVES,SYM_03635,2,train
HER_01887,RELIEVES,SYM_03635,5,test
HER_01876,HAS_EFFECT,EFF_01263,3,train
HER_01960,HAS_EFFECT,EFF_01263,2,train
HER_01854,HAS_EFFECT,EFF_01263,5,train
HER_01855,HAS_EFFECT,EFF_01263,3,train
HER_01912,HAS_EFFECT,EFF_01263,2,train
PRE_02779,CONTAINS,HER_01875,3,train
PRE_02779,CONTAINS,HER_01857,3,train
PRE_02779,CONTAINS,HER_01854,3,train
HER_01875,HAS_EFFECT,EFF_01314,3,train
HER_01857,HAS_EFFECT,EFF_01314,2,train
HER_01998,HAS_EFFECT,EFF_01314,2,train
HER_01998,HAS_EFFECT,EFF_01282,3,train
HER_01854,HAS_EFFECT,EFF_01297,2,train
HER_01854,HAS_EFFECT,EFF_01314,3,test
CAU_00023,CAUSES,SYM_03492,3,train
PRE_02673,CONTAINS,HER_02130,3,train
PRE_02673,CONTAINS,HER_01889,2,train
PRE_02673,CONTAINS,HER_02176,2,train
PRE_02673,CONTAINS,HER_01860,2,test
PRE_02673,CONTAINS,HER_01861,2,train
PRE_02673,CONTAINS,HER_01858,3,train
PRE_02666,CONTAINS,HER_01861,4,test
PRE_02666,CONTAINS,HER_01858,4,train
PRE_02980,TREATS,SYM_03460,2,valid
PRE_02980,TREATS,SYM_03492,2,train
HER_01894,HAS_EFFECT,EFF_01258,3,train
HER_01889,HAS_EFFECT,EFF_01258,6,train
HER_01860,HAS_EFFECT,EFF_01258,5,train
HER_01856,HAS_EFFECT,EFF_01258,4,train
HER_01860,RELIEVES,SYM_03460,3,train
HER_01860,RELIEVES,SYM_03492,2,train
HER_01861,RELIEVES,SYM_03492,2,train
HER_01856,RELIEVES,SYM_03460,3,train
HER_01856,RELIEVES,SYM_03492,2,train
HER_01897,HAS_EFFECT,EFF_01261,2,train
HER_01872,HAS_EFFECT,EFF_01261,3,train
HER_01854,HAS_EFFECT,EFF_01261,7,train
HER_01859,HAS_EFFECT,EFF_01261,4,test
HER_01859,HAS_EFFECT,EFF_01264,4,train
HER_01860,HAS_EFFECT,EFF_01261,6,valid
HER_01856,HAS_EFFECT,EFF_01261,8,train
HER_01941,HAS_EFFECT,EFF_01261,2,valid
HER_01941,HAS_EFFECT,EFF_01264,3,train
HER_01901,RELIEVES,SYM_03692,2,train
PRE_02637,CONTAINS,HER_01895,2,train
PRE_02637,CONTAINS,HER_01856,2,train
PRE_02637,CONTAINS,HER_01877,2,train
PRE_02717,CONTAINS,HER_01895,2,train
PRE_02717,CONTAINS,HER_01877,2,train
PRE_02493,CONTAINS,HER_01877,3,train
PRE_02493,CONTAINS,HER_01895,7,train
PRE_02493,CONTAINS,HER_02093,2,train
PRE_02493,CONTAINS,HER_01894,2,train
PRE_02493,CONTAINS,HER_01963,3,train
PRE_02493,CONTAINS,HER_01964,7,train
PRE_02493,CONTAINS,HER_01926,3,test
PRE_02493,CONTAINS,HER_01885,4,train
PRE_02493,CONTAINS,HER_01871,10,train
PRE_02493,CONTAINS,HER_01941,2,valid
PRE_02493,CONTAINS,HER_01869,3,train
PRE_02493,CONTAINS,HER_01886,3,valid
PRE_02493,CONTAINS,HER_01992,5,train
PRE_02493,CONTAINS,HER_01892,4,train
PRE_02493,TREATS,SYM_03436,2,train
PRE_02493,TREATS,SYM_04343,3,train
PRE_02493,TREATS,SYM_03825,2,train
HER_02093,HAS_EFFECT,EFF_01352,2,valid
HER_02093,HAS_EFFECT,EFF_01258,2,train
HER_01894,HAS_EFFECT,EFF_01352,2,train
HER_01963,HAS_EFFECT,EFF_01352,2,train
HER_01963,HAS_EFFECT,EFF_01258,4,train
HER_01964,HAS_EFFECT,EFF_01352,3,train
HER_01964,HAS_EFFECT,EFF_01258,7,train
HER_01926,HAS_EFFECT,EFF_01352,2,train
HER_01926,HAS_EFFECT,EFF_01258,11,train
HER_01885,HAS_EFFECT,EFF_01352,2,train
HER_01885,HAS_EFFECT,EFF_01258,10,train
HER_01854,HAS_EFFECT,EFF_01352,2,train
HER_01860,HAS_EFFECT,EFF_01352,2,train
HER_01871,HAS_EFFECT,EFF_01352,3,train
HER_01871,HAS_EFFECT,EFF_01258,14,train
HER_01941,HAS_EFFECT,EFF_01352,2,train
HER_01941,HAS_EFFECT,EFF_01258,4,valid
HER_01869,HAS_EFFECT,EFF_01352,2,train
HER_01869,HAS_EFFECT,EFF_01258,10,train
HER_01886,HAS_EFFECT,EFF_01352,2,valid
HER_01992,HAS_EFFECT,EFF_01352,2,train
HER_01992,HAS_EFFECT,EFF_01258,7,train
HER_01892,HAS_EFFECT,EFF_01352,2,test
HER_01892,HAS_EFFECT,EFF_01258,6,train
HER_02093,RELIEVES,SYM_03436,2,train
HER_02093,RELIEVES,SYM_04343,2,train
HER_02093,RELIEVES,SYM_03825,4,train
HER_01894,RELIEVES,SYM_03436,3,train
HER_01894,RELIEVES,SYM_04343,2,train
HER_01894,RELIEVES,SYM_03825,2,train
HER_01963,RELIEVES,SYM_03436,4,train
HER_01963,RELIEVES,SYM_04343,3,train
HER_01963,RELIEVES,SYM_03825,4,train
HER_01964,RELIEVES,SYM_03436,2,train
HER_01964,RELIEVES,SYM_04343,3,train
HER_01964,RELIEVES,SYM_03825,4,train
HER_01926,RELIEVES,SYM_03436,2,train
HER_01926,RELIEVES,SYM_04343,2,train
HER_01926,RELIEVES,SYM_03825,2,train
HER_01885,RELIEVES,SYM_03436,5,train
HER_01885,RELIEVES,SYM_04343,3,train
HER_01885,RELIEVES,SYM_03825,2,train
HER_01854,RELIEVES,SYM_03436,7,test
HER_01854,RELIEVES,SYM_04343,3,train
HER_01854,RELIEVES,SYM_03825,4,train
HER_01860,RELIEVES,SYM_03436,4,train
HER_01860,RELIEVES,SYM_04343,2,valid
HER_01860,RELIEVES,SYM_03825,2,train
HER_01871,RELIEVES,SYM_03436,4,train
HER_01871,RELIEVES,SYM_04343,3,train
HER_01871,RELIEVES,SYM_03825,4,train
HER_01941,RELIEVES,SYM_03436,2,valid
HER_01941,RELIEVES,SYM_04343,2,train
HER_01941,RELIEVES,SYM_03825,2,train
HER_01869,RELIEVES,SYM_03436,7,train
HER_01869,RELIEVES,SYM_04343,2,valid
HER_01869,RELIEVES,SYM_03825,2,train
HER_01886,RELIEVES,SYM_03436,2,train
HER_01886,RELIEVES,SYM_04343,2,train
HER_01886,RELIEVES,SYM_03825,2,train
HER_01992,RELIEVES,SYM_03436,2,train
HER_01992,RELIEVES,SYM_04343,3,test
HER_01992,RELIEVES,SYM_03825,2,test
HER_01892,RELIEVES,SYM_03436,3,test
HER_01892,RELIEVES,SYM_04343,3,train
HER_01892,RELIEVES,SYM_03825,2,train
PRE_02517,CONTAINS,HER_01958,6,train
PRE_02517,CONTAINS,HER_01896,4,valid
PRE_02517,CONTAINS,HER_01900,3,train
PRE_02517,CONTAINS,HER_01964,2,train
PRE_02517,CONTAINS,HER_01866,2,train
PRE_02517,CONTAINS,HER_01871,4,train
PRE_02517,CONTAINS,HER_01858,5,train
PRE_02517,CONTAINS,HER_01883,3,valid
PRE_02517,CONTAINS,HER_01961,4,valid
PRE_02517,CONTAINS,HER_01992,2,train
PRE_02517,CONTAINS,HER_01886,3,train
HER_01958,HAS_EFFECT,EFF_01253,15,train
HER_01958,HAS_EFFECT,EFF_01310,2,train
HER_01896,HAS_EFFECT,EFF_01253,18,test
HER_01896,HAS_EFFECT,EFF_01310,2,train
HER_01900,HAS_EFFECT,EFF_01253,6,train
HER_01900,HAS_EFFECT,EFF_01310,2,test
HER_01890,HAS_EFFECT,EFF_01253,22,train
HER_01890,HAS_EFFECT,EFF_01310,2,train
HER_01964,HAS_EFFECT,EFF_01253,9,train
HER_01964,HAS_EFFECT,EFF_01310,2,train
HER_01865,HAS_EFFECT,EFF_01310,2,train
HER_01866,HAS_EFFECT,EFF_01253,12,train
HER_01866,HAS_EFFECT,EFF_01310,2,train
HER_01871,HAS_EFFECT,EFF_01310,4,train
HER_01904,HAS_EFFECT,EFF_01310,3,valid
HER_01858,HAS_EFFECT,EFF_01310,3,train
HER_01883,HAS_EFFECT,EFF_01253,17,train
HER_01883,HAS_EFFECT,EFF_01310,3,train
HER_01961,HAS_EFFECT,EFF_01253,9,test
HER_01961,HAS_EFFECT,EFF_01310,2,train
HER_01992,HAS_EFFECT,EFF_01253,7,train
HER_01992,HAS_EFFECT,EFF_01310,3,train
HER_01886,HAS_EFFECT,EFF_01253,15,train
HER_01886,HAS_EFFECT,EFF_01310,3,train
PRE_02493,CONTAINS,HER_01896,2,train
HER_01964,HAS_EFFECT,EFF_01353,3,valid
HER_01866,HAS_EFFECT,EFF_01258,2,train
HER_01866,HAS_EFFECT,EFF_01353,3,valid
HER_01883,HAS_EFFECT,EFF_01258,3,train
HER_01886,HAS_EFFECT,EFF_01353,3,train
PRE_02511,CONTAINS,HER_01907,4,train
PRE_02511,CONTAINS,HER_01964,2,valid
PRE_02511,CONTAINS,HER_01889,7,train
PRE_02511,CONTAINS,HER_01866,2,train
PRE_02511,CONTAINS,HER_01885,8,train
PRE_02511,CONTAINS,HER_01855,8,train
PRE_02511,CONTAINS,HER_01884,5,train
PRE_02511,CONTAINS,HER_01873,7,train
PRE_02511,CONTAINS,HER_01919,5,train
PRE_02511,CONTAINS,HER_01878,7,train
PRE_02511,CONTAINS,HER_02056,2,train
PRE_02511,CONTAINS,HER_01886,2,train
HER_01907,HAS_EFFECT,EFF_01274,4,test
HER_01907,HAS_EFFECT,EFF_01353,2,train
HER_01964,HAS_EFFECT,EFF_01274,2,train
HER_01889,HAS_EFFECT,EFF_01274,8,valid
HER_01889,HAS_EFFECT,EFF_01353,2,train
HER_01866,HAS_EFFECT,EFF_01274,3,train
HER_01885,HAS_EFFECT,EFF_01274,6,train
HER_01885,HAS_EFFECT,EFF_01353,2,train
HER_01855,HAS_EFFECT,EFF_01274,8,train
HER_01855,HAS_EFFECT,EFF_01353,2,train
HER_01884,HAS_EFFECT,EFF_01274,7,train
HER_01884,HAS_EFFECT,EFF_01353,2,train
HER_01873,HAS_EFFECT,EFF_01274,7,train
HER_01873,HAS_EFFECT,EFF_01353,2,valid
HER_01919,HAS_EFFECT,EFF_01274,5,train
HER_01919,HAS_EFFECT,EFF_01353,2,test
HER_01878,HAS_EFFECT,EFF_01274,8,test
HER_01878,HAS_EFFECT,EFF_01353,2,train
HER_02056,HAS_EFFECT,EFF_01274,4,train
HER_02056,HAS_EFFECT,EFF_01353,2,train
HER_01886,HAS_EFFECT,EFF_01274,3,valid
PRE_02613,CONTAINS,HER_01857,3,train
PRE_02613,CONTAINS,HER_01943,2,train
PRE_02613,CONTAINS,HER_02093,3,train
PRE_02613,CONTAINS,HER_02088,2,test
PRE_02613,CONTAINS,HER_01963,2,train
PRE_02613,CONTAINS,HER_01964,2,train
PRE_02613,CONTAINS,HER_01996,3,train
PRE_02613,CONTAINS,HER_01889,5,train
PRE_02613,CONTAINS,HER_01899,5,train
PRE_02613,CONTAINS,HER_01854,2,train
PRE_02613,CONTAINS,HER_01861,2,train
PRE_02613,CONTAINS,HER_01871,4,valid
PRE_02613,CONTAINS,HER_01909,2,train
PRE_02613,CONTAINS,HER_02021,3,valid
PRE_02480,CONTAINS,HER_02093,3,valid
PRE_02480,CONTAINS,HER_02088,2,test
PRE_02480,CONTAINS,HER_01963,2,valid
PRE_02480,CONTAINS,HER_01964,3,train
PRE_02480,CONTAINS,HER_01996,3,train
PRE_02480,CONTAINS,HER_01871,12,train
PRE_02480,CONTAINS,HER_01909,5,train
PRE_02480,CONTAINS,HER_02021,5,train
PRE_02613,TREATS,SYM_03825,2,train
PRE_02480,TREATS,SYM_03825,2,train
HER_01943,HAS_EFFECT,EFF_01253,3,train
HER_02093,HAS_EFFECT,EFF_01253,3,train
HER_02088,HAS_EFFECT,EFF_01253,2,train
HER_01963,HAS_EFFECT,EFF_01253,10,train
HER_01996,HAS_EFFECT,EFF_01253,3,train
HER_02021,HAS_EFFECT,EFF_01253,3,train
HER_01857,RELIEVES,SYM_03825,2,train
HER_01943,RELIEVES,SYM_03825,2,test
HER_02088,RELIEVES,SYM_03825,2,train
HER_01996,RELIEVES,SYM_03825,2,train
HER_01889,RELIEVES,SYM_03825,2,train
HER_01899,RELIEVES,SYM_03825,2,train
HER_01861,RELIEVES,SYM_03825,2,train
HER_01909,RELIEVES,SYM_03825,2,train
HER_02021,RELIEVES,SYM_03825,2,test
PRE_02545,CONTAINS,HER_01903,2,train
PRE_02545,CONTAINS,HER_01963,3,train
PRE_02545,CONTAINS,HER_01889,2,train
PRE_02545,CONTAINS,HER_01948,2,valid
PRE_02545,CONTAINS,HER_01885,3,train
PRE_02545,CONTAINS,HER_01910,2,test
PRE_02545,CONTAINS,HER_01855,3,valid
PRE_02545,CONTAINS,HER_01859,2,test
PRE_02545,CONTAINS,HER_01919,3,valid
PRE_02545,CONTAINS,HER_01878,2,train
PRE_02545,CONTAINS,HER_02096,2,train
PRE_02545,CONTAINS,HER_01892,2,test
PRE_02545,CONTAINS,HER_01955,3,train
PRE_02545,TREATS,SYM_03606,2,train
PRE_02545,TREATS,SYM_03438,2,train
HER_01963,HAS_EFFECT,EFF_01257,6,train
HER_01963,HAS_EFFECT,EFF_01271,3,train
HER_01889,HAS_EFFECT,EFF_01257,2,test
HER_01889,HAS_EFFECT,EFF_01271,5,train
HER_01948,HAS_EFFECT,EFF_01257,2,train
HER_01885,HAS_EFFECT,EFF_01257,11,train
HER_01885,HAS_EFFECT,EFF_01271,5,valid
HER_01919,HAS_EFFECT,EFF_01271,4,train
HER_01878,HAS_EFFECT,EFF_01257,4,train
HER_02096,HAS_EFFECT,EFF_01271,2,valid
HER_01892,HAS_EFFECT,EFF_01257,4,train
HER_01892,HAS_EFFECT,EFF_01271,6,train
HER_01955,HAS_EFFECT,EFF_01257,3,train
HER_01955,HAS_EFFECT,EFF_01271,2,train
HER_01903,RELIEVES,SYM_03438,3,train
HER_01963,RELIEVES,SYM_03606,2,train
HER_01963,RELIEVES,SYM_03438,3,train
HER_01889,RELIEVES,SYM_03606,4,train
HER_01889,RELIEVES,SYM_03438,4,train
HER_01948,RELIEVES,SYM_03606,5,train
HER_01885,RELIEVES,SYM_03606,5,train
HER_01885,RELIEVES,SYM_03438,6,train
HER_01910,RELIEVES,SYM_03606,2,valid
HER_01910,RELIEVES,SYM_03438,3,valid
HER_01855,RELIEVES,SYM_03606,6,train
HER_01855,RELIEVES,SYM_03438,6,train
HER_01859,RELIEVES,SYM_03606,4,train
HER_01919,RELIEVES,SYM_03438,5,train
HER_01878,RELIEVES,SYM_03438,4,train
HER_02096,RELIEVES,SYM_03606,2,train
HER_02096,RELIEVES,SYM_03438,3,train
HER_01892,RELIEVES,SYM_03606,3,train
HER_01892,RELIEVES,SYM_03438,3,train
HER_01955,RELIEVES,SYM_03606,2,train
HER_01955,RELIEVES,SYM_03438,3,train
PRE_02508,CONTAINS,HER_01964,2,train
PRE_02508,CONTAINS,HER_01872,3,valid
PRE_02508,CONTAINS,HER_01885,4,valid
PRE_02508,CONTAINS,HER_01861,5,train
PRE_02508,CONTAINS,HER_01871,4,test
PRE_02508,CONTAINS,HER_01869,3,train
PRE_02508,CONTAINS,HER_02135,3,test
PRE_02508,CONTAINS,HER_01911,3,train
PRE_02508,CONTAINS,HER_01992,4,train
PRE_02510,CONTAINS,HER_01963,2,train
PRE_02510,CONTAINS,HER_01964,3,train
PRE_02510,CONTAINS,HER_01872,2,valid
PRE_02510,CONTAINS,HER_01885,2,train
PRE_02510,CONTAINS,HER_01861,3,train
PRE_02510,CONTAINS,HER_01871,3,train
PRE_02510,CONTAINS,HER_01869,4,test
PRE_02510,CONTAINS,HER_01911,4,train
PRE_02510,CONTAINS,HER_01992,2,train
PRE_02554,CONTAINS,HER_01964,4,train
PRE_02554,CONTAINS,HER_01872,2,train
PRE_02554,CONTAINS,HER_01885,2,train
PRE_02554,CONTAINS,HER_01861,2,train
PRE_02554,CONTAINS,HER_01871,4,valid
PRE_02554,CONTAINS,HER_01869,2,train
PRE_02554,CONTAINS,HER_02135,2,valid
PRE_02554,CONTAINS,HER_01992,2,train
PRE_02508,TREATS,SYM_03462,2,valid
PRE_02508,TREATS,SYM_03492,2,train
HER_02088,HAS_EFFECT,EFF_01267,2,train
HER_01963,HAS_EFFECT,EFF_01331,2,train
HER_01964,HAS_EFFECT,EFF_01267,2,train
HER_01964,HAS_EFFECT,EFF_01263,2,test
HER_02116,HAS_EFFECT,EFF_01267,2,train
HER_01872,HAS_EFFECT,EFF_01267,7,train
HER_01872,HAS_EFFECT,EFF_01387,2,train
HER_01872,HAS_EFFECT,EFF_01331,2,train
HER_01872,HAS_EFFECT,EFF_01263,4,train
HER_01885,HAS_EFFECT,EFF_01387,2,valid
HER_01885,HAS_EFFECT,EFF_01331,2,train
HER_01885,HAS_EFFECT,EFF_01340,2,train
HER_01885,HAS_EFFECT,EFF_01263,5,train
HER_01861,HAS_EFFECT,EFF_01387,2,train
HER_01861,HAS_EFFECT,EFF_01263,7,valid
HER_01871,HAS_EFFECT,EFF_01267,4,train
HER_01871,HAS_EFFECT,EFF_01340,2,train
HER_01871,HAS_EFFECT,EFF_01263,4,train
HER_02075,HAS_EFFECT,EFF_01267,2,train
HER_02075,HAS_EFFECT,EFF_01331,2,train
HER_01869,HAS_EFFECT,EFF_01267,6,train
HER_01869,HAS_EFFECT,EFF_01263,4,valid
HER_02135,HAS_EFFECT,EFF_01263,3,train
HER_02097,HAS_EFFECT,EFF_01267,3,test
HER_01911,HAS_EFFECT,EFF_01267,5,test
HER_01911,HAS_EFFECT,EFF_01331,2,train
HER_01911,HAS_EFFECT,EFF_01263,3,train
HER_01955,HAS_EFFECT,EFF_01267,2,valid
HER_01992,HAS_EFFECT,EFF_01340,2,train
HER_01992,HAS_EFFECT,EFF_01263,5,test
HER_02116,RELIEVES,SYM_03492,2,test
HER_01872,RELIEVES,SYM_03462,2,train
HER_01885,RELIEVES,SYM_03462,3,train
HER_01885,RELIEVES,SYM_03492,2,train
HER_01861,RELIEVES,SYM_03462,2,train
HER_01871,RELIEVES,SYM_03492,2,train
HER_01869,RELIEVES,SYM_03462,2,train
HER_01869,RELIEVES,SYM_03492,2,train
HER_02135,RELIEVES,SYM_03462,4,train
HER_01911,RELIEVES,SYM_03462,2,train
HER_01911,RELIEVES,SYM_03492,2,train
HER_01992,RELIEVES,SYM_03462,2,train
PRE_02579,CONTAINS,HER_01865,2,train
HER_01939,HAS_EFFECT,EFF_01258,2,train
HER_01939,HAS_EFFECT,EFF_01459,2,train
HER_01868,HAS_EFFECT,EFF_01258,2,train
HER_01868,HAS_EFFECT,EFF_01459,2,valid
HER_01865,HAS_EFFECT,EFF_01459,2,train
HER_01876,HAS_EFFECT,EFF_01258,4,train
HER_01876,HAS_EFFECT,EFF_01459,2,valid
HER_01918,HAS_EFFECT,EFF_01459,2,train
HER_02012,HAS_EFFECT,EFF_01258,3,train
HER_02012,HAS_EFFECT,EFF_01459,2,train
HER_01989,HAS_EFFECT,EFF_01258,3,train
HER_01989,HAS_EFFECT,EFF_01459,2,train
HER_01873,HAS_EFFECT,EFF_01258,4,test
HER_01905,HAS_EFFECT,EFF_01258,3,train
HER_01905,HAS_EFFECT,EFF_01459,2,train
HER_01904,HAS_EFFECT,EFF_01459,2,train
HER_01864,HAS_EFFECT,EFF_01459,2,train
HER_02009,HAS_EFFECT,EFF_01258,3,valid
HER_02009,HAS_EFFECT,EFF_01459,2,train
HER_01887,HAS_EFFECT,EFF_01258,4,train
HER_01887,HAS_EFFECT,EFF_01459,2,train
HER_01930,HAS_EFFECT,EFF_01258,2,train
HER_01857,RELIEVES,SYM_03436,3,test
HER_01857,RELIEVES,SYM_03458,4,test
HER_01880,RELIEVES,SYM_03436,2,train
HER_01939,RELIEVES,SYM_04497,2,train
HER_01939,RELIEVES,SYM_05088,2,train
HER_01939,RELIEVES,SYM_03436,3,train
HER_01868,RELIEVES,SYM_04497,2,train
HER_01868,RELIEVES,SYM_05088,2,train
HER_01868,RELIEVES,SYM_03436,3,train
HER_01865,RELIEVES,SYM_04497,2,train
HER_01865,RELIEVES,SYM_05088,2,train
HER_01865,RELIEVES,SYM_03436,5,test
HER_01865,RELIEVES,SYM_03458,3,train
HER_01876,RELIEVES,SYM_04497,2,train
HER_01876,RELIEVES,SYM_05088,2,train
HER_01876,RELIEVES,SYM_03436,3,train
HER_01918,RELIEVES,SYM_04497,2,train
HER_01918,RELIEVES,SYM_05088,2,train
HER_01918,RELIEVES,SYM_03436,2,train
HER_01918,RELIEVES,SYM_03458,4,train
HER_01855,RELIEVES,SYM_03436,6,train
HER_02012,RELIEVES,SYM_04497,2,train
HER_02012,RELIEVES,SYM_05088,2,train
HER_02012,RELIEVES,SYM_03436,2,valid
HER_01989,RELIEVES,SYM_04497,2,valid
HER_01989,RELIEVES,SYM_05088,2,train
HER_01989,RELIEVES,SYM_03436,2,train
HER_01989,RELIEVES,SYM_03458,2,train
HER_01873,RELIEVES,SYM_03436,3,train
HER_01873,RELIEVES,SYM_03458,3,train
HER_01905,RELIEVES,SYM_04497,2,train
HER_01905,RELIEVES,SYM_05088,2,train
HER_01905,RELIEVES,SYM_03436,3,train
HER_01905,RELIEVES,SYM_03458,4,test
HER_01904,RELIEVES,SYM_04497,2,train
HER_01904,RELIEVES,SYM_05088,2,train
HER_01904,RELIEVES,SYM_03436,3,valid
HER_01904,RELIEVES,SYM_03458,3,valid
HER_01864,RELIEVES,SYM_04497,2,train
HER_01864,RELIEVES,SYM_05088,2,valid
HER_01864,RELIEVES,SYM_03436,3,valid
HER_01864,RELIEVES,SYM_03458,5,valid
HER_02009,RELIEVES,SYM_04497,2,train
HER_02009,RELIEVES,SYM_05088,2,test
HER_02009,RELIEVES,SYM_03436,2,train
HER_02009,RELIEVES,SYM_03458,3,train
HER_01887,RELIEVES,SYM_04497,2,train
HER_01887,RELIEVES,SYM_05088,2,train
HER_01887,RELIEVES,SYM_03436,4,train
HER_01930,RELIEVES,SYM_03458,2,train
PRE_02632,CONTAINS,HER_01868,2,train
PRE_02632,CONTAINS,HER_01872,2,train
PRE_02632,CONTAINS,HER_01876,2,train
PRE_02632,CONTAINS,HER_01869,2,train
PRE_02632,CONTAINS,HER_01864,2,train
PRE_02632,CONTAINS,HER_01887,2,train
HER_01872,HAS_EFFECT,EFF_01342,2,train
HER_01872,HAS_EFFECT,EFF_01258,11,train
HER_01876,HAS_EFFECT,EFF_01342,2,test
HER_02044,HAS_EFFECT,EFF_01342,4,train
HER_02044,HAS_EFFECT,EFF_01253,3,train
HER_01989,HAS_EFFECT,EFF_01253,4,valid
HER_01905,HAS_EFFECT,EFF_01342,4,train
HER_01905,HAS_EFFECT,EFF_01253,7,train
HER_01864,HAS_EFFECT,EFF_01342,4,train
HER_02009,HAS_EFFECT,EFF_01342,3,train
HER_02009,HAS_EFFECT,EFF_01253,4,train
HER_01887,HAS_EFFECT,EFF_01342,2,train
HER_01872,RELIEVES,SYM_03436,4,train
HER_02044,RELIEVES,SYM_03458,2,train
PRE_02763,CONTAINS,HER_01875,2,train
PRE_02763,CONTAINS,HER_01857,2,train
PRE_02763,CONTAINS,HER_01891,2,train
PRE_02763,CONTAINS,HER_01876,2,train
PRE_02763,CONTAINS,HER_01854,2,train
PRE_02763,CONTAINS,HER_01855,2,train
PRE_02763,CONTAINS,HER_01873,2,train
PRE_02763,CONTAINS,HER_01893,2,test
PRE_02763,CONTAINS,HER_01930,2,train
HER_01875,HAS_EFFECT,EFF_01421,2,train
HER_01857,HAS_EFFECT,EFF_01421,2,train
HER_01857,HAS_EFFECT,EFF_01270,2,train
HER_01891,HAS_EFFECT,EFF_01421,2,train
HER_01891,HAS_EFFECT,EFF_01270,5,train
HER_01876,HAS_EFFECT,EFF_01421,2,train
HER_01854,HAS_EFFECT,EFF_01421,2,train
HER_01854,HAS_EFFECT,EFF_01270,4,train
HER_01855,HAS_EFFECT,EFF_01421,2,train
HER_01855,HAS_EFFECT,EFF_01270,4,test
HER_01902,HAS_EFFECT,EFF_01270,2,train
HER_01859,HAS_EFFECT,EFF_01270,7,test
HER_01873,HAS_EFFECT,EFF_01421,2,train
HER_01873,HAS_EFFECT,EFF_01270,2,train
HER_01905,HAS_EFFECT,EFF_01270,6,valid
HER_01893,HAS_EFFECT,EFF_01421,2,train
HER_01930,HAS_EFFECT,EFF_01421,2,train
HER_01875,RELIEVES,SYM_03738,3,train
HER_01857,RELIEVES,SYM_03738,3,valid
HER_01891,RELIEVES,SYM_03583,2,valid
HER_01854,RELIEVES,SYM_03738,2,valid
HER_01960,RELIEVES,SYM_03738,2,train
HER_01960,RELIEVES,SYM_03583,3,train
HER_01855,RELIEVES,SYM_03738,3,train
HER_01902,RELIEVES,SYM_03738,3,train
HER_01873,RELIEVES,SYM_03738,3,train
HER_01891,HAS_EFFECT,EFF_01342,3,valid
HER_01866,HAS_EFFECT,EFF_01342,2,train
HER_01854,HAS_EFFECT,EFF_01342,2,train
HER_01859,HAS_EFFECT,EFF_01342,3,train
HER_01874,HAS_EFFECT,EFF_01342,2,train
HER_01891,RELIEVES,SYM_03458,4,train
HER_02024,RELIEVES,SYM_03458,3,train
PRE_02500,CONTAINS,HER_01885,2,train
PRE_02500,CONTAINS,HER_01869,2,test
PRE_02500,CONTAINS,HER_01969,2,test
PRE_02500,TREATS,SYM_03606,2,test
HER_01897,HAS_EFFECT,EFF_01253,6,train
HER_01877,HAS_EFFECT,EFF_01253,5,train
HER_01954,HAS_EFFECT,EFF_01257,4,train
HER_01954,HAS_EFFECT,EFF_01285,2,train
HER_01885,HAS_EFFECT,EFF_01253,18,train
HER_01856,HAS_EFFECT,EFF_01253,25,train
HER_02068,HAS_EFFECT,EFF_01253,2,train
HER_01969,HAS_EFFECT,EFF_01257,2,train
HER_01969,HAS_EFFECT,EFF_01285,2,valid
HER_01969,HAS_EFFECT,EFF_01253,4,train
HER_01911,HAS_EFFECT,EFF_01253,15,train
HER_01992,HAS_EFFECT,EFF_01257,2,train
HER_01877,RELIEVES,SYM_03606,2,test
HER_01871,RELIEVES,SYM_03606,3,train
HER_01856,RELIEVES,SYM_03606,4,train
HER_01869,RELIEVES,SYM_03606,2,valid
HER_02068,RELIEVES,SYM_03606,2,valid
HER_01969,RELIEVES,SYM_03606,4,test
HER_01911,RELIEVES,SYM_03606,2,train
HER_01886,RELIEVES,SYM_03606,2,train
PRE_02888,CONTAINS,HER_01920,2,train
PRE_02500,CONTAINS,HER_01909,2,train
PRE_02500,CONTAINS,HER_01895,2,train
PRE_02500,CONTAINS,HER_02042,2,train
HER_01871,HAS_EFFECT,EFF_01341,2,test
HER_02075,HAS_EFFECT,EFF_01341,2,train
HER_02075,HAS_EFFECT,EFF_01310,2,train
HER_01880,HAS_EFFECT,EFF_01275,3,valid
HER_01877,HAS_EFFECT,EFF_01275,3,train
HER_01948,HAS_EFFECT,EFF_01341,2,train
HER_01895,HAS_EFFECT,EFF_01341,2,train
HER_01855,HAS_EFFECT,EFF_01341,3,test
HER_01855,HAS_EFFECT,EFF_01275,7,test
HER_01897,HAS_EFFECT,EFF_01275,3,train
HER_01856,HAS_EFFECT,EFF_01341,3,train
HER_01856,HAS_EFFECT,EFF_01275,3,train
HER_01869,HAS_EFFECT,EFF_01341,2,train
HER_01869,HAS_EFFECT,EFF_01275,2,valid
HER_01869,HAS_EFFECT,EFF_01310,2,train
HER_02055,HAS_EFFECT,EFF_01310,2,train
HER_01883,HAS_EFFECT,EFF_01341,2,train
HER_01871,RELIEVES,SYM_03582,4,train
HER_02075,RELIEVES,SYM_03606,2,train
HER_02075,RELIEVES,SYM_03582,2,test
HER_01948,RELIEVES,SYM_03582,2,train
HER_01895,RELIEVES,SYM_03606,2,train
HER_01895,RELIEVES,SYM_03582,2,train
HER_01855,RELIEVES,SYM_03582,3,train
HER_01856,RELIEVES,SYM_03582,3,valid
HER_02035,RELIEVES,SYM_03582,4,train
HER_02055,RELIEVES,SYM_03582,3,valid
HER_01883,RELIEVES,SYM_03606,2,train
HER_01883,RELIEVES,SYM_03582,2,train
PRE_02741,CONTAINS,HER_01989,2,train
HER_02159,HAS_EFFECT,EFF_01256,2,train
HER_01953,HAS_EFFECT,EFF_01258,2,valid
HER_01953,HAS_EFFECT,EFF_01262,2,train
HER_01953,HAS_EFFECT,EFF_01267,3,test
HER_01953,HAS_EFFECT,EFF_01253,7,train
HER_01953,HAS_EFFECT,EFF_01259,2,train
HER_01953,HAS_EFFECT,EFF_01265,2,train
HER_01986,HAS_EFFECT,EFF_01341,2,train
HER_01986,HAS_EFFECT,EFF_01256,4,train
HER_01986,HAS_EFFECT,EFF_01253,3,train
HER_01986,HAS_EFFECT,EFF_01259,2,valid
HER_01862,HAS_EFFECT,EFF_01258,2,train
HER_01862,HAS_EFFECT,EFF_01341,2,train
HER_01862,HAS_EFFECT,EFF_01283,2,train
HER_01862,HAS_EFFECT,EFF_01256,8,train
HER_01862,HAS_EFFECT,EFF_01253,11,train
HER_01862,HAS_EFFECT,EFF_01278,2,train
HER_01862,HAS_EFFECT,EFF_01336,2,valid
HER_02263,HAS_EFFECT,EFF_01256,2,train
HER_02263,HAS_EFFECT,EFF_01253,2,train
HER_02263,HAS_EFFECT,EFF_01259,2,test
HER_02070,HAS_EFFECT,EFF_01262,2,train
HER_02070,HAS_EFFECT,EFF_01256,2,valid
HER_02070,HAS_EFFECT,EFF_01278,2,train
HER_02070,HAS_EFFECT,EFF_01259,2,train
HER_02070,HAS_EFFECT,EFF_01265,2,valid
HER_01873,HAS_EFFECT,EFF_01305,2,train
HER_01873,HAS_EFFECT,EFF_01262,3,train
HER_01873,HAS_EFFECT,EFF_01267,5,train
HER_01873,HAS_EFFECT,EFF_01283,2,train
HER_01873,HAS_EFFECT,EFF_01256,11,train
HER_01873,HAS_EFFECT,EFF_01253,13,train
HER_01873,HAS_EFFECT,EFF_01278,2,train
HER_01873,HAS_EFFECT,EFF_01259,9,test
HER_01871,HAS_EFFECT,EFF_01305,3,train
HER_01871,HAS_EFFECT,EFF_01262,2,train
HER_01871,HAS_EFFECT,EFF_01256,3,test
HER_02075,HAS_EFFECT,EFF_01258,2,train
HER_02075,HAS_EFFECT,EFF_01262,2,train
HER_02075,HAS_EFFECT,EFF_01253,2,train
HER_02075,HAS_EFFECT,EFF_01259,2,train
HER_01970,HAS_EFFECT,EFF_01262,4,train
HER_01970,HAS_EFFECT,EFF_01253,2,train
HER_01970,HAS_EFFECT,EFF_01278,2,train
HER_01970,HAS_EFFECT,EFF_01265,2,valid
HER_02009,HAS_EFFECT,EFF_01262,2,train
HER_01887,HAS_EFFECT,EFF_01262,2,train
HER_01887,HAS_EFFECT,EFF_01267,3,test
HER_01887,HAS_EFFECT,EFF_01278,2,train
HER_01951,HAS_EFFECT,EFF_01262,3,train
HER_01951,HAS_EFFECT,EFF_01341,2,train
HER_01951,HAS_EFFECT,EFF_01283,2,valid
HER_01951,HAS_EFFECT,EFF_01256,5,test
HER_01951,HAS_EFFECT,EFF_01253,2,train
HER_01951,HAS_EFFECT,EFF_01259,4,train
HER_01951,HAS_EFFECT,EFF_01265,2,train
HER_02059,HAS_EFFECT,EFF_01267,2,train
HER_02059,HAS_EFFECT,EFF_01256,2,valid
HER_02059,HAS_EFFECT,EFF_01253,3,test
HER_02059,HAS_EFFECT,EFF_01259,2,train
HER_01948,HAS_EFFECT,EFF_01256,3,train
HER_01948,HAS_EFFECT,EFF_01253,4,train
HER_01948,HAS_EFFECT,EFF_01259,3,train
HER_01948,HAS_EFFECT,EFF_01265,3,train
HER_01895,HAS_EFFECT,EFF_01262,3,train
HER_01895,HAS_EFFECT,EFF_01253,11,train
HER_01895,HAS_EFFECT,EFF_01259,3,train
HER_01895,HAS_EFFECT,EFF_01265,2,train
HER_01855,HAS_EFFECT,EFF_01305,2,train
HER_01855,HAS_EFFECT,EFF_01267,3,train
HER_01855,HAS_EFFECT,EFF_01283,4,test
HER_01855,HAS_EFFECT,EFF_01256,17,train
HER_01855,HAS_EFFECT,EFF_01278,4,train
HER_01855,HAS_EFFECT,EFF_01259,12,train
HER_01855,HAS_EFFECT,EFF_01265,5,train
HER_01860,HAS_EFFECT,EFF_01341,3,train
HER_01860,HAS_EFFECT,EFF_01283,2,train
HER_01860,HAS_EFFECT,EFF_01259,5,valid
HER_01860,HAS_EFFECT,EFF_01265,3,train
HER_02175,HAS_EFFECT,EFF_01267,2,train
HER_02175,HAS_EFFECT,EFF_01253,3,train
HER_01982,HAS_EFFECT,EFF_01341,2,train
HER_01982,HAS_EFFECT,EFF_01256,5,train
HER_01982,HAS_EFFECT,EFF_01253,4,train
HER_01982,HAS_EFFECT,EFF_01278,2,train
HER_01982,HAS_EFFECT,EFF_01259,7,train
HER_01982,HAS_EFFECT,EFF_01336,2,valid
HER_01982,HAS_EFFECT,EFF_01265,2,train
HER_01925,HAS_EFFECT,EFF_01267,2,train
HER_01925,HAS_EFFECT,EFF_01283,5,train
HER_01925,HAS_EFFECT,EFF_01256,10,test
HER_01925,HAS_EFFECT,EFF_01253,3,train
HER_01925,HAS_EFFECT,EFF_01259,7,train
HER_01872,HAS_EFFECT,EFF_01262,2,train
HER_01872,HAS_EFFECT,EFF_01256,5,train
HER_01872,HAS_EFFECT,EFF_01278,2,train
HER_01872,HAS_EFFECT,EFF_01259,6,test
HER_01872,HAS_EFFECT,EFF_01265,2,train
HER_01859,HAS_EFFECT,EFF_01258,3,train
HER_01859,HAS_EFFECT,EFF_01267,3,train
HER_01859,HAS_EFFECT,EFF_01256,2,train
HER_01859,HAS_EFFECT,EFF_01278,2,test
HER_01859,HAS_EFFECT,EFF_01336,2,train
HER_01859,HAS_EFFECT,EFF_01265,2,train
HER_01856,HAS_EFFECT,EFF_01267,3,train
HER_01856,HAS_EFFECT,EFF_01283,3,valid
HER_01856,HAS_EFFECT,EFF_01256,13,train
HER_01856,HAS_EFFECT,EFF_01278,3,train
HER_01856,HAS_EFFECT,EFF_01265,3,train
HER_01876,HAS_EFFECT,EFF_01262,4,train
HER_01876,HAS_EFFECT,EFF_01256,2,test
HER_02184,HAS_EFFECT,EFF_01258,2,train
HER_01959,HAS_EFFECT,EFF_01258,2,train
HER_01959,HAS_EFFECT,EFF_01267,3,train
HER_01884,HAS_EFFECT,EFF_01267,2,train
HER_01884,HAS_EFFECT,EFF_01283,5,train
HER_01884,HAS_EFFECT,EFF_01256,16,train
HER_01884,HAS_EFFECT,EFF_01253,10,train
HER_01884,HAS_EFFECT,EFF_01278,2,test
HER_01884,HAS_EFFECT,EFF_01259,8,valid
HER_01884,HAS_EFFECT,EFF_01336,2,train
HER_01884,HAS_EFFECT,EFF_01265,2,test
HER_02026,HAS_EFFECT,EFF_01262,2,train
HER_02026,HAS_EFFECT,EFF_01253,2,train
HER_02026,HAS_EFFECT,EFF_01278,2,test
HER_01989,HAS_EFFECT,EFF_01262,2,test
HER_01989,HAS_EFFECT,EFF_01256,2,train
HER_01919,HAS_EFFECT,EFF_01267,2,train
HER_01919,HAS_EFFECT,EFF_01341,2,valid
HER_01919,HAS_EFFECT,EFF_01283,5,train
HER_01919,HAS_EFFECT,EFF_01256,16,test
HER_01919,HAS_EFFECT,EFF_01253,6,train
HER_01919,HAS_EFFECT,EFF_01278,2,test
HER_01919,HAS_EFFECT,EFF_01259,9,train
HER_01905,HAS_EFFECT,EFF_01262,4,train
HER_01905,HAS_EFFECT,EFF_01256,2,valid
HER_01905,HAS_EFFECT,EFF_01336,2,train
HER_01883,HAS_EFFECT,EFF_01267,4,test
HER_01883,HAS_EFFECT,EFF_01283,2,train
HER_01883,HAS_EFFECT,EFF_01256,2,train
HER_01883,HAS_EFFECT,EFF_01265,4,valid
HER_01927,HAS_EFFECT,EFF_01258,3,test
HER_01927,HAS_EFFECT,EFF_01267,2,valid
HER_01927,HAS_EFFECT,EFF_01341,2,train
HER_01927,HAS_EFFECT,EFF_01283,2,train
HER_01927,HAS_EFFECT,EFF_01256,3,train
HER_01927,HAS_EFFECT,EFF_01259,5,train
HER_01927,HAS_EFFECT,EFF_01265,5,train
HER_01878,HAS_EFFECT,EFF_01267,3,train
HER_01878,HAS_EFFECT,EFF_01283,2,valid
HER_01878,HAS_EFFECT,EFF_01256,5,train
HER_01878,HAS_EFFECT,EFF_01253,20,train
HER_01878,HAS_EFFECT,EFF_01259,4,train
HER_01878,HAS_EFFECT,EFF_01265,5,train
HER_01930,HAS_EFFECT,EFF_01262,2,valid
HER_01930,HAS_EFFECT,EFF_01267,3,valid
HER_01930,HAS_EFFECT,EFF_01253,9,train
HER_01930,HAS_EFFECT,EFF_01259,2,train
HER_01930,HAS_EFFECT,EFF_01336,2,train
HER_01930,HAS_EFFECT,EFF_01265,3,train
HER_02056,HAS_EFFECT,EFF_01283,2,train
HER_02056,HAS_EFFECT,EFF_01253,2,train
HER_02056,HAS_EFFECT,EFF_01278,2,test
HER_02056,HAS_EFFECT,EFF_01259,2,train
HER_02056,HAS_EFFECT,EFF_01336,2,train
HER_01971,HAS_EFFECT,EFF_01253,3,train
HER_01971,HAS_EFFECT,EFF_01278,2,valid
HER_01971,HAS_EFFECT,EFF_01265,2,train
HER_01953,RELIEVES,SYM_03464,2,train
HER_01953,RELIEVES,SYM_04039,2,train
HER_01953,RELIEVES,SYM_03477,3,train
HER_01986,RELIEVES,SYM_03477,2,train
HER_01862,RELIEVES,SYM_03582,2,train
HER_01862,RELIEVES,SYM_03477,2,train
HER_02263,RELIEVES,SYM_03477,2,train
HER_01873,RELIEVES,SYM_04039,2,train
HER_01873,RELIEVES,SYM_03606,3,train
HER_01873,RELIEVES,SYM_03477,5,valid
HER_01871,RELIEVES,SYM_03477,2,train
HER_01970,RELIEVES,SYM_03477,2,train
HER_01887,RELIEVES,SYM_03464,2,train
HER_02059,RELIEVES,SYM_03606,2,train
HER_02059,RELIEVES,SYM_03477,3,train
HER_01855,RELIEVES,SYM_04039,2,train
HER_01855,RELIEVES,SYM_03477,4,train
HER_01860,RELIEVES,SYM_03606,3,train
HER_01860,RELIEVES,SYM_03582,2,train
HER_01860,RELIEVES,SYM_03477,2,train
HER_01982,RELIEVES,SYM_03606,2,train
HER_01982,RELIEVES,SYM_03477,3,test
HER_01925,RELIEVES,SYM_04039,2,train
HER_01872,RELIEVES,SYM_03464,3,train
HER_01859,RELIEVES,SYM_03464,2,train
HER_01859,RELIEVES,SYM_03582,3,train
HER_01859,RELIEVES,SYM_03477,4,train
HER_01964,RELIEVES,SYM_03477,2,train
HER_01876,RELIEVES,SYM_03582,2,train
HER_01876,RELIEVES,SYM_03477,2,train
HER_01959,RELIEVES,SYM_03477,2,train
HER_01884,RELIEVES,SYM_03606,3,train
HER_01884,RELIEVES,SYM_03477,4,train
HER_01919,RELIEVES,SYM_04039,2,train
HER_01919,RELIEVES,SYM_03477,2,train
HER_01905,RELIEVES,SYM_03477,2,train
HER_01883,RELIEVES,SYM_03477,2,train
HER_01927,RELIEVES,SYM_04039,2,train
HER_01878,RELIEVES,SYM_03477,3,test
HER_01930,RELIEVES,SYM_04039,2,valid
HER_01930,RELIEVES,SYM_03477,3,train
HER_02056,RELIEVES,SYM_03477,2,valid
PRE_02479,CONTAINS,HER_01886,2,train
PRE_02479,CONTAINS,HER_01891,2,train
PRE_02479,CONTAINS,HER_01905,2,valid
PRE_02479,CONTAINS,HER_01867,3,train
PRE_02479,CONTAINS,HER_01927,2,train
PRE_02479,CONTAINS,HER_01930,3,train
PRE_02626,CONTAINS,HER_01862,3,train
PRE_02626,CONTAINS,HER_01857,2,valid
PRE_02626,CONTAINS,HER_01867,3,train
PRE_02626,CONTAINS,HER_01927,2,train
HER_01862,HAS_EFFECT,EFF_01272,2,valid
HER_01909,HAS_EFFECT,EFF_01266,2,train
HER_01909,HAS_EFFECT,EFF_01254,2,train
HER_02115,HAS_EFFECT,EFF_01254,5,test
HER_02115,HAS_EFFECT,EFF_01272,2,train
HER_02115,HAS_EFFECT,EFF_01253,2,train
HER_01887,HAS_EFFECT,EFF_01266,2,train
HER_01886,HAS_EFFECT,EFF_01266,4,train
HER_01886,HAS_EFFECT,EFF_01272,2,train
HER_01857,HAS_EFFECT,EFF_01272,4,train
HER_01975,HAS_EFFECT,EFF_01272,2,train
HER_01982,HAS_EFFECT,EFF_01266,2,train
HER_01982,HAS_EFFECT,EFF_01254,2,train
HER_01977,HAS_EFFECT,EFF_01253,4,train
HER_01891,HAS_EFFECT,EFF_01254,7,train
HER_01891,HAS_EFFECT,EFF_01272,5,train
HER_01891,HAS_EFFECT,EFF_01327,2,train
HER_01859,HAS_EFFECT,EFF_01272,6,train
HER_01859,HAS_EFFECT,EFF_01327,2,train
HER_01861,HAS_EFFECT,EFF_01266,2,train
HER_01879,HAS_EFFECT,EFF_01272,3,train
HER_02003,HAS_EFFECT,EFF_01266,2,train
HER_02003,HAS_EFFECT,EFF_01254,2,valid
HER_02003,HAS_EFFECT,EFF_01253,3,train
HER_01864,HAS_EFFECT,EFF_01272,4,train
HER_01920,HAS_EFFECT,EFF_01266,2,train
HER_01884,HAS_EFFECT,EFF_01266,4,train
HER_01933,HAS_EFFECT,EFF_01266,2,train
HER_01933,HAS_EFFECT,EFF_01253,13,train
HER_01905,HAS_EFFECT,EFF_01266,2,train
HER_01905,HAS_EFFECT,EFF_01272,6,train
HER_01867,HAS_EFFECT,EFF_01266,10,train
HER_01867,HAS_EFFECT,EFF_01254,5,train
HER_01867,HAS_EFFECT,EFF_01253,14,train
HER_01927,HAS_EFFECT,EFF_01266,3,test
HER_01930,HAS_EFFECT,EFF_01254,5,test
HER_02056,HAS_EFFECT,EFF_01266,2,test
HER_02056,HAS_EFFECT,EFF_01254,2,train
HER_01857,RELIEVES,SYM_03477,2,train
HER_01975,RELIEVES,SYM_03477,2,valid
HER_01891,RELIEVES,SYM_03477,2,train
HER_01879,RELIEVES,SYM_03477,2,valid
HER_01864,RELIEVES,SYM_03477,2,train
HER_01922,RELIEVES,SYM_03477,2,train
PRE_02480,CONTAINS,HER_02007,2,train
PRE_02480,CONTAINS,HER_01893,5,train
PRE_02480,CONTAINS,HER_01886,6,train
PRE_02480,CONTAINS,HER_01875,5,train
PRE_02480,CONTAINS,HER_01877,7,train
PRE_02480,CONTAINS,HER_01947,2,valid
PRE_02480,CONTAINS,HER_01891,7,train
PRE_02480,CONTAINS,HER_01897,7,train
PRE_02480,CONTAINS,HER_01910,2,valid
PRE_02480,CONTAINS,HER_01879,8,train
PRE_02480,CONTAINS,HER_02046,2,train
PRE_02480,CONTAINS,HER_01918,7,train
PRE_02480,CONTAINS,HER_02034,4,train
PRE_02550,CONTAINS,HER_01871,2,valid
PRE_02550,CONTAINS,HER_01877,2,train
PRE_02550,CONTAINS,HER_01897,2,train
PRE_02550,CONTAINS,HER_01856,2,test
PRE_02550,CONTAINS,HER_01866,3,train
PRE_02480,TREATS,SYM_03458,4,train
HER_01862,HAS_EFFECT,EFF_01348,3,train
HER_01862,HAS_EFFECT,EFF_01269,2,train
HER_02007,HAS_EFFECT,EFF_01262,2,train
HER_01893,HAS_EFFECT,EFF_01348,3,train
HER_01893,HAS_EFFECT,EFF_01262,2,test
HER_01893,HAS_EFFECT,EFF_01254,6,train
HER_01979,HAS_EFFECT,EFF_01348,2,train
HER_01979,HAS_EFFECT,EFF_01262,3,train
HER_01886,HAS_EFFECT,EFF_01348,3,train
HER_01886,HAS_EFFECT,EFF_01262,3,train
HER_01857,HAS_EFFECT,EFF_01348,3,train
HER_01875,HAS_EFFECT,EFF_01348,2,train
HER_01875,HAS_EFFECT,EFF_01269,2,train
HER_01877,HAS_EFFECT,EFF_01348,2,train
HER_01877,HAS_EFFECT,EFF_01392,2,train
HER_01854,HAS_EFFECT,EFF_01348,2,test
HER_01855,HAS_EFFECT,EFF_01348,3,train
HER_01947,HAS_EFFECT,EFF_01348,2,train
HER_01947,HAS_EFFECT,EFF_01262,2,train
HER_01947,HAS_EFFECT,EFF_01254,2,train
HER_01947,HAS_EFFECT,EFF_01269,3,train
HER_01891,HAS_EFFECT,EFF_01348,3,valid
HER_01891,HAS_EFFECT,EFF_01262,4,train
HER_01891,HAS_EFFECT,EFF_01392,2,valid
HER_01897,HAS_EFFECT,EFF_01348,2,train
HER_01897,HAS_EFFECT,EFF_01262,2,train
HER_01897,HAS_EFFECT,EFF_01269,2,train
HER_01868,HAS_EFFECT,EFF_01348,3,train
HER_01910,HAS_EFFECT,EFF_01254,3,valid
HER_01910,HAS_EFFECT,EFF_01392,2,train
HER_01879,HAS_EFFECT,EFF_01348,3,train
HER_01879,HAS_EFFECT,EFF_01269,2,train
HER_01856,HAS_EFFECT,EFF_01348,3,train
HER_01954,HAS_EFFECT,EFF_01348,2,train
HER_01866,HAS_EFFECT,EFF_01348,3,train
HER_01866,HAS_EFFECT,EFF_01262,3,train
HER_01866,HAS_EFFECT,EFF_01269,3,train
HER_01866,HAS_EFFECT,EFF_01392,2,test
HER_01876,HAS_EFFECT,EFF_01348,3,train
HER_01918,HAS_EFFECT,EFF_01348,2,test
HER_01905,HAS_EFFECT,EFF_01348,2,train
HER_01905,HAS_EFFECT,EFF_01269,2,train
HER_01862,RELIEVES,SYM_04324,2,train
HER_01862,RELIEVES,SYM_03458,5,train
HER_01893,RELIEVES,SYM_04324,3,train
HER_01979,RELIEVES,SYM_03458,3,train
HER_01886,RELIEVES,SYM_03458,2,train
HER_01886,RELIEVES,SYM_04372,2,valid
HER_01857,RELIEVES,SYM_04324,2,train
HER_01857,RELIEVES,SYM_04372,2,train
HER_01875,RELIEVES,SYM_04324,3,train
HER_01877,RELIEVES,SYM_04372,2,train
HER_01854,RELIEVES,SYM_04324,3,test
HER_01855,RELIEVES,SYM_04324,2,train
HER_01898,RELIEVES,SYM_03458,2,train
HER_01947,RELIEVES,SYM_03458,2,train
HER_01897,RELIEVES,SYM_04372,2,test
HER_01910,RELIEVES,SYM_03458,2,valid
HER_01879,RELIEVES,SYM_04324,2,train
HER_01879,RELIEVES,SYM_04372,2,train
HER_01856,RELIEVES,SYM_04324,2,test
HER_01866,RELIEVES,SYM_04372,2,train
HER_01905,RELIEVES,SYM_04372,2,train
PRE_02571,CONTAINS,HER_01855,2,train
PRE_02480,CONTAINS,HER_01912,4,valid
PRE_02480,CONTAINS,HER_02102,2,train
PRE_02480,CONTAINS,HER_02073,3,test
HER_01912,RELIEVES,SYM_03458,3,train
HER_02102,RELIEVES,SYM_03458,2,train
PRE_02484,CONTAINS,HER_01859,3,train
PRE_02484,CONTAINS,HER_01902,5,test
PRE_02484,CONTAINS,HER_01870,2,train
PRE_02636,CONTAINS,HER_02066,2,train
PRE_02636,CONTAINS,HER_01921,2,test
PRE_02636,CONTAINS,HER_01865,2,train
PRE_02636,CONTAINS,HER_01870,2,test
PRE_02632,CONTAINS,HER_01855,2,train
PRE_02480,CONTAINS,HER_02042,2,train
PRE_02480,CONTAINS,HER_01976,3,train
PRE_02486,CONTAINS,HER_01976,3,train
PRE_02488,CONTAINS,HER_01862,6,train
PRE_02488,CONTAINS,HER_01885,2,train
PRE_02488,CONTAINS,HER_02075,2,test
PRE_02488,CONTAINS,HER_01912,2,train
PRE_02488,CONTAINS,HER_01857,11,train
PRE_02488,CONTAINS,HER_02031,2,valid
PRE_02488,CONTAINS,HER_01860,10,train
PRE_02488,CONTAINS,HER_01855,12,train
PRE_02488,CONTAINS,HER_01879,8,train
PRE_02488,CONTAINS,HER_01856,11,train
PRE_02488,CONTAINS,HER_01927,2,test
PRE_02488,CONTAINS,HER_01934,2,train
PRE_02488,CONTAINS,HER_01963,2,train
PRE_02488,CONTAINS,HER_01866,8,train
HER_01885,HAS_EFFECT,EFF_01255,4,valid
HER_01885,HAS_EFFECT,EFF_01259,7,train
HER_02075,HAS_EFFECT,EFF_01257,3,train
HER_02075,HAS_EFFECT,EFF_01295,2,train
HER_01873,HAS_EFFECT,EFF_01331,3,train
HER_01873,HAS_EFFECT,EFF_01295,2,train
HER_01912,HAS_EFFECT,EFF_01331,2,train
HER_01912,HAS_EFFECT,EFF_01259,2,train
HER_01973,HAS_EFFECT,EFF_01255,2,train
HER_01973,HAS_EFFECT,EFF_01257,6,train
HER_01857,HAS_EFFECT,EFF_01331,3,valid
HER_01857,HAS_EFFECT,EFF_01259,3,train
HER_01875,HAS_EFFECT,EFF_01331,3,train
HER_01875,HAS_EFFECT,EFF_01259,2,test
HER_01860,HAS_EFFECT,EFF_01331,2,train
HER_01855,HAS_EFFECT,EFF_01331,3,train
HER_01855,HAS_EFFECT,EFF_01295,3,train
HER_01872,HAS_EFFECT,EFF_01257,5,train
HER_01879,HAS_EFFECT,EFF_01331,2,valid
HER_01927,HAS_EFFECT,EFF_01257,2,train
HER_01934,HAS_EFFECT,EFF_01255,3,test
HER_01934,HAS_EFFECT,EFF_01257,2,train
HER_01934,HAS_EFFECT,EFF_01295,2,train
HER_01963,HAS_EFFECT,EFF_01259,3,test
HER_01913,HAS_EFFECT,EFF_01259,7,train
HER_01866,HAS_EFFECT,EFF_01255,9,train
HER_01866,HAS_EFFECT,EFF_01295,2,train
HER_01866,HAS_EFFECT,EFF_01259,5,train
HER_01885,RELIEVES,SYM_03577,2,train
HER_02075,RELIEVES,SYM_03577,2,train
HER_02031,RELIEVES,SYM_03577,2,train
HER_01860,RELIEVES,SYM_03577,2,train
HER_01872,RELIEVES,SYM_03577,2,train
HER_01963,RELIEVES,SYM_03577,2,valid
PRE_02480,CONTAINS,HER_02032,3,train
PRE_02480,TREATS,SYM_04436,2,train
HER_01857,HAS_EFFECT,EFF_01324,3,train
HER_01868,HAS_EFFECT,EFF_01324,2,train
HER_01876,HAS_EFFECT,EFF_01324,2,train
HER_01855,HAS_EFFECT,EFF_01324,4,train
HER_01864,HAS_EFFECT,EFF_01324,4,train
HER_01894,RELIEVES,SYM_04436,2,train
HER_01939,RELIEVES,SYM_04436,2,valid
HER_01876,RELIEVES,SYM_04436,2,valid
HER_01855,RELIEVES,SYM_04436,2,train
HER_01864,RELIEVES,SYM_04436,2,train
HER_01934,RELIEVES,SYM_04436,2,train
PRE_02485,CONTAINS,HER_01891,5,test
PRE_02485,CONTAINS,HER_01894,4,valid
PRE_02485,CONTAINS,HER_01877,2,train
PRE_02485,CONTAINS,HER_01890,4,train
PRE_02485,CONTAINS,HER_01866,5,train
PRE_02485,CONTAINS,HER_01876,2,train
PRE_02485,CONTAINS,HER_02044,3,train
PRE_02485,CONTAINS,HER_01860,9,train
PRE_02485,CONTAINS,HER_01859,12,train
PRE_02485,CONTAINS,HER_01874,3,valid
PRE_02485,CONTAINS,HER_01856,8,train
PRE_02485,CONTAINS,HER_01968,3,train
PRE_02485,CONTAINS,HER_01864,5,test
PRE_02480,CONTAINS,HER_01890,3,test
PRE_02480,CONTAINS,HER_02044,2,valid
PRE_02480,CONTAINS,HER_01968,4,train
PRE_02480,CONTAINS,HER_01973,2,valid
HER_01894,HAS_EFFECT,EFF_01293,2,test
HER_01877,HAS_EFFECT,EFF_01293,2,train
HER_01890,HAS_EFFECT,EFF_01342,2,train
HER_01890,HAS_EFFECT,EFF_01279,2,valid
HER_02044,HAS_EFFECT,EFF_01293,2,valid
HER_02044,HAS_EFFECT,EFF_01257,4,train
HER_01860,HAS_EFFECT,EFF_01342,2,test
HER_01874,HAS_EFFECT,EFF_01293,2,train
HER_01968,HAS_EFFECT,EFF_01279,2,train
PRE_02796,CONTAINS,HER_01976,2,train
PRE_02796,CONTAINS,HER_01876,2,train
PRE_02796,CONTAINS,HER_01872,2,valid
PRE_02796,CONTAINS,HER_01855,2,train
PRE_02796,CONTAINS,HER_01861,2,train
PRE_02796,CONTAINS,HER_01873,2,train
PRE_02796,CONTAINS,HER_01869,2,train
PRE_02796,CONTAINS,HER_01858,2,train
PRE_02796,CONTAINS,HER_01864,2,valid
PRE_02796,CONTAINS,HER_01878,2,train
PRE_02796,CONTAINS,HER_01930,2,valid
HER_01976,HAS_EFFECT,EFF_01253,7,valid
PRE_02528,CONTAINS,HER_01857,3,valid
PRE_02528,CONTAINS,HER_01855,5,train
PRE_02528,CONTAINS,HER_01879,2,valid
PRE_02528,CONTAINS,HER_01887,3,train
PRE_02495,CONTAINS,HER_01879,6,valid
PRE_02495,CONTAINS,HER_01864,4,train
PRE_02562,CONTAINS,HER_01875,7,train
PRE_02562,CONTAINS,HER_01857,3,valid
PRE_02562,CONTAINS,HER_01880,2,valid
PRE_02562,CONTAINS,HER_01854,3,train
PRE_02562,CONTAINS,HER_01855,7,test
PRE_02562,CONTAINS,HER_01873,7,train
PRE_02562,CONTAINS,HER_01879,3,train
PRE_02562,CONTAINS,HER_01893,2,train
PRE_02562,CONTAINS,HER_01886,3,valid
PRE_02779,CONTAINS,HER_01855,2,train
PRE_02779,CONTAINS,HER_01873,2,train
PRE_02779,CONTAINS,HER_01879,2,valid
PRE_02779,CONTAINS,HER_01893,2,train
PRE_02779,CONTAINS,HER_01930,2,train
HER_01873,HAS_EFFECT,EFF_01282,4,train
HER_01930,HAS_EFFECT,EFF_01282,2,valid
CAU_00012,CAUSES,SYM_03430,4,valid
PRE_02489,CONTAINS,HER_01896,3,train
PRE_02489,CONTAINS,HER_01873,9,train
PRE_02489,CONTAINS,HER_02068,2,test
PRE_02489,CONTAINS,HER_01911,3,train
PRE_02489,CONTAINS,HER_01855,12,train
PRE_02489,CONTAINS,HER_01925,3,test
PRE_02489,CONTAINS,HER_01910,3,test
PRE_02489,CONTAINS,HER_01963,2,train
PRE_02489,CONTAINS,HER_01913,2,train
PRE_02489,CONTAINS,HER_01919,10,train
PRE_02489,CONTAINS,HER_01867,5,train
PRE_02489,CONTAINS,HER_01930,3,train
HER_01896,HAS_EFFECT,EFF_01267,4,test
HER_01896,HAS_EFFECT,EFF_01286,3,train
HER_01896,HAS_EFFECT,EFF_01259,5,train
HER_01896,HAS_EFFECT,EFF_01265,4,valid
HER_02068,HAS_EFFECT,EFF_01259,2,train
HER_01955,HAS_EFFECT,EFF_01259,3,test
HER_01886,HAS_EFFECT,EFF_01267,2,train
HER_01911,HAS_EFFECT,EFF_01265,4,train
HER_01855,HAS_EFFECT,EFF_01286,2,train
HER_01967,HAS_EFFECT,EFF_01267,2,test
HER_01967,HAS_EFFECT,EFF_01286,2,train
HER_01967,HAS_EFFECT,EFF_01259,2,train
HER_01967,HAS_EFFECT,EFF_01265,2,train
HER_02065,HAS_EFFECT,EFF_01267,3,train
HER_01927,HAS_EFFECT,EFF_01286,5,train
HER_01963,HAS_EFFECT,EFF_01265,2,train
HER_01913,HAS_EFFECT,EFF_01265,3,test
HER_01954,HAS_EFFECT,EFF_01259,2,train
HER_01954,HAS_EFFECT,EFF_01265,4,train
HER_01867,HAS_EFFECT,EFF_01259,11,valid
HER_01873,RELIEVES,SYM_03545,2,train
HER_02068,RELIEVES,SYM_03430,2,train
HER_01911,RELIEVES,SYM_03430,2,test
HER_01855,RELIEVES,SYM_03430,2,train
HER_01855,RELIEVES,SYM_03545,2,train
HER_01925,RELIEVES,SYM_03430,2,test
HER_01930,RELIEVES,SYM_03545,2,train
HER_01963,RELIEVES,SYM_03477,2,train
HER_01869,RELIEVES,SYM_03477,5,train
HER_01858,RELIEVES,SYM_03477,4,train
CAU_00024,CAUSES,SYM_03460,2,train
PRE_02484,CONTAINS,HER_01857,6,train
PRE_02484,CONTAINS,HER_01875,2,train
PRE_02484,CONTAINS,HER_01862,3,train
PRE_02484,CONTAINS,HER_01884,2,train
PRE_02484,CONTAINS,HER_01912,3,train
HER_01875,HAS_EFFECT,EFF_01291,2,test
HER_02078,HAS_EFFECT,EFF_01255,3,valid
HER_02078,HAS_EFFECT,EFF_01254,2,train
HER_02078,HAS_EFFECT,EFF_01291,2,valid
HER_01899,HAS_EFFECT,EFF_01291,2,train
HER_01873,HAS_EFFECT,EFF_01254,11,train
HER_01912,HAS_EFFECT,EFF_01291,2,train
HER_02147,HAS_EFFECT,EFF_01255,3,valid
HER_01857,RELIEVES,SYM_03460,2,valid
HER_01862,RELIEVES,SYM_03460,2,train
HER_01855,RELIEVES,SYM_03460,2,train
HER_01879,RELIEVES,SYM_03460,2,test
PRE_02488,CONTAINS,HER_02061,2,train
PRE_02488,CONTAINS,HER_01936,2,train
PRE_02488,CONTAINS,HER_01954,3,train
PRE_02488,CONTAINS,HER_01869,2,train
HER_02138,HAS_EFFECT,EFF_01307,2,valid
HER_01936,HAS_EFFECT,EFF_01257,4,train
HER_01936,HAS_EFFECT,EFF_01307,2,train
HER_01855,HAS_EFFECT,EFF_01307,4,train
HER_01856,HAS_EFFECT,EFF_01307,2,train
HER_01886,HAS_EFFECT,EFF_01307,2,train
HER_01902,HAS_EFFECT,EFF_01254,4,train
HER_01902,HAS_EFFECT,EFF_01424,2,train
HER_01873,HAS_EFFECT,EFF_01424,2,test
HER_01873,HAS_EFFECT,EFF_01307,3,valid
HER_01968,HAS_EFFECT,EFF_01254,2,train
HER_01857,HAS_EFFECT,EFF_01424,2,train
HER_01857,HAS_EFFECT,EFF_01307,2,train
HER_01880,HAS_EFFECT,EFF_01424,2,test
HER_01880,HAS_EFFECT,EFF_01331,2,train
HER_01875,HAS_EFFECT,EFF_01424,2,train
HER_01854,HAS_EFFECT,EFF_01424,2,train
HER_01854,HAS_EFFECT,EFF_01307,2,train
HER_01854,HAS_EFFECT,EFF_01359,2,train
HER_01855,HAS_EFFECT,EFF_01424,2,valid
HER_01940,HAS_EFFECT,EFF_01307,2,train
HER_01891,HAS_EFFECT,EFF_01307,2,test
HER_01894,HAS_EFFECT,EFF_01307,2,train
HER_01905,HAS_EFFECT,EFF_01307,2,train
HER_01930,HAS_EFFECT,EFF_01307,2,train
HER_01930,HAS_EFFECT,EFF_01331,2,train
PRE_02528,CONTAINS,HER_01897,3,train
PRE_02528,CONTAINS,HER_01873,2,train
PRE_02500,CONTAINS,HER_01967,3,train
PRE_02500,CONTAINS,HER_01905,3,train
PRE_02500,CONTAINS,HER_01902,2,train
HER_01897,HAS_EFFECT,EFF_01270,2,train
HER_01877,HAS_EFFECT,EFF_01270,2,train
HER_01866,HAS_EFFECT,EFF_01270,5,train
HER_01860,HAS_EFFECT,EFF_01335,2,valid
HER_01860,HAS_EFFECT,EFF_01270,3,train
HER_01855,HAS_EFFECT,EFF_01335,2,train
HER_01967,HAS_EFFECT,EFF_01335,2,test
HER_01967,HAS_EFFECT,EFF_01270,2,train
HER_01874,HAS_EFFECT,EFF_01270,5,train
HER_01856,HAS_EFFECT,EFF_01270,3,train
HER_01902,HAS_EFFECT,EFF_01335,2,train
PRE_02495,CONTAINS,HER_01866,2,train
PRE_02602,CONTAINS,HER_01897,5,train
PRE_02602,CONTAINS,HER_01877,5,train
PRE_02602,CONTAINS,HER_01866,5,train
PRE_02602,CONTAINS,HER_01855,2,train
PRE_02602,CONTAINS,HER_01871,5,train
PRE_02602,CONTAINS,HER_01879,2,train
PRE_02602,CONTAINS,HER_01856,4,train
PRE_02481,CONTAINS,HER_01866,3,train
PRE_02481,CONTAINS,HER_01905,3,train
PRE_02565,CONTAINS,HER_01897,4,train
PRE_02565,CONTAINS,HER_01877,4,train
PRE_02565,CONTAINS,HER_01866,4,train
PRE_02565,CONTAINS,HER_01871,4,train
PRE_02565,CONTAINS,HER_01946,3,train
HER_01897,HAS_EFFECT,EFF_01260,3,train
HER_01877,HAS_EFFECT,EFF_01260,3,test
HER_01866,HAS_EFFECT,EFF_01260,7,train
HER_02017,HAS_EFFECT,EFF_01257,2,valid
HER_01967,HAS_EFFECT,EFF_01257,4,train
HER_01871,HAS_EFFECT,EFF_01260,3,train
HER_02227,HAS_EFFECT,EFF_01257,3,train
CAU_00012,CAUSES,SYM_03409,3,train
PRE_02572,CONTAINS,HER_01924,4,valid
PRE_02572,CONTAINS,HER_01888,3,train
PRE_02572,CONTAINS,HER_01983,2,train
PRE_02572,CONTAINS,HER_01855,3,train
PRE_02572,CONTAINS,HER_01967,3,train
PRE_02572,CONTAINS,HER_01994,4,train
PRE_02572,CONTAINS,HER_01858,3,train
PRE_02572,CONTAINS,HER_02070,3,train
PRE_02572,CONTAINS,HER_02019,4,test
PRE_02572,TREATS,SYM_03409,2,train
HER_01888,HAS_EFFECT,EFF_01323,2,train
HER_01855,HAS_EFFECT,EFF_01323,2,train
HER_01869,HAS_EFFECT,EFF_01323,2,test
HER_01924,RELIEVES,SYM_03409,4,train
HER_02036,RELIEVES,SYM_03409,2,train
HER_01888,RELIEVES,SYM_03436,2,train
HER_01911,RELIEVES,SYM_03436,3,train
HER_01911,RELIEVES,SYM_03409,2,train
HER_01983,RELIEVES,SYM_03409,2,valid
HER_01855,RELIEVES,SYM_03409,8,train
HER_01945,RELIEVES,SYM_03436,2,train
HER_01982,RELIEVES,SYM_03409,2,train
HER_01858,RELIEVES,SYM_03436,4,train
HER_01858,RELIEVES,SYM_03409,6,valid
HER_01869,RELIEVES,SYM_03409,4,train
HER_01925,RELIEVES,SYM_03409,2,train
HER_02019,RELIEVES,SYM_03409,2,train
HER_02015,RELIEVES,SYM_03409,3,train
PRE_02488,CONTAINS,HER_01907,5,test
PRE_02488,CONTAINS,HER_01854,6,train
PRE_02488,CONTAINS,HER_01925,3,test
PRE_02488,CONTAINS,HER_02036,2,train
PRE_02483,CONTAINS,HER_01907,4,train
PRE_02483,CONTAINS,HER_01860,7,train
PRE_02483,CONTAINS,HER_01925,3,train
PRE_02483,CONTAINS,HER_02036,2,train
HER_01862,HAS_EFFECT,EFF_01406,2,train
HER_01854,HAS_EFFECT,EFF_01406,2,train
HER_01860,HAS_EFFECT,EFF_01406,2,valid
HER_01879,HAS_EFFECT,EFF_01406,2,train
HER_01856,HAS_EFFECT,EFF_01406,2,valid
HER_01907,RELIEVES,SYM_03430,2,train
HER_01854,RELIEVES,SYM_03430,3,test
HER_01860,RELIEVES,SYM_03430,2,train
HER_01856,RELIEVES,SYM_03430,2,train
HER_01982,RELIEVES,SYM_03430,2,train
HER_01880,HAS_EFFECT,EFF_01326,4,train
HER_01900,HAS_EFFECT,EFF_01326,2,train
HER_01866,HAS_EFFECT,EFF_01326,2,valid
HER_01915,HAS_EFFECT,EFF_01326,2,train
HER_01908,HAS_EFFECT,EFF_01326,2,train
CAU_00296,CAUSES,SYM_03408,2,train
HER_01909,HAS_EFFECT,EFF_01265,2,train
HER_01858,HAS_EFFECT,EFF_01265,2,train
HER_01865,HAS_EFFECT,EFF_01265,3,train
HER_01882,HAS_EFFECT,EFF_01265,2,valid
HER_01882,HAS_EFFECT,EFF_01253,11,test
HER_01908,HAS_EFFECT,EFF_01253,5,train
HER_01926,HAS_EFFECT,EFF_01265,3,train
HER_01926,HAS_EFFECT,EFF_01253,8,train
HER_01869,HAS_EFFECT,EFF_01265,3,train
HER_01937,HAS_EFFECT,EFF_01265,3,train
HER_01881,HAS_EFFECT,EFF_01265,3,train
HER_01881,HAS_EFFECT,EFF_01253,19,valid
HER_01923,HAS_EFFECT,EFF_01253,2,train
HER_01896,RELIEVES,SYM_03444,5,train
HER_01896,RELIEVES,SYM_03408,5,test
HER_01889,RELIEVES,SYM_03408,3,test
HER_01858,RELIEVES,SYM_03408,3,train
HER_01890,RELIEVES,SYM_03444,2,train
HER_01890,RELIEVES,SYM_03408,2,test
HER_01865,RELIEVES,SYM_03408,4,train
HER_01882,RELIEVES,SYM_03444,2,valid
HER_01882,RELIEVES,SYM_03408,2,test
HER_01926,RELIEVES,SYM_03444,2,train
HER_01926,RELIEVES,SYM_03408,2,train
HER_01872,RELIEVES,SYM_03408,2,train
HER_01861,RELIEVES,SYM_03408,2,train
HER_01856,RELIEVES,SYM_03408,3,train
HER_01869,RELIEVES,SYM_03408,3,train
HER_01937,RELIEVES,SYM_03444,3,train
HER_01866,RELIEVES,SYM_03444,2,train
HER_01866,RELIEVES,SYM_03408,3,train
HER_01881,RELIEVES,SYM_03444,8,train
HER_01881,RELIEVES,SYM_03408,4,train
HER_01927,RELIEVES,SYM_03444,3,train
HER_01927,RELIEVES,SYM_03408,4,train
HER_01878,RELIEVES,SYM_03444,5,train
HER_01878,RELIEVES,SYM_03408,5,train
PRE_02507,CONTAINS,HER_02004,2,train
PRE_02507,CONTAINS,HER_01898,2,train
PRE_02480,CONTAINS,HER_02037,4,train
PRE_02480,CONTAINS,HER_01981,2,valid
PRE_02480,CONTAINS,HER_02082,3,train
PRE_02480,CONTAINS,HER_01908,6,train
PRE_02480,TREATS,SYM_03426,3,train
PRE_02480,TREATS,SYM_03449,2,train
HER_02037,RELIEVES,SYM_03426,2,train
HER_02037,RELIEVES,SYM_03449,3,train
HER_01868,RELIEVES,SYM_03426,2,train
HER_01900,RELIEVES,SYM_03449,6,train
HER_01900,RELIEVES,SYM_03458,2,test
HER_01866,RELIEVES,SYM_03426,4,train
HER_01866,RELIEVES,SYM_03449,3,train
HER_01876,RELIEVES,SYM_03426,8,train
HER_01876,RELIEVES,SYM_03449,5,valid
HER_01854,RELIEVES,SYM_03426,7,train
HER_01854,RELIEVES,SYM_03449,8,train
HER_01960,RELIEVES,SYM_03426,4,train
HER_01960,RELIEVES,SYM_03449,3,train
HER_01960,RELIEVES,SYM_03458,2,train
HER_01861,RELIEVES,SYM_03426,5,train
HER_01861,RELIEVES,SYM_03449,2,train
HER_01981,RELIEVES,SYM_03426,2,valid
HER_01864,RELIEVES,SYM_03426,5,train
HER_01864,RELIEVES,SYM_03449,9,train
HER_01898,RELIEVES,SYM_03426,2,valid
HER_01857,HAS_EFFECT,EFF_01292,2,train
HER_01854,HAS_EFFECT,EFF_01292,6,train
HER_01855,HAS_EFFECT,EFF_01292,6,train
HER_01946,HAS_EFFECT,EFF_01292,2,train
HER_01994,HAS_EFFECT,EFF_01292,2,train
HER_01864,HAS_EFFECT,EFF_01292,4,train
HER_01898,HAS_EFFECT,EFF_01292,3,valid
PRE_02572,CONTAINS,HER_02029,2,train
HER_01924,HAS_EFFECT,EFF_01426,2,train
HER_01924,HAS_EFFECT,EFF_01316,3,train
HER_01888,HAS_EFFECT,EFF_01316,2,train
HER_02029,HAS_EFFECT,EFF_01426,2,test
HER_02029,HAS_EFFECT,EFF_01316,3,valid
HER_01967,HAS_EFFECT,EFF_01316,2,test
HER_01994,HAS_EFFECT,EFF_01316,2,train
HER_01858,HAS_EFFECT,EFF_01316,2,test
HER_02070,HAS_EFFECT,EFF_01316,2,train
HER_02019,HAS_EFFECT,EFF_01316,2,train
PRE_02488,CONTAINS,HER_01984,3,valid
HER_02021,HAS_EFFECT,EFF_01260,2,test
HER_01910,HAS_EFFECT,EFF_01347,2,train
HER_01860,HAS_EFFECT,EFF_01347,2,train
HER_01944,HAS_EFFECT,EFF_01347,2,train
PRE_02519,CONTAINS,HER_01923,2,train
PRE_02480,CONTAINS,HER_02014,3,train
PRE_02490,CONTAINS,HER_01866,2,train
PRE_02490,CONTAINS,HER_01986,2,train
PRE_02490,CONTAINS,HER_01942,5,train
PRE_02587,CONTAINS,HER_01866,3,train
PRE_02587,CONTAINS,HER_02004,2,train
PRE_02696,CONTAINS,HER_01866,2,train
PRE_02696,CONTAINS,HER_02004,2,train
PRE_02479,CONTAINS,HER_01866,5,valid
PRE_02479,CONTAINS,HER_02004,4,train
HER_01994,HAS_EFFECT,EFF_01254,2,valid
HER_01857,RELIEVES,SYM_03409,4,train
HER_01863,RELIEVES,SYM_03409,4,train
HER_01862,RELIEVES,SYM_03409,2,train
HER_01854,RELIEVES,SYM_03409,11,train
HER_01860,RELIEVES,SYM_03409,5,train
HER_01856,RELIEVES,SYM_03409,3,train
HER_01864,RELIEVES,SYM_03409,2,train
PRE_02922,CONTAINS,HER_01900,2,train
PRE_02922,CONTAINS,HER_01869,2,train
PRE_02922,CONTAINS,HER_01908,2,train
HER_01866,HAS_EFFECT,EFF_01333,2,train
HER_01861,HAS_EFFECT,EFF_01333,2,test
HER_01856,HAS_EFFECT,EFF_01333,3,valid
HER_01929,RELIEVES,SYM_03409,3,valid
HER_01866,RELIEVES,SYM_03409,2,train
HER_01872,RELIEVES,SYM_03409,3,train
HER_01861,RELIEVES,SYM_03409,4,train
HER_01867,RELIEVES,SYM_03409,4,train
HER_01908,RELIEVES,SYM_03409,5,valid
PRE_02572,CONTAINS,HER_01885,3,train
HER_01924,HAS_EFFECT,EFF_01259,2,train
HER_01924,HAS_EFFECT,EFF_01256,2,train
HER_01888,HAS_EFFECT,EFF_01259,3,train
HER_01888,HAS_EFFECT,EFF_01256,7,train
HER_01885,HAS_EFFECT,EFF_01256,9,train
HER_01983,HAS_EFFECT,EFF_01259,2,train
HER_01983,HAS_EFFECT,EFF_01256,5,train
HER_01858,HAS_EFFECT,EFF_01259,2,valid
HER_01858,HAS_EFFECT,EFF_01256,2,valid
PRE_02565,CONTAINS,HER_01891,2,train
PRE_02480,CONTAINS,HER_01990,3,valid
HER_01897,HAS_EFFECT,EFF_01289,3,train
HER_01866,HAS_EFFECT,EFF_01289,3,train
HER_01871,HAS_EFFECT,EFF_01289,2,train
HER_01856,HAS_EFFECT,EFF_01289,3,train
PRE_02639,CONTAINS,HER_01875,2,train
PRE_02515,CONTAINS,HER_01880,2,train
PRE_02515,CONTAINS,HER_01875,3,test
PRE_02515,CONTAINS,HER_01854,3,train
PRE_02520,CONTAINS,HER_01943,2,train
PRE_02520,CONTAINS,HER_01880,5,train
PRE_02520,CONTAINS,HER_01870,3,train
PRE_02520,CONTAINS,HER_01854,5,train
PRE_02520,CONTAINS,HER_01875,4,train
PRE_02520,CONTAINS,HER_01893,2,train
PRE_02541,CONTAINS,HER_01869,3,train
PRE_02622,CONTAINS,HER_02046,2,train
PRE_02622,CONTAINS,HER_01863,2,valid
PRE_02622,CONTAINS,HER_01916,2,valid
PRE_02622,CONTAINS,HER_01855,2,train
PRE_02622,CONTAINS,HER_01931,2,train
PRE_02622,CONTAINS,HER_01887,2,train
CAU_00021,CAUSES,SYM_03449,2,train
CAU_00021,CAUSES,SYM_03497,5,train
PRE_02745,CONTAINS,HER_01896,2,train
PRE_02745,CONTAINS,HER_01885,2,train
PRE_02745,CONTAINS,HER_01865,2,train
PRE_02665,CONTAINS,HER_01862,2,train
PRE_02665,CONTAINS,HER_02150,2,train
PRE_02665,CONTAINS,HER_01914,2,test
PRE_02665,CONTAINS,HER_01856,2,train
PRE_02665,CONTAINS,HER_01864,2,train
PRE_02665,CONTAINS,HER_01866,2,train
PRE_02665,CONTAINS,HER_01905,2,valid
PRE_02665,CONTAINS,HER_01945,2,train
PRE_02745,TREATS,SYM_03408,2,train
HER_01896,HAS_EFFECT,EFF_01262,2,train
HER_01896,HAS_EFFECT,EFF_01365,2,train
HER_01896,HAS_EFFECT,EFF_01301,3,train
HER_01896,HAS_EFFECT,EFF_01257,3,test
HER_01896,HAS_EFFECT,EFF_01324,2,train
HER_01862,HAS_EFFECT,EFF_01365,2,train
HER_01862,HAS_EFFECT,EFF_01301,2,test
HER_01862,HAS_EFFECT,EFF_01324,2,train
HER_01885,HAS_EFFECT,EFF_01348,2,train
HER_01885,HAS_EFFECT,EFF_01262,2,valid
HER_01885,HAS_EFFECT,EFF_01328,2,train
HER_01885,HAS_EFFECT,EFF_01365,2,train
HER_01885,HAS_EFFECT,EFF_01301,2,train
HER_02127,HAS_EFFECT,EFF_01365,2,train
HER_02127,HAS_EFFECT,EFF_01301,2,train
HER_02127,HAS_EFFECT,EFF_01257,3,train
HER_02127,HAS_EFFECT,EFF_01324,2,train
HER_01915,HAS_EFFECT,EFF_01262,2,train
HER_01915,HAS_EFFECT,EFF_01365,2,train
HER_01915,HAS_EFFECT,EFF_01301,2,valid
HER_01915,HAS_EFFECT,EFF_01324,2,valid
HER_01973,HAS_EFFECT,EFF_01262,2,train
HER_01973,HAS_EFFECT,EFF_01365,2,test
HER_01973,HAS_EFFECT,EFF_01301,2,valid
HER_01973,HAS_EFFECT,EFF_01324,2,train
HER_01886,HAS_EFFECT,EFF_01365,3,train
HER_01886,HAS_EFFECT,EFF_01301,2,train
HER_01886,HAS_EFFECT,EFF_01324,3,train
HER_01857,HAS_EFFECT,EFF_01301,2,train
HER_01865,HAS_EFFECT,EFF_01257,5,train
HER_01855,HAS_EFFECT,EFF_01301,3,test
HER_01891,HAS_EFFECT,EFF_01365,2,train
HER_01891,HAS_EFFECT,EFF_01301,3,train
HER_01891,HAS_EFFECT,EFF_01324,3,valid
HER_01914,HAS_EFFECT,EFF_01328,3,train
HER_01914,HAS_EFFECT,EFF_01365,2,train
HER_01914,HAS_EFFECT,EFF_01301,4,train
HER_01914,HAS_EFFECT,EFF_01257,3,train
HER_01914,HAS_EFFECT,EFF_01324,2,train
HER_02270,HAS_EFFECT,EFF_01365,2,valid
HER_02270,HAS_EFFECT,EFF_01301,2,test
HER_02270,HAS_EFFECT,EFF_01257,2,test
HER_02270,HAS_EFFECT,EFF_01324,2,train
HER_01856,HAS_EFFECT,EFF_01301,3,train
HER_01864,HAS_EFFECT,EFF_01365,2,test
HER_01864,HAS_EFFECT,EFF_01301,3,train
HER_01866,HAS_EFFECT,EFF_01301,2,train
HER_01866,HAS_EFFECT,EFF_01324,2,train
HER_01884,HAS_EFFECT,EFF_01301,3,train
HER_01905,HAS_EFFECT,EFF_01365,2,train
HER_01905,HAS_EFFECT,EFF_01301,2,train
HER_01905,HAS_EFFECT,EFF_01324,3,test
HER_01945,HAS_EFFECT,EFF_01365,3,train
HER_01945,HAS_EFFECT,EFF_01301,2,train
HER_01945,HAS_EFFECT,EFF_01257,3,train
HER_01945,HAS_EFFECT,EFF_01324,2,train
HER_02227,HAS_EFFECT,EFF_01348,2,train
HER_02094,HAS_EFFECT,EFF_01365,2,train
HER_02094,HAS_EFFECT,EFF_01301,2,train
HER_02094,HAS_EFFECT,EFF_01257,3,train
HER_02094,HAS_EFFECT,EFF_01324,2,train
HER_01896,RELIEVES,SYM_03449,6,train
HER_01862,RELIEVES,SYM_03426,3,train
HER_01862,RELIEVES,SYM_03449,8,train
HER_01862,RELIEVES,SYM_03408,4,train
HER_01862,RELIEVES,SYM_03497,2,train
HER_01885,RELIEVES,SYM_03449,5,train
HER_01885,RELIEVES,SYM_03408,4,train
HER_01885,RELIEVES,SYM_03497,2,valid
HER_01885,RELIEVES,SYM_03416,2,train
HER_01968,RELIEVES,SYM_03426,2,train
HER_01968,RELIEVES,SYM_03449,2,train
HER_01968,RELIEVES,SYM_03416,2,test
HER_02127,RELIEVES,SYM_03426,2,train
HER_01915,RELIEVES,SYM_03426,6,train
HER_01915,RELIEVES,SYM_03449,5,train
HER_01915,RELIEVES,SYM_03408,2,train
HER_01915,RELIEVES,SYM_03416,2,test
HER_01973,RELIEVES,SYM_03426,2,train
HER_01973,RELIEVES,SYM_03449,2,train
HER_01886,RELIEVES,SYM_03426,5,train
HER_01886,RELIEVES,SYM_03449,2,train
HER_01857,RELIEVES,SYM_03426,2,test
HER_01857,RELIEVES,SYM_03449,10,train
HER_01857,RELIEVES,SYM_03408,3,train
HER_01865,RELIEVES,SYM_03426,4,train
HER_01865,RELIEVES,SYM_03449,3,valid
HER_01865,RELIEVES,SYM_03416,2,test
HER_01855,RELIEVES,SYM_03426,7,test
HER_01855,RELIEVES,SYM_03449,14,train
HER_01855,RELIEVES,SYM_03408,5,train
HER_01855,RELIEVES,SYM_03497,2,train
HER_01891,RELIEVES,SYM_03426,5,train
HER_01891,RELIEVES,SYM_03449,4,train
HER_01914,RELIEVES,SYM_03449,2,train
HER_02270,RELIEVES,SYM_03426,2,train
HER_01856,RELIEVES,SYM_03426,4,valid
HER_01856,RELIEVES,SYM_03449,4,train
HER_01856,RELIEVES,SYM_03497,2,train
HER_01864,RELIEVES,SYM_03408,3,train
HER_01864,RELIEVES,SYM_03497,2,valid
HER_01884,RELIEVES,SYM_03449,6,train
HER_01884,RELIEVES,SYM_03408,3,train
HER_01884,RELIEVES,SYM_03497,2,test
HER_01905,RELIEVES,SYM_03426,4,train
HER_01905,RELIEVES,SYM_03449,4,train
HER_01945,RELIEVES,SYM_03426,3,train
HER_02094,RELIEVES,SYM_03426,2,train
PRE_02856,CONTAINS,HER_01915,2,train
PRE_02856,CONTAINS,HER_02127,2,train
PRE_02856,CONTAINS,HER_02081,2,train
PRE_02856,CONTAINS,HER_01864,2,train
PRE_02856,CONTAINS,HER_01945,2,train
PRE_02856,CONTAINS,HER_02094,2,train
HER_01958,HAS_EFFECT,EFF_01311,5,test
HER_01958,HAS_EFFECT,EFF_01301,2,train
HER_01886,HAS_EFFECT,EFF_01311,2,valid
HER_01882,HAS_EFFECT,EFF_01311,5,train
HER_02081,HAS_EFFECT,EFF_01257,3,train
HER_02015,HAS_EFFECT,EFF_01365,2,test
HER_02015,HAS_EFFECT,EFF_01301,2,train
HER_01901,HAS_EFFECT,EFF_01311,2,train
HER_01901,HAS_EFFECT,EFF_01257,2,train
HER_01995,HAS_EFFECT,EFF_01311,5,test
HER_01995,HAS_EFFECT,EFF_01257,2,train
HER_01859,HAS_EFFECT,EFF_01301,3,train
HER_01874,HAS_EFFECT,EFF_01301,2,train
HER_01874,HAS_EFFECT,EFF_01324,3,train
HER_01882,RELIEVES,SYM_03426,2,train
HER_01891,RELIEVES,SYM_03536,2,train
HER_01859,RELIEVES,SYM_03426,3,train
HER_01874,RELIEVES,SYM_03426,3,train
HER_01905,RELIEVES,SYM_03536,2,train
HER_01945,RELIEVES,SYM_03536,2,train
PRE_02690,CONTAINS,HER_01862,2,train
PRE_02690,CONTAINS,HER_01854,2,train
PRE_02690,CONTAINS,HER_01937,2,train
PRE_02690,CONTAINS,HER_01867,2,train
PRE_02732,CONTAINS,HER_01896,2,train
PRE_02732,CONTAINS,HER_01862,2,train
PRE_02732,CONTAINS,HER_01914,3,train
HER_01896,HAS_EFFECT,EFF_01280,2,train
HER_01862,HAS_EFFECT,EFF_01299,2,train
HER_01885,HAS_EFFECT,EFF_01273,2,valid
HER_01885,HAS_EFFECT,EFF_01265,3,train
HER_01858,HAS_EFFECT,EFF_01299,2,train
HER_01858,HAS_EFFECT,EFF_01273,3,train
HER_02019,HAS_EFFECT,EFF_01299,3,train
HER_01886,HAS_EFFECT,EFF_01299,2,train
HER_01886,HAS_EFFECT,EFF_01280,2,train
HER_01924,HAS_EFFECT,EFF_01299,3,test
HER_01924,HAS_EFFECT,EFF_01265,2,train
HER_01854,HAS_EFFECT,EFF_01273,3,train
HER_01907,HAS_EFFECT,EFF_01265,2,valid
HER_01914,HAS_EFFECT,EFF_01299,2,train
HER_01914,HAS_EFFECT,EFF_01273,5,train
HER_01914,HAS_EFFECT,EFF_01265,2,train
HER_01910,HAS_EFFECT,EFF_01273,3,train
HER_01937,HAS_EFFECT,EFF_01280,2,train
HER_01881,HAS_EFFECT,EFF_01299,2,test
HER_01919,HAS_EFFECT,EFF_01280,2,train
HER_01867,HAS_EFFECT,EFF_01299,4,train
HER_01878,HAS_EFFECT,EFF_01273,2,train
HER_01945,HAS_EFFECT,EFF_01299,2,test
HER_01945,HAS_EFFECT,EFF_01273,5,train
PRE_02732,CONTAINS,HER_01984,2,train
PRE_02732,CONTAINS,HER_01856,2,train
PRE_02513,CONTAINS,HER_01884,2,train
HER_01880,HAS_EFFECT,EFF_01321,3,train
HER_02038,HAS_EFFECT,EFF_01301,2,test
HER_01895,HAS_EFFECT,EFF_01301,2,train
HER_01884,HAS_EFFECT,EFF_01321,2,test
HER_01873,HAS_EFFECT,EFF_01301,2,train
HER_01898,HAS_EFFECT,EFF_01321,2,train
PRE_02489,CONTAINS,HER_01907,7,train
PRE_02489,CONTAINS,HER_01885,8,train
PRE_02489,CONTAINS,HER_01884,10,test
PRE_02572,CONTAINS,HER_01907,2,train
PRE_02572,CONTAINS,HER_01884,2,test
PRE_02572,CONTAINS,HER_01873,2,train
HER_01924,HAS_EFFECT,EFF_01347,2,train
HER_01994,HAS_EFFECT,EFF_01347,3,train
HER_02019,HAS_EFFECT,EFF_01347,2,train
PRE_02485,CONTAINS,HER_01943,2,train
PRE_02485,CONTAINS,HER_01914,4,train
PRE_02528,CONTAINS,HER_01891,4,train
PRE_02528,CONTAINS,HER_01894,2,train
HER_01914,HAS_EFFECT,EFF_01270,2,valid
HER_01864,HAS_EFFECT,EFF_01270,5,test
PRE_02482,CONTAINS,HER_01859,6,train
PRE_02482,CONTAINS,HER_01915,6,train
HER_01914,HAS_EFFECT,EFF_01253,13,train
HER_01917,HAS_EFFECT,EFF_01253,3,valid
HER_02015,HAS_EFFECT,EFF_01253,4,train
HER_01857,HAS_EFFECT,EFF_01303,3,train
HER_01969,HAS_EFFECT,EFF_01255,2,train
HER_01863,HAS_EFFECT,EFF_01303,2,valid
HER_01862,HAS_EFFECT,EFF_01303,2,train
HER_01856,HAS_EFFECT,EFF_01303,4,train
HER_01864,HAS_EFFECT,EFF_01303,4,train
PRE_02504,CONTAINS,HER_01880,7,test
PRE_02504,CONTAINS,HER_01854,6,train
PRE_02504,CONTAINS,HER_01881,3,train
PRE_02504,CONTAINS,HER_02018,4,train
PRE_02504,CONTAINS,HER_01859,2,train
PRE_02504,CONTAINS,HER_01867,3,train
PRE_02504,CONTAINS,HER_01969,2,train
PRE_02504,CONTAINS,HER_01911,3,train
PRE_02504,CONTAINS,HER_01878,4,train
PRE_02504,CONTAINS,HER_01927,2,train
PRE_02504,TREATS,SYM_03410,3,train
HER_01880,HAS_EFFECT,EFF_01253,4,train
HER_01880,HAS_EFFECT,EFF_01286,2,train
HER_01881,HAS_EFFECT,EFF_01286,3,train
HER_02018,HAS_EFFECT,EFF_01253,4,train
HER_02018,HAS_EFFECT,EFF_01286,2,train
HER_01969,HAS_EFFECT,EFF_01286,3,test
HER_01878,HAS_EFFECT,EFF_01286,3,train
HER_01880,RELIEVES,SYM_03410,4,train
HER_01854,RELIEVES,SYM_03410,14,test
HER_01881,RELIEVES,SYM_03410,7,train
HER_02018,RELIEVES,SYM_03410,2,train
HER_01859,RELIEVES,SYM_03410,7,train
HER_01867,RELIEVES,SYM_03410,8,train
HER_01969,RELIEVES,SYM_03410,3,train
HER_01911,RELIEVES,SYM_03410,6,test
HER_01878,RELIEVES,SYM_03410,7,train
HER_01927,RELIEVES,SYM_03410,8,test
PRE_02508,CONTAINS,HER_01896,5,train
PRE_02508,CONTAINS,HER_01854,3,train
PRE_02508,CONTAINS,HER_01859,2,train
PRE_02508,CONTAINS,HER_01855,2,train
PRE_02508,CONTAINS,HER_01881,4,train
PRE_02508,CONTAINS,HER_01858,3,train
PRE_02508,CONTAINS,HER_01878,3,train
PRE_02508,CONTAINS,HER_01927,2,train
PRE_02510,CONTAINS,HER_01896,5,train
PRE_02510,CONTAINS,HER_01854,2,train
PRE_02510,CONTAINS,HER_01916,2,train
PRE_02510,CONTAINS,HER_01881,2,train
PRE_02510,CONTAINS,HER_01878,2,train
PRE_02510,CONTAINS,HER_01927,2,train
PRE_02508,TREATS,SYM_03408,2,train
PRE_02510,TREATS,SYM_03410,2,test
HER_02200,HAS_EFFECT,EFF_01253,2,train
HER_01896,HAS_EFFECT,EFF_01263,5,train
HER_01864,HAS_EFFECT,EFF_01453,2,train
HER_01864,HAS_EFFECT,EFF_01263,2,train
HER_01854,HAS_EFFECT,EFF_01453,2,train
HER_01916,HAS_EFFECT,EFF_01263,2,train
HER_01859,HAS_EFFECT,EFF_01263,2,train
HER_01881,HAS_EFFECT,EFF_01263,4,train
HER_01858,HAS_EFFECT,EFF_01263,4,train
HER_01969,HAS_EFFECT,EFF_01453,2,train
HER_01969,HAS_EFFECT,EFF_01263,2,train
HER_01906,HAS_EFFECT,EFF_01253,18,train
HER_01878,HAS_EFFECT,EFF_01263,3,test
HER_01927,HAS_EFFECT,EFF_01263,2,train
HER_01915,HAS_EFFECT,EFF_01453,2,train
HER_01915,HAS_EFFECT,EFF_01263,2,train
HER_02200,RELIEVES,SYM_03410,2,train
HER_01896,RELIEVES,SYM_03410,5,train
HER_01864,RELIEVES,SYM_03410,2,train
HER_01854,RELIEVES,SYM_03408,4,test
HER_01911,RELIEVES,SYM_03408,4,train
HER_01916,RELIEVES,SYM_03408,2,train
HER_01861,RELIEVES,SYM_03410,6,train
HER_01855,RELIEVES,SYM_03410,7,train
HER_01858,RELIEVES,SYM_03410,7,train
HER_01906,RELIEVES,SYM_03410,5,train
HER_01906,RELIEVES,SYM_03408,3,valid
HER_01887,RELIEVES,SYM_03410,3,train
HER_01887,RELIEVES,SYM_03408,2,test
HER_01915,RELIEVES,SYM_03410,2,train
HER_01977,RELIEVES,SYM_03410,2,test
PRE_02488,CONTAINS,HER_01893,3,train
HER_01858,HAS_EFFECT,EFF_01257,4,train
HER_01928,HAS_EFFECT,EFF_01257,3,train
HER_01936,HAS_EFFECT,EFF_01255,2,train
HER_01869,HAS_EFFECT,EFF_01255,4,train
HER_02197,HAS_EFFECT,EFF_01257,2,train
PRE_02480,CONTAINS,HER_01931,2,train
PRE_02480,CONTAINS,HER_01988,3,train
HER_02037,HAS_EFFECT,EFF_01372,3,test
HER_01863,HAS_EFFECT,EFF_01263,2,train
HER_01876,HAS_EFFECT,EFF_01372,2,train
HER_01854,HAS_EFFECT,EFF_01372,3,train
HER_01960,HAS_EFFECT,EFF_01372,3,train
HER_02014,HAS_EFFECT,EFF_01372,2,train
HER_01931,HAS_EFFECT,EFF_01263,2,train
HER_01915,HAS_EFFECT,EFF_01372,2,train
HER_01915,HAS_EFFECT,EFF_01255,5,train
HER_01864,HAS_EFFECT,EFF_01372,2,train
PRE_02480,CONTAINS,HER_01937,2,valid
PRE_02480,CONTAINS,HER_01881,3,train
PRE_02480,CONTAINS,HER_01946,3,train
PRE_02480,TREATS,SYM_03480,3,train
HER_01909,HAS_EFFECT,EFF_01325,2,train
HER_01863,HAS_EFFECT,EFF_01253,4,train
HER_01863,HAS_EFFECT,EFF_01325,2,train
HER_01854,HAS_EFFECT,EFF_01325,2,train
HER_01968,HAS_EFFECT,EFF_01253,2,train
HER_01935,HAS_EFFECT,EFF_01253,3,train
HER_01935,HAS_EFFECT,EFF_01325,2,train
HER_01909,RELIEVES,SYM_03410,2,train
HER_01863,RELIEVES,SYM_03416,2,train
HER_01863,RELIEVES,SYM_03410,4,valid
HER_01937,RELIEVES,SYM_03410,6,test
HER_01876,RELIEVES,SYM_03416,2,train
HER_01876,RELIEVES,SYM_03480,3,train
HER_01876,RELIEVES,SYM_03410,5,test
HER_01854,RELIEVES,SYM_03480,4,train
HER_01881,RELIEVES,SYM_03416,2,train
HER_01881,RELIEVES,SYM_03480,2,train
HER_01968,RELIEVES,SYM_03410,3,train
HER_01946,RELIEVES,SYM_03480,3,train
HER_01858,RELIEVES,SYM_03416,2,train
HER_01927,RELIEVES,SYM_03416,2,test
HER_01898,RELIEVES,SYM_03480,2,train
HER_01935,RELIEVES,SYM_03410,2,train
HER_01934,RELIEVES,SYM_03410,3,train
HER_01876,RELIEVES,SYM_05105,2,valid
HER_01854,RELIEVES,SYM_05105,2,train
HER_01858,RELIEVES,SYM_05105,2,train
HER_01931,RELIEVES,SYM_05105,2,train
HER_01988,RELIEVES,SYM_05105,2,train
HER_01968,RELIEVES,SYM_05105,2,train
HER_01878,RELIEVES,SYM_05105,2,train
HER_01934,RELIEVES,SYM_05105,2,train
HER_01901,HAS_EFFECT,EFF_01253,4,train
HER_01988,HAS_EFFECT,EFF_01253,2,train
HER_01985,HAS_EFFECT,EFF_01253,3,train
PRE_02501,CONTAINS,HER_02195,2,train
PRE_02501,CONTAINS,HER_01876,2,test
PRE_02501,CONTAINS,HER_01859,7,train
PRE_02501,CONTAINS,HER_01947,2,train
HER_01969,RELIEVES,SYM_03557,2,train
PRE_02492,CONTAINS,HER_01895,3,train
PRE_02492,CONTAINS,HER_01901,2,train
PRE_02492,CONTAINS,HER_01962,3,valid
PRE_02492,CONTAINS,HER_02063,2,train
HER_01896,RELIEVES,SYM_03557,3,train
HER_01863,HAS_EFFECT,EFF_01276,2,train
HER_01863,HAS_EFFECT,EFF_01333,2,train
HER_01893,HAS_EFFECT,EFF_01276,2,train
HER_01859,HAS_EFFECT,EFF_01333,2,train
HER_01856,HAS_EFFECT,EFF_01276,3,train
HER_02119,HAS_EFFECT,EFF_01276,2,train
HER_01898,HAS_EFFECT,EFF_01276,2,valid
PRE_02586,CONTAINS,HER_02066,2,train
PRE_02586,CONTAINS,HER_01855,3,train
PRE_02586,CONTAINS,HER_01873,2,train
PRE_02586,CONTAINS,HER_01869,2,train
HER_02066,HAS_EFFECT,EFF_01308,2,train
HER_01963,HAS_EFFECT,EFF_01308,3,train
HER_01889,HAS_EFFECT,EFF_01308,2,train
HER_01855,HAS_EFFECT,EFF_01308,3,train
HER_01873,HAS_EFFECT,EFF_01308,2,train
HER_01869,HAS_EFFECT,EFF_01308,6,test
HER_01889,RELIEVES,SYM_03477,2,train
HER_01934,RELIEVES,SYM_03477,2,train
PRE_02680,CONTAINS,HER_01857,2,test
PRE_02680,CONTAINS,HER_01862,2,train
PRE_02680,CONTAINS,HER_01855,2,train
PRE_02489,CONTAINS,HER_01857,3,train
PRE_02489,CONTAINS,HER_01862,3,train
PRE_02489,CONTAINS,HER_01974,2,test
PRE_02489,CONTAINS,HER_02121,3,train
PRE_02489,CONTAINS,HER_01982,5,train
PRE_02489,CONTAINS,HER_02056,3,train
PRE_02489,CONTAINS,HER_01951,3,valid
PRE_02489,CONTAINS,HER_02011,3,train
HER_01907,HAS_EFFECT,EFF_01266,2,train
HER_01907,HAS_EFFECT,EFF_01259,4,test
HER_01907,HAS_EFFECT,EFF_01254,6,test
HER_01913,HAS_EFFECT,EFF_01254,2,valid
HER_01974,HAS_EFFECT,EFF_01260,2,train
HER_01884,HAS_EFFECT,EFF_01260,5,train
HER_02121,HAS_EFFECT,EFF_01259,2,train
HER_01919,HAS_EFFECT,EFF_01266,8,train
HER_01919,HAS_EFFECT,EFF_01254,6,test
HER_01925,HAS_EFFECT,EFF_01266,4,valid
HER_01925,HAS_EFFECT,EFF_01254,3,train
HER_01951,HAS_EFFECT,EFF_01266,8,train
HER_01951,HAS_EFFECT,EFF_01254,2,train
HER_02011,HAS_EFFECT,EFF_01254,2,train
HER_01907,RELIEVES,SYM_03492,2,train
HER_01913,RELIEVES,SYM_03492,3,train
HER_01862,RELIEVES,SYM_03492,2,train
HER_01855,RELIEVES,SYM_03492,3,train
HER_01884,RELIEVES,SYM_03492,2,train
HER_01919,RELIEVES,SYM_03492,2,train
HER_01867,RELIEVES,SYM_03492,2,train
HER_02011,RELIEVES,SYM_03492,2,valid
PRE_02562,CONTAINS,HER_01902,5,train
PRE_02562,CONTAINS,HER_01907,4,train
PRE_02562,CONTAINS,HER_02078,2,train
PRE_02562,CONTAINS,HER_01884,6,train
PRE_02562,CONTAINS,HER_01919,5,train
PRE_02513,CONTAINS,HER_01903,2,train
PRE_02513,CONTAINS,HER_01879,2,train
PRE_02562,TREATS,SYM_03738,2,train
HER_01902,HAS_EFFECT,EFF_01292,2,valid
HER_01902,HAS_EFFECT,EFF_01256,6,train
HER_01873,HAS_EFFECT,EFF_01292,2,train
HER_01946,HAS_EFFECT,EFF_01254,3,train
HER_01886,HAS_EFFECT,EFF_01260,2,train
HER_01886,HAS_EFFECT,EFF_01256,6,train
HER_01886,HAS_EFFECT,EFF_01321,2,train
HER_01875,HAS_EFFECT,EFF_01256,4,train
HER_01875,HAS_EFFECT,EFF_01253,2,test
HER_01880,HAS_EFFECT,EFF_01292,2,valid
HER_01880,HAS_EFFECT,EFF_01256,2,train
HER_02192,HAS_EFFECT,EFF_01254,2,train
HER_02192,HAS_EFFECT,EFF_01253,2,train
HER_01916,HAS_EFFECT,EFF_01254,4,train
HER_01903,HAS_EFFECT,EFF_01254,3,train
HER_01903,HAS_EFFECT,EFF_01260,3,train
HER_01903,HAS_EFFECT,EFF_01256,6,train
HER_01903,HAS_EFFECT,EFF_01253,3,train
HER_01907,HAS_EFFECT,EFF_01256,12,train
HER_01907,HAS_EFFECT,EFF_01253,7,train
HER_01938,HAS_EFFECT,EFF_01254,4,train
HER_01938,HAS_EFFECT,EFF_01260,4,valid
HER_01938,HAS_EFFECT,EFF_01256,11,train
HER_01938,HAS_EFFECT,EFF_01253,3,train
HER_02078,HAS_EFFECT,EFF_01256,3,train
HER_02078,HAS_EFFECT,EFF_01321,2,train
HER_01910,HAS_EFFECT,EFF_01292,2,train
HER_01910,HAS_EFFECT,EFF_01256,2,train
HER_01910,HAS_EFFECT,EFF_01253,2,train
HER_02024,HAS_EFFECT,EFF_01254,3,test
HER_02024,HAS_EFFECT,EFF_01256,2,valid
HER_02024,HAS_EFFECT,EFF_01253,3,test
HER_01879,HAS_EFFECT,EFF_01256,3,valid
HER_01869,HAS_EFFECT,EFF_01256,4,train
HER_02025,HAS_EFFECT,EFF_01254,4,train
HER_02025,HAS_EFFECT,EFF_01260,2,train
HER_02025,HAS_EFFECT,EFF_01256,4,train
HER_02025,HAS_EFFECT,EFF_01253,2,train
HER_01916,RELIEVES,SYM_03738,2,train
HER_02024,RELIEVES,SYM_03738,2,train
HER_01879,RELIEVES,SYM_03738,2,test
HER_01884,RELIEVES,SYM_03738,3,test
HER_01919,RELIEVES,SYM_03738,2,train
PRE_02544,CONTAINS,HER_01921,2,valid
PRE_02544,CONTAINS,HER_01865,6,valid
PRE_02544,CONTAINS,HER_01926,2,valid
PRE_02544,CONTAINS,HER_01899,3,train
PRE_02544,CONTAINS,HER_01855,4,train
PRE_02544,CONTAINS,HER_01933,4,train
PRE_02544,CONTAINS,HER_01871,5,train
PRE_02544,CONTAINS,HER_01904,3,train
PRE_02544,CONTAINS,HER_02035,2,train
PRE_02544,CONTAINS,HER_01869,9,train
PRE_02544,CONTAINS,HER_01870,3,train
PRE_02498,CONTAINS,HER_01999,8,train
PRE_02498,CONTAINS,HER_02066,4,train
PRE_02498,CONTAINS,HER_01921,2,train
PRE_02498,CONTAINS,HER_01865,6,train
PRE_02498,CONTAINS,HER_01926,6,valid
PRE_02498,CONTAINS,HER_01899,2,train
PRE_02498,CONTAINS,HER_01933,8,train
PRE_02498,CONTAINS,HER_01873,3,train
PRE_02498,CONTAINS,HER_01871,7,train
PRE_02498,CONTAINS,HER_01904,8,train
PRE_02498,CONTAINS,HER_01869,3,train
PRE_02498,CONTAINS,HER_01870,3,valid
PRE_02544,TREATS,SYM_03444,3,train
HER_01999,HAS_EFFECT,EFF_01258,6,test
HER_02051,HAS_EFFECT,EFF_01305,3,train
HER_01921,HAS_EFFECT,EFF_01258,3,train
HER_01865,HAS_EFFECT,EFF_01305,2,train
HER_01865,HAS_EFFECT,EFF_01373,3,train
HER_01926,HAS_EFFECT,EFF_01305,3,train
HER_01899,HAS_EFFECT,EFF_01258,2,train
HER_01899,HAS_EFFECT,EFF_01373,2,train
HER_01933,HAS_EFFECT,EFF_01373,2,train
HER_01933,HAS_EFFECT,EFF_01308,2,train
HER_01871,HAS_EFFECT,EFF_01373,3,train
HER_01871,HAS_EFFECT,EFF_01308,2,train
HER_01904,HAS_EFFECT,EFF_01305,3,test
HER_01904,HAS_EFFECT,EFF_01373,2,train
HER_02035,HAS_EFFECT,EFF_01305,2,test
HER_02035,HAS_EFFECT,EFF_01373,2,train
HER_01869,HAS_EFFECT,EFF_01373,3,train
HER_01870,HAS_EFFECT,EFF_01305,2,train
HER_01870,HAS_EFFECT,EFF_01258,3,train
HER_01870,HAS_EFFECT,EFF_01308,2,train
HER_01899,RELIEVES,SYM_03444,6,train
HER_01933,RELIEVES,SYM_03444,2,train
HER_01904,RELIEVES,SYM_03444,5,valid
HER_02035,RELIEVES,SYM_03444,2,valid
HER_01870,RELIEVES,SYM_03444,2,train
PRE_02529,CONTAINS,HER_02041,2,train
PRE_02529,CONTAINS,HER_01873,2,valid
PRE_02529,CONTAINS,HER_01859,2,train
PRE_02529,CONTAINS,HER_01874,2,train
PRE_02529,CONTAINS,HER_01866,3,train
PRE_02529,CONTAINS,HER_01905,2,train
HER_02041,HAS_EFFECT,EFF_01255,3,train
HER_01860,HAS_EFFECT,EFF_01307,2,train
HER_01891,HAS_EFFECT,EFF_01284,2,train
HER_01897,HAS_EFFECT,EFF_01284,4,test
HER_01859,HAS_EFFECT,EFF_01307,2,train
HER_01874,HAS_EFFECT,EFF_01284,2,valid
HER_01866,HAS_EFFECT,EFF_01284,2,train
HER_01905,HAS_EFFECT,EFF_01255,3,train
HER_01877,RELIEVES,SYM_03635,2,train
HER_01975,RELIEVES,SYM_03635,2,train
HER_01855,RELIEVES,SYM_03635,3,train
HER_01891,RELIEVES,SYM_03635,4,train
HER_01897,RELIEVES,SYM_03635,2,train
HER_01861,RELIEVES,SYM_03635,4,train
HER_01874,RELIEVES,SYM_03635,2,train
HER_01879,RELIEVES,SYM_03635,2,test
PRE_02500,CONTAINS,HER_02044,2,train
PRE_02500,CONTAINS,HER_02010,2,train
PRE_02500,CONTAINS,HER_01888,5,train
PRE_02483,CONTAINS,HER_01899,2,train
PRE_02483,CONTAINS,HER_01902,3,train
PRE_02483,CONTAINS,HER_01886,3,test
PRE_02483,CONTAINS,HER_02088,2,train
PRE_02483,CONTAINS,HER_01891,2,train
PRE_02483,CONTAINS,HER_01967,4,test
PRE_02483,CONTAINS,HER_01888,8,train
PRE_02483,CONTAINS,HER_02058,3,valid
HER_01902,HAS_EFFECT,EFF_01291,2,train
HER_01888,HAS_EFFECT,EFF_01291,2,train
HER_01902,HAS_EFFECT,EFF_01315,2,test
HER_01946,HAS_EFFECT,EFF_01345,2,train
HER_01921,HAS_EFFECT,EFF_01253,2,train
HER_01854,HAS_EFFECT,EFF_01345,2,test
HER_01854,HAS_EFFECT,EFF_01315,3,train
HER_01855,HAS_EFFECT,EFF_01315,3,train
HER_02045,HAS_EFFECT,EFF_01253,5,train
HER_02022,HAS_EFFECT,EFF_01253,5,train
HER_01995,HAS_EFFECT,EFF_01253,6,train
HER_01881,HAS_EFFECT,EFF_01452,2,train
HER_01930,HAS_EFFECT,EFF_01315,2,valid
HER_01870,HAS_EFFECT,EFF_01253,11,valid
HER_01958,RELIEVES,SYM_04228,2,test
HER_01953,RELIEVES,SYM_04228,2,train
HER_01904,RELIEVES,SYM_04228,2,train
HER_01865,RELIEVES,SYM_04228,2,train
HER_01854,RELIEVES,SYM_04228,2,train
HER_01995,RELIEVES,SYM_04228,2,train
HER_01881,RELIEVES,SYM_04228,2,train
HER_01879,HAS_EFFECT,EFF_01276,2,train
HER_01938,HAS_EFFECT,EFF_01276,2,train
PRE_02616,CONTAINS,HER_01855,2,train
PRE_02646,CONTAINS,HER_01873,2,train
PRE_02646,CONTAINS,HER_01867,2,valid
PRE_02646,CONTAINS,HER_01855,2,train
PRE_02503,CONTAINS,HER_01873,6,train
PRE_02503,CONTAINS,HER_01888,2,train
PRE_02503,CONTAINS,HER_01867,6,valid
PRE_02503,CONTAINS,HER_01855,9,train
PRE_02484,CONTAINS,HER_01978,2,train
PRE_02484,CONTAINS,HER_01996,2,train
CAU_00012,CAUSES,SYM_03408,8,train
HER_01986,HAS_EFFECT,EFF_01254,2,train
HER_01889,HAS_EFFECT,EFF_01260,2,train
HER_01889,HAS_EFFECT,EFF_01287,2,train
HER_02242,HAS_EFFECT,EFF_01253,2,train
HER_01862,HAS_EFFECT,EFF_01287,2,train
HER_01885,HAS_EFFECT,EFF_01254,3,train
HER_01885,HAS_EFFECT,EFF_01287,3,valid
HER_01855,HAS_EFFECT,EFF_01287,2,train
HER_01903,HAS_EFFECT,EFF_01291,2,train
HER_01938,HAS_EFFECT,EFF_01291,2,test
HER_01879,HAS_EFFECT,EFF_01287,2,train
HER_01888,HAS_EFFECT,EFF_01271,2,valid
HER_01888,HAS_EFFECT,EFF_01260,3,train
HER_01888,HAS_EFFECT,EFF_01287,2,valid
HER_01888,HAS_EFFECT,EFF_01253,9,train
HER_01884,HAS_EFFECT,EFF_01271,3,train
HER_01911,HAS_EFFECT,EFF_01271,3,test
HER_01878,HAS_EFFECT,EFF_01254,2,train
HER_01902,RELIEVES,SYM_03408,2,valid
HER_01912,RELIEVES,SYM_03408,2,train
HER_01907,RELIEVES,SYM_03408,2,test
HER_01879,RELIEVES,SYM_03408,4,train
HER_01919,RELIEVES,SYM_03408,2,train
HER_01857,RELIEVES,SYM_04090,2,train
HER_01922,RELIEVES,SYM_04090,2,train
HER_01859,RELIEVES,SYM_04090,2,train
HER_01879,RELIEVES,SYM_04090,2,train
HER_02087,RELIEVES,SYM_04090,2,train
PRE_02531,CONTAINS,HER_01929,2,valid
PRE_02531,CONTAINS,HER_01872,3,test
PRE_02531,CONTAINS,HER_01854,2,valid
PRE_02718,CONTAINS,HER_02033,2,train
PRE_02718,CONTAINS,HER_01872,2,valid
PRE_02718,CONTAINS,HER_01869,2,train
HER_02033,HAS_EFFECT,EFF_01267,2,valid
HER_02033,HAS_EFFECT,EFF_01253,7,train
HER_02033,HAS_EFFECT,EFF_01308,2,train
HER_02031,HAS_EFFECT,EFF_01261,3,train
HER_02172,HAS_EFFECT,EFF_01261,2,train
HER_01963,HAS_EFFECT,EFF_01261,2,train
HER_01929,HAS_EFFECT,EFF_01267,2,train
HER_01929,HAS_EFFECT,EFF_01253,10,test
HER_01929,HAS_EFFECT,EFF_01308,2,train
HER_01872,HAS_EFFECT,EFF_01308,4,train
HER_01854,HAS_EFFECT,EFF_01267,3,train
HER_01854,HAS_EFFECT,EFF_01308,4,train
HER_01959,HAS_EFFECT,EFF_01261,2,train
HER_01959,HAS_EFFECT,EFF_01308,3,train
HER_02065,HAS_EFFECT,EFF_01261,3,train
HER_02065,HAS_EFFECT,EFF_01253,4,train
HER_02065,HAS_EFFECT,EFF_01308,2,train
HER_01871,HAS_EFFECT,EFF_01261,2,train
HER_01869,HAS_EFFECT,EFF_01261,4,train
HER_02003,HAS_EFFECT,EFF_01261,3,valid
HER_01911,HAS_EFFECT,EFF_01261,4,train
HER_01911,HAS_EFFECT,EFF_01308,2,train
HER_02033,RELIEVES,SYM_03436,2,valid
PRE_02556,CONTAINS,HER_01928,2,valid
PRE_02556,CONTAINS,HER_01885,3,train
PRE_02556,CONTAINS,HER_01855,4,train
PRE_02556,CONTAINS,HER_01884,4,train
PRE_02556,CONTAINS,HER_01873,3,train
PRE_02556,CONTAINS,HER_01982,5,train
PRE_02556,CONTAINS,HER_01919,4,train
PRE_02556,CONTAINS,HER_02068,2,train
PRE_02556,CONTAINS,HER_02056,3,train
PRE_02556,CONTAINS,HER_02011,2,train
PRE_02545,CONTAINS,HER_01928,3,train
PRE_02545,CONTAINS,HER_02056,2,valid
HER_01928,HAS_EFFECT,EFF_01261,5,train
HER_01885,HAS_EFFECT,EFF_01261,6,train
HER_01885,HAS_EFFECT,EFF_01275,2,valid
HER_01855,HAS_EFFECT,EFF_01261,6,train
HER_01884,HAS_EFFECT,EFF_01261,9,train
HER_01884,HAS_EFFECT,EFF_01275,3,train
HER_01873,HAS_EFFECT,EFF_01261,4,train
HER_01873,HAS_EFFECT,EFF_01275,4,valid
HER_01982,HAS_EFFECT,EFF_01261,3,train
HER_01982,HAS_EFFECT,EFF_01271,2,train
HER_01919,HAS_EFFECT,EFF_01261,6,train
HER_01919,HAS_EFFECT,EFF_01275,2,train
HER_01906,HAS_EFFECT,EFF_01261,2,train
HER_01906,HAS_EFFECT,EFF_01275,2,train
HER_01906,HAS_EFFECT,EFF_01271,2,test
HER_02068,HAS_EFFECT,EFF_01261,4,train
HER_01911,HAS_EFFECT,EFF_01275,2,train
HER_01930,HAS_EFFECT,EFF_01261,2,train
HER_02011,HAS_EFFECT,EFF_01261,3,train
HER_02011,HAS_EFFECT,EFF_01271,2,train
PRE_02544,CONTAINS,HER_01872,6,valid
PRE_02544,CONTAINS,HER_01854,4,train
PRE_02544,CONTAINS,HER_01911,2,valid
PRE_02544,CONTAINS,HER_01959,2,train
PRE_02544,CONTAINS,HER_01902,2,train
PRE_02544,CONTAINS,HER_01858,6,train
PRE_02544,CONTAINS,HER_02024,2,train
PRE_02544,CONTAINS,HER_01906,3,train
PRE_02544,CONTAINS,HER_01887,6,test
PRE_02544,CONTAINS,HER_02032,2,train
PRE_02539,CONTAINS,HER_01963,2,train
PRE_02539,CONTAINS,HER_01872,3,train
PRE_02539,CONTAINS,HER_01854,3,train
PRE_02539,CONTAINS,HER_01959,2,train
PRE_02539,CONTAINS,HER_01902,3,train
PRE_02539,CONTAINS,HER_02024,2,train
PRE_02539,CONTAINS,HER_01869,3,train
PRE_02539,CONTAINS,HER_02097,3,train
PRE_02539,CONTAINS,HER_01906,3,train
PRE_02539,CONTAINS,HER_01887,2,train
HER_01872,HAS_EFFECT,EFF_01302,2,train
HER_01854,HAS_EFFECT,EFF_01302,2,test
HER_01902,HAS_EFFECT,EFF_01302,2,train
HER_01902,HAS_EFFECT,EFF_01267,2,train
HER_01902,HAS_EFFECT,EFF_01308,2,test
HER_01858,HAS_EFFECT,EFF_01302,2,train
HER_01858,HAS_EFFECT,EFF_01267,2,train
HER_01858,HAS_EFFECT,EFF_01308,2,train
HER_01869,HAS_EFFECT,EFF_01302,3,valid
HER_02097,HAS_EFFECT,EFF_01302,2,train
HER_02097,HAS_EFFECT,EFF_01308,2,train
HER_01906,HAS_EFFECT,EFF_01302,2,train
HER_01906,HAS_EFFECT,EFF_01267,2,train
HER_01906,HAS_EFFECT,EFF_01308,2,train
HER_01887,HAS_EFFECT,EFF_01302,2,train
HER_01887,HAS_EFFECT,EFF_01308,2,train
HER_01872,RELIEVES,SYM_03486,2,train
HER_01854,RELIEVES,SYM_03486,2,train
HER_01959,RELIEVES,SYM_03486,2,valid
HER_01858,RELIEVES,SYM_03486,4,train
HER_01869,RELIEVES,SYM_03486,2,test
HER_01906,RELIEVES,SYM_03486,3,train
HER_01887,RELIEVES,SYM_03486,2,train
HER_02084,HAS_EFFECT,EFF_01253,3,train
HER_02097,HAS_EFFECT,EFF_01253,4,train
HER_02128,HAS_EFFECT,EFF_01253,2,train
HER_02161,HAS_EFFECT,EFF_01253,2,train
HER_01856,HAS_EFFECT,EFF_01302,2,train
HER_02122,HAS_EFFECT,EFF_01253,2,train
HER_01889,RELIEVES,SYM_03463,2,valid
HER_01889,RELIEVES,SYM_03635,2,train
HER_01889,RELIEVES,SYM_03407,2,train
HER_01862,RELIEVES,SYM_03635,2,train
HER_02084,RELIEVES,SYM_03635,2,train
HER_02097,RELIEVES,SYM_03463,2,train
HER_02097,RELIEVES,SYM_03635,2,train
HER_01887,RELIEVES,SYM_03463,2,train
HER_01887,RELIEVES,SYM_03407,3,train
HER_01854,RELIEVES,SYM_03463,2,train
HER_01854,RELIEVES,SYM_03635,5,train
HER_01854,RELIEVES,SYM_03407,7,train
HER_01872,RELIEVES,SYM_03463,2,train
HER_01872,RELIEVES,SYM_03635,4,train
HER_01872,RELIEVES,SYM_03407,6,train
HER_01879,RELIEVES,SYM_03407,2,train
HER_01856,RELIEVES,SYM_03407,2,train
HER_01869,RELIEVES,SYM_03463,2,valid
HER_01869,RELIEVES,SYM_03635,4,train
HER_01869,RELIEVES,SYM_03407,5,train
HER_01906,RELIEVES,SYM_03463,2,train
HER_01906,RELIEVES,SYM_03635,4,train
HER_01906,RELIEVES,SYM_03407,3,train
HER_01933,RELIEVES,SYM_03463,2,train
HER_01933,RELIEVES,SYM_03635,4,train
HER_01989,RELIEVES,SYM_03407,2,train
PRE_02663,CONTAINS,HER_01874,2,valid
HER_01897,HAS_EFFECT,EFF_01318,3,test
HER_01888,HAS_EFFECT,EFF_01318,3,train
HER_01888,HAS_EFFECT,EFF_01284,3,train
HER_01906,HAS_EFFECT,EFF_01318,2,train
HER_01871,HAS_EFFECT,EFF_01318,3,train
HER_01871,HAS_EFFECT,EFF_01284,3,train
HER_01871,RELIEVES,SYM_03635,2,train
HER_01957,RELIEVES,SYM_03635,3,train
HER_01907,HAS_EFFECT,EFF_01264,3,train
HER_01922,HAS_EFFECT,EFF_01264,2,train
HER_01983,HAS_EFFECT,EFF_01264,2,train
HER_01925,HAS_EFFECT,EFF_01264,2,train
HER_01863,RELIEVES,SYM_03470,2,train
HER_01901,RELIEVES,SYM_03470,2,train
HER_01856,RELIEVES,SYM_03470,3,train
HER_01906,RELIEVES,SYM_03470,2,train
PRE_02593,CONTAINS,HER_02128,3,train
PRE_02645,CONTAINS,HER_01917,2,train
PRE_02645,CONTAINS,HER_01888,2,train
PRE_02645,CONTAINS,HER_01858,2,train
PRE_02483,CONTAINS,HER_01895,2,train
PRE_02487,CONTAINS,HER_01902,7,train
PRE_02487,CONTAINS,HER_01889,4,valid
PRE_02487,CONTAINS,HER_01986,2,train
PRE_02487,CONTAINS,HER_02003,2,test
PRE_02503,CONTAINS,HER_01902,2,train
PRE_02503,CONTAINS,HER_01889,3,train
PRE_02503,CONTAINS,HER_01986,3,train
PRE_02503,CONTAINS,HER_02003,3,train
PRE_02479,CONTAINS,HER_01873,2,train
PRE_02479,CONTAINS,HER_02087,2,train
HER_01857,HAS_EFFECT,EFF_01312,2,train
HER_01855,HAS_EFFECT,EFF_01312,2,train
HER_01859,HAS_EFFECT,EFF_01312,2,train
HER_01922,HAS_EFFECT,EFF_01312,2,train
HER_01873,HAS_EFFECT,EFF_01312,2,train
HER_01864,HAS_EFFECT,EFF_01312,2,valid
HER_01930,HAS_EFFECT,EFF_01312,2,test
HER_01855,RELIEVES,SYM_03470,3,train
HER_01873,RELIEVES,SYM_03470,2,train
HER_01912,RELIEVES,SYM_03470,2,train
HER_01959,RELIEVES,SYM_03470,2,train
HER_01902,RELIEVES,SYM_03470,2,train
HER_01930,RELIEVES,SYM_03470,2,test
PRE_02544,CONTAINS,HER_01897,2,train
PRE_02544,CONTAINS,HER_01877,3,train
PRE_02544,CONTAINS,HER_01856,2,train
PRE_02544,CONTAINS,HER_01912,2,train
HER_01877,HAS_EFFECT,EFF_01261,2,train
HER_01877,HAS_EFFECT,EFF_01318,2,valid
HER_01888,HAS_EFFECT,EFF_01261,3,valid
HER_01910,HAS_EFFECT,EFF_01261,2,valid
HER_01856,HAS_EFFECT,EFF_01318,2,train
HER_01912,HAS_EFFECT,EFF_01275,2,train
HER_01945,HAS_EFFECT,EFF_01275,2,train
HER_01877,RELIEVES,SYM_03470,2,train
HER_01888,RELIEVES,SYM_03470,2,valid
CAU_00008,CAUSES,SYM_03409,24,train
HER_01965,HAS_EFFECT,EFF_01253,5,train
HER_01991,HAS_EFFECT,EFF_01253,2,train
HER_01882,RELIEVES,SYM_03409,2,train
HER_01965,RELIEVES,SYM_03409,5,train
HER_01870,RELIEVES,SYM_03409,6,train
PRE_02562,CONTAINS,HER_01888,4,train
PRE_02562,CONTAINS,HER_01912,5,test
HER_01875,HAS_EFFECT,EFF_01276,4,train
HER_01907,HAS_EFFECT,EFF_01276,2,train
HER_01888,HAS_EFFECT,EFF_01255,3,train
HER_01983,HAS_EFFECT,EFF_01276,3,test
HER_01884,HAS_EFFECT,EFF_01276,4,train
HER_01855,HAS_EFFECT,EFF_01276,4,train
HER_01873,HAS_EFFECT,EFF_01276,2,valid
HER_01919,HAS_EFFECT,EFF_01276,2,train
HER_01912,HAS_EFFECT,EFF_01276,3,train
HER_01912,HAS_EFFECT,EFF_01256,4,train
HER_02147,HAS_EFFECT,EFF_01256,2,train
HER_02011,HAS_EFFECT,EFF_01276,2,train
HER_02011,HAS_EFFECT,EFF_01255,2,test
HER_02011,HAS_EFFECT,EFF_01256,3,train
HER_01875,RELIEVES,SYM_03492,2,train
HER_01983,RELIEVES,SYM_03458,2,train
HER_01884,RELIEVES,SYM_03458,2,train
HER_01919,RELIEVES,SYM_03458,2,train
PRE_02480,CONTAINS,HER_01952,2,valid
PRE_02480,CONTAINS,HER_01916,3,train
PRE_02480,CONTAINS,HER_01902,5,train
PRE_02480,CONTAINS,HER_01933,3,valid
PRE_02480,CONTAINS,HER_02024,6,train
PRE_02480,CONTAINS,HER_01906,5,valid
PRE_02539,CONTAINS,HER_01952,2,train
HER_01902,RELIEVES,SYM_03635,2,train
HER_01933,RELIEVES,SYM_03458,2,train
HER_01931,RELIEVES,SYM_03635,2,valid
HER_01931,RELIEVES,SYM_03458,2,train
HER_01906,RELIEVES,SYM_03458,2,valid
PRE_02503,CONTAINS,HER_01896,2,train
PRE_02503,CONTAINS,HER_01913,3,train
PRE_02503,CONTAINS,HER_01862,5,train
PRE_02503,CONTAINS,HER_01884,4,train
PRE_02503,CONTAINS,HER_01919,6,train
PRE_02503,CONTAINS,HER_01911,2,valid
PRE_02503,CONTAINS,HER_02008,5,test
PRE_02503,CONTAINS,HER_01951,2,train
HER_01857,HAS_EFFECT,EFF_01261,4,train
HER_02052,HAS_EFFECT,EFF_01266,3,train
HER_01896,HAS_EFFECT,EFF_01261,2,train
HER_01896,HAS_EFFECT,EFF_01266,5,train
HER_01862,HAS_EFFECT,EFF_01261,3,train
HER_01895,HAS_EFFECT,EFF_01261,2,train
HER_01873,HAS_EFFECT,EFF_01266,3,train
HER_01879,HAS_EFFECT,EFF_01261,2,train
HER_01911,HAS_EFFECT,EFF_01266,5,train
HER_01911,HAS_EFFECT,EFF_01262,2,train
HER_02008,HAS_EFFECT,EFF_01266,4,train
HER_01913,RELIEVES,SYM_03408,2,train
HER_01856,HAS_EFFECT,EFF_01287,3,train
HER_02087,HAS_EFFECT,EFF_01255,2,train
HER_02003,HAS_EFFECT,EFF_01255,2,test
HER_01880,RELIEVES,SYM_03449,3,train
HER_01998,RELIEVES,SYM_03449,2,train
HER_01859,RELIEVES,SYM_03449,3,train
HER_01879,RELIEVES,SYM_03449,6,train
PRE_02517,CONTAINS,HER_01914,2,train
PRE_02517,CONTAINS,HER_01895,2,train
PRE_02517,CONTAINS,HER_01995,2,train
PRE_02517,CONTAINS,HER_01881,5,train
PRE_02517,CONTAINS,HER_02045,2,test
PRE_02517,CONTAINS,HER_01993,2,train
PRE_02517,CONTAINS,HER_01878,2,train
PRE_02517,CONTAINS,HER_01870,4,train
HER_01914,HAS_EFFECT,EFF_01267,2,train
HER_01993,HAS_EFFECT,EFF_01253,4,train
HER_02104,HAS_EFFECT,EFF_01267,2,train
HER_02104,HAS_EFFECT,EFF_01253,2,train
HER_01896,RELIEVES,SYM_03577,2,train
HER_01865,RELIEVES,SYM_03577,2,train
HER_01871,RELIEVES,SYM_03577,2,train
HER_01878,RELIEVES,SYM_03577,2,train
PRE_02646,CONTAINS,HER_01982,2,train
PRE_02556,CONTAINS,HER_01896,3,valid
PRE_02556,CONTAINS,HER_01983,2,train
PRE_02556,CONTAINS,HER_01867,3,train
HER_01896,HAS_EFFECT,EFF_01274,4,train
HER_01895,HAS_EFFECT,EFF_01274,2,train
HER_01982,HAS_EFFECT,EFF_01274,2,train
HER_01867,HAS_EFFECT,EFF_01274,4,test
HER_01967,HAS_EFFECT,EFF_01253,4,train
HER_01953,RELIEVES,SYM_03444,3,train
HER_01896,RELIEVES,SYM_03429,2,train
HER_01899,RELIEVES,SYM_03429,7,valid
HER_01873,RELIEVES,SYM_03429,3,train
HER_01887,RELIEVES,SYM_03429,5,test
HER_01886,RELIEVES,SYM_03444,4,test
HER_01886,RELIEVES,SYM_03429,4,valid
HER_01857,RELIEVES,SYM_03429,9,test
HER_01961,RELIEVES,SYM_03444,4,train
HER_01872,RELIEVES,SYM_03429,5,train
HER_01967,RELIEVES,SYM_03429,3,train
HER_01869,RELIEVES,SYM_03429,4,valid
HER_01906,RELIEVES,SYM_03444,2,train
HER_01906,RELIEVES,SYM_03429,3,train
HER_01884,RELIEVES,SYM_03444,4,test
HER_01884,RELIEVES,SYM_03429,3,train
HER_01930,RELIEVES,SYM_03429,2,train
PRE_02487,CONTAINS,HER_01895,6,train
PRE_02505,CONTAINS,HER_01863,4,train
PRE_02505,CONTAINS,HER_01885,3,train
PRE_02505,CONTAINS,HER_01873,2,train
PRE_02505,CONTAINS,HER_01919,3,train
PRE_02505,CONTAINS,HER_01856,3,train
PRE_02505,CONTAINS,HER_02008,2,train
PRE_02535,CONTAINS,HER_01907,2,train
PRE_02535,CONTAINS,HER_01885,2,valid
PRE_02535,CONTAINS,HER_01873,4,train
PRE_02535,CONTAINS,HER_01856,2,test
PRE_02535,CONTAINS,HER_01864,2,train
PRE_02511,CONTAINS,HER_01862,2,train
PRE_02511,CONTAINS,HER_01864,2,train
PRE_02511,CONTAINS,HER_02008,2,train
PRE_02503,CONTAINS,HER_01907,2,train
PRE_02503,CONTAINS,HER_01885,4,train
PRE_02503,CONTAINS,HER_01925,2,train
PRE_02503,CONTAINS,HER_01856,3,valid
PRE_02509,CONTAINS,HER_01863,2,train
PRE_02509,CONTAINS,HER_01862,2,valid
PRE_02509,CONTAINS,HER_01855,2,valid
PRE_02511,TREATS,SYM_03449,2,train
PRE_02511,TREATS,SYM_03438,2,train
PRE_02503,TREATS,SYM_03449,2,train
PRE_02503,TREATS,SYM_03438,2,train
HER_02112,HAS_EFFECT,EFF_01254,2,train
HER_01863,HAS_EFFECT,EFF_01266,2,train
HER_01863,HAS_EFFECT,EFF_01254,6,train
HER_01885,HAS_EFFECT,EFF_01266,3,train
HER_01856,HAS_EFFECT,EFF_01266,3,train
HER_01907,RELIEVES,SYM_03449,2,valid
HER_01907,RELIEVES,SYM_03438,3,test
HER_01863,RELIEVES,SYM_03449,2,train
HER_01884,RELIEVES,SYM_03438,3,train
HER_01873,RELIEVES,SYM_03449,2,test
HER_01873,RELIEVES,SYM_03497,2,train
HER_01873,RELIEVES,SYM_03438,4,train
HER_01919,RELIEVES,SYM_03449,3,test
HER_01925,RELIEVES,SYM_03449,2,train
HER_02008,RELIEVES,SYM_03449,2,train
PRE_02562,CONTAINS,HER_01885,3,train
PRE_02562,CONTAINS,HER_01911,2,train
PRE_02486,CONTAINS,HER_01875,3,train
PRE_02486,CONTAINS,HER_01885,2,train
PRE_02486,CONTAINS,HER_01884,2,valid
PRE_02486,CONTAINS,HER_01873,2,test
PRE_02486,CONTAINS,HER_01919,2,valid
PRE_02486,CONTAINS,HER_01912,2,train
PRE_02516,CONTAINS,HER_01939,3,train
PRE_02516,CONTAINS,HER_01938,3,test
PRE_02516,CONTAINS,HER_01899,5,valid
PRE_02516,CONTAINS,HER_01912,3,train
PRE_02481,CONTAINS,HER_01939,2,train
PRE_02481,CONTAINS,HER_01975,2,test
PRE_02481,CONTAINS,HER_01912,2,test
HER_01857,HAS_EFFECT,EFF_01346,3,train
HER_01938,HAS_EFFECT,EFF_01255,4,train
HER_01855,HAS_EFFECT,EFF_01346,2,test
HER_01879,HAS_EFFECT,EFF_01346,2,train
PRE_02489,CONTAINS,HER_02096,2,train
PRE_02489,TREATS,SYM_03438,2,train
PRE_02503,TREATS,SYM_03409,2,train
HER_01885,RELIEVES,SYM_03409,3,valid
HER_01884,RELIEVES,SYM_03409,2,valid
HER_01873,RELIEVES,SYM_03409,3,train
HER_01919,RELIEVES,SYM_03409,2,valid
HER_02058,HAS_EFFECT,EFF_01257,2,train
HER_01857,HAS_EFFECT,EFF_01275,3,train
HER_01864,HAS_EFFECT,EFF_01275,2,test
PRE_02508,CONTAINS,HER_01863,2,test
PRE_02508,CONTAINS,HER_01862,2,valid
PRE_02508,CONTAINS,HER_01867,2,train
PRE_02505,CONTAINS,HER_01875,2,train
PRE_02505,CONTAINS,HER_01896,2,train
PRE_02505,CONTAINS,HER_01910,2,train
PRE_02505,CONTAINS,HER_01944,2,train
PRE_02505,CONTAINS,HER_01867,6,train
PRE_02652,CONTAINS,HER_01875,2,valid
PRE_02652,CONTAINS,HER_01863,3,train
PRE_02652,CONTAINS,HER_01910,2,train
PRE_02652,CONTAINS,HER_01919,2,train
PRE_02652,CONTAINS,HER_01944,2,test
HER_01910,HAS_EFFECT,EFF_01266,2,train
CAU_00097,CAUSES,SYM_03429,2,train
HER_02023,HAS_EFFECT,EFF_01253,2,train
HER_01902,RELIEVES,SYM_03429,2,train
HER_01904,RELIEVES,SYM_03429,5,train
HER_01854,RELIEVES,SYM_03429,7,train
HER_01916,RELIEVES,SYM_03429,3,train
HER_01855,RELIEVES,SYM_03429,13,train
HER_01891,RELIEVES,SYM_03429,2,train
HER_01861,RELIEVES,SYM_03429,4,test
HER_02024,RELIEVES,SYM_03429,4,train
HER_01864,RELIEVES,SYM_03429,6,train
HER_02023,RELIEVES,SYM_03429,3,train
HER_01876,RELIEVES,SYM_03429,10,train
HER_01881,RELIEVES,SYM_03429,3,train
HER_01933,RELIEVES,SYM_03429,2,train
PRE_02510,CONTAINS,HER_01891,2,train
PRE_02510,CONTAINS,HER_01937,2,test
PRE_02510,CONTAINS,HER_01865,4,train
HER_01911,HAS_EFFECT,EFF_01258,2,train
HER_02109,HAS_EFFECT,EFF_01257,3,train
HER_02109,HAS_EFFECT,EFF_01258,2,train
HER_02109,HAS_EFFECT,EFF_01253,5,train
HER_01891,RELIEVES,SYM_03436,3,valid
HER_01896,RELIEVES,SYM_03407,2,train
HER_01865,RELIEVES,SYM_03410,6,train
HER_01865,RELIEVES,SYM_03407,9,train
HER_01872,RELIEVES,SYM_03410,4,train
HER_01885,RELIEVES,SYM_03410,4,train
HER_01881,RELIEVES,SYM_03436,2,valid
HER_01881,RELIEVES,SYM_03407,2,test
HER_01871,RELIEVES,SYM_03410,3,train
HER_01871,RELIEVES,SYM_03407,3,train
HER_01869,RELIEVES,SYM_03410,3,train
HER_01976,RELIEVES,SYM_03436,2,train
HER_01878,RELIEVES,SYM_03436,3,train
HER_02109,RELIEVES,SYM_03436,2,train
CAU_00012,CAUSES,SYM_03449,2,valid
CAU_00012,CAUSES,SYM_03458,3,train
PRE_02626,CONTAINS,HER_01855,2,train
PRE_02626,CONTAINS,HER_01919,2,train
PRE_02626,CONTAINS,HER_01951,2,train
PRE_02494,CONTAINS,HER_02008,2,train
PRE_02556,CONTAINS,HER_01860,2,train
PRE_02511,CONTAINS,HER_01896,2,train
PRE_02511,CONTAINS,HER_01927,2,train
PRE_02503,CONTAINS,HER_01860,2,test
PRE_02503,CONTAINS,HER_01983,2,train
PRE_02502,CONTAINS,HER_01862,2,train
PRE_02502,CONTAINS,HER_01919,2,train
PRE_02502,CONTAINS,HER_01867,2,train
PRE_02502,CONTAINS,HER_01869,3,train
PRE_02502,CONTAINS,HER_01951,2,train
HER_01896,HAS_EFFECT,EFF_01256,2,train
HER_01983,HAS_EFFECT,EFF_01341,2,train
HER_01869,HAS_EFFECT,EFF_01266,4,train
HER_02008,HAS_EFFECT,EFF_01256,2,train
HER_01860,RELIEVES,SYM_03449,3,valid
HER_01983,RELIEVES,SYM_03449,2,train
HER_01867,RELIEVES,SYM_03449,3,train
PRE_02482,CONTAINS,HER_01857,6,train
PRE_02482,CONTAINS,HER_01899,6,train
PRE_02482,CONTAINS,HER_02049,3,train
PRE_02482,CONTAINS,HER_02191,2,train
PRE_02482,CONTAINS,HER_02002,5,train
PRE_02503,CONTAINS,HER_01909,2,train
PRE_02503,CONTAINS,HER_01948,2,train
PRE_02503,CONTAINS,HER_01991,2,train
PRE_02503,CONTAINS,HER_01883,3,train
PRE_02503,CONTAINS,HER_01886,2,valid
HER_02030,HAS_EFFECT,EFF_01256,2,train
PRE_02516,CONTAINS,HER_02073,2,train
PRE_02516,CONTAINS,HER_01866,2,train
PRE_02516,CONTAINS,HER_01884,4,train
PRE_02516,CONTAINS,HER_01925,2,train
PRE_02516,CONTAINS,HER_01856,2,train
PRE_02516,CONTAINS,HER_01951,2,train
PRE_02521,CONTAINS,HER_01938,3,valid
PRE_02521,CONTAINS,HER_02073,2,train
PRE_02521,CONTAINS,HER_01866,2,train
PRE_02521,CONTAINS,HER_01862,3,test
PRE_02521,CONTAINS,HER_01899,2,train
PRE_02521,CONTAINS,HER_01855,2,train
PRE_02521,CONTAINS,HER_01884,2,train
PRE_02521,CONTAINS,HER_01925,3,train
PRE_02521,CONTAINS,HER_01912,2,train
PRE_02521,CONTAINS,HER_01856,2,train
PRE_02521,CONTAINS,HER_01951,2,train
HER_02073,HAS_EFFECT,EFF_01256,3,train
HER_01866,HAS_EFFECT,EFF_01256,9,train
HER_01899,HAS_EFFECT,EFF_01259,2,valid
HER_01899,HAS_EFFECT,EFF_01256,4,train
PRE_02581,CONTAINS,HER_01856,2,train
PRE_02480,CONTAINS,HER_01884,6,valid
PRE_02480,CONTAINS,HER_02041,3,train
PRE_02480,CONTAINS,HER_02030,3,train
PRE_02480,CONTAINS,HER_02062,3,train
PRE_02480,CONTAINS,HER_01951,2,valid
HER_01857,HAS_EFFECT,EFF_01276,4,train
HER_02073,HAS_EFFECT,EFF_01264,2,train
HER_02073,HAS_EFFECT,EFF_01303,2,train
HER_02073,HAS_EFFECT,EFF_01436,2,train
HER_01866,HAS_EFFECT,EFF_01264,4,train
HER_01866,HAS_EFFECT,EFF_01303,2,train
HER_01866,HAS_EFFECT,EFF_01436,2,train
HER_01899,HAS_EFFECT,EFF_01264,2,train
HER_01899,HAS_EFFECT,EFF_01303,2,train
HER_01899,HAS_EFFECT,EFF_01436,2,test
HER_01855,HAS_EFFECT,EFF_01303,3,train
HER_01855,HAS_EFFECT,EFF_01436,2,train
HER_01884,HAS_EFFECT,EFF_01264,3,train
HER_02041,HAS_EFFECT,EFF_01264,2,train
HER_02041,HAS_EFFECT,EFF_01303,2,train
HER_02041,HAS_EFFECT,EFF_01436,2,valid
HER_02062,HAS_EFFECT,EFF_01276,2,valid
HER_01856,HAS_EFFECT,EFF_01436,2,test
HER_01869,HAS_EFFECT,EFF_01264,2,train
HER_01869,HAS_EFFECT,EFF_01303,2,train
HER_01869,HAS_EFFECT,EFF_01436,2,train
HER_02024,HAS_EFFECT,EFF_01264,2,train
HER_02024,HAS_EFFECT,EFF_01303,2,train
HER_02024,HAS_EFFECT,EFF_01436,2,train
HER_01864,HAS_EFFECT,EFF_01436,2,train
HER_01951,HAS_EFFECT,EFF_01264,2,train
HER_01951,HAS_EFFECT,EFF_01303,2,train
HER_01951,HAS_EFFECT,EFF_01436,2,train
PRE_02502,CONTAINS,HER_01856,2,train
PRE_02502,CONTAINS,HER_01874,2,train
PRE_02502,CONTAINS,HER_01864,4,train
HER_02041,HAS_EFFECT,EFF_01256,2,train
HER_01874,HAS_EFFECT,EFF_01256,2,train
HER_01864,HAS_EFFECT,EFF_01256,3,test
PRE_02480,CONTAINS,HER_02016,3,train
PRE_02483,CONTAINS,HER_01874,2,train
PRE_02483,CONTAINS,HER_01892,2,train
HER_01874,HAS_EFFECT,EFF_01259,2,train
HER_01892,HAS_EFFECT,EFF_01259,5,train
PRE_02499,CONTAINS,HER_01857,8,train
PRE_02499,CONTAINS,HER_01866,2,train
PRE_02499,CONTAINS,HER_01899,7,train
PRE_02499,CONTAINS,HER_01918,4,test
PRE_02499,CONTAINS,HER_01855,8,train
PRE_02499,CONTAINS,HER_01884,6,train
PRE_02499,CONTAINS,HER_02030,6,train
PRE_02499,CONTAINS,HER_02062,3,train
HER_01918,HAS_EFFECT,EFF_01256,2,valid
HER_02062,HAS_EFFECT,EFF_01255,2,train
HER_01951,HAS_EFFECT,EFF_01255,6,train
HER_02080,HAS_EFFECT,EFF_01253,2,train
HER_01860,RELIEVES,SYM_03408,2,train
CAU_00258,CAUSES,SYM_03410,2,train
PRE_02479,CONTAINS,HER_01896,2,train
PRE_02479,CONTAINS,HER_01880,2,train
PRE_02484,CONTAINS,HER_01856,3,train
HER_01862,RELIEVES,SYM_03410,5,train
HER_01873,RELIEVES,SYM_03410,2,train
HER_01970,RELIEVES,SYM_03410,2,test
HER_01973,RELIEVES,SYM_03410,2,train
HER_01951,RELIEVES,SYM_03410,3,train
HER_01857,RELIEVES,SYM_03410,5,train
HER_01856,RELIEVES,SYM_03410,3,train
HER_01922,RELIEVES,SYM_03410,2,train
HER_01930,RELIEVES,SYM_03410,2,train
PRE_02484,CONTAINS,HER_01877,4,train
PRE_02484,CONTAINS,HER_01889,3,train
PRE_02484,CONTAINS,HER_01872,2,train
PRE_02484,CONTAINS,HER_01860,2,train
PRE_02484,CONTAINS,HER_01869,3,train
PRE_02541,CONTAINS,HER_01857,3,test
PRE_02541,CONTAINS,HER_01880,2,train
PRE_02541,CONTAINS,HER_01877,3,train
PRE_02541,CONTAINS,HER_01889,2,train
PRE_02541,CONTAINS,HER_01872,4,train
PRE_02541,CONTAINS,HER_01902,2,test
PRE_02541,CONTAINS,HER_01860,2,train
PRE_02541,CONTAINS,HER_01873,2,train
PRE_02541,CONTAINS,HER_01930,2,train
HER_01858,HAS_EFFECT,EFF_01279,2,test
PRE_02516,CONTAINS,HER_02047,3,test
PRE_02516,CONTAINS,HER_01955,2,test
PRE_02495,CONTAINS,HER_01955,2,train
HER_02047,HAS_EFFECT,EFF_01266,2,train
HER_02047,HAS_EFFECT,EFF_01259,2,train
HER_01955,HAS_EFFECT,EFF_01253,2,train
PRE_02504,CONTAINS,HER_01910,2,train
PRE_02504,CONTAINS,HER_01860,2,train
PRE_02504,CONTAINS,HER_01944,2,train
PRE_02504,CONTAINS,HER_01898,2,train
PRE_02504,CONTAINS,HER_01955,2,train
PRE_02535,CONTAINS,HER_01875,2,valid
PRE_02535,CONTAINS,HER_02038,2,train
PRE_02535,CONTAINS,HER_01912,3,train
HER_01922,HAS_EFFECT,EFF_01282,2,train
HER_02041,HAS_EFFECT,EFF_01282,2,train
PRE_02802,CONTAINS,HER_01938,2,valid
PRE_02802,CONTAINS,HER_01866,2,train
PRE_02802,CONTAINS,HER_01925,2,test
PRE_02802,CONTAINS,HER_01856,2,train
PRE_02483,CONTAINS,HER_01938,2,train
HER_01897,HAS_EFFECT,EFF_01256,4,train
HER_01877,HAS_EFFECT,EFF_01256,4,train
HER_02010,HAS_EFFECT,EFF_01256,2,valid
HER_02087,HAS_EFFECT,EFF_01256,4,train
HER_02036,HAS_EFFECT,EFF_01256,3,train
PRE_02487,CONTAINS,HER_01872,6,train
PRE_02487,CONTAINS,HER_01859,5,test
PRE_02487,CONTAINS,HER_01861,2,train
PRE_02487,CONTAINS,HER_01873,6,train
PRE_02487,CONTAINS,HER_01856,4,valid
PRE_02487,CONTAINS,HER_01869,5,train
PRE_02487,CONTAINS,HER_01858,6,train
PRE_02487,CONTAINS,HER_01883,3,valid
PRE_02487,CONTAINS,HER_01945,3,valid
PRE_02487,CONTAINS,HER_02015,3,valid
PRE_02492,CONTAINS,HER_01859,2,train
PRE_02492,CONTAINS,HER_01873,2,train
PRE_02492,CONTAINS,HER_01856,2,train
PRE_02492,CONTAINS,HER_01945,2,train
HER_01938,HAS_EFFECT,EFF_01283,3,train
HER_01913,HAS_EFFECT,EFF_01283,2,train
HER_01984,HAS_EFFECT,EFF_01283,3,train
HER_01983,HAS_EFFECT,EFF_01283,2,valid
HER_02142,HAS_EFFECT,EFF_01283,2,valid
HER_01911,HAS_EFFECT,EFF_01283,3,train
PRE_02602,CONTAINS,HER_01888,3,train
PRE_02602,CONTAINS,HER_01990,4,train
PRE_02602,CONTAINS,HER_01862,3,train
HER_01888,HAS_EFFECT,EFF_01257,5,train
HER_01990,HAS_EFFECT,EFF_01260,2,valid
HER_01903,HAS_EFFECT,EFF_01367,2,train
HER_01979,HAS_EFFECT,EFF_01367,2,train
HER_01950,HAS_EFFECT,EFF_01367,2,train
PRE_02499,CONTAINS,HER_02027,6,train
PRE_02499,CONTAINS,HER_01863,4,test
PRE_02499,CONTAINS,HER_01882,5,test
PRE_02499,CONTAINS,HER_01854,5,test
HER_01878,HAS_EFFECT,EFF_01266,3,train
HER_01878,HAS_EFFECT,EFF_01255,3,test
HER_01886,HAS_EFFECT,EFF_01296,2,train
PRE_02489,CONTAINS,HER_01937,2,train
HER_01937,HAS_EFFECT,EFF_01255,2,train
HER_02047,HAS_EFFECT,EFF_01280,2,train
HER_01903,RELIEVES,SYM_03410,2,valid
HER_01896,HAS_EFFECT,EFF_01255,3,valid
PRE_02602,CONTAINS,HER_01880,2,test
PRE_02602,CONTAINS,HER_01886,2,train
HER_01901,HAS_EFFECT,EFF_01256,3,test
HER_01866,HAS_EFFECT,EFF_01266,3,test
HER_01869,HAS_EFFECT,EFF_01289,2,valid
PRE_02709,CONTAINS,HER_01868,2,train
PRE_02709,CONTAINS,HER_01869,2,train
PRE_02709,CONTAINS,HER_01858,2,test
PRE_02709,CONTAINS,HER_01898,2,test
PRE_02519,CONTAINS,HER_01937,2,train
PRE_02519,CONTAINS,HER_01854,5,valid
PRE_02519,CONTAINS,HER_01881,4,train
PRE_02519,CONTAINS,HER_01861,2,train
PRE_02519,CONTAINS,HER_01911,2,test
PRE_02519,CONTAINS,HER_01878,5,train
PRE_02511,CONTAINS,HER_02038,2,test
PRE_02511,CONTAINS,HER_01937,2,train
PRE_02511,CONTAINS,HER_01861,2,train
HER_02038,HAS_EFFECT,EFF_01274,2,train
HER_01854,HAS_EFFECT,EFF_01274,2,train
HER_01861,HAS_EFFECT,EFF_01274,2,train
HER_01911,HAS_EFFECT,EFF_01274,2,train
PRE_02605,CONTAINS,HER_02029,2,train
PRE_02605,CONTAINS,HER_01929,2,test
HER_02018,HAS_EFFECT,EFF_01265,2,train
PRE_02605,CONTAINS,HER_01903,2,train
PRE_02605,CONTAINS,HER_01925,2,train
PRE_02605,CONTAINS,HER_01991,2,train
PRE_02496,CONTAINS,HER_01875,3,train
PRE_02485,CONTAINS,HER_01885,5,train
PRE_02485,CONTAINS,HER_01887,2,train
PRE_02485,CONTAINS,HER_01857,7,test
PRE_02485,CONTAINS,HER_01924,2,valid
PRE_02485,CONTAINS,HER_01854,9,train
PRE_02485,CONTAINS,HER_01855,6,train
PRE_02485,CONTAINS,HER_01872,5,train
PRE_02528,CONTAINS,HER_02044,2,train
PRE_02528,CONTAINS,HER_01924,2,train
PRE_02528,CONTAINS,HER_01872,2,train
PRE_02485,TREATS,SYM_03449,2,train
HER_01885,HAS_EFFECT,EFF_01272,2,train
HER_01885,HAS_EFFECT,EFF_01270,2,train
HER_02044,HAS_EFFECT,EFF_01270,2,train
HER_02009,HAS_EFFECT,EFF_01270,2,train
HER_01924,HAS_EFFECT,EFF_01272,2,train
HER_01924,HAS_EFFECT,EFF_01253,7,valid
HER_01890,HAS_EFFECT,EFF_01272,2,train
HER_01854,HAS_EFFECT,EFF_01272,4,train
HER_01860,HAS_EFFECT,EFF_01272,6,train
HER_01855,HAS_EFFECT,EFF_01272,2,test
HER_01872,HAS_EFFECT,EFF_01270,3,train
HER_02044,RELIEVES,SYM_03409,2,test
HER_02009,RELIEVES,SYM_03409,3,train
HER_01887,RELIEVES,SYM_03449,2,train
HER_01887,RELIEVES,SYM_03409,2,train
HER_02027,RELIEVES,SYM_03449,4,train
HER_01890,RELIEVES,SYM_03409,4,train
HER_01891,RELIEVES,SYM_03409,2,train
HER_01872,RELIEVES,SYM_03449,3,train
HER_01926,RELIEVES,SYM_03409,4,train
HER_01859,RELIEVES,SYM_03409,2,train
PRE_02500,CONTAINS,HER_01872,2,train
HER_01888,HAS_EFFECT,EFF_01281,2,train
HER_01866,HAS_EFFECT,EFF_01281,2,train
HER_01872,HAS_EFFECT,EFF_01281,6,valid
HER_01854,HAS_EFFECT,EFF_01281,5,train
HER_01885,HAS_EFFECT,EFF_01281,5,train
HER_01859,HAS_EFFECT,EFF_01281,4,train
HER_01871,HAS_EFFECT,EFF_01270,2,train
HER_01856,HAS_EFFECT,EFF_01281,5,train
HER_01968,HAS_EFFECT,EFF_01281,2,test
HER_01911,HAS_EFFECT,EFF_01270,2,train
HER_01886,HAS_EFFECT,EFF_01270,2,train
PRE_02481,CONTAINS,HER_01874,5,train
HER_01870,HAS_EFFECT,EFF_01254,3,train
HER_01979,RELIEVES,SYM_03426,3,train
HER_01873,RELIEVES,SYM_03426,2,train
HER_01879,RELIEVES,SYM_03426,3,train
HER_01870,RELIEVES,SYM_03426,4,train
CAU_00012,CAUSES,SYM_03477,2,train
PRE_02503,CONTAINS,HER_01924,2,train
PRE_02503,CONTAINS,HER_01926,3,train
PRE_02503,TREATS,SYM_03477,2,train
HER_01889,HAS_EFFECT,EFF_01259,3,test
HER_01889,HAS_EFFECT,EFF_01256,3,train
HER_01903,HAS_EFFECT,EFF_01259,3,train
HER_01926,HAS_EFFECT,EFF_01259,4,train
HER_01926,HAS_EFFECT,EFF_01256,3,train
HER_01889,RELIEVES,SYM_03409,2,train
HER_01885,RELIEVES,SYM_03477,3,train
HER_01924,RELIEVES,SYM_03477,2,valid
HER_02059,RELIEVES,SYM_03409,2,valid
HER_01990,HAS_EFFECT,EFF_01253,5,train
HER_02017,HAS_EFFECT,EFF_01253,2,valid
HER_02140,HAS_EFFECT,EFF_01253,2,valid
HER_01854,HAS_EFFECT,EFF_01358,2,train
HER_01854,HAS_EFFECT,EFF_01306,4,train
HER_01856,HAS_EFFECT,EFF_01358,2,train
HER_01856,HAS_EFFECT,EFF_01306,3,train
HER_01921,HAS_EFFECT,EFF_01358,2,train
HER_01921,HAS_EFFECT,EFF_01306,3,train
PRE_02498,CONTAINS,HER_01889,6,train
PRE_02498,CONTAINS,HER_01885,4,train
PRE_02498,CONTAINS,HER_01890,2,train
PRE_02498,CONTAINS,HER_02018,2,train
PRE_02498,CONTAINS,HER_01941,3,train
PRE_02498,CONTAINS,HER_01881,3,train
PRE_02498,CONTAINS,HER_01867,2,train
PRE_02498,CONTAINS,HER_01878,2,train
PRE_02498,TREATS,SYM_03408,3,train
HER_01896,HAS_EFFECT,EFF_01271,2,valid
HER_01974,HAS_EFFECT,EFF_01253,2,test
HER_01880,HAS_EFFECT,EFF_01306,3,test
HER_01941,HAS_EFFECT,EFF_01253,8,train
HER_02066,HAS_EFFECT,EFF_01253,2,train
HER_01878,HAS_EFFECT,EFF_01306,2,train
HER_01889,RELIEVES,SYM_03410,2,test
HER_01871,RELIEVES,SYM_03408,2,train
HER_01890,RELIEVES,SYM_03410,2,train
HER_02018,RELIEVES,SYM_03408,2,train
HER_01870,RELIEVES,SYM_03410,3,train
CAU_00066,CAUSES,SYM_03460,2,valid
PRE_02947,TREATS,SYM_03460,2,train
HER_01893,HAS_EFFECT,EFF_01264,2,train
HER_01888,HAS_EFFECT,EFF_01264,2,train
HER_02011,HAS_EFFECT,EFF_01264,2,train
HER_01907,RELIEVES,SYM_03606,2,test
HER_01907,RELIEVES,SYM_03460,2,train
HER_01888,RELIEVES,SYM_03606,2,train
PRE_02480,CONTAINS,HER_01921,4,valid
PRE_02480,CONTAINS,HER_01901,2,train
PRE_02480,CONTAINS,HER_01987,4,train
HER_01900,HAS_EFFECT,EFF_01292,2,test
HER_01900,HAS_EFFECT,EFF_01306,2,train
HER_01899,HAS_EFFECT,EFF_01326,2,train
HER_01987,HAS_EFFECT,EFF_01292,3,train
HER_01855,HAS_EFFECT,EFF_01306,2,train
HER_01855,HAS_EFFECT,EFF_01326,3,train
HER_01873,HAS_EFFECT,EFF_01326,3,train
HER_01915,HAS_EFFECT,EFF_01292,3,train
HER_01908,HAS_EFFECT,EFF_01292,2,train
HER_01880,RELIEVES,SYM_04491,2,train
HER_01900,RELIEVES,SYM_04491,2,train
HER_01921,RELIEVES,SYM_04491,2,train
HER_01854,RELIEVES,SYM_04491,2,train
HER_01855,RELIEVES,SYM_04491,2,test
HER_01856,RELIEVES,SYM_04491,2,train
HER_02025,HAS_EFFECT,EFF_01276,3,valid
HER_01854,HAS_EFFECT,EFF_01276,2,train
PRE_02785,CONTAINS,HER_01870,2,train
PRE_02785,CONTAINS,HER_01882,2,train
PRE_02785,CONTAINS,HER_01854,2,train
PRE_02785,CONTAINS,HER_01881,2,test
PRE_02785,CONTAINS,HER_01921,2,train
HER_02173,HAS_EFFECT,EFF_01253,4,train
HER_02101,HAS_EFFECT,EFF_01253,4,train
PRE_02505,CONTAINS,HER_01929,2,train
PRE_02505,CONTAINS,HER_01881,3,train
PRE_02481,CONTAINS,HER_01903,3,train
PRE_02481,CONTAINS,HER_01969,2,test
PRE_02481,CONTAINS,HER_01867,2,valid
PRE_02481,CONTAINS,HER_01858,4,train
PRE_02517,CONTAINS,HER_01882,4,train
PRE_02517,CONTAINS,HER_01854,5,valid
HER_01993,HAS_EFFECT,EFF_01258,2,train
PRE_02501,CONTAINS,HER_01939,2,train
PRE_02501,CONTAINS,HER_01877,3,train
PRE_02501,CONTAINS,HER_01895,4,train
PRE_02501,CONTAINS,HER_01871,2,train
PRE_02493,CONTAINS,HER_01962,5,train
PRE_02519,CONTAINS,HER_01863,2,train
HER_01865,RELIEVES,SYM_03409,3,train
HER_01909,RELIEVES,SYM_03409,4,valid
HER_02040,HAS_EFFECT,EFF_01253,2,train
HER_01956,HAS_EFFECT,EFF_01253,5,train
HER_01949,HAS_EFFECT,EFF_01253,5,train
HER_01860,HAS_EFFECT,EFF_01285,2,train
HER_01883,HAS_EFFECT,EFF_01285,2,train
PRE_02519,CONTAINS,HER_01865,3,valid
HER_01876,RELIEVES,SYM_03409,3,train
HER_01860,RELIEVES,SYM_03426,3,test
HER_01858,RELIEVES,SYM_03426,6,test
HER_01909,RELIEVES,SYM_03426,3,train
PRE_02510,CONTAINS,HER_01929,2,train
PRE_02510,CONTAINS,HER_01962,3,valid
PRE_02510,CONTAINS,HER_01883,4,train
PRE_02493,CONTAINS,HER_01929,3,train
PRE_02493,CONTAINS,HER_01865,5,train
PRE_02493,CONTAINS,HER_01956,4,train
PRE_02493,CONTAINS,HER_01949,4,train
PRE_02615,CONTAINS,HER_01928,2,train
PRE_02615,CONTAINS,HER_01910,2,train
PRE_02615,CONTAINS,HER_01860,2,train
HER_01928,HAS_EFFECT,EFF_01265,2,train
PRE_02509,CONTAINS,HER_01881,2,train
PRE_02509,CONTAINS,HER_01956,2,train
PRE_02509,CONTAINS,HER_01949,2,train
PRE_02509,CONTAINS,HER_01927,2,train
PRE_02509,CONTAINS,HER_01878,2,train
PRE_02514,CONTAINS,HER_01865,4,train
PRE_02493,CONTAINS,HER_01927,3,valid
PRE_02554,CONTAINS,HER_01865,4,train
PRE_02554,CONTAINS,HER_01895,2,train
PRE_02554,CONTAINS,HER_01962,3,train
PRE_02554,CONTAINS,HER_01956,3,valid
PRE_02554,CONTAINS,HER_01949,3,train
PRE_02554,CONTAINS,HER_01883,3,train
PRE_02554,CONTAINS,HER_01927,2,train
HER_01962,HAS_EFFECT,EFF_01253,4,train
PRE_02492,CONTAINS,HER_01863,2,valid
PRE_02507,CONTAINS,HER_01865,3,train
PRE_02507,CONTAINS,HER_02007,3,train
PRE_02507,CONTAINS,HER_01993,3,train
PRE_02543,CONTAINS,HER_02040,3,train
PRE_02543,CONTAINS,HER_01929,2,train
PRE_02543,CONTAINS,HER_01865,5,train
PRE_02543,CONTAINS,HER_01861,3,train
PRE_02543,CONTAINS,HER_01867,4,train
PRE_02543,CONTAINS,HER_01886,3,train
PRE_02507,CONTAINS,HER_01893,2,train
PRE_02507,CONTAINS,HER_01870,2,train
PRE_02510,CONTAINS,HER_02001,2,train
PRE_02510,CONTAINS,HER_01931,2,train
PRE_02510,CONTAINS,HER_01904,2,train
PRE_02601,CONTAINS,HER_01924,4,train
PRE_02601,CONTAINS,HER_01896,3,test
PRE_02601,CONTAINS,HER_01865,3,train
PRE_02601,CONTAINS,HER_01926,3,valid
PRE_02601,CONTAINS,HER_01854,4,test
PRE_02601,CONTAINS,HER_01860,2,valid
PRE_02601,CONTAINS,HER_01904,2,valid
PRE_02601,CONTAINS,HER_02135,3,train
PRE_02601,CONTAINS,HER_01965,2,train
PRE_02601,TREATS,SYM_03462,2,train
HER_01924,HAS_EFFECT,EFF_01258,4,train
HER_02017,HAS_EFFECT,EFF_01258,2,train
HER_01904,HAS_EFFECT,EFF_01265,2,test
HER_02135,HAS_EFFECT,EFF_01258,3,train
HER_02135,HAS_EFFECT,EFF_01253,3,valid
HER_01965,HAS_EFFECT,EFF_01265,2,train
HER_01924,RELIEVES,SYM_03462,4,train
HER_01896,RELIEVES,SYM_03462,2,train
HER_01990,RELIEVES,SYM_03462,2,train
HER_01865,RELIEVES,SYM_03462,3,train
HER_01926,RELIEVES,SYM_03462,2,train
HER_01860,RELIEVES,SYM_03462,4,train
HER_02140,RELIEVES,SYM_03462,2,train
HER_01904,RELIEVES,SYM_03462,3,train
PRE_02543,CONTAINS,HER_01896,3,train
PRE_02543,CONTAINS,HER_01904,4,test
PRE_02543,CONTAINS,HER_01869,2,train
PRE_02543,CONTAINS,HER_01992,3,test
PRE_02508,CONTAINS,HER_01865,4,train
PRE_02508,CONTAINS,HER_01904,3,train
PRE_02510,CONTAINS,HER_01867,2,test
PRE_02510,TREATS,SYM_03444,2,train
HER_01865,HAS_EFFECT,EFF_01263,5,train
HER_01904,HAS_EFFECT,EFF_01263,4,train
HER_01867,HAS_EFFECT,EFF_01263,2,train
HER_01886,HAS_EFFECT,EFF_01263,2,test
HER_01867,RELIEVES,SYM_03444,5,train
HER_01992,RELIEVES,SYM_03444,2,train
PRE_02519,CONTAINS,HER_02179,2,test
PRE_02480,CONTAINS,HER_02012,2,train
PRE_02480,CONTAINS,HER_01904,4,train
PRE_02480,CONTAINS,HER_01878,3,train
PRE_02480,TREATS,SYM_03444,3,train
PRE_02480,TREATS,SYM_03486,2,train
HER_02179,HAS_EFFECT,EFF_01266,2,train
HER_01865,HAS_EFFECT,EFF_01266,2,train
HER_01865,HAS_EFFECT,EFF_01372,2,train
HER_01881,HAS_EFFECT,EFF_01266,2,train
HER_01904,HAS_EFFECT,EFF_01266,4,test
HER_01904,HAS_EFFECT,EFF_01372,2,train
HER_02086,HAS_EFFECT,EFF_01266,3,train
HER_02186,HAS_EFFECT,EFF_01266,2,train
HER_02037,RELIEVES,SYM_03444,2,train
HER_02037,RELIEVES,SYM_03486,3,train
HER_02071,RELIEVES,SYM_03444,2,test
HER_01865,RELIEVES,SYM_03486,2,train
HER_02012,RELIEVES,SYM_03444,6,train
HER_01960,RELIEVES,SYM_03444,4,train
HER_01960,RELIEVES,SYM_03486,3,train
HER_01960,RELIEVES,SYM_03480,2,train
PRE_02505,CONTAINS,HER_01865,3,train
PRE_02505,CONTAINS,HER_01904,3,train
PRE_02505,CONTAINS,HER_01927,3,train
PRE_02505,CONTAINS,HER_02086,2,train
HER_01913,HAS_EFFECT,EFF_01253,2,train
HER_01904,HAS_EFFECT,EFF_01255,2,train
HER_02152,HAS_EFFECT,EFF_01253,2,train
PRE_02771,CONTAINS,HER_01876,3,train
PRE_02771,CONTAINS,HER_01960,2,train
PRE_02771,CONTAINS,HER_01931,2,train
PRE_02771,CONTAINS,HER_01988,3,train
PRE_02771,CONTAINS,HER_01934,2,train
HER_01891,RELIEVES,SYM_03486,3,train
HER_02110,RELIEVES,SYM_03426,2,train
HER_01876,RELIEVES,SYM_03486,3,train
HER_01899,RELIEVES,SYM_03426,5,train
HER_01916,RELIEVES,SYM_03426,2,train
HER_01988,RELIEVES,SYM_03426,2,train
HER_01915,RELIEVES,SYM_03486,2,valid
HER_01864,RELIEVES,SYM_03486,2,test
HER_01870,RELIEVES,SYM_03486,2,train
HER_02037,HAS_EFFECT,EFF_01253,3,train
HER_01960,HAS_EFFECT,EFF_01253,7,train
HER_01861,RELIEVES,SYM_03486,2,train
PRE_02549,CONTAINS,HER_01959,2,train
CAU_00023,CAUSES,SYM_03429,3,train
PRE_02517,CONTAINS,HER_01909,2,train
PRE_02517,CONTAINS,HER_02110,3,train
PRE_02517,CONTAINS,HER_01899,2,train
PRE_02517,CONTAINS,HER_01872,2,train
PRE_02517,CONTAINS,HER_01855,3,train
PRE_02517,CONTAINS,HER_01960,2,train
PRE_02517,CONTAINS,HER_01906,3,train
PRE_02517,TREATS,SYM_03426,2,valid
PRE_02517,TREATS,SYM_03421,2,train
HER_01865,RELIEVES,SYM_03429,6,test
HER_01865,RELIEVES,SYM_03421,3,train
HER_01899,RELIEVES,SYM_03449,6,train
HER_01899,RELIEVES,SYM_03421,2,train
HER_01854,RELIEVES,SYM_03421,3,train
HER_01876,RELIEVES,SYM_03421,3,train
HER_01855,RELIEVES,SYM_03421,3,train
HER_01960,RELIEVES,SYM_03429,6,train
HER_01904,RELIEVES,SYM_03426,3,train
HER_01904,RELIEVES,SYM_03449,3,train
HER_01904,RELIEVES,SYM_03421,3,train
HER_01915,RELIEVES,SYM_03429,2,train
HER_01915,RELIEVES,SYM_03421,2,train
HER_01906,RELIEVES,SYM_03426,2,train
HER_01906,RELIEVES,SYM_03449,2,train
HER_01906,RELIEVES,SYM_03421,2,train
HER_01979,RELIEVES,SYM_03449,3,train
HER_01979,RELIEVES,SYM_03429,4,train
HER_01979,RELIEVES,SYM_03421,2,valid
HER_01870,RELIEVES,SYM_03449,2,test
HER_01870,RELIEVES,SYM_03429,3,train
HER_01870,RELIEVES,SYM_03421,3,train
PRE_02715,CONTAINS,HER_01855,2,train
HER_01904,HAS_EFFECT,EFF_01254,2,train
HER_01858,HAS_EFFECT,EFF_01254,5,valid
HER_02053,HAS_EFFECT,EFF_01254,3,train
HER_01899,RELIEVES,SYM_03407,3,test
HER_01904,RELIEVES,SYM_03407,2,train
HER_01858,RELIEVES,SYM_03449,3,train
HER_01858,RELIEVES,SYM_03429,3,train
HER_01858,RELIEVES,SYM_03407,5,train
HER_02037,RELIEVES,SYM_03429,2,valid
HER_02053,RELIEVES,SYM_03449,2,train
HER_02053,RELIEVES,SYM_03429,2,train
HER_01916,RELIEVES,SYM_03407,3,train
HER_01855,RELIEVES,SYM_03407,2,train
HER_01864,RELIEVES,SYM_03407,2,train
HER_01876,RELIEVES,SYM_03407,2,train
HER_01960,RELIEVES,SYM_03407,2,train
HER_01870,RELIEVES,SYM_03407,3,train
PRE_02668,CONTAINS,HER_01876,2,train
PRE_02668,CONTAINS,HER_01988,2,train
PRE_02771,CONTAINS,HER_01868,2,train
HER_01981,RELIEVES,SYM_03409,3,train
HER_01921,RELIEVES,SYM_03409,2,train
PRE_02518,CONTAINS,HER_01890,2,train
PRE_02554,CONTAINS,HER_01924,2,train
PRE_02480,TREATS,SYM_03409,2,train
HER_01932,RELIEVES,SYM_03409,2,train
HER_01874,RELIEVES,SYM_03409,4,train
PRE_02518,CONTAINS,HER_01868,2,train
PRE_02518,CONTAINS,HER_01876,2,train
PRE_02518,CONTAINS,HER_01960,2,train
PRE_02518,CONTAINS,HER_01878,2,valid
PRE_02509,CONTAINS,HER_01867,2,train
PRE_02514,CONTAINS,HER_01890,3,valid
PRE_02514,CONTAINS,HER_01872,3,valid
PRE_02514,CONTAINS,HER_01854,3,valid
PRE_02514,CONTAINS,HER_02012,2,train
PRE_02514,CONTAINS,HER_01869,3,test
PRE_02514,CONTAINS,HER_01858,3,train
PRE_02480,CONTAINS,HER_02022,2,train
PRE_02480,CONTAINS,HER_01917,2,train
PRE_02480,CONTAINS,HER_01870,5,train
HER_01859,RELIEVES,SYM_03436,3,train
HER_01916,RELIEVES,SYM_03436,2,train
PRE_02517,CONTAINS,HER_01867,2,train
PRE_02517,CONTAINS,HER_01860,2,train
PRE_02509,CONTAINS,HER_01948,2,train
HER_01867,HAS_EFFECT,EFF_01425,2,train
PRE_02480,CONTAINS,HER_01882,3,train
PRE_02480,CONTAINS,HER_01923,6,train
HER_01882,HAS_EFFECT,EFF_01268,3,test
HER_01858,HAS_EFFECT,EFF_01268,3,train
HER_01868,RELIEVES,SYM_03409,3,train
HER_01946,RELIEVES,SYM_03409,2,train
HER_01898,RELIEVES,SYM_03409,3,train
HER_01923,RELIEVES,SYM_03409,2,train
PRE_02492,CONTAINS,HER_01878,2,train
PRE_02524,CONTAINS,HER_01855,2,test
PRE_02524,CONTAINS,HER_01912,2,train
HER_01875,HAS_EFFECT,EFF_01275,3,train
HER_01907,HAS_EFFECT,EFF_01329,2,train
HER_01891,HAS_EFFECT,EFF_01329,2,valid
HER_01891,HAS_EFFECT,EFF_01278,2,train
HER_01987,HAS_EFFECT,EFF_01329,2,train
HER_01987,HAS_EFFECT,EFF_01254,2,train
HER_01987,HAS_EFFECT,EFF_01278,3,train
HER_01885,HAS_EFFECT,EFF_01329,2,train
HER_01854,HAS_EFFECT,EFF_01329,2,train
HER_01854,HAS_EFFECT,EFF_01275,2,valid
HER_02105,HAS_EFFECT,EFF_01254,2,train
HER_01855,HAS_EFFECT,EFF_01329,3,train
HER_01884,HAS_EFFECT,EFF_01329,2,train
HER_01931,HAS_EFFECT,EFF_01329,3,train
HER_01931,HAS_EFFECT,EFF_01278,4,train
HER_01873,HAS_EFFECT,EFF_01329,2,train
HER_01919,HAS_EFFECT,EFF_01329,2,train
HER_02130,HAS_EFFECT,EFF_01253,2,train
HER_02035,HAS_EFFECT,EFF_01253,7,valid
HER_02005,HAS_EFFECT,EFF_01305,3,train
HER_02005,HAS_EFFECT,EFF_01253,5,valid
HER_01958,RELIEVES,SYM_03582,2,train
HER_01890,RELIEVES,SYM_03582,2,valid
HER_01990,RELIEVES,SYM_03582,2,train
HER_02101,RELIEVES,SYM_03582,2,train
HER_01865,RELIEVES,SYM_03582,4,train
HER_01854,RELIEVES,SYM_03582,3,train
HER_01861,RELIEVES,SYM_03582,3,train
HER_01904,RELIEVES,SYM_03582,3,train
HER_01858,RELIEVES,SYM_03582,3,train
HER_02005,RELIEVES,SYM_03582,2,train
PRE_02489,CONTAINS,HER_01948,2,train
PRE_02489,CONTAINS,HER_01902,2,train
PRE_02489,CONTAINS,HER_01859,2,train
PRE_02489,CONTAINS,HER_01878,5,test
PRE_02563,CONTAINS,HER_01907,2,train
PRE_02563,CONTAINS,HER_01855,2,train
HER_01907,HAS_EFFECT,EFF_01261,6,train
HER_01948,HAS_EFFECT,EFF_01261,3,train
HER_02023,HAS_EFFECT,EFF_01255,2,train
PRE_02480,TREATS,SYM_03421,2,train
HER_01990,RELIEVES,SYM_03426,2,train
HER_01871,RELIEVES,SYM_03426,3,train
HER_01871,RELIEVES,SYM_03421,2,train
PRE_02484,CONTAINS,HER_01894,2,train
PRE_02484,CONTAINS,HER_01957,3,train
PRE_02484,CONTAINS,HER_01874,2,train
PRE_02484,CONTAINS,HER_02009,2,valid
HER_01857,HAS_EFFECT,EFF_01296,2,train
HER_01957,HAS_EFFECT,EFF_01255,2,train
HER_01877,HAS_EFFECT,EFF_01296,2,train
HER_01862,HAS_EFFECT,EFF_01296,2,test
HER_01880,RELIEVES,SYM_03429,2,train
HER_01894,RELIEVES,SYM_03429,5,train
HER_01877,RELIEVES,SYM_03429,2,train
HER_01862,RELIEVES,SYM_03429,3,test
HER_01978,RELIEVES,SYM_03429,5,test
HER_01874,RELIEVES,SYM_03429,3,train
PRE_02485,CONTAINS,HER_01939,2,train
PRE_02485,CONTAINS,HER_01879,2,test
PRE_02506,CONTAINS,HER_01908,2,train
PRE_02489,CONTAINS,HER_01888,2,train
PRE_02661,CONTAINS,HER_01958,2,test
PRE_02661,CONTAINS,HER_01900,2,train
PRE_02661,CONTAINS,HER_01937,2,train
PRE_02661,CONTAINS,HER_01866,2,train
PRE_02661,CONTAINS,HER_01872,2,train
PRE_02661,CONTAINS,HER_01865,2,valid
PRE_02661,CONTAINS,HER_01859,2,valid
PRE_02661,CONTAINS,HER_01860,2,valid
PRE_02661,CONTAINS,HER_01856,2,train
PRE_02661,CONTAINS,HER_01858,2,train
HER_01958,HAS_EFFECT,EFF_01272,2,train
HER_01900,HAS_EFFECT,EFF_01272,2,train
HER_01866,HAS_EFFECT,EFF_01272,3,train
HER_01865,HAS_EFFECT,EFF_01272,2,train
HER_01858,HAS_EFFECT,EFF_01272,3,train
PRE_02480,CONTAINS,HER_01966,3,train
PRE_02480,CONTAINS,HER_01926,2,train
PRE_02480,CONTAINS,HER_01888,6,train
HER_01958,HAS_EFFECT,EFF_01258,3,train
HER_01966,HAS_EFFECT,EFF_01258,2,train
HER_02061,HAS_EFFECT,EFF_01258,2,train
HER_01888,HAS_EFFECT,EFF_01258,3,train
HER_01900,HAS_EFFECT,EFF_01258,3,train
HER_01999,HAS_EFFECT,EFF_01253,5,train
HER_02061,HAS_EFFECT,EFF_01253,3,train
HER_01966,HAS_EFFECT,EFF_01253,6,train
HER_01877,HAS_EFFECT,EFF_01334,2,train
HER_01888,HAS_EFFECT,EFF_01334,2,train
HER_01871,HAS_EFFECT,EFF_01334,2,train
HER_01856,HAS_EFFECT,EFF_01334,2,test
PRE_02540,CONTAINS,HER_01966,2,train
PRE_02501,CONTAINS,HER_01917,2,train
PRE_02487,CONTAINS,HER_01917,3,train
PRE_02487,CONTAINS,HER_02001,2,train
PRE_02495,CONTAINS,HER_01874,2,train
PRE_02552,CONTAINS,HER_02061,2,train
PRE_02552,CONTAINS,HER_01963,2,train
PRE_02552,CONTAINS,HER_01937,2,train
PRE_02552,CONTAINS,HER_01923,2,train
PRE_02552,CONTAINS,HER_01933,2,test
PRE_02552,CONTAINS,HER_01871,2,train
PRE_02552,CONTAINS,HER_01856,2,train
PRE_02552,CONTAINS,HER_01904,2,train
PRE_02488,CONTAINS,HER_01904,2,train
HER_01904,HAS_EFFECT,EFF_01259,2,test
HER_01961,HAS_EFFECT,EFF_01259,2,train
HER_01892,HAS_EFFECT,EFF_01253,9,train
HER_02016,HAS_EFFECT,EFF_01253,2,train
HER_02034,HAS_EFFECT,EFF_01253,2,train
PRE_02508,CONTAINS,HER_02040,3,test
HER_02040,HAS_EFFECT,EFF_01286,2,train
PRE_02510,CONTAINS,HER_01914,2,train
PRE_02498,CONTAINS,HER_02040,2,train
PRE_02498,CONTAINS,HER_01914,2,train
PRE_02498,CONTAINS,HER_01937,2,test
PRE_02493,CONTAINS,HER_02065,2,valid
HER_02065,HAS_EFFECT,EFF_01258,2,train
HER_02040,HAS_EFFECT,EFF_01258,2,train
PRE_02543,CONTAINS,HER_01961,2,train
PRE_02543,CONTAINS,HER_01892,2,train
PRE_02497,CONTAINS,HER_01896,2,train
PRE_02497,CONTAINS,HER_01889,7,train
PRE_02497,CONTAINS,HER_01865,4,train
PRE_02497,CONTAINS,HER_01872,8,train
PRE_02497,CONTAINS,HER_01861,8,train
PRE_02497,CONTAINS,HER_01904,5,test
PRE_02497,CONTAINS,HER_01858,8,train
PRE_02497,CONTAINS,HER_01886,2,train
PRE_02497,CONTAINS,HER_01992,2,train
PRE_02497,CONTAINS,HER_01892,3,train
HER_01865,HAS_EFFECT,EFF_01389,2,train
HER_01904,HAS_EFFECT,EFF_01389,2,train
HER_01961,HAS_EFFECT,EFF_01263,2,train
HER_01892,HAS_EFFECT,EFF_01263,3,test
PRE_02505,CONTAINS,HER_01866,2,train
PRE_02540,CONTAINS,HER_01862,2,test
PRE_02497,CONTAINS,HER_01999,4,train
PRE_02497,CONTAINS,HER_01926,5,train
PRE_02497,CONTAINS,HER_01885,3,train
PRE_02497,CONTAINS,HER_02137,4,train
PRE_02497,CONTAINS,HER_01933,4,train
PRE_02497,CONTAINS,HER_01871,4,train
PRE_02498,CONTAINS,HER_02137,4,train
PRE_02498,CONTAINS,HER_01872,5,test
PRE_02498,CONTAINS,HER_01861,4,train
PRE_02498,CONTAINS,HER_01858,5,train
PRE_02498,CONTAINS,HER_01992,2,train
PRE_02498,CONTAINS,HER_01892,2,valid
PRE_02493,CONTAINS,HER_01872,2,train
HER_02137,HAS_EFFECT,EFF_01253,2,test
HER_02137,HAS_EFFECT,EFF_01258,2,valid
HER_01872,HAS_EFFECT,EFF_01319,2,train
PRE_02497,CONTAINS,HER_02061,2,train
PRE_02497,CONTAINS,HER_01966,3,train
PRE_02498,CONTAINS,HER_02061,2,train
PRE_02498,CONTAINS,HER_01966,3,train
PRE_02547,CONTAINS,HER_01999,2,train
PRE_02547,CONTAINS,HER_01889,2,train
PRE_02547,CONTAINS,HER_01855,4,train
PRE_02547,CONTAINS,HER_01902,2,train
PRE_02547,CONTAINS,HER_01904,2,train
PRE_02547,CONTAINS,HER_01906,2,train
PRE_02805,CONTAINS,HER_01902,2,train
PRE_02805,CONTAINS,HER_01873,2,train
PRE_02485,CONTAINS,HER_01863,2,train
PRE_02485,CONTAINS,HER_01920,2,train
PRE_02483,CONTAINS,HER_01859,3,train
PRE_02482,CONTAINS,HER_01945,2,valid
PRE_02482,CONTAINS,HER_01892,3,train
HER_01891,HAS_EFFECT,EFF_01273,2,valid
HER_01897,HAS_EFFECT,EFF_01273,2,train
HER_01877,HAS_EFFECT,EFF_01273,3,valid
HER_01866,HAS_EFFECT,EFF_01273,3,train
HER_01859,HAS_EFFECT,EFF_01273,2,train
HER_01855,HAS_EFFECT,EFF_01273,4,train
HER_01864,HAS_EFFECT,EFF_01273,4,train
PRE_02485,CONTAINS,HER_01945,2,train
HER_01885,HAS_EFFECT,EFF_01279,4,train
HER_01945,HAS_EFFECT,EFF_01279,3,train
HER_01945,HAS_EFFECT,EFF_01253,3,train
HER_01915,HAS_EFFECT,EFF_01273,2,train
HER_02094,HAS_EFFECT,EFF_01273,2,train
HER_01945,HAS_EFFECT,EFF_01272,3,train
HER_01874,HAS_EFFECT,EFF_01273,2,train
HER_01865,HAS_EFFECT,EFF_01281,2,train
HER_01860,HAS_EFFECT,EFF_01281,3,train
HER_01858,HAS_EFFECT,EFF_01281,4,train
HER_02063,HAS_EFFECT,EFF_01259,2,test
PRE_02499,CONTAINS,HER_01934,3,train
PRE_02530,CONTAINS,HER_01889,3,train
PRE_02530,CONTAINS,HER_01881,3,train
PRE_02628,CONTAINS,HER_01889,3,train
PRE_02628,CONTAINS,HER_01881,3,valid
PRE_02555,CONTAINS,HER_02020,3,train
PRE_02555,CONTAINS,HER_02077,5,train
PRE_02555,CONTAINS,HER_01890,5,test
PRE_02555,TREATS,SYM_03921,3,train
HER_02020,RELIEVES,SYM_03921,3,train
HER_02077,RELIEVES,SYM_03921,3,valid
HER_01890,RELIEVES,SYM_03921,3,train
HER_02020,HAS_EFFECT,EFF_01253,2,train
PRE_02653,CONTAINS,HER_01856,2,train
PRE_02512,CONTAINS,HER_01856,2,train
PRE_02512,CONTAINS,HER_01855,2,train
PRE_02613,CONTAINS,HER_01888,4,train
PRE_02613,CONTAINS,HER_01902,2,train
PRE_02613,CONTAINS,HER_01856,2,train
PRE_02613,CONTAINS,HER_02058,2,train
PRE_02613,CONTAINS,HER_01886,3,train
HER_02058,HAS_EFFECT,EFF_01253,2,train
HER_01859,HAS_EFFECT,EFF_01319,2,test
HER_01855,HAS_EFFECT,EFF_01281,2,test
PRE_02479,CONTAINS,HER_01860,2,train
PRE_02494,CONTAINS,HER_01866,2,test
HER_02109,HAS_EFFECT,EFF_01267,2,train
PRE_02480,CONTAINS,HER_02010,2,train
PRE_02483,CONTAINS,HER_01923,2,train
PRE_02487,CONTAINS,HER_01854,3,train
HER_01901,HAS_EFFECT,EFF_01267,2,train
HER_01969,HAS_EFFECT,EFF_01265,2,train
PRE_02547,CONTAINS,HER_01857,2,test
PRE_02653,CONTAINS,HER_01900,2,train
HER_01856,HAS_EFFECT,EFF_01385,2,train
HER_01871,RELIEVES,SYM_03542,2,train
HER_02035,RELIEVES,SYM_03542,3,train
HER_02005,RELIEVES,SYM_03542,2,train
HER_02051,HAS_EFFECT,EFF_01253,4,train
HER_02071,HAS_EFFECT,EFF_01253,5,train
HER_02055,HAS_EFFECT,EFF_01253,6,train
HER_02071,RELIEVES,SYM_03407,2,train
HER_01865,RELIEVES,SYM_03477,3,train
HER_01859,RELIEVES,SYM_03407,2,train
HER_01993,RELIEVES,SYM_03407,3,train
HER_02015,RELIEVES,SYM_03477,2,test
HER_02171,HAS_EFFECT,EFF_01273,2,train
HER_01854,HAS_EFFECT,EFF_01343,2,train
HER_01871,HAS_EFFECT,EFF_01343,3,train
HER_01856,HAS_EFFECT,EFF_01343,2,train
HER_02161,HAS_EFFECT,EFF_01376,2,train
HER_02161,HAS_EFFECT,EFF_01256,2,train
HER_01907,HAS_EFFECT,EFF_01376,2,train
HER_01888,HAS_EFFECT,EFF_01376,2,test
HER_01885,HAS_EFFECT,EFF_01376,2,train
HER_01855,HAS_EFFECT,EFF_01376,2,train
HER_01884,HAS_EFFECT,EFF_01376,2,train
HER_01902,HAS_EFFECT,EFF_01376,2,train
HER_01873,HAS_EFFECT,EFF_01376,2,train
HER_01919,HAS_EFFECT,EFF_01376,2,train
HER_02061,HAS_EFFECT,EFF_01256,3,train
PRE_02483,CONTAINS,HER_01873,2,train
PRE_02483,CONTAINS,HER_01878,2,train
PRE_02613,CONTAINS,HER_01855,2,train
PRE_02535,CONTAINS,HER_01984,2,train
PRE_02483,CONTAINS,HER_01984,3,train
PRE_02543,CONTAINS,HER_01999,2,test
PRE_02543,CONTAINS,HER_01885,2,train
PRE_02543,CONTAINS,HER_01871,2,train
PRE_02487,CONTAINS,HER_01885,2,train
PRE_02487,CONTAINS,HER_01924,2,train
PRE_02487,CONTAINS,HER_01878,2,test
HER_01904,HAS_EFFECT,EFF_01300,2,test
HER_01858,HAS_EFFECT,EFF_01300,3,train
HER_01872,HAS_EFFECT,EFF_01300,3,train
HER_01892,HAS_EFFECT,EFF_01300,2,train
HER_01881,HAS_EFFECT,EFF_01300,4,train
PRE_02497,CONTAINS,HER_01924,2,train
PRE_02497,CONTAINS,HER_01900,3,train
HER_01995,HAS_EFFECT,EFF_01258,3,train
HER_02005,HAS_EFFECT,EFF_01258,2,valid
HER_01857,HAS_EFFECT,EFF_01332,2,train
HER_01863,HAS_EFFECT,EFF_01332,3,train
HER_01862,HAS_EFFECT,EFF_01332,2,train
HER_01854,HAS_EFFECT,EFF_01332,3,train
HER_01922,HAS_EFFECT,EFF_01332,2,valid
HER_01856,HAS_EFFECT,EFF_01332,2,valid
HER_01907,HAS_EFFECT,EFF_01332,2,train
HER_01980,HAS_EFFECT,EFF_01256,3,valid
PRE_02640,CONTAINS,HER_01928,2,train
PRE_02640,CONTAINS,HER_01896,2,valid
PRE_02640,CONTAINS,HER_01948,2,train
PRE_02640,CONTAINS,HER_01860,2,train
PRE_02640,CONTAINS,HER_01867,2,test
PRE_02640,CONTAINS,HER_01892,2,train
HER_01860,HAS_EFFECT,EFF_01271,3,valid
HER_01867,HAS_EFFECT,EFF_01261,2,train
HER_01892,HAS_EFFECT,EFF_01261,6,train
HER_01889,HAS_EFFECT,EFF_01261,3,train
HER_01858,HAS_EFFECT,EFF_01261,3,train
HER_01863,HAS_EFFECT,EFF_01264,3,test
HER_01984,HAS_EFFECT,EFF_01264,2,train
PRE_02988,CONTAINS,HER_01987,2,valid
PRE_02988,CONTAINS,HER_01854,2,train
PRE_02988,CONTAINS,HER_01855,2,train
PRE_02988,CONTAINS,HER_01874,2,train
PRE_02988,CONTAINS,HER_01905,2,test
PRE_02988,CONTAINS,HER_01864,2,train
PRE_02658,CONTAINS,HER_01938,2,train
PRE_02658,CONTAINS,HER_01984,2,train
PRE_02658,CONTAINS,HER_01983,2,train
PRE_02658,CONTAINS,HER_01884,2,train
PRE_02658,CONTAINS,HER_01855,2,train
PRE_02658,CONTAINS,HER_01856,2,valid
PRE_02658,CONTAINS,HER_01925,2,train
HER_02038,HAS_EFFECT,EFF_01256,2,train
HER_01866,HAS_EFFECT,EFF_01361,2,train
HER_01855,HAS_EFFECT,EFF_01361,2,train
HER_01860,HAS_EFFECT,EFF_01361,2,test
HER_01856,HAS_EFFECT,EFF_01361,2,train
HER_02157,HAS_EFFECT,EFF_01256,2,train
HER_02021,HAS_EFFECT,EFF_01256,3,train
HER_01908,HAS_EFFECT,EFF_01256,2,train
PRE_02480,CONTAINS,HER_02113,2,train
PRE_02480,CONTAINS,HER_01925,2,train
PRE_02482,CONTAINS,HER_02021,3,test
HER_02108,HAS_EFFECT,EFF_01256,3,train
HER_01938,HAS_EFFECT,EFF_01309,3,train
HER_01984,HAS_EFFECT,EFF_01309,2,train
HER_01855,HAS_EFFECT,EFF_01309,2,train
HER_01884,HAS_EFFECT,EFF_01309,2,train
HER_01983,HAS_EFFECT,EFF_01309,2,train
HER_01925,HAS_EFFECT,EFF_01309,3,train
HER_01919,HAS_EFFECT,EFF_01309,2,train
HER_01856,HAS_EFFECT,EFF_01309,4,train
PRE_02658,CONTAINS,HER_01888,2,train
PRE_02616,CONTAINS,HER_01938,3,train
PRE_02616,CONTAINS,HER_01888,2,train
PRE_02616,CONTAINS,HER_01984,2,train
PRE_02616,CONTAINS,HER_02236,2,train
PRE_02616,CONTAINS,HER_01884,3,train
PRE_02616,CONTAINS,HER_02142,2,train
PRE_02616,CONTAINS,HER_01919,2,test
PRE_02616,CONTAINS,HER_01925,2,train
HER_01888,HAS_EFFECT,EFF_01309,2,train
HER_02236,HAS_EFFECT,EFF_01283,2,train
HER_01922,HAS_EFFECT,EFF_01260,4,train
PRE_02873,CONTAINS,HER_02069,2,train
PRE_02873,CONTAINS,HER_02003,2,train
HER_01928,HAS_EFFECT,EFF_01253,2,train
HER_01892,HAS_EFFECT,EFF_01287,2,train
PRE_02556,CONTAINS,HER_01907,2,train
HER_01854,HAS_EFFECT,EFF_01361,2,train
HER_01874,HAS_EFFECT,EFF_01292,2,train
HER_01905,HAS_EFFECT,EFF_01292,2,train
PRE_02500,CONTAINS,HER_01892,2,train
HER_01897,HAS_EFFECT,EFF_01343,2,train
HER_01877,HAS_EFFECT,EFF_01343,2,train
HER_01866,HAS_EFFECT,EFF_01343,2,train
HER_01907,HAS_EFFECT,EFF_01309,2,train
HER_02112,HAS_EFFECT,EFF_01256,2,train
PRE_02499,CONTAINS,HER_01856,2,train
PRE_02485,CONTAINS,HER_02000,2,train
PRE_02485,CONTAINS,HER_01910,2,train
PRE_02485,CONTAINS,HER_02043,2,train
PRE_02489,CONTAINS,HER_01882,2,train
PRE_02489,CONTAINS,HER_01914,2,valid
PRE_02479,CONTAINS,HER_01878,2,train
PRE_02479,CONTAINS,HER_01914,3,train
PRE_02491,CONTAINS,HER_01878,2,train
PRE_02491,CONTAINS,HER_01882,2,train
PRE_02491,CONTAINS,HER_01914,4,train
PRE_02491,CONTAINS,HER_01893,2,train
HER_01859,HAS_EFFECT,EFF_01260,3,train
HER_01918,HAS_EFFECT,EFF_01272,2,test
HER_01917,HAS_EFFECT,EFF_01272,2,train
HER_02008,HAS_EFFECT,EFF_01264,2,train
PRE_02483,CONTAINS,HER_02029,2,train
PRE_02483,CONTAINS,HER_01905,2,train
PRE_02488,CONTAINS,HER_01864,2,test
PRE_02481,CONTAINS,HER_01856,5,train
HER_02103,HAS_EFFECT,EFF_01257,2,train
HER_02103,HAS_EFFECT,EFF_01261,3,test
HER_01938,HAS_EFFECT,EFF_01261,2,test
HER_02068,HAS_EFFECT,EFF_01256,2,train
PRE_02619,CONTAINS,HER_01857,2,train
PRE_02619,CONTAINS,HER_01862,2,train
PRE_02619,CONTAINS,HER_01884,2,train
PRE_02619,CONTAINS,HER_01856,2,test
HER_02237,HAS_EFFECT,EFF_01264,2,train
HER_02237,HAS_EFFECT,EFF_01261,2,train
HER_02103,HAS_EFFECT,EFF_01264,2,valid
PRE_02488,CONTAINS,HER_01998,3,train
PRE_02672,CONTAINS,HER_01877,2,train
PRE_02672,CONTAINS,HER_01866,2,train
PRE_02672,CONTAINS,HER_01854,2,train
PRE_02672,CONTAINS,HER_01855,2,train
PRE_02672,CONTAINS,HER_01856,2,train
PRE_02672,CONTAINS,HER_01893,2,train
PRE_02672,CONTAINS,HER_02008,2,test
HER_01903,RELIEVES,SYM_03557,3,train
HER_01952,RELIEVES,SYM_03682,3,train
HER_01877,RELIEVES,SYM_03410,2,valid
HER_01863,RELIEVES,SYM_03557,4,train
HER_01862,RELIEVES,SYM_03557,5,train
HER_01862,RELIEVES,SYM_03682,2,train
HER_01854,RELIEVES,SYM_03557,5,train
HER_01855,RELIEVES,SYM_03557,5,train
HER_01912,RELIEVES,SYM_03557,2,train
HER_01867,RELIEVES,SYM_03557,2,train
PRE_02485,CONTAINS,HER_01917,4,train
PRE_02491,CONTAINS,HER_01917,2,train
PRE_02485,CONTAINS,HER_01858,2,train
PRE_02512,CONTAINS,HER_01907,2,test
PRE_02512,CONTAINS,HER_01884,2,train
PRE_02512,CONTAINS,HER_01919,2,train
PRE_02512,CONTAINS,HER_01925,2,train
PRE_02565,CONTAINS,HER_02120,2,train
PRE_02565,CONTAINS,HER_01898,2,train
PRE_02601,CONTAINS,HER_01892,3,train
PRE_02488,CONTAINS,HER_01863,4,train
HER_01857,HAS_EFFECT,EFF_01279,2,train
PRE_02547,CONTAINS,HER_01862,2,train
HER_01882,RELIEVES,SYM_03421,2,train
HER_02021,HAS_EFFECT,EFF_01255,2,train
PRE_02514,CONTAINS,HER_01961,2,test
HER_01892,HAS_EFFECT,EFF_01281,2,train
HER_01857,HAS_EFFECT,EFF_01396,2,train
HER_01950,HAS_EFFECT,EFF_01396,2,valid
HER_01979,HAS_EFFECT,EFF_01396,2,train
PRE_02485,CONTAINS,HER_01895,2,train
PRE_02483,CONTAINS,HER_01861,3,train
PRE_02483,CONTAINS,HER_02063,2,test
PRE_02483,CONTAINS,HER_01858,4,train
HER_01967,HAS_EFFECT,EFF_01258,3,train
PRE_02740,CONTAINS,HER_01857,2,train
PRE_02740,CONTAINS,HER_02025,2,train
PRE_02740,CONTAINS,HER_01884,2,train
PRE_02740,CONTAINS,HER_02087,2,train
HER_01884,HAS_EFFECT,EFF_01449,2,train
HER_01866,HAS_EFFECT,EFF_01304,2,valid
PRE_02481,CONTAINS,HER_01882,2,train
PRE_02481,CONTAINS,HER_01940,4,train
PRE_02481,CONTAINS,HER_01917,5,train
PRE_02489,CONTAINS,HER_01892,3,train
HER_01892,HAS_EFFECT,EFF_01256,3,train
PRE_02483,CONTAINS,HER_01867,3,train
PRE_02479,CONTAINS,HER_01940,2,train
PRE_02479,CONTAINS,HER_01917,3,train
PRE_02479,CONTAINS,HER_01874,3,train
PRE_02479,CONTAINS,HER_01858,2,train
PRE_02481,CONTAINS,HER_02004,2,train
PRE_02482,CONTAINS,HER_02004,2,train
PRE_02481,CONTAINS,HER_01894,3,train
PRE_02481,CONTAINS,HER_01998,2,train
HER_01857,RELIEVES,SYM_03407,2,train
HER_01918,RELIEVES,SYM_03407,2,valid
HER_01874,RELIEVES,SYM_03407,2,train
PRE_02488,CONTAINS,HER_02118,2,train
HER_02118,HAS_EFFECT,EFF_01260,2,valid
HER_02068,HAS_EFFECT,EFF_01347,2,valid
PRE_02495,CONTAINS,HER_01940,2,test
PRE_02491,CONTAINS,HER_01872,2,test
PRE_02491,CONTAINS,HER_01859,2,train
PRE_02701,CONTAINS,HER_01854,2,train
PRE_02701,CONTAINS,HER_01882,2,train
PRE_02701,CONTAINS,HER_02022,2,train
PRE_02701,CONTAINS,HER_01874,2,train
PRE_02701,CONTAINS,HER_01864,2,train
HER_01866,HAS_EFFECT,EFF_01395,2,train
HER_01854,HAS_EFFECT,EFF_01395,2,train
HER_01856,HAS_EFFECT,EFF_01395,2,train
CAU_00089,CAUSES,SYM_03408,2,train
CAU_00089,CAUSES,SYM_03557,2,test
CAU_00082,CAUSES,SYM_03408,2,train
PRE_02652,CONTAINS,HER_01885,2,train
PRE_02652,CONTAINS,HER_01871,2,train
PRE_02652,CONTAINS,HER_01869,2,train
PRE_02508,CONTAINS,HER_01926,2,train
PRE_02508,CONTAINS,HER_01933,2,train
HER_01926,HAS_EFFECT,EFF_01263,2,train
HER_01967,HAS_EFFECT,EFF_01314,2,train
HER_01933,HAS_EFFECT,EFF_01263,2,train
HER_01913,RELIEVES,SYM_03429,3,train
HER_01863,RELIEVES,SYM_03429,4,valid
HER_01865,RELIEVES,SYM_03614,2,train
HER_01881,RELIEVES,SYM_03614,2,train
HER_01904,RELIEVES,SYM_03614,2,train
HER_01869,RELIEVES,SYM_03614,2,valid
HER_01927,RELIEVES,SYM_03429,2,train
HER_01927,RELIEVES,SYM_03460,2,valid
PRE_02553,CONTAINS,HER_01854,2,train
PRE_02553,CONTAINS,HER_01946,2,train
HER_01857,HAS_EFFECT,EFF_01374,2,train
HER_01938,HAS_EFFECT,EFF_01374,2,train
HER_01863,HAS_EFFECT,EFF_01374,2,train
HER_01983,HAS_EFFECT,EFF_01374,2,train
HER_01907,HAS_EFFECT,EFF_01374,2,train
HER_01860,HAS_EFFECT,EFF_01374,2,train
HER_01856,HAS_EFFECT,EFF_01374,2,train
PRE_02483,CONTAINS,HER_02155,2,train
HER_01932,RELIEVES,SYM_03429,6,train
HER_01983,RELIEVES,SYM_03429,2,train
HER_01912,RELIEVES,SYM_03429,2,test
PRE_02511,CONTAINS,HER_01975,2,train
HER_02059,HAS_EFFECT,EFF_01274,2,test
HER_01935,HAS_EFFECT,EFF_01274,2,train
HER_02059,RELIEVES,SYM_03436,2,train
HER_01975,RELIEVES,SYM_03436,2,train
HER_01889,RELIEVES,SYM_03436,2,valid
PRE_02931,CONTAINS,HER_01872,2,valid
PRE_02931,CONTAINS,HER_02209,2,train
PRE_02931,CONTAINS,HER_01881,2,train
PRE_02931,CONTAINS,HER_01861,2,train
PRE_02931,CONTAINS,HER_01858,2,train
PRE_02931,CONTAINS,HER_01892,2,train
HER_01892,RELIEVES,SYM_03444,3,valid
PRE_02956,CONTAINS,HER_01976,2,train
PRE_02956,CONTAINS,HER_01914,2,test
PRE_02956,CONTAINS,HER_01890,2,train
PRE_02956,CONTAINS,HER_01865,2,train
PRE_02956,CONTAINS,HER_01995,2,train
PRE_02956,CONTAINS,HER_01902,2,train
PRE_02956,CONTAINS,HER_01858,2,train
PRE_02956,CONTAINS,HER_01906,2,valid
PRE_02480,TREATS,SYM_03436,2,train
HER_02020,RELIEVES,SYM_03436,2,train
HER_01961,RELIEVES,SYM_03436,2,train
HER_01872,HAS_EFFECT,EFF_01337,2,test
HER_01861,HAS_EFFECT,EFF_01337,2,train
HER_01961,HAS_EFFECT,EFF_01337,2,train
HER_01892,HAS_EFFECT,EFF_01337,2,train
HER_01953,RELIEVES,SYM_03410,3,test
HER_01961,RELIEVES,SYM_03410,2,train
HER_01892,RELIEVES,SYM_03410,2,train
CAU_00023,CAUSES,SYM_03635,2,test
PRE_02544,CONTAINS,HER_01939,2,train
PRE_02544,CONTAINS,HER_01885,4,train
PRE_02544,CONTAINS,HER_01975,2,train
PRE_02544,CONTAINS,HER_01892,3,train
PRE_02544,CONTAINS,HER_01937,2,train
PRE_02544,CONTAINS,HER_01960,3,train
PRE_02544,CONTAINS,HER_01881,5,train
PRE_02544,CONTAINS,HER_01961,2,valid
PRE_02544,TREATS,SYM_03635,2,test
HER_01885,RELIEVES,SYM_03635,2,train
HER_01904,RELIEVES,SYM_03635,2,train
HER_01904,RELIEVES,SYM_03464,2,test
HER_01904,RELIEVES,SYM_03583,2,train
HER_01858,RELIEVES,SYM_03635,2,train
HER_01858,RELIEVES,SYM_03464,2,train
HER_01890,RELIEVES,SYM_03635,2,valid
HER_01890,RELIEVES,SYM_03464,2,train
HER_01890,RELIEVES,SYM_03583,2,train
HER_01865,RELIEVES,SYM_03635,2,train
HER_01865,RELIEVES,SYM_03464,2,test
HER_01865,RELIEVES,SYM_03583,2,test
HER_01854,RELIEVES,SYM_03464,2,train
HER_01869,RELIEVES,SYM_03583,2,train
HER_01906,RELIEVES,SYM_03464,2,train
HER_01892,RELIEVES,SYM_03635,2,train
HER_01960,RELIEVES,SYM_03464,2,train
HER_01881,RELIEVES,SYM_03635,2,test
HER_01881,RELIEVES,SYM_03464,2,train
HER_01933,RELIEVES,SYM_03583,2,train
HER_01961,RELIEVES,SYM_03635,2,train
HER_01961,RELIEVES,SYM_03464,2,train
CAU_00024,CAUSES,SYM_03449,2,train
CAU_00012,CAUSES,SYM_03438,11,valid
PRE_02489,CONTAINS,HER_01889,2,train
PRE_02489,CONTAINS,HER_01912,2,train
PRE_02486,CONTAINS,HER_01857,2,valid
PRE_02489,TREATS,SYM_03606,2,train
HER_01912,HAS_EFFECT,EFF_01274,2,train
HER_01896,RELIEVES,SYM_03501,4,train
HER_01896,RELIEVES,SYM_03606,2,test
HER_01896,RELIEVES,SYM_03438,2,train
HER_01889,RELIEVES,SYM_03501,4,train
HER_01899,RELIEVES,SYM_03501,2,test
HER_01885,RELIEVES,SYM_03647,2,train
HER_01885,RELIEVES,SYM_03501,2,train
HER_01885,RELIEVES,SYM_03444,2,train
HER_01912,RELIEVES,SYM_03501,2,train
HER_01912,RELIEVES,SYM_03444,2,train
HER_02059,RELIEVES,SYM_03444,4,train
HER_01935,RELIEVES,SYM_03449,2,test
HER_01879,RELIEVES,SYM_03444,3,train
HER_01867,RELIEVES,SYM_03647,2,valid
PRE_02517,CONTAINS,HER_02067,2,train
HER_01890,HAS_EFFECT,EFF_01300,2,train
HER_01859,HAS_EFFECT,EFF_01300,2,train
HER_01906,HAS_EFFECT,EFF_01300,2,train
HER_01960,HAS_EFFECT,EFF_01300,2,test
HER_01961,HAS_EFFECT,EFF_01300,2,test
HER_02067,HAS_EFFECT,EFF_01253,3,train
HER_01882,RELIEVES,SYM_03864,2,valid
HER_01854,RELIEVES,SYM_03864,2,train
HER_01960,RELIEVES,SYM_03864,2,train
PRE_02583,CONTAINS,HER_02167,2,train
PRE_02583,CONTAINS,HER_02048,2,train
PRE_02583,CONTAINS,HER_01856,2,train
PRE_02583,CONTAINS,HER_01892,2,train
PRE_02534,CONTAINS,HER_02167,2,train
PRE_02534,CONTAINS,HER_02048,2,train
PRE_02534,CONTAINS,HER_01856,2,train
PRE_02534,CONTAINS,HER_01892,2,test
PRE_02527,CONTAINS,HER_02006,3,train
PRE_02814,CONTAINS,HER_01896,2,train
PRE_02814,CONTAINS,HER_01902,2,train
PRE_02814,CONTAINS,HER_01871,2,train
PRE_02814,CONTAINS,HER_01858,2,train
PRE_02814,CONTAINS,HER_01915,2,train
PRE_02814,CONTAINS,HER_01973,2,valid
PRE_02814,CONTAINS,HER_01877,2,train
PRE_02814,CONTAINS,HER_01882,2,valid
PRE_02814,CONTAINS,HER_01854,2,train
PRE_02814,CONTAINS,HER_01855,2,test
PRE_02814,CONTAINS,HER_01898,2,train
PRE_02814,CONTAINS,HER_01897,2,train
PRE_02814,CONTAINS,HER_01859,2,train
PRE_02814,CONTAINS,HER_01874,2,train
PRE_02814,CONTAINS,HER_01856,2,train
PRE_02814,CONTAINS,HER_01864,2,train
PRE_02814,CONTAINS,HER_01892,2,train
PRE_02814,CONTAINS,HER_01933,2,train
PRE_02814,CONTAINS,HER_02094,2,train
PRE_02482,CONTAINS,HER_01896,2,valid
PRE_02482,CONTAINS,HER_01902,2,test
PRE_02482,CONTAINS,HER_01973,2,train
PRE_02482,CONTAINS,HER_01933,2,train
PRE_02482,CONTAINS,HER_02094,2,train
HER_01896,HAS_EFFECT,EFF_01330,4,train
HER_01854,HAS_EFFECT,EFF_01330,4,train
HER_01855,HAS_EFFECT,EFF_01330,4,train
HER_01892,HAS_EFFECT,EFF_01274,2,test
HER_01892,HAS_EFFECT,EFF_01330,2,test
HER_01884,HAS_EFFECT,EFF_01330,3,test
HER_01933,HAS_EFFECT,EFF_01330,2,train
PRE_02516,CONTAINS,HER_01896,2,train
PRE_02516,CONTAINS,HER_01858,2,train
PRE_02516,CONTAINS,HER_02115,2,train
PRE_02516,CONTAINS,HER_02091,2,train
PRE_02516,CONTAINS,HER_02027,2,train
PRE_02516,CONTAINS,HER_01882,2,train
PRE_02516,CONTAINS,HER_02045,2,valid
PRE_02516,CONTAINS,HER_02030,2,train
PRE_02516,CONTAINS,HER_02062,2,valid
PRE_02516,CONTAINS,HER_01989,2,train
PRE_02516,CONTAINS,HER_01944,2,train
PRE_02499,CONTAINS,HER_01939,2,train
PRE_02499,CONTAINS,HER_01896,2,train
PRE_02499,CONTAINS,HER_01862,3,train
PRE_02499,CONTAINS,HER_01858,2,train
PRE_02499,CONTAINS,HER_01915,2,train
PRE_02499,CONTAINS,HER_02115,2,train
PRE_02499,CONTAINS,HER_02091,2,train
PRE_02499,CONTAINS,HER_02045,2,train
PRE_02499,CONTAINS,HER_01879,3,train
PRE_02499,CONTAINS,HER_01864,2,train
PRE_02499,CONTAINS,HER_01900,3,train
PRE_02499,CONTAINS,HER_02047,2,train
PRE_02499,CONTAINS,HER_01989,2,train
PRE_02499,CONTAINS,HER_01944,2,train
PRE_02516,TREATS,SYM_03557,2,train
PRE_02516,TREATS,SYM_03449,2,train
PRE_02499,TREATS,SYM_03557,2,train
PRE_02499,TREATS,SYM_03449,3,train
HER_01939,HAS_EFFECT,EFF_01330,2,train
HER_01939,HAS_EFFECT,EFF_01268,2,train
HER_01896,HAS_EFFECT,EFF_01268,2,train
HER_01896,HAS_EFFECT,EFF_01254,3,train
HER_01862,HAS_EFFECT,EFF_01330,2,train
HER_01899,HAS_EFFECT,EFF_01330,2,train
HER_01899,HAS_EFFECT,EFF_01268,2,train
HER_01858,HAS_EFFECT,EFF_01330,3,train
HER_01915,HAS_EFFECT,EFF_01330,3,valid
HER_01915,HAS_EFFECT,EFF_01268,2,valid
HER_02115,HAS_EFFECT,EFF_01330,2,train
HER_02115,HAS_EFFECT,EFF_01268,2,train
HER_02091,HAS_EFFECT,EFF_01330,2,train
HER_02091,HAS_EFFECT,EFF_01268,2,valid
HER_02091,HAS_EFFECT,EFF_01254,4,train
HER_01857,HAS_EFFECT,EFF_01330,2,train
HER_02027,HAS_EFFECT,EFF_01330,2,train
HER_02027,HAS_EFFECT,EFF_01268,2,train
HER_01882,HAS_EFFECT,EFF_01330,3,train
HER_02045,HAS_EFFECT,EFF_01330,2,train
HER_02045,HAS_EFFECT,EFF_01268,2,train
HER_02045,HAS_EFFECT,EFF_01254,2,train
HER_02030,HAS_EFFECT,EFF_01330,2,train
HER_02030,HAS_EFFECT,EFF_01268,2,train
HER_02062,HAS_EFFECT,EFF_01330,2,train
HER_02062,HAS_EFFECT,EFF_01268,2,train
HER_02062,HAS_EFFECT,EFF_01254,2,train
HER_01879,HAS_EFFECT,EFF_01330,2,test
HER_01864,HAS_EFFECT,EFF_01330,3,train
HER_01900,HAS_EFFECT,EFF_01330,2,train
HER_02047,HAS_EFFECT,EFF_01330,2,valid
HER_02047,HAS_EFFECT,EFF_01268,2,train
HER_02047,HAS_EFFECT,EFF_01254,2,train
HER_01884,HAS_EFFECT,EFF_01268,3,train
HER_01989,HAS_EFFECT,EFF_01330,2,train
HER_01989,HAS_EFFECT,EFF_01268,2,train
HER_01989,HAS_EFFECT,EFF_01254,4,train
HER_01944,HAS_EFFECT,EFF_01330,2,train
HER_01944,HAS_EFFECT,EFF_01268,3,train
HER_01944,HAS_EFFECT,EFF_01254,3,train
HER_01939,RELIEVES,SYM_03557,2,valid
HER_01939,RELIEVES,SYM_03449,3,valid
HER_01899,RELIEVES,SYM_03557,2,train
HER_01858,RELIEVES,SYM_03557,2,train
HER_01915,RELIEVES,SYM_03557,2,train
HER_02115,RELIEVES,SYM_03557,2,train
HER_02115,RELIEVES,SYM_03449,3,train
HER_02091,RELIEVES,SYM_03557,2,train
HER_02091,RELIEVES,SYM_03449,2,train
HER_01857,RELIEVES,SYM_03557,4,train
HER_02027,RELIEVES,SYM_03557,2,train
HER_01882,RELIEVES,SYM_03557,2,train
HER_01882,RELIEVES,SYM_03449,2,train
HER_02045,RELIEVES,SYM_03557,2,train
HER_02045,RELIEVES,SYM_03449,2,train
HER_02030,RELIEVES,SYM_03557,2,train
HER_02030,RELIEVES,SYM_03449,2,train
HER_02062,RELIEVES,SYM_03557,2,valid
HER_02062,RELIEVES,SYM_03449,2,train
HER_01879,RELIEVES,SYM_03557,3,train
HER_01864,RELIEVES,SYM_03557,2,train
HER_01900,RELIEVES,SYM_03557,2,train
HER_02047,RELIEVES,SYM_03557,2,train
HER_02047,RELIEVES,SYM_03449,2,train
HER_01884,RELIEVES,SYM_03557,4,valid
HER_01989,RELIEVES,SYM_03557,2,train
HER_01989,RELIEVES,SYM_03449,3,train
HER_01944,RELIEVES,SYM_03557,4,train
HER_01944,RELIEVES,SYM_03449,2,train
PRE_02542,CONTAINS,HER_01958,2,train
PRE_02542,CONTAINS,HER_01896,2,train
PRE_02542,CONTAINS,HER_01953,2,train
PRE_02542,CONTAINS,HER_01889,2,train
PRE_02542,CONTAINS,HER_01904,2,train
PRE_02542,CONTAINS,HER_01858,2,test
PRE_02542,CONTAINS,HER_01966,2,train
PRE_02542,CONTAINS,HER_01890,2,valid
PRE_02542,CONTAINS,HER_01865,2,train
PRE_02542,CONTAINS,HER_01854,2,train
PRE_02542,CONTAINS,HER_01882,2,train
PRE_02542,CONTAINS,HER_02151,2,train
PRE_02542,CONTAINS,HER_01872,2,train
PRE_02542,CONTAINS,HER_01995,3,train
PRE_02542,CONTAINS,HER_01861,2,train
PRE_02542,CONTAINS,HER_01869,2,train
PRE_02542,CONTAINS,HER_01937,2,valid
PRE_02542,CONTAINS,HER_01987,2,valid
PRE_02542,CONTAINS,HER_01881,2,train
PRE_02542,CONTAINS,HER_02067,4,train
PRE_02542,TREATS,SYM_03501,2,train
PRE_02542,TREATS,SYM_04596,2,train
HER_01958,HAS_EFFECT,EFF_01414,2,train
HER_01896,HAS_EFFECT,EFF_01311,4,train
HER_01896,HAS_EFFECT,EFF_01414,2,train
HER_01953,HAS_EFFECT,EFF_01311,2,valid
HER_01953,HAS_EFFECT,EFF_01414,2,train
HER_01889,HAS_EFFECT,EFF_01311,3,train
HER_01889,HAS_EFFECT,EFF_01414,2,train
HER_01904,HAS_EFFECT,EFF_01311,4,train
HER_01904,HAS_EFFECT,EFF_01414,2,train
HER_01858,HAS_EFFECT,EFF_01311,3,train
HER_01858,HAS_EFFECT,EFF_01414,2,train
HER_01966,HAS_EFFECT,EFF_01311,2,valid
HER_01966,HAS_EFFECT,EFF_01414,2,test
HER_01890,HAS_EFFECT,EFF_01311,3,train
HER_01890,HAS_EFFECT,EFF_01414,2,train
HER_01865,HAS_EFFECT,EFF_01311,3,train
HER_01865,HAS_EFFECT,EFF_01414,2,train
HER_01854,HAS_EFFECT,EFF_01311,3,train
HER_01854,HAS_EFFECT,EFF_01414,2,train
HER_01882,HAS_EFFECT,EFF_01414,2,train
HER_02151,HAS_EFFECT,EFF_01311,3,train
HER_02151,HAS_EFFECT,EFF_01414,2,valid
HER_01872,HAS_EFFECT,EFF_01311,2,valid
HER_01872,HAS_EFFECT,EFF_01414,2,train
HER_01995,HAS_EFFECT,EFF_01414,2,train
HER_01861,HAS_EFFECT,EFF_01311,3,train
HER_01861,HAS_EFFECT,EFF_01414,2,train
HER_01869,HAS_EFFECT,EFF_01311,3,train
HER_01869,HAS_EFFECT,EFF_01414,2,valid
HER_01937,HAS_EFFECT,EFF_01311,2,train
HER_01937,HAS_EFFECT,EFF_01414,2,train
HER_01987,HAS_EFFECT,EFF_01311,4,train
HER_01987,HAS_EFFECT,EFF_01414,2,train
HER_01881,HAS_EFFECT,EFF_01311,2,train
HER_01881,HAS_EFFECT,EFF_01414,2,train
HER_01950,HAS_EFFECT,EFF_01311,2,train
HER_02067,HAS_EFFECT,EFF_01311,3,train
HER_02067,HAS_EFFECT,EFF_01414,2,train
HER_01958,RELIEVES,SYM_03501,3,train
HER_01958,RELIEVES,SYM_04596,2,train
HER_01896,RELIEVES,SYM_04596,2,train
HER_01953,RELIEVES,SYM_03501,2,train
HER_01953,RELIEVES,SYM_04596,2,train
HER_01889,RELIEVES,SYM_04596,2,train
HER_01904,RELIEVES,SYM_03501,3,train
HER_01904,RELIEVES,SYM_04596,2,train
HER_01858,RELIEVES,SYM_03501,3,train
HER_01858,RELIEVES,SYM_04596,2,train
HER_01966,RELIEVES,SYM_03501,2,train
HER_01966,RELIEVES,SYM_04596,2,train
HER_01890,RELIEVES,SYM_03501,3,train
HER_01890,RELIEVES,SYM_04596,2,train
HER_01865,RELIEVES,SYM_03501,3,test
HER_01865,RELIEVES,SYM_04596,2,train
HER_01854,RELIEVES,SYM_03501,2,train
HER_01854,RELIEVES,SYM_04596,2,train
HER_01882,RELIEVES,SYM_03501,3,train
HER_01882,RELIEVES,SYM_04596,2,train
HER_02151,RELIEVES,SYM_03501,3,train
HER_02151,RELIEVES,SYM_04596,2,train
HER_01872,RELIEVES,SYM_03501,2,train
HER_01872,RELIEVES,SYM_04596,2,train
HER_01995,RELIEVES,SYM_03501,3,valid
HER_01995,RELIEVES,SYM_04596,2,train
HER_01861,RELIEVES,SYM_03501,3,train
HER_01861,RELIEVES,SYM_04596,2,test
HER_01869,RELIEVES,SYM_03501,3,train
HER_01869,RELIEVES,SYM_04596,2,train
HER_01937,RELIEVES,SYM_03501,2,train
HER_01937,RELIEVES,SYM_04596,2,train
HER_01987,RELIEVES,SYM_03501,3,valid
HER_01987,RELIEVES,SYM_04596,2,train
HER_01881,RELIEVES,SYM_03501,2,valid
HER_01881,RELIEVES,SYM_04596,2,train
HER_01950,RELIEVES,SYM_03501,2,train
HER_02067,RELIEVES,SYM_03501,3,train
HER_02067,RELIEVES,SYM_04596,2,train
HER_02045,HAS_EFFECT,EFF_01311,2,train
HER_01914,HAS_EFFECT,EFF_01311,2,train
HER_02151,HAS_EFFECT,EFF_01253,2,train
HER_01889,RELIEVES,SYM_03583,2,train
HER_01890,RELIEVES,SYM_03407,3,train
HER_02188,RELIEVES,SYM_03407,2,train
HER_02067,RELIEVES,SYM_03407,2,valid
PRE_02490,CONTAINS,HER_01972,14,test
PRE_02490,CONTAINS,HER_01908,10,train
PRE_02490,CONTAINS,HER_01864,2,train
PRE_02490,CONTAINS,HER_02208,2,train
PRE_02490,CONTAINS,HER_01901,8,train
PRE_02490,CONTAINS,HER_01917,7,train
PRE_02490,CONTAINS,HER_01871,6,train
PRE_02490,CONTAINS,HER_01858,8,test
PRE_02490,CONTAINS,HER_01971,7,train
PRE_02490,CONTAINS,HER_01909,8,train
PRE_02490,CONTAINS,HER_01896,4,train
PRE_02490,CONTAINS,HER_02207,2,train
PRE_02490,CONTAINS,HER_01895,4,test
PRE_02490,CONTAINS,HER_01883,4,train
PRE_02568,CONTAINS,HER_01972,3,test
PRE_02568,CONTAINS,HER_01909,3,test
PRE_02568,CONTAINS,HER_01896,2,train
PRE_02568,CONTAINS,HER_01901,2,train
PRE_02568,CONTAINS,HER_01917,2,train
PRE_02568,CONTAINS,HER_01858,3,train
PRE_02568,CONTAINS,HER_01971,3,train
PRE_02490,CONTAINS,HER_02076,2,train
PRE_02490,CONTAINS,HER_02048,3,valid
PRE_02490,CONTAINS,HER_01854,3,train
PRE_02490,CONTAINS,HER_01882,2,train
PRE_02490,CONTAINS,HER_01867,2,train
PRE_02490,CONTAINS,HER_02043,2,train
PRE_02518,CONTAINS,HER_01898,3,train
PRE_02486,CONTAINS,HER_01947,2,train
PRE_02499,CONTAINS,HER_01894,2,train
PRE_02499,CONTAINS,HER_01957,2,train
PRE_02499,CONTAINS,HER_01973,2,train
PRE_02523,CONTAINS,HER_01957,3,test
PRE_02523,CONTAINS,HER_01934,3,train
PRE_02538,CONTAINS,HER_01894,2,valid
PRE_02538,CONTAINS,HER_01960,2,train
PRE_02538,CONTAINS,HER_01989,2,test
PRE_02538,CONTAINS,HER_02024,2,train
PRE_02538,CONTAINS,HER_01934,2,train
PRE_02538,TREATS,SYM_03429,2,train
HER_01939,HAS_EFFECT,EFF_01320,2,train
HER_01855,HAS_EFFECT,EFF_01320,2,train
HER_01939,RELIEVES,SYM_03429,5,train
HER_01989,RELIEVES,SYM_03429,6,valid
HER_01898,RELIEVES,SYM_03429,3,train
HER_01934,RELIEVES,SYM_03429,3,train
PRE_02524,CONTAINS,HER_01939,2,train
PRE_02480,CONTAINS,HER_02181,2,train
PRE_02480,CONTAINS,HER_01989,3,train
PRE_02480,TREATS,SYM_03429,3,train
HER_01900,RELIEVES,SYM_03429,4,test
HER_01855,RELIEVES,SYM_03480,2,test
HER_02181,RELIEVES,SYM_03429,2,valid
HER_01864,RELIEVES,SYM_03480,2,train
HER_01893,RELIEVES,SYM_03429,2,train
PRE_02850,CONTAINS,HER_01854,2,train
PRE_02850,CONTAINS,HER_01860,2,valid
PRE_02518,CONTAINS,HER_01854,2,valid
PRE_02518,CONTAINS,HER_01861,3,train
PRE_02518,CONTAINS,HER_01869,2,valid
PRE_02518,CONTAINS,HER_01858,2,valid
PRE_02484,CONTAINS,HER_01952,2,train
PRE_02484,CONTAINS,HER_01861,2,train
HER_01943,RELIEVES,SYM_03409,2,test
PRE_02480,CONTAINS,HER_02090,2,train
HER_02090,HAS_EFFECT,EFF_01254,2,train
HER_01894,RELIEVES,SYM_03449,3,train
HER_01998,RELIEVES,SYM_03429,2,train
HER_01918,RELIEVES,SYM_03449,4,train
HER_01918,RELIEVES,SYM_03429,6,train
HER_01879,RELIEVES,SYM_03429,2,train
HER_02090,RELIEVES,SYM_03429,2,train
HER_01924,HAS_EFFECT,EFF_01254,2,test
CAU_00023,CAUSES,SYM_03477,2,train
CAU_00023,CAUSES,SYM_03410,3,valid
HER_01939,RELIEVES,SYM_03410,2,valid
HER_02059,RELIEVES,SYM_03410,2,train
HER_01975,RELIEVES,SYM_03410,2,valid
HER_02064,RELIEVES,SYM_03410,3,train
PRE_03017,CONTAINS,HER_01957,2,train
PRE_03017,CONTAINS,HER_01934,2,test
PRE_02584,CONTAINS,HER_01957,3,train
PRE_02584,CONTAINS,HER_01934,3,train
PRE_02583,CONTAINS,HER_01957,2,train
PRE_02583,CONTAINS,HER_01934,2,train
PRE_02484,CONTAINS,HER_01934,2,test
PRE_02629,CONTAINS,HER_01957,2,train
PRE_02629,CONTAINS,HER_01934,2,train
PRE_02584,CONTAINS,HER_01856,2,test
PRE_02714,CONTAINS,HER_01985,2,train
PRE_02523,CONTAINS,HER_01985,2,train
PRE_02655,CONTAINS,HER_01985,2,train
CAU_00023,CAUSES,SYM_03444,5,train
PRE_02544,CONTAINS,HER_02064,2,train
PRE_02544,CONTAINS,HER_01920,3,train
PRE_02544,CONTAINS,HER_01876,3,train
PRE_02480,CONTAINS,HER_02115,2,train
HER_01939,HAS_EFFECT,EFF_01418,2,train
HER_01899,HAS_EFFECT,EFF_01418,2,train
HER_01857,HAS_EFFECT,EFF_01418,2,train
HER_01975,HAS_EFFECT,EFF_01418,2,train
HER_01932,HAS_EFFECT,EFF_01418,2,train
HER_01855,HAS_EFFECT,EFF_01418,2,valid
HER_01876,HAS_EFFECT,EFF_01418,2,train
HER_01960,HAS_EFFECT,EFF_01418,2,train
HER_01918,HAS_EFFECT,EFF_01418,2,train
HER_01881,HAS_EFFECT,EFF_01254,2,train
HER_01989,HAS_EFFECT,EFF_01418,2,train
HER_02115,RELIEVES,SYM_03444,2,train
HER_01877,RELIEVES,SYM_03444,2,train
HER_01877,RELIEVES,SYM_03407,2,train
HER_01975,RELIEVES,SYM_03429,3,train
HER_01898,RELIEVES,SYM_03444,2,train
HER_02064,RELIEVES,SYM_03444,3,train
HER_02064,RELIEVES,SYM_03429,2,train
HER_01978,RELIEVES,SYM_03444,3,train
HER_01934,RELIEVES,SYM_03444,3,train
HER_01920,RELIEVES,SYM_03444,5,train
HER_01918,RELIEVES,SYM_03444,2,train
HER_01989,RELIEVES,SYM_03444,3,train
PRE_02685,CONTAINS,HER_01936,2,train
PRE_03002,CONTAINS,HER_01936,2,train
PRE_02936,CONTAINS,HER_01936,2,train
PRE_02546,CONTAINS,HER_02098,2,train
PRE_02546,CONTAINS,HER_01936,2,train
PRE_02512,CONTAINS,HER_01892,3,train
HER_01945,HAS_EFFECT,EFF_01259,2,train
PRE_02531,CONTAINS,HER_02209,2,train
PRE_02531,CONTAINS,HER_01861,2,train
PRE_02531,CONTAINS,HER_01867,2,train
PRE_02531,CONTAINS,HER_01961,2,train
PRE_02531,CONTAINS,HER_01892,3,train
HER_01861,HAS_EFFECT,EFF_01259,2,train
HER_01924,RELIEVES,SYM_03444,3,train
HER_02059,RELIEVES,SYM_03429,2,train
HER_02030,RELIEVES,SYM_03444,2,train
HER_01932,RELIEVES,SYM_03410,4,train
PRE_02493,CONTAINS,HER_02033,2,train
HER_02033,HAS_EFFECT,EFF_01258,2,test
HER_02033,RELIEVES,SYM_04343,2,test
HER_02033,RELIEVES,SYM_03825,2,train
HER_01888,RELIEVES,SYM_03825,2,train
PRE_02517,CONTAINS,HER_02055,2,train
HER_01871,HAS_EFFECT,EFF_01296,2,train
HER_02082,HAS_EFFECT,EFF_01253,2,train
HER_02033,HAS_EFFECT,EFF_01257,3,train
HER_02166,HAS_EFFECT,EFF_01257,2,train
HER_02033,RELIEVES,SYM_03517,3,train
HER_01885,RELIEVES,SYM_03517,2,test
HER_01955,RELIEVES,SYM_03517,2,train
HER_02166,RELIEVES,SYM_03438,2,valid
HER_02166,RELIEVES,SYM_03517,2,valid
HER_01859,RELIEVES,SYM_03517,2,train
HER_01892,RELIEVES,SYM_03517,3,train
HER_01963,RELIEVES,SYM_03517,3,train
HER_01878,RELIEVES,SYM_03517,2,train
HER_02109,RELIEVES,SYM_03517,2,train
HER_02246,HAS_EFFECT,EFF_01257,2,train
HER_02065,HAS_EFFECT,EFF_01257,2,train
HER_01858,RELIEVES,SYM_03411,3,train
HER_01858,RELIEVES,SYM_03517,2,train
HER_01865,RELIEVES,SYM_03517,2,train
HER_01854,RELIEVES,SYM_03411,2,train
HER_01854,RELIEVES,SYM_03517,2,train
HER_01860,RELIEVES,SYM_03411,3,test
HER_01894,RELIEVES,SYM_03411,2,train
HER_02022,RELIEVES,SYM_03582,2,train
HER_02246,RELIEVES,SYM_03517,2,train
HER_01861,RELIEVES,SYM_03411,2,train
HER_02065,RELIEVES,SYM_03517,2,train
PRE_02493,CONTAINS,HER_02003,2,train
PRE_02493,TREATS,SYM_03577,2,train
HER_01858,RELIEVES,SYM_03577,2,train
HER_01854,RELIEVES,SYM_03577,2,train
HER_02003,RELIEVES,SYM_03577,2,train
PRE_02605,CONTAINS,HER_02117,2,train
PRE_02605,CONTAINS,HER_01854,3,train
PRE_02605,CONTAINS,HER_01901,2,train
PRE_02531,CONTAINS,HER_01890,2,train
PRE_02531,CONTAINS,HER_01952,2,train
PRE_02725,CONTAINS,HER_01957,2,train
PRE_02702,CONTAINS,HER_01957,2,train
PRE_02495,CONTAINS,HER_01957,2,train
PRE_02504,CONTAINS,HER_01909,2,train
HER_01855,RELIEVES,SYM_03462,2,test
HER_01994,RELIEVES,SYM_03462,2,train
HER_01910,HAS_EFFECT,EFF_01314,2,test
HER_01855,HAS_EFFECT,EFF_01314,2,train
HER_01910,RELIEVES,SYM_03557,2,train
HER_01862,RELIEVES,SYM_03462,2,train
HER_01903,RELIEVES,SYM_03462,2,train
HER_01892,RELIEVES,SYM_03462,3,train
HER_01954,RELIEVES,SYM_03462,2,train
HER_01924,HAS_EFFECT,EFF_01278,2,test
HER_01980,HAS_EFFECT,EFF_01299,2,train
HER_01980,HAS_EFFECT,EFF_01278,3,valid
HER_01987,HAS_EFFECT,EFF_01299,2,train
HER_02017,HAS_EFFECT,EFF_01299,2,train
HER_01855,HAS_EFFECT,EFF_01299,2,train
HER_01931,HAS_EFFECT,EFF_01299,2,test
HER_01970,HAS_EFFECT,EFF_01299,2,train
PRE_02595,CONTAINS,HER_01861,2,train
PRE_02595,CONTAINS,HER_01869,2,train
PRE_02595,CONTAINS,HER_01858,3,train
PRE_02497,CONTAINS,HER_01869,2,train
PRE_02497,TREATS,SYM_03411,2,train
HER_02077,HAS_EFFECT,EFF_01253,2,train
CAU_00125,CAUSES,SYM_03462,2,train
PRE_02517,CONTAINS,HER_02005,2,train
PRE_02517,TREATS,SYM_03731,2,valid
HER_02106,HAS_EFFECT,EFF_01253,2,train
HER_01958,RELIEVES,SYM_04134,2,train
HER_01958,RELIEVES,SYM_03444,3,train
HER_01958,RELIEVES,SYM_03731,2,test
HER_01890,RELIEVES,SYM_03731,2,train
HER_01865,RELIEVES,SYM_03731,2,train
HER_01920,RELIEVES,SYM_04134,2,train
HER_01881,RELIEVES,SYM_03462,2,train
HER_01858,RELIEVES,SYM_03462,2,test
HER_01904,RELIEVES,SYM_04134,2,train
HER_01904,RELIEVES,SYM_03731,2,train
HER_02106,RELIEVES,SYM_04134,2,train
HER_02106,RELIEVES,SYM_03444,2,valid
HER_02005,RELIEVES,SYM_03462,2,train
HER_02005,RELIEVES,SYM_03444,2,train
HER_02005,RELIEVES,SYM_03731,2,test
HER_01914,RELIEVES,SYM_03444,3,train
HER_02098,RELIEVES,SYM_03444,2,test
PRE_02496,CONTAINS,HER_01867,2,train
HER_02027,RELIEVES,SYM_03704,2,train
HER_01855,RELIEVES,SYM_03704,2,train
HER_01884,RELIEVES,SYM_03704,2,train
HER_01863,RELIEVES,SYM_03411,2,train
HER_01987,RELIEVES,SYM_03409,2,train
HER_01855,RELIEVES,SYM_03411,2,train
HER_01931,RELIEVES,SYM_03409,2,train
HER_02129,RELIEVES,SYM_03409,2,train
HER_02106,RELIEVES,SYM_03409,2,train
PRE_02534,CONTAINS,HER_01868,2,train
PRE_02512,CONTAINS,HER_02112,2,train
HER_01880,RELIEVES,SYM_03426,2,test
HER_01920,RELIEVES,SYM_03426,2,valid
HER_02139,RELIEVES,SYM_03426,2,train
HER_01867,RELIEVES,SYM_03426,2,train
HER_01911,RELIEVES,SYM_03426,2,test
PRE_02491,CONTAINS,HER_01970,2,valid
PRE_02491,CONTAINS,HER_02235,2,valid
HER_01980,HAS_EFFECT,EFF_01262,2,test
HER_01980,HAS_EFFECT,EFF_01254,2,test
HER_01970,HAS_EFFECT,EFF_01280,3,valid
HER_01970,HAS_EFFECT,EFF_01254,2,test
HER_02235,HAS_EFFECT,EFF_01262,2,valid
PRE_02500,CONTAINS,HER_01858,2,train
HER_01891,HAS_EFFECT,EFF_01294,2,train
HER_01897,HAS_EFFECT,EFF_01294,2,train
HER_01866,HAS_EFFECT,EFF_01294,2,train
HER_01855,HAS_EFFECT,EFF_01294,2,train
HER_01859,HAS_EFFECT,EFF_01294,3,train
HER_01874,HAS_EFFECT,EFF_01294,2,train
HER_01871,HAS_EFFECT,EFF_01294,3,train
HER_01856,HAS_EFFECT,EFF_01294,2,test
HER_01858,HAS_EFFECT,EFF_01294,3,train
HER_01858,HAS_EFFECT,EFF_01270,2,train
HER_01864,HAS_EFFECT,EFF_01294,2,test
HER_02026,HAS_EFFECT,EFF_01254,2,train
HER_01894,RELIEVES,SYM_03426,2,train
HER_01877,RELIEVES,SYM_03426,3,train
HER_01982,HAS_EFFECT,EFF_01280,2,train
HER_01944,HAS_EFFECT,EFF_01278,2,valid
HER_01944,HAS_EFFECT,EFF_01280,2,valid
HER_02083,HAS_EFFECT,EFF_01278,2,train
HER_02083,HAS_EFFECT,EFF_01280,2,train
HER_02148,HAS_EFFECT,EFF_01272,2,train
HER_01968,RELIEVES,SYM_03436,2,train
HER_01874,RELIEVES,SYM_03449,3,train
HER_01874,RELIEVES,SYM_03436,2,train
HER_02148,RELIEVES,SYM_03436,2,train
HER_01856,RELIEVES,SYM_03436,2,train
HER_01879,RELIEVES,SYM_03436,2,train
HER_01944,HAS_EFFECT,EFF_01262,2,train
HER_01858,RELIEVES,SYM_03647,2,train
HER_01865,RELIEVES,SYM_03647,2,train
HER_01872,RELIEVES,SYM_03647,2,test
HER_01869,RELIEVES,SYM_03647,2,test
HER_01949,HAS_EFFECT,EFF_01254,2,train
PRE_02511,CONTAINS,HER_01966,2,train
HER_02150,HAS_EFFECT,EFF_01253,2,valid
HER_01899,RELIEVES,SYM_03542,2,train
HER_01885,RELIEVES,SYM_03542,2,train
HER_01858,RELIEVES,SYM_03542,2,valid
HER_02055,RELIEVES,SYM_03542,2,train
HER_01878,RELIEVES,SYM_03542,2,test
PRE_02610,CONTAINS,HER_01891,2,train
PRE_02610,CONTAINS,HER_02148,2,train
PRE_02610,CONTAINS,HER_01945,2,test
HER_02148,HAS_EFFECT,EFF_01279,2,valid
HER_01945,HAS_EFFECT,EFF_01281,2,train
HER_01861,RELIEVES,SYM_03436,2,train
PRE_02511,CONTAINS,HER_01970,2,valid
PRE_02511,CONTAINS,HER_01892,2,train
PRE_02511,CONTAINS,HER_01945,2,train
HER_01945,HAS_EFFECT,EFF_01256,2,train
HER_01868,HAS_EFFECT,EFF_01277,3,train
HER_01855,HAS_EFFECT,EFF_01277,3,train
HER_02114,HAS_EFFECT,EFF_01258,2,train
HER_02045,HAS_EFFECT,EFF_01258,2,train
HER_02106,HAS_EFFECT,EFF_01258,2,train
HER_01991,HAS_EFFECT,EFF_01258,2,train
PRE_02518,CONTAINS,HER_01865,2,valid
PRE_02518,CONTAINS,HER_01862,2,train
PRE_02518,CONTAINS,HER_01899,2,train
PRE_02518,CONTAINS,HER_02055,2,train
PRE_02518,CONTAINS,HER_01904,2,train
PRE_02518,CONTAINS,HER_02035,2,train
PRE_02518,CONTAINS,HER_02005,2,train
HER_01914,RELIEVES,SYM_03421,2,train
HER_02067,RELIEVES,SYM_03421,3,train
PRE_02544,CONTAINS,HER_01953,2,test
PRE_02544,CONTAINS,HER_01964,2,train
PRE_02544,CONTAINS,HER_01861,3,train
PRE_02544,CONTAINS,HER_01867,2,train
HER_01953,HAS_EFFECT,EFF_01364,2,valid
HER_01953,HAS_EFFECT,EFF_01373,2,train
HER_01865,HAS_EFFECT,EFF_01364,2,train
HER_01872,HAS_EFFECT,EFF_01364,2,train
HER_01872,HAS_EFFECT,EFF_01373,2,train
HER_01885,HAS_EFFECT,EFF_01364,2,train
HER_01885,HAS_EFFECT,EFF_01373,2,test
HER_01881,HAS_EFFECT,EFF_01364,2,train
HER_01881,HAS_EFFECT,EFF_01373,2,train
HER_01861,HAS_EFFECT,EFF_01364,2,train
HER_01861,HAS_EFFECT,EFF_01373,2,train
HER_01871,HAS_EFFECT,EFF_01364,2,train
HER_01869,HAS_EFFECT,EFF_01364,2,valid
HER_01858,HAS_EFFECT,EFF_01364,2,train
HER_01858,HAS_EFFECT,EFF_01373,2,valid
HER_01867,HAS_EFFECT,EFF_01364,2,valid
HER_01867,HAS_EFFECT,EFF_01373,2,train
HER_01892,HAS_EFFECT,EFF_01364,2,train
HER_01892,HAS_EFFECT,EFF_01373,2,train
PRE_02508,CONTAINS,HER_01924,2,test
PRE_02508,CONTAINS,HER_01892,2,train
PRE_02594,CONTAINS,HER_01924,2,test
PRE_02594,CONTAINS,HER_02135,2,train
PRE_02594,CONTAINS,HER_01896,3,train
PRE_02594,CONTAINS,HER_01865,3,train
PRE_02594,CONTAINS,HER_01872,3,train
PRE_02594,CONTAINS,HER_01885,3,train
PRE_02594,CONTAINS,HER_01854,2,train
PRE_02594,CONTAINS,HER_01881,3,train
PRE_02594,CONTAINS,HER_01861,3,train
PRE_02594,CONTAINS,HER_01871,3,test
PRE_02594,CONTAINS,HER_01858,3,test
PRE_02594,CONTAINS,HER_01878,3,train
PRE_02594,CONTAINS,HER_01992,3,valid
PRE_02594,CONTAINS,HER_01892,3,test
PRE_02601,CONTAINS,HER_01872,2,train
PRE_02601,CONTAINS,HER_01885,2,train
PRE_02601,CONTAINS,HER_01881,2,test
PRE_02601,CONTAINS,HER_01861,2,train
PRE_02601,CONTAINS,HER_01871,2,train
PRE_02601,CONTAINS,HER_01858,2,test
PRE_02601,CONTAINS,HER_01878,2,train
PRE_02601,CONTAINS,HER_01992,2,train
HER_01924,HAS_EFFECT,EFF_01263,2,train
PRE_02544,CONTAINS,HER_01878,2,train
HER_01897,RELIEVES,SYM_03426,2,train
HER_01888,RELIEVES,SYM_03426,2,train
PRE_02666,CONTAINS,HER_01953,3,train
PRE_02666,CONTAINS,HER_01899,2,valid
PRE_02666,CONTAINS,HER_01862,3,train
PRE_02666,CONTAINS,HER_01871,3,train
PRE_02666,CONTAINS,HER_01904,3,train
PRE_02666,CONTAINS,HER_02071,3,train
PRE_02666,CONTAINS,HER_01865,3,train
PRE_02666,CONTAINS,HER_02035,2,valid
PRE_02666,CONTAINS,HER_02005,3,train
PRE_02666,CONTAINS,HER_01960,2,train
PRE_02666,CONTAINS,HER_01933,3,test
PRE_02594,CONTAINS,HER_01953,2,train
PRE_02594,CONTAINS,HER_01862,2,train
PRE_02594,CONTAINS,HER_01904,2,test
PRE_02594,CONTAINS,HER_02071,2,train
PRE_02594,CONTAINS,HER_01869,2,train
PRE_02594,CONTAINS,HER_02005,2,train
PRE_02594,CONTAINS,HER_01933,2,train
PRE_02594,CONTAINS,HER_01961,2,train
PRE_02666,CONTAINS,HER_01896,2,train
PRE_02666,CONTAINS,HER_01885,2,train
PRE_02666,CONTAINS,HER_01872,2,train
PRE_02666,CONTAINS,HER_01992,2,test
PRE_02666,CONTAINS,HER_01892,2,train
PRE_02666,CONTAINS,HER_01881,2,valid
PRE_02666,CONTAINS,HER_01878,2,train
PRE_02666,CONTAINS,HER_01961,2,train
PRE_02594,TREATS,SYM_03444,2,train
HER_01862,RELIEVES,SYM_03444,2,train
HER_02071,HAS_EFFECT,EFF_01258,3,train
HER_02055,HAS_EFFECT,EFF_01305,2,train
HER_02055,HAS_EFFECT,EFF_01350,2,train
HER_02051,HAS_EFFECT,EFF_01350,2,train
HER_02005,HAS_EFFECT,EFF_01350,2,train
HER_01892,HAS_EFFECT,EFF_01305,2,train
HER_01892,HAS_EFFECT,EFF_01350,3,train
HER_02004,HAS_EFFECT,EFF_01253,2,train
HER_01882,HAS_EFFECT,EFF_01256,2,train
PRE_02497,CONTAINS,HER_01895,2,train
PRE_02497,CONTAINS,HER_01941,2,valid
PRE_02498,CONTAINS,HER_01900,2,train
PRE_02498,CONTAINS,HER_01895,2,test
PRE_02497,TREATS,SYM_03407,2,valid
PRE_02498,TREATS,SYM_03407,2,test
HER_01966,RELIEVES,SYM_03407,2,train
HER_01900,RELIEVES,SYM_03407,2,train
HER_01895,RELIEVES,SYM_03407,3,train
HER_01941,RELIEVES,SYM_03407,2,train
HER_01861,HAS_EFFECT,EFF_01370,2,train
HER_01869,HAS_EFFECT,EFF_01370,2,train
HER_01858,HAS_EFFECT,EFF_01370,2,test
HER_01900,HAS_EFFECT,EFF_01384,2,train
HER_02118,HAS_EFFECT,EFF_01259,2,train
PRE_02479,TREATS,SYM_03449,2,train
PRE_02479,TREATS,SYM_03429,2,train
PRE_02492,CONTAINS,HER_02003,2,train
PRE_02509,CONTAINS,HER_02003,4,train
HER_01877,HAS_EFFECT,EFF_01294,2,train
HER_02094,HAS_EFFECT,EFF_01294,2,train
PRE_02490,CONTAINS,HER_01859,3,valid
PRE_02490,CONTAINS,HER_01869,2,train
PRE_02490,CONTAINS,HER_02092,4,train
PRE_02490,CONTAINS,HER_02206,3,train
PRE_02542,CONTAINS,HER_02071,2,train
PRE_02542,CONTAINS,HER_01920,4,train
PRE_02542,CONTAINS,HER_01933,2,train
PRE_02542,CONTAINS,HER_01945,2,train
PRE_02542,TREATS,SYM_03421,2,test
HER_02071,RELIEVES,SYM_03421,2,train
HER_01920,RELIEVES,SYM_03421,2,train
HER_01933,RELIEVES,SYM_03421,2,train
HER_01945,RELIEVES,SYM_03421,2,train
PRE_02496,CONTAINS,HER_02155,2,train
HER_01947,RELIEVES,SYM_03429,2,train
PRE_02490,CONTAINS,HER_02254,2,train
PRE_02490,CONTAINS,HER_02016,2,train
PRE_02490,CONTAINS,HER_02294,2,train
PRE_02568,CONTAINS,HER_01908,2,train
PRE_02483,CONTAINS,HER_01896,2,train
PRE_02542,CONTAINS,HER_02132,2,train
PRE_02542,CONTAINS,HER_02022,2,train
PRE_02542,CONTAINS,HER_01914,2,train
HER_02132,HAS_EFFECT,EFF_01328,2,train
HER_02132,HAS_EFFECT,EFF_01277,2,train
HER_02132,HAS_EFFECT,EFF_01253,2,valid
HER_01920,HAS_EFFECT,EFF_01328,2,valid
HER_01920,HAS_EFFECT,EFF_01277,2,train
HER_02022,HAS_EFFECT,EFF_01328,2,train
HER_02022,HAS_EFFECT,EFF_01277,2,train
HER_01914,HAS_EFFECT,EFF_01277,3,train
PRE_02490,CONTAINS,HER_01875,3,train
PRE_02490,CONTAINS,HER_01880,5,train
PRE_02490,CONTAINS,HER_01868,3,test
PRE_02490,CONTAINS,HER_02100,3,valid
PRE_02490,CONTAINS,HER_01855,3,train
PRE_02490,CONTAINS,HER_01873,3,train
PRE_02490,CONTAINS,HER_02091,2,test
HER_01875,HAS_EFFECT,EFF_01430,2,train
HER_01875,HAS_EFFECT,EFF_01277,2,train
HER_01875,HAS_EFFECT,EFF_01326,2,train
HER_01972,HAS_EFFECT,EFF_01254,2,train
HER_01972,HAS_EFFECT,EFF_01275,2,train
HER_01972,HAS_EFFECT,EFF_01430,2,train
HER_01972,HAS_EFFECT,EFF_01277,2,train
HER_01972,HAS_EFFECT,EFF_01326,2,train
HER_01880,HAS_EFFECT,EFF_01430,2,test
HER_01880,HAS_EFFECT,EFF_01277,2,valid
HER_01868,HAS_EFFECT,EFF_01275,2,train
HER_01868,HAS_EFFECT,EFF_01430,2,train
HER_01868,HAS_EFFECT,EFF_01326,2,train
HER_02100,HAS_EFFECT,EFF_01254,2,train
HER_02100,HAS_EFFECT,EFF_01275,2,train
HER_02100,HAS_EFFECT,EFF_01430,2,train
HER_02100,HAS_EFFECT,EFF_01277,2,train
HER_02100,HAS_EFFECT,EFF_01326,2,test
HER_01855,HAS_EFFECT,EFF_01430,2,valid
HER_01873,HAS_EFFECT,EFF_01430,2,valid
HER_01873,HAS_EFFECT,EFF_01277,2,train
HER_02091,HAS_EFFECT,EFF_01275,2,train
HER_02091,HAS_EFFECT,EFF_01430,2,train
HER_02091,HAS_EFFECT,EFF_01277,2,train
HER_02091,HAS_EFFECT,EFF_01326,2,train
PRE_02490,CONTAINS,HER_01865,3,train
PRE_02482,CONTAINS,HER_01862,2,train
PRE_02482,TREATS,SYM_03428,2,train
PRE_02482,TREATS,SYM_05037,2,test
HER_01868,RELIEVES,SYM_03428,2,train
HER_01868,RELIEVES,SYM_05037,2,train
HER_01920,RELIEVES,SYM_03428,2,train
HER_01920,RELIEVES,SYM_05037,2,train
HER_01862,RELIEVES,SYM_03428,2,train
HER_01862,RELIEVES,SYM_05037,2,test
HER_01859,RELIEVES,SYM_03428,2,train
HER_01859,RELIEVES,SYM_05037,2,train
HER_01874,RELIEVES,SYM_03428,2,test
HER_01874,RELIEVES,SYM_05037,2,train
HER_02021,RELIEVES,SYM_03428,2,train
HER_02021,RELIEVES,SYM_05037,2,valid
HER_01882,HAS_EFFECT,EFF_01360,2,train
PRE_02605,CONTAINS,HER_01926,2,train
PRE_02592,CONTAINS,HER_01882,2,train
PRE_02503,CONTAINS,HER_01942,2,train
HER_02054,HAS_EFFECT,EFF_01277,2,train
PRE_02924,CONTAINS,HER_02004,2,valid
PRE_02924,CONTAINS,HER_01942,2,train
PRE_02924,CONTAINS,HER_01872,2,train
PRE_02924,CONTAINS,HER_01885,2,train
PRE_02924,CONTAINS,HER_01858,2,train
PRE_02924,CONTAINS,HER_01945,2,valid
PRE_02924,CONTAINS,HER_01923,2,train
PRE_02894,CONTAINS,HER_01982,2,train
PRE_02894,CONTAINS,HER_01867,2,train
HER_01982,HAS_EFFECT,EFF_01299,2,train
CAU_00061,CAUSES,SYM_03421,2,test
HER_01948,RELIEVES,SYM_03434,2,train
HER_01948,RELIEVES,SYM_03775,2,valid
HER_01854,RELIEVES,SYM_03434,4,train
HER_01854,RELIEVES,SYM_03775,2,train
HER_02057,RELIEVES,SYM_03434,2,train
HER_02057,RELIEVES,SYM_03775,2,train
CAU_00129,CAUSES,SYM_04829,2,train
CAU_00323,CAUSES,SYM_03648,2,train
CAU_00175,CAUSES,SYM_03648,2,train
HER_01870,RELIEVES,SYM_03648,2,valid
HER_01921,RELIEVES,SYM_03648,2,train
CAU_00001,CAUSES,SYM_03423,14,train
CAU_00001,CAUSES,SYM_04021,2,train
CAU_00001,CAUSES,SYM_03950,3,train
CAU_00001,CAUSES,SYM_03472,30,train
CAU_00001,CAUSES,SYM_03521,2,valid
CAU_00001,CAUSES,SYM_03438,35,train
CAU_00121,CAUSES,SYM_03470,2,train
CAU_00121,CAUSES,SYM_03421,2,test
PRE_02513,TREATS,SYM_03789,2,train
HER_01981,RELIEVES,SYM_03434,2,valid
CAU_00043,CAUSES,SYM_04598,2,train
CAU_00134,CAUSES,SYM_03777,2,train
CAU_00008,CAUSES,SYM_03777,4,train
CAU_00008,CAUSES,SYM_03708,3,train
PRE_02504,TREATS,SYM_03708,2,train
HER_01942,RELIEVES,SYM_03708,2,train
HER_01867,RELIEVES,SYM_03839,2,train
CAU_00319,CAUSES,SYM_03487,2,train
HER_01870,RELIEVES,SYM_03434,2,train
HER_01870,RELIEVES,SYM_03483,3,train
HER_01854,RELIEVES,SYM_03648,2,valid
HER_01854,RELIEVES,SYM_03483,4,train
HER_01861,RELIEVES,SYM_03434,2,train
HER_01858,RELIEVES,SYM_03434,2,train
HER_01921,RELIEVES,SYM_03483,2,test
CAU_00003,CAUSES,SYM_03488,5,train
CAU_00003,CAUSES,SYM_03484,8,train
CAU_00003,CAUSES,SYM_03410,37,train
CAU_00003,CAUSES,SYM_03530,5,train
CAU_00003,CAUSES,SYM_03586,6,train
CAU_00003,CAUSES,SYM_03421,5,train
CAU_00003,CAUSES,SYM_03419,14,test
CAU_00003,CAUSES,SYM_03412,37,train
CAU_00357,CAUSES,SYM_03421,2,train
CAU_00052,CAUSES,SYM_03433,2,train
CAU_00052,CAUSES,SYM_03421,4,train
PRE_02495,CONTAINS,HER_01862,2,train
CAU_00008,CAUSES,SYM_03419,5,train
CAU_00135,CAUSES,SYM_03465,2,test
CAU_00135,CAUSES,SYM_03433,2,valid
CAU_00135,CAUSES,SYM_04133,4,train
CAU_00135,CAUSES,SYM_04166,4,train
CAU_00135,CAUSES,SYM_03955,3,train
CAU_00135,CAUSES,SYM_03469,2,train
CAU_00135,CAUSES,SYM_04066,4,train
CAU_00135,CAUSES,SYM_04136,4,train
CAU_00135,CAUSES,SYM_03499,4,train
CAU_00135,CAUSES,SYM_03956,3,train
CAU_00334,CAUSES,SYM_03465,2,train
CAU_00334,CAUSES,SYM_03433,2,valid
CAU_00334,CAUSES,SYM_04133,2,train
CAU_00334,CAUSES,SYM_04166,2,train
CAU_00334,CAUSES,SYM_03469,2,train
CAU_00334,CAUSES,SYM_04066,2,valid
CAU_00334,CAUSES,SYM_04136,2,train
CAU_00334,CAUSES,SYM_03499,2,valid
CAU_00184,CAUSES,SYM_03539,2,train
CAU_00184,CAUSES,SYM_03540,2,train
CAU_00184,CAUSES,SYM_03437,2,train
CAU_00131,CAUSES,SYM_03442,3,train
CAU_00131,CAUSES,SYM_03467,3,train
CAU_00131,CAUSES,SYM_03444,3,train
CAU_00131,CAUSES,SYM_03418,3,train
CAU_00051,CAUSES,SYM_03423,3,train
CAU_00051,CAUSES,SYM_03433,6,train
CAU_00051,CAUSES,SYM_03451,3,train
CAU_00051,CAUSES,SYM_03408,2,train
CAU_00051,CAUSES,SYM_03418,2,test
CAU_00111,CAUSES,SYM_04509,2,train
CAU_00111,CAUSES,SYM_03594,3,train
CAU_00111,CAUSES,SYM_03691,2,train
CAU_00111,CAUSES,SYM_03531,2,train
CAU_00049,CAUSES,SYM_03941,2,train
CAU_00049,CAUSES,SYM_04194,2,train
CAU_00154,CAUSES,SYM_03941,2,train
CAU_00154,CAUSES,SYM_04194,2,test
CAU_00031,CAUSES,SYM_03941,2,train
CAU_00031,CAUSES,SYM_04194,2,train
CAU_00352,CAUSES,SYM_03415,2,test
CAU_00352,CAUSES,SYM_03434,2,train
CAU_00352,CAUSES,SYM_03421,2,train
CAU_00352,CAUSES,SYM_04037,2,train
CAU_00352,CAUSES,SYM_05236,2,test
CAU_00352,CAUSES,SYM_04194,2,train
CAU_00352,CAUSES,SYM_03412,2,train
CAU_00203,CAUSES,SYM_03415,2,train
CAU_00203,CAUSES,SYM_03434,2,train
CAU_00203,CAUSES,SYM_03421,2,test
CAU_00203,CAUSES,SYM_04037,2,train
CAU_00203,CAUSES,SYM_05236,2,train
CAU_00203,CAUSES,SYM_04194,2,train
CAU_00203,CAUSES,SYM_03412,2,train
CAU_00031,CAUSES,SYM_03410,5,train
CAU_00031,CAUSES,SYM_03408,4,test
CAU_00031,CAUSES,SYM_03419,2,train
CAU_00031,CAUSES,SYM_03416,5,train
CAU_00004,CAUSES,SYM_03442,19,test
CAU_00004,CAUSES,SYM_04193,4,train
CAU_00004,CAUSES,SYM_03441,13,train
CAU_00004,CAUSES,SYM_03450,22,valid
CAU_00004,CAUSES,SYM_03419,19,train
CAU_00004,CAUSES,SYM_03724,3,train
CAU_00004,CAUSES,SYM_03409,12,test
CAU_00004,CAUSES,SYM_03520,2,test
CAU_00004,CAUSES,SYM_03416,38,valid
CAU_00004,CAUSES,SYM_03412,18,train
CAU_00159,CAUSES,SYM_03442,3,train
CAU_00159,CAUSES,SYM_04193,2,train
CAU_00159,CAUSES,SYM_03441,2,train
CAU_00159,CAUSES,SYM_03450,2,train
CAU_00159,CAUSES,SYM_03419,2,train
CAU_00159,CAUSES,SYM_03724,2,train
CAU_00159,CAUSES,SYM_03409,2,train
CAU_00159,CAUSES,SYM_03520,2,train
CAU_00159,CAUSES,SYM_03416,2,train
CAU_00159,CAUSES,SYM_03412,2,train
CAU_00260,CAUSES,SYM_03647,2,train
CAU_00260,CAUSES,SYM_03416,2,train
CAU_00260,CAUSES,SYM_04441,2,valid
CAU_00260,CAUSES,SYM_03410,2,train
CAU_00260,CAUSES,SYM_03482,2,valid
CAU_00260,CAUSES,SYM_03575,2,train
CAU_00260,CAUSES,SYM_03434,2,train
CAU_00260,CAUSES,SYM_04195,2,train
CAU_00260,CAUSES,SYM_03444,2,train
CAU_00260,CAUSES,SYM_03437,2,train
CAU_00260,CAUSES,SYM_03695,2,train
CAU_00260,CAUSES,SYM_03447,2,train
CAU_00260,CAUSES,SYM_03418,2,train
CAU_00007,CAUSES,SYM_03647,3,train
CAU_00007,CAUSES,SYM_03416,23,train
CAU_00007,CAUSES,SYM_04441,3,train
CAU_00007,CAUSES,SYM_03410,23,train
CAU_00007,CAUSES,SYM_03482,10,train
CAU_00007,CAUSES,SYM_03575,7,train
CAU_00007,CAUSES,SYM_03434,7,train
CAU_00007,CAUSES,SYM_04195,3,train
CAU_00007,CAUSES,SYM_03444,9,test
CAU_00007,CAUSES,SYM_03437,6,train
CAU_00007,CAUSES,SYM_03695,6,train
CAU_00007,CAUSES,SYM_03447,11,train
CAU_00007,CAUSES,SYM_03418,12,train
CAU_00001,CAUSES,SYM_03430,19,train
CAU_00001,CAUSES,SYM_03539,3,test
CAU_00001,CAUSES,SYM_03655,3,train
CAU_00001,CAUSES,SYM_03420,22,test
CAU_00001,CAUSES,SYM_03433,20,train
CAU_00001,CAUSES,SYM_03451,31,train
CAU_00001,CAUSES,SYM_03408,55,train
CAU_00001,CAUSES,SYM_04192,3,train
CAU_00001,CAUSES,SYM_03437,21,train
CAU_00001,CAUSES,SYM_03418,27,train
CAU_00001,CAUSES,SYM_03473,22,train
CAU_00029,CAUSES,SYM_03430,5,train
CAU_00029,CAUSES,SYM_03539,2,valid
CAU_00029,CAUSES,SYM_03655,2,train
CAU_00029,CAUSES,SYM_03420,3,train
CAU_00029,CAUSES,SYM_03433,6,valid
CAU_00029,CAUSES,SYM_03451,2,train
CAU_00029,CAUSES,SYM_03408,9,train
CAU_00029,CAUSES,SYM_04192,2,train
CAU_00029,CAUSES,SYM_03438,6,train
CAU_00029,CAUSES,SYM_03437,5,train
CAU_00029,CAUSES,SYM_03418,7,train
CAU_00029,CAUSES,SYM_03473,4,train
CAU_00029,CAUSES,SYM_03472,5,train
CAU_00021,CAUSES,SYM_03509,2,train
CAU_00021,CAUSES,SYM_04621,2,train
CAU_00021,CAUSES,SYM_04510,2,train
CAU_00021,CAUSES,SYM_04294,2,train
CAU_00002,CAUSES,SYM_03430,11,test
CAU_00002,CAUSES,SYM_03603,8,train
CAU_00002,CAUSES,SYM_03413,27,train
CAU_00002,CAUSES,SYM_05061,2,train
CAU_00002,CAUSES,SYM_04148,2,train
CAU_00002,CAUSES,SYM_03544,9,train
CAU_00008,CAUSES,SYM_03414,3,train
CAU_00008,CAUSES,SYM_03413,2,train
CAU_00008,CAUSES,SYM_03421,17,train
CAU_00008,CAUSES,SYM_03650,3,train
CAU_00008,CAUSES,SYM_03959,3,train
CAU_00008,CAUSES,SYM_03491,3,train
CAU_00008,CAUSES,SYM_04183,2,train
CAU_00008,CAUSES,SYM_03428,2,test
CAU_00008,CAUSES,SYM_03424,20,train
CAU_00008,CAUSES,SYM_03555,3,test
CAU_00008,CAUSES,SYM_03407,41,valid
CAU_00210,CAUSES,SYM_03407,2,train
CAU_00003,CAUSES,SYM_03675,5,train
CAU_00003,CAUSES,SYM_03416,37,train
CAU_00003,CAUSES,SYM_03418,10,train
CAU_00003,CAUSES,SYM_03407,27,valid
CAU_00010,CAUSES,SYM_03414,15,train
CAU_00010,CAUSES,SYM_04103,2,train
CAU_00010,CAUSES,SYM_03467,2,train
CAU_00010,CAUSES,SYM_03872,3,train
CAU_00010,CAUSES,SYM_04305,2,train
CAU_00010,CAUSES,SYM_03431,10,valid
CAU_00010,CAUSES,SYM_03513,8,train
CAU_00346,CAUSES,SYM_03432,2,valid
CAU_00346,CAUSES,SYM_03467,2,train
CAU_00346,CAUSES,SYM_03785,2,train
CAU_00346,CAUSES,SYM_05188,2,train
CAU_00346,CAUSES,SYM_04115,2,train
CAU_00346,CAUSES,SYM_03555,2,train
CAU_00346,CAUSES,SYM_03424,2,train
CAU_00056,CAUSES,SYM_05111,2,train
CAU_00056,CAUSES,SYM_03632,2,train
CAU_00056,CAUSES,SYM_04405,2,train
CAU_00056,CAUSES,SYM_03650,2,train
CAU_00056,CAUSES,SYM_03649,2,train
CAU_00056,CAUSES,SYM_04250,2,train
CAU_00056,CAUSES,SYM_03456,2,train
CAU_00001,CAUSES,SYM_03445,11,train
CAU_00001,CAUSES,SYM_03419,8,train
CAU_00001,CAUSES,SYM_03603,5,train
CAU_00001,CAUSES,SYM_03432,4,train
CAU_00001,CAUSES,SYM_03459,3,train
CAU_00002,CAUSES,SYM_03899,2,train
CAU_00002,CAUSES,SYM_03420,10,train
CAU_00002,CAUSES,SYM_04937,2,train
CAU_00002,CAUSES,SYM_04398,2,train
CAU_00002,CAUSES,SYM_04021,2,valid
CAU_00002,CAUSES,SYM_03432,37,train
CAU_00002,CAUSES,SYM_03459,17,train
CAU_00002,CAUSES,SYM_04534,2,train
CAU_00002,CAUSES,SYM_03460,6,train
CAU_00002,CAUSES,SYM_03418,8,train
CAU_00002,CAUSES,SYM_03472,3,train
CAU_00078,CAUSES,SYM_04074,2,train
CAU_00078,CAUSES,SYM_03414,3,train
CAU_00078,CAUSES,SYM_04896,2,train
CAU_00078,CAUSES,SYM_03491,2,train
CAU_00078,CAUSES,SYM_05095,2,train
CAU_00078,CAUSES,SYM_03785,2,train
CAU_00078,CAUSES,SYM_03419,2,test
CAU_00078,CAUSES,SYM_03483,3,train
CAU_00078,CAUSES,SYM_03732,2,train
CAU_00078,CAUSES,SYM_03959,2,train
CAU_00078,CAUSES,SYM_03424,3,train
CAU_00078,CAUSES,SYM_03407,2,train
CAU_00002,CAUSES,SYM_03410,5,valid
CAU_00002,CAUSES,SYM_03792,2,valid
CAU_00002,CAUSES,SYM_03441,4,test
CAU_00002,CAUSES,SYM_03428,18,train
CAU_00052,CAUSES,SYM_03413,2,train
CAU_00052,CAUSES,SYM_03432,4,valid
CAU_00052,CAUSES,SYM_03458,2,valid
CAU_00052,CAUSES,SYM_03427,11,valid
CAU_00345,CAUSES,SYM_03875,2,train
CAU_00345,CAUSES,SYM_03545,2,test
CAU_00345,CAUSES,SYM_03413,2,train
CAU_00345,CAUSES,SYM_04022,2,train
CAU_00345,CAUSES,SYM_03432,2,train
CAU_00345,CAUSES,SYM_05049,2,train
CAU_00345,CAUSES,SYM_03458,2,train
CAU_00345,CAUSES,SYM_03425,2,train
CAU_00345,CAUSES,SYM_03427,2,train
HER_01857,RELIEVES,SYM_03839,2,train
HER_01854,RELIEVES,SYM_03839,3,train
HER_01860,RELIEVES,SYM_03839,2,train
HER_01855,RELIEVES,SYM_03839,2,train
CAU_00001,CAUSES,SYM_03415,3,train
CAU_00001,CAUSES,SYM_03540,4,train
CAU_00001,CAUSES,SYM_03585,3,train
CAU_00001,CAUSES,SYM_03427,11,train
CAU_00039,CAUSES,SYM_03426,5,valid
PRE_02828,CONTAINS,HER_01863,2,train
CAU_00052,CAUSES,SYM_03417,5,train
CAU_00052,CAUSES,SYM_03414,2,train
CAU_00052,CAUSES,SYM_03423,3,train
CAU_00052,CAUSES,SYM_03428,5,train
CAU_00052,CAUSES,SYM_03670,2,train
CAU_00354,CAUSES,SYM_03432,2,train
CAU_00354,CAUSES,SYM_03428,2,train
CAU_00354,CAUSES,SYM_03427,2,train
CAU_00188,CAUSES,SYM_03415,3,train
CAU_00188,CAUSES,SYM_03427,2,train
CAU_00089,CAUSES,SYM_03493,2,train
CAU_00089,CAUSES,SYM_03529,2,train
PRE_02744,CONTAINS,HER_01966,3,train
PRE_02723,CONTAINS,HER_01966,3,train
CAU_00342,CAUSES,SYM_03415,2,train
CAU_00342,CAUSES,SYM_04221,2,train
CAU_00342,CAUSES,SYM_04513,2,train
CAU_00342,CAUSES,SYM_03529,2,train
HER_02212,RELIEVES,SYM_03839,3,train
CAU_00006,CAUSES,SYM_05157,2,train
CAU_00006,CAUSES,SYM_04573,2,train
CAU_00340,CAUSES,SYM_03844,2,train
CAU_00019,CAUSES,SYM_03426,6,train
CAU_00019,CAUSES,SYM_03681,2,train
CAU_00019,CAUSES,SYM_04132,2,train
CAU_00019,CAUSES,SYM_03594,3,train
CAU_00019,CAUSES,SYM_05116,2,train
CAU_00019,CAUSES,SYM_03467,4,train
CAU_00019,CAUSES,SYM_05007,2,train
CAU_00002,CAUSES,SYM_03426,7,train
CAU_00002,CAUSES,SYM_03417,27,test
CAU_00002,CAUSES,SYM_03465,5,train
CAU_00002,CAUSES,SYM_03423,28,train
CAU_00002,CAUSES,SYM_03474,12,train
CAU_00002,CAUSES,SYM_03438,5,train
CAU_00002,CAUSES,SYM_03427,15,train
CAU_00002,CAUSES,SYM_03431,16,train
CAU_00001,CAUSES,SYM_03426,3,test
CAU_00001,CAUSES,SYM_03417,17,train
CAU_00001,CAUSES,SYM_03465,24,train
CAU_00001,CAUSES,SYM_03413,4,valid
CAU_00001,CAUSES,SYM_03474,5,train
CAU_00001,CAUSES,SYM_03428,4,train
CAU_00001,CAUSES,SYM_03431,7,valid
CAU_00052,CAUSES,SYM_03426,5,train
CAU_00052,CAUSES,SYM_03474,2,train
CAU_00052,CAUSES,SYM_03431,2,train
CAU_00052,CAUSES,SYM_03460,3,train
CAU_00052,CAUSES,SYM_03440,2,train
CAU_00052,CAUSES,SYM_03492,2,test
CAU_00111,CAUSES,SYM_03426,2,train
CAU_00111,CAUSES,SYM_03431,2,train
CAU_00111,CAUSES,SYM_03414,2,train
CAU_00111,CAUSES,SYM_03432,2,train
CAU_00111,CAUSES,SYM_03421,2,train
CAU_00111,CAUSES,SYM_03445,2,train
CAU_00111,CAUSES,SYM_04548,2,train
CAU_00111,CAUSES,SYM_03427,2,train
CAU_00111,CAUSES,SYM_03492,2,train
CAU_00052,CAUSES,SYM_03455,2,train
CAU_00051,CAUSES,SYM_03553,2,train
CAU_00051,CAUSES,SYM_03440,2,test
CAU_00051,CAUSES,SYM_03455,3,train
CAU_00051,CAUSES,SYM_03520,2,train
CAU_00051,CAUSES,SYM_03427,4,train
CAU_00010,CAUSES,SYM_05024,2,train
CAU_00010,CAUSES,SYM_04007,2,train
CAU_00010,CAUSES,SYM_03683,2,train
CAU_00010,CAUSES,SYM_03496,7,train
CAU_00010,CAUSES,SYM_04247,2,train
CAU_00000,CAUSES,SYM_03516,2,train
CAU_00000,CAUSES,SYM_03408,15,train
CAU_00000,CAUSES,SYM_03450,21,train
CAU_00000,CAUSES,SYM_03416,11,train
CAU_00000,CAUSES,SYM_03418,11,train
CAU_00019,CAUSES,SYM_03442,3,train
CAU_00019,CAUSES,SYM_03416,10,train
CAU_00019,CAUSES,SYM_03441,2,train
CAU_00019,CAUSES,SYM_03408,8,train
CAU_00019,CAUSES,SYM_03437,2,train
CAU_00019,CAUSES,SYM_03418,4,train
CAU_00019,CAUSES,SYM_03481,4,train
CAU_00019,CAUSES,SYM_03414,8,train
CAU_00019,CAUSES,SYM_03682,2,train
CAU_00019,CAUSES,SYM_04499,2,train
CAU_00019,CAUSES,SYM_03615,2,train
CAU_00038,CAUSES,SYM_03481,2,train
CAU_00038,CAUSES,SYM_03509,6,train
CAU_00038,CAUSES,SYM_03952,2,train
CAU_00038,CAUSES,SYM_04007,2,train
CAU_00038,CAUSES,SYM_04128,2,train
CAU_00006,CAUSES,SYM_03553,4,train
CAU_00006,CAUSES,SYM_03414,16,train
CAU_00006,CAUSES,SYM_03413,22,train
CAU_00006,CAUSES,SYM_04256,2,train
CAU_00004,CAUSES,SYM_03420,9,train
CAU_00004,CAUSES,SYM_03410,5,train
CAU_00004,CAUSES,SYM_04046,2,train
CAU_00004,CAUSES,SYM_03408,32,train
CAU_00004,CAUSES,SYM_03418,11,valid
CAU_00006,CAUSES,SYM_03525,2,train
CAU_00006,CAUSES,SYM_03410,2,train
CAU_00006,CAUSES,SYM_03418,3,train
CAU_00001,CAUSES,SYM_03488,13,valid
CAU_00001,CAUSES,SYM_03452,26,train
CAU_00001,CAUSES,SYM_03527,6,train
CAU_00001,CAUSES,SYM_03412,22,train
CAU_00019,CAUSES,SYM_03525,2,train
CAU_00019,CAUSES,SYM_03834,2,train
CAU_00019,CAUSES,SYM_03458,2,valid
CAU_00000,CAUSES,SYM_03481,15,train
CAU_00000,CAUSES,SYM_03525,5,train
CAU_00000,CAUSES,SYM_03415,33,train
CAU_00003,CAUSES,SYM_03444,17,train
CAU_00056,CAUSES,SYM_03879,2,train
CAU_00056,CAUSES,SYM_03481,6,train
CAU_00010,CAUSES,SYM_03553,4,train
CAU_00008,CAUSES,SYM_03415,14,train
CAU_00008,CAUSES,SYM_03880,3,train
PRE_02502,CONTAINS,HER_01861,2,train
HER_01868,RELIEVES,SYM_03986,2,train
HER_01861,RELIEVES,SYM_03986,2,train
CAU_00000,CAUSES,SYM_03414,11,train
CAU_00000,CAUSES,SYM_03575,2,valid
CAU_00000,CAUSES,SYM_03424,9,train
CAU_00000,CAUSES,SYM_03407,9,valid
CAU_00011,CAUSES,SYM_03414,17,train
CAU_00011,CAUSES,SYM_03410,5,train
CAU_00011,CAUSES,SYM_03586,3,train
CAU_00011,CAUSES,SYM_03458,3,train
CAU_00011,CAUSES,SYM_03445,2,train
CAU_00011,CAUSES,SYM_03412,13,train
CAU_00011,CAUSES,SYM_03407,9,test
CAU_00011,CAUSES,SYM_03424,5,train
CAU_00011,CAUSES,SYM_03553,2,test
CAU_00011,CAUSES,SYM_03420,9,valid
CAU_00011,CAUSES,SYM_03428,13,test
CAU_00011,CAUSES,SYM_03496,5,train
CAU_00056,CAUSES,SYM_03516,4,train
CAU_00056,CAUSES,SYM_03583,4,train
CAU_00056,CAUSES,SYM_03729,3,train
HER_02165,RELIEVES,SYM_03409,2,train
HER_02085,RELIEVES,SYM_03409,2,train
CAU_00079,CAUSES,SYM_03432,2,train
PRE_02486,TREATS,SYM_03432,2,train
PRE_02482,TREATS,SYM_03443,2,train
CAU_00215,CAUSES,SYM_03419,2,train
HER_01861,RELIEVES,SYM_03419,2,valid
HER_01887,RELIEVES,SYM_03424,2,train
CAU_00030,CAUSES,SYM_03509,9,train
CAU_00030,CAUSES,SYM_04636,2,train
CAU_00030,CAUSES,SYM_04184,2,train
CAU_00030,CAUSES,SYM_04526,2,train
CAU_00030,CAUSES,SYM_03517,2,train
CAU_00030,CAUSES,SYM_04533,2,train
CAU_00030,CAUSES,SYM_04990,2,train
CAU_00030,CAUSES,SYM_03473,2,train
CAU_00030,CAUSES,SYM_03412,3,train
CAU_00030,CAUSES,SYM_03499,2,train
CAU_00030,CAUSES,SYM_03940,2,test
CAU_00010,CAUSES,SYM_03972,2,train
CAU_00010,CAUSES,SYM_03819,2,train
CAU_00010,CAUSES,SYM_03449,8,train
CAU_00010,CAUSES,SYM_04308,2,train
CAU_00010,CAUSES,SYM_03584,4,train
CAU_00019,CAUSES,SYM_05044,2,train
CAU_00019,CAUSES,SYM_04644,2,train
CAU_00019,CAUSES,SYM_03455,3,train
CAU_00019,CAUSES,SYM_03443,3,train
CAU_00019,CAUSES,SYM_03521,2,train
CAU_00019,CAUSES,SYM_03439,3,train
CAU_00019,CAUSES,SYM_05211,2,train
PRE_02495,TREATS,SYM_03443,2,train
PRE_02495,TREATS,SYM_03467,2,train
PRE_02483,CONTAINS,HER_02217,2,train
HER_01855,RELIEVES,SYM_03443,2,train
CAU_00056,CAUSES,SYM_03834,2,train
CAU_00056,CAUSES,SYM_03659,2,train
CAU_00056,CAUSES,SYM_04397,3,train
CAU_00003,CAUSES,SYM_03464,5,train
CAU_00003,CAUSES,SYM_03411,13,train
CAU_00003,CAUSES,SYM_03431,3,train
CAU_00002,CAUSES,SYM_03414,28,train
CAU_00002,CAUSES,SYM_03411,9,train
CAU_00002,CAUSES,SYM_03496,7,train
CAU_00002,CAUSES,SYM_03440,20,valid
CAU_00000,CAUSES,SYM_03426,18,train
CAU_00006,CAUSES,SYM_03411,6,train
CAU_00006,CAUSES,SYM_04292,2,train
CAU_00006,CAUSES,SYM_03432,18,train
CAU_00014,CAUSES,SYM_03516,2,train
CAU_00014,CAUSES,SYM_03444,4,train
CAU_00014,CAUSES,SYM_03659,3,train
CAU_00030,CAUSES,SYM_03411,3,train
CAU_00011,CAUSES,SYM_04309,2,train
CAU_00011,CAUSES,SYM_03505,2,train
CAU_00011,CAUSES,SYM_04151,2,train
CAU_00011,CAUSES,SYM_03464,4,train
CAU_00011,CAUSES,SYM_04839,2,train
CAU_00011,CAUSES,SYM_03411,10,train
CAU_00011,CAUSES,SYM_04311,2,train
CAU_00011,CAUSES,SYM_03416,6,train
CAU_00014,CAUSES,SYM_04953,2,train
CAU_00014,CAUSES,SYM_04610,2,train
CAU_00014,CAUSES,SYM_05113,2,train
CAU_00014,CAUSES,SYM_03490,4,train
CAU_00010,CAUSES,SYM_03611,4,train
CAU_00010,CAUSES,SYM_03497,10,train
CAU_00010,CAUSES,SYM_03734,3,train
CAU_00039,CAUSES,SYM_03481,2,train
CAU_00039,CAUSES,SYM_03446,2,valid
CAU_00039,CAUSES,SYM_03411,2,train
CAU_00011,CAUSES,SYM_03415,7,train
CAU_00011,CAUSES,SYM_03490,4,train
CAU_00011,CAUSES,SYM_03456,2,train
CAU_00011,CAUSES,SYM_03409,4,train
CAU_00002,CAUSES,SYM_03490,3,train
CAU_00002,CAUSES,SYM_03433,23,valid
CAU_00002,CAUSES,SYM_03446,3,train
CAU_00002,CAUSES,SYM_03734,2,train
CAU_00002,CAUSES,SYM_05090,2,train
CAU_00002,CAUSES,SYM_03621,4,train
CAU_00002,CAUSES,SYM_03555,4,train
CAU_00071,CAUSES,SYM_03414,2,train
CAU_00071,CAUSES,SYM_03413,2,train
CAU_00071,CAUSES,SYM_03835,2,train
CAU_00071,CAUSES,SYM_03423,2,train
CAU_00071,CAUSES,SYM_03643,2,test
CAU_00071,CAUSES,SYM_03411,2,train
CAU_00000,CAUSES,SYM_03490,3,train
CAU_00000,CAUSES,SYM_03446,4,train
CAU_00000,CAUSES,SYM_03411,9,valid
CAU_00000,CAUSES,SYM_04169,4,train
CAU_00000,CAUSES,SYM_03631,3,valid
CAU_00011,CAUSES,SYM_03446,2,train
CAU_00061,CAUSES,SYM_03446,2,train
PRE_02486,TREATS,SYM_03446,2,train
CAU_00000,CAUSES,SYM_03734,2,train
HER_01874,RELIEVES,SYM_03504,2,train
HER_01909,RELIEVES,SYM_03504,2,train
CAU_00003,CAUSES,SYM_03505,2,train
CAU_00003,CAUSES,SYM_03446,4,train
CAU_00003,CAUSES,SYM_03735,4,train
CAU_00014,CAUSES,SYM_03411,5,train
CAU_00014,CAUSES,SYM_03631,3,train
CAU_00362,CAUSES,SYM_03411,2,train
CAU_00362,CAUSES,SYM_04120,2,train
CAU_00362,CAUSES,SYM_03420,2,train
HER_01857,RELIEVES,SYM_03411,3,train
CAU_00011,CAUSES,SYM_04056,3,train
CAU_00369,CAUSES,SYM_03411,2,train
CAU_00367,CAUSES,SYM_04823,2,train
CAU_00367,CAUSES,SYM_05078,2,train
CAU_00367,CAUSES,SYM_03419,2,valid
CAU_00367,CAUSES,SYM_05189,2,train
CAU_00367,CAUSES,SYM_04822,2,train
CAU_00367,CAUSES,SYM_03529,2,train
CAU_00006,CAUSES,SYM_03428,10,test
CAU_00006,CAUSES,SYM_03460,5,train
CAU_00003,CAUSES,SYM_03458,3,test
CAU_00003,CAUSES,SYM_03408,32,train
CAU_00003,CAUSES,SYM_04798,2,train
CAU_00003,CAUSES,SYM_04885,2,train
CAU_00003,CAUSES,SYM_03409,10,train
CAU_00008,CAUSES,SYM_03571,2,train
HER_01863,RELIEVES,SYM_03407,2,train
HER_01921,RELIEVES,SYM_03424,2,train
CAU_00005,CAUSES,SYM_03452,15,train
CAU_00005,CAUSES,SYM_03866,3,train
CAU_00005,CAUSES,SYM_03412,4,train
CAU_00001,CAUSES,SYM_04057,4,train
CAU_00208,CAUSES,SYM_04057,2,train
PRE_02509,CONTAINS,HER_02158,3,train
PRE_02509,TREATS,SYM_04057,2,train
HER_02003,HAS_EFFECT,EFF_01386,2,train
HER_02158,HAS_EFFECT,EFF_01386,2,test
HER_02003,RELIEVES,SYM_04057,2,train
HER_02158,RELIEVES,SYM_04057,2,train
CAU_00022,CAUSES,SYM_03476,4,test
CAU_00022,CAUSES,SYM_03408,8,train
CAU_00022,CAUSES,SYM_03409,8,train
CAU_00022,CAUSES,SYM_03416,10,train
CAU_00130,CAUSES,SYM_03416,2,train
CAU_00007,CAUSES,SYM_03420,10,train
CAU_00007,CAUSES,SYM_03517,6,train
CAU_00007,CAUSES,SYM_03412,24,train
CAU_00007,CAUSES,SYM_03407,25,train
CAU_00007,CAUSES,SYM_03408,17,test
CAU_00007,CAUSES,SYM_03411,2,train
CAU_00007,CAUSES,SYM_03436,11,train
CAU_00001,CAUSES,SYM_03505,4,train
CAU_00001,CAUSES,SYM_03441,28,train
CAU_00003,CAUSES,SYM_03517,4,valid
CAU_00003,CAUSES,SYM_03910,2,train
CAU_00003,CAUSES,SYM_03789,5,train
CAU_00257,CAUSES,SYM_03410,2,valid
CAU_00257,CAUSES,SYM_03450,2,train
CAU_00257,CAUSES,SYM_03419,2,train
CAU_00257,CAUSES,SYM_03498,2,valid
CAU_00257,CAUSES,SYM_03416,2,train
CAU_00039,CAUSES,SYM_03410,4,train
CAU_00039,CAUSES,SYM_03450,3,train
CAU_00039,CAUSES,SYM_03419,9,train
CAU_00039,CAUSES,SYM_03498,2,valid
CAU_00039,CAUSES,SYM_03416,4,train
CAU_00039,CAUSES,SYM_03412,4,train
CAU_00011,CAUSES,SYM_03753,3,train
CAU_00004,CAUSES,SYM_03504,3,train
CAU_00004,CAUSES,SYM_03407,19,train
CAU_00004,CAUSES,SYM_04028,2,train
CAU_00004,CAUSES,SYM_04635,2,train
CAU_00004,CAUSES,SYM_03458,4,train
CAU_00004,CAUSES,SYM_03443,4,train
CAU_00004,CAUSES,SYM_03580,2,train
CAU_00004,CAUSES,SYM_04695,2,train
CAU_00002,CAUSES,SYM_03551,4,train
CAU_00006,CAUSES,SYM_03417,5,train
CAU_00006,CAUSES,SYM_03423,6,train
CAU_00006,CAUSES,SYM_03555,6,train
CAU_00011,CAUSES,SYM_04006,2,train
CAU_00011,CAUSES,SYM_03645,2,train
CAU_00011,CAUSES,SYM_03480,7,train
CAU_00011,CAUSES,SYM_03482,6,train
CAU_00011,CAUSES,SYM_04502,2,train
CAU_00038,CAUSES,SYM_04155,2,train
CAU_00038,CAUSES,SYM_03769,2,train
CAU_00019,CAUSES,SYM_04028,2,train
CAU_00019,CAUSES,SYM_03434,3,train
CAU_00019,CAUSES,SYM_03530,3,train
CAU_00019,CAUSES,SYM_03436,5,test
CAU_00019,CAUSES,SYM_03410,3,train
CAU_00019,CAUSES,SYM_03517,2,train
CAU_00019,CAUSES,SYM_03582,2,train
CAU_00019,CAUSES,SYM_03419,2,train
CAU_00019,CAUSES,SYM_03498,3,train
CAU_00019,CAUSES,SYM_03412,2,train
CAU_00011,CAUSES,SYM_03413,4,train
CAU_00011,CAUSES,SYM_03423,6,train
CAU_00011,CAUSES,SYM_03459,2,train
CAU_00034,CAUSES,SYM_03431,2,train
CAU_00006,CAUSES,SYM_03431,3,train
CAU_00001,CAUSES,SYM_04987,2,train
CAU_00001,CAUSES,SYM_04207,2,train
CAU_00075,CAUSES,SYM_03417,2,train
CAU_00075,CAUSES,SYM_04987,2,train
CAU_00075,CAUSES,SYM_04207,2,valid
CAU_00075,CAUSES,SYM_03428,3,train
CAU_00019,CAUSES,SYM_03480,2,train
CAU_00000,CAUSES,SYM_03439,13,train
CAU_00000,CAUSES,SYM_05065,2,train
CAU_00005,CAUSES,SYM_03430,11,train
CAU_00005,CAUSES,SYM_03488,4,train
CAU_00005,CAUSES,SYM_03655,2,train
CAU_00005,CAUSES,SYM_03451,2,train
CAU_00005,CAUSES,SYM_03408,13,train
CAU_00005,CAUSES,SYM_03918,2,train
CAU_00131,CAUSES,SYM_03532,4,train
CAU_00131,CAUSES,SYM_03420,2,train
CAU_00131,CAUSES,SYM_03429,2,test
CAU_00131,CAUSES,SYM_03476,2,train
CAU_00131,CAUSES,SYM_03917,2,train
CAU_00131,CAUSES,SYM_03554,2,train
CAU_00131,CAUSES,SYM_03482,2,train
CAU_00000,CAUSES,SYM_03442,10,train
CAU_00000,CAUSES,SYM_03420,4,valid
CAU_00000,CAUSES,SYM_03429,14,train
CAU_00000,CAUSES,SYM_03449,3,valid
CAU_00000,CAUSES,SYM_04606,2,train
CAU_00000,CAUSES,SYM_03545,3,train
CAU_00000,CAUSES,SYM_03437,6,train
CAU_00000,CAUSES,SYM_03473,2,train
CAU_00051,CAUSES,SYM_03414,4,train
CAU_00051,CAUSES,SYM_03432,2,train
CAU_00051,CAUSES,SYM_03459,3,train
CAU_00030,CAUSES,SYM_04078,2,train
CAU_00030,CAUSES,SYM_03420,2,train
CAU_00030,CAUSES,SYM_03551,5,valid
CAU_00032,CAUSES,SYM_03875,3,train
CAU_00032,CAUSES,SYM_04356,3,train
CAU_00032,CAUSES,SYM_03414,7,train
CAU_00032,CAUSES,SYM_04083,3,train
CAU_00032,CAUSES,SYM_03449,3,train
CAU_00032,CAUSES,SYM_03459,2,test
CAU_00032,CAUSES,SYM_04011,3,train
CAU_00005,CAUSES,SYM_03417,20,train
CAU_00005,CAUSES,SYM_03429,3,valid
CAU_00005,CAUSES,SYM_03423,10,train
CAU_00005,CAUSES,SYM_03415,12,train
CAU_00005,CAUSES,SYM_03604,2,train
CAU_00005,CAUSES,SYM_03409,3,train
CAU_00042,CAUSES,SYM_03415,2,train
CAU_00042,CAUSES,SYM_03604,2,train
CAU_00042,CAUSES,SYM_03409,2,train
CAU_00010,CAUSES,SYM_03409,3,train
CAU_00003,CAUSES,SYM_03426,3,test
CAU_00003,CAUSES,SYM_03442,8,train
CAU_00003,CAUSES,SYM_03436,5,train
HER_01876,RELIEVES,SYM_03442,2,test
HER_01858,RELIEVES,SYM_03442,2,train
HER_01898,RELIEVES,SYM_03839,2,train
CAU_00006,CAUSES,SYM_03430,3,train
CAU_00006,CAUSES,SYM_03439,3,train
CAU_00006,CAUSES,SYM_03450,2,train
CAU_00002,CAUSES,SYM_03415,22,train
CAU_00002,CAUSES,SYM_03475,12,train
CAU_00002,CAUSES,SYM_03455,10,valid
CAU_00002,CAUSES,SYM_03409,4,train
CAU_00039,CAUSES,SYM_03644,2,train
CAU_00039,CAUSES,SYM_03451,2,valid
CAU_00039,CAUSES,SYM_03408,3,train
CAU_00039,CAUSES,SYM_04748,2,train
CAU_00039,CAUSES,SYM_03438,3,train
CAU_00039,CAUSES,SYM_03469,2,train
CAU_00039,CAUSES,SYM_03409,4,test
CAU_00039,CAUSES,SYM_03437,6,train
CAU_00039,CAUSES,SYM_03418,2,train
CAU_00039,CAUSES,SYM_03472,2,train
CAU_00193,CAUSES,SYM_03644,2,train
CAU_00193,CAUSES,SYM_03451,2,train
CAU_00193,CAUSES,SYM_03408,3,valid
CAU_00193,CAUSES,SYM_04748,2,train
CAU_00193,CAUSES,SYM_03419,2,train
CAU_00193,CAUSES,SYM_03438,2,test
CAU_00193,CAUSES,SYM_03469,2,train
CAU_00193,CAUSES,SYM_03409,2,train
CAU_00193,CAUSES,SYM_03437,2,train
CAU_00193,CAUSES,SYM_03418,2,train
CAU_00193,CAUSES,SYM_03472,2,test
CAU_00004,CAUSES,SYM_03675,2,test
PRE_02519,TREATS,SYM_03407,2,valid
CAU_00018,CAUSES,SYM_03437,2,train
CAU_00010,CAUSES,SYM_03437,6,train
CAU_00000,CAUSES,SYM_03419,16,valid
CAU_00109,CAUSES,SYM_03409,2,train
CAU_00348,CAUSES,SYM_03440,2,train
CAU_00348,CAUSES,SYM_03409,2,train
CAU_00010,CAUSES,SYM_03500,3,valid
CAU_00010,CAUSES,SYM_03540,4,train
CAU_00038,CAUSES,SYM_03426,2,train
CAU_00038,CAUSES,SYM_03480,2,train
CAU_00014,CAUSES,SYM_03426,13,train
CAU_00014,CAUSES,SYM_03509,2,train
CAU_00014,CAUSES,SYM_03480,6,train
CAU_00014,CAUSES,SYM_03522,3,train
CAU_00008,CAUSES,SYM_03431,3,valid
CAU_00000,CAUSES,SYM_03430,6,test
CAU_00000,CAUSES,SYM_03500,2,train
CAU_00000,CAUSES,SYM_03425,8,train
CAU_00000,CAUSES,SYM_03409,13,train
CAU_00000,CAUSES,SYM_04767,2,train
CAU_00000,CAUSES,SYM_03412,14,train
CAU_00008,CAUSES,SYM_03557,2,train
CAU_00029,CAUSES,SYM_03474,4,train
CAU_00029,CAUSES,SYM_03520,5,valid
CAU_00029,CAUSES,SYM_03412,2,train
CAU_00000,CAUSES,SYM_03474,3,train
CAU_00000,CAUSES,SYM_03728,2,train
CAU_00000,CAUSES,SYM_03829,2,train
CAU_00000,CAUSES,SYM_03480,4,train
CAU_00000,CAUSES,SYM_03520,4,train
HER_01875,RELIEVES,SYM_03556,3,train
HER_01854,RELIEVES,SYM_03556,3,train
HER_01875,RELIEVES,SYM_03483,2,train
HER_01893,RELIEVES,SYM_03483,2,train
HER_01880,RELIEVES,SYM_03556,4,train
CAU_00019,CAUSES,SYM_03568,2,train
CAU_00019,CAUSES,SYM_03746,2,train
CAU_00019,CAUSES,SYM_03728,3,train
CAU_00019,CAUSES,SYM_03829,2,train
CAU_00030,CAUSES,SYM_03415,7,train
CAU_00030,CAUSES,SYM_03428,5,test
PRE_02520,TREATS,SYM_03483,2,train
PRE_02520,TREATS,SYM_03556,3,valid
HER_01870,RELIEVES,SYM_03556,2,test
HER_01868,RELIEVES,SYM_03697,2,train
HER_01898,RELIEVES,SYM_03697,2,valid
CAU_00010,CAUSES,SYM_05102,2,train
CAU_00010,CAUSES,SYM_03432,3,train
CAU_00010,CAUSES,SYM_04914,2,train
CAU_00010,CAUSES,SYM_03697,2,train
CAU_00010,CAUSES,SYM_05242,2,train
CAU_00010,CAUSES,SYM_03557,2,train
CAU_00010,CAUSES,SYM_05008,2,train
CAU_00019,CAUSES,SYM_03429,3,valid
CAU_00019,CAUSES,SYM_03409,3,train
CAU_00008,CAUSES,SYM_03447,3,train
CAU_00008,CAUSES,SYM_03420,3,train
CAU_00162,CAUSES,SYM_03553,2,train
CAU_00162,CAUSES,SYM_03414,4,train
CAU_00000,CAUSES,SYM_05009,2,train
CAU_00000,CAUSES,SYM_03995,2,train
CAU_00000,CAUSES,SYM_03996,2,train
CAU_00000,CAUSES,SYM_03730,4,train
CAU_00004,CAUSES,SYM_03426,6,train
CAU_00004,CAUSES,SYM_03415,4,train
CAU_00004,CAUSES,SYM_03730,2,train
CAU_00005,CAUSES,SYM_03899,2,train
CAU_00005,CAUSES,SYM_03539,6,train
CAU_00005,CAUSES,SYM_03433,13,valid
CAU_00005,CAUSES,SYM_03995,2,train
CAU_00005,CAUSES,SYM_03425,12,test
CAU_00005,CAUSES,SYM_03445,3,train
CAU_00005,CAUSES,SYM_03996,2,test
CAU_00005,CAUSES,SYM_03437,8,train
CAU_00005,CAUSES,SYM_03730,2,train
CAU_00005,CAUSES,SYM_03508,4,train
CAU_00000,CAUSES,SYM_04433,2,train
CAU_00000,CAUSES,SYM_03454,3,train
CAU_00004,CAUSES,SYM_03427,8,train
CAU_00004,CAUSES,SYM_03500,3,train
CAU_00004,CAUSES,SYM_03445,2,train
CAU_00004,CAUSES,SYM_03425,11,train
CAU_00004,CAUSES,SYM_03444,3,train
CAU_00004,CAUSES,SYM_03437,7,train
CAU_00005,CAUSES,SYM_03466,12,test
CAU_00005,CAUSES,SYM_03428,11,test
CAU_00005,CAUSES,SYM_03461,4,train
CAU_00022,CAUSES,SYM_03504,2,train
CAU_00022,CAUSES,SYM_03447,4,train
CAU_00022,CAUSES,SYM_03573,5,train
CAU_00030,CAUSES,SYM_04155,2,valid
CAU_00030,CAUSES,SYM_03855,2,train
CAU_00000,CAUSES,SYM_03417,2,train
CAU_00000,CAUSES,SYM_03410,6,train
CAU_00000,CAUSES,SYM_03445,3,train
HER_01906,RELIEVES,SYM_03554,2,train
HER_01906,RELIEVES,SYM_03409,2,train
HER_01870,RELIEVES,SYM_03554,2,train
CAU_00365,CAUSES,SYM_03431,2,train
CAU_00365,CAUSES,SYM_05216,2,train
CAU_00014,CAUSES,SYM_03429,5,valid
CAU_00010,CAUSES,SYM_03525,3,train
CAU_00010,CAUSES,SYM_03440,17,train
CAU_00002,CAUSES,SYM_05162,2,train
CAU_00002,CAUSES,SYM_03584,3,train
CAU_00002,CAUSES,SYM_03529,5,test
CAU_00002,CAUSES,SYM_03502,4,train
CAU_00008,CAUSES,SYM_04616,2,train
CAU_00008,CAUSES,SYM_03470,4,train
CAU_00008,CAUSES,SYM_03851,2,train
CAU_00008,CAUSES,SYM_03478,22,train
CAU_00008,CAUSES,SYM_03412,13,train
CAU_00008,CAUSES,SYM_03439,11,train
CAU_00008,CAUSES,SYM_03915,3,train
CAU_00008,CAUSES,SYM_03492,3,train
CAU_00002,CAUSES,SYM_03576,3,train
CAU_00010,CAUSES,SYM_03644,3,train
CAU_00010,CAUSES,SYM_03410,3,train
CAU_00010,CAUSES,SYM_03408,4,train
CAU_00010,CAUSES,SYM_03418,2,train
CAU_00029,CAUSES,SYM_03423,4,train
CAU_00076,CAUSES,SYM_03408,2,valid
CAU_00010,CAUSES,SYM_03480,2,train
CAU_00001,CAUSES,SYM_03455,4,train
CAU_00001,CAUSES,SYM_03968,4,train
CAU_00011,CAUSES,SYM_03484,3,train
CAU_00011,CAUSES,SYM_03442,3,train
CAU_00011,CAUSES,SYM_03616,2,test
CAU_00011,CAUSES,SYM_03486,3,train
CAU_00011,CAUSES,SYM_03436,2,train
CAU_00000,CAUSES,SYM_04694,2,train
CAU_00144,CAUSES,SYM_03909,2,train
CAU_00144,CAUSES,SYM_03411,2,train
HER_01938,RELIEVES,SYM_03909,2,train
HER_01938,RELIEVES,SYM_03411,2,train
CAU_00005,CAUSES,SYM_04049,4,train
CAU_00005,CAUSES,SYM_03413,27,train
CAU_00005,CAUSES,SYM_03475,4,train
CAU_00005,CAUSES,SYM_04148,2,train
CAU_00005,CAUSES,SYM_04093,4,train
PRE_02479,TREATS,SYM_04049,2,train
PRE_02479,TREATS,SYM_03413,2,train
PRE_02479,TREATS,SYM_03475,2,valid
PRE_02479,TREATS,SYM_04148,2,test
PRE_02479,TREATS,SYM_04093,2,train
PRE_02479,TREATS,SYM_03461,2,train
PRE_02590,CONTAINS,HER_02117,2,train
PRE_02560,CONTAINS,HER_02117,2,train
PRE_02491,CONTAINS,HER_02117,2,train
CAU_00011,CAUSES,SYM_04408,2,train
CAU_00011,CAUSES,SYM_04275,2,train
CAU_00011,CAUSES,SYM_04091,4,train
CAU_00011,CAUSES,SYM_03794,6,train
CAU_00005,CAUSES,SYM_03739,4,test
CAU_00005,CAUSES,SYM_03480,6,test
CAU_00014,CAUSES,SYM_03416,4,train
CAU_00014,CAUSES,SYM_03418,5,train
CAU_00006,CAUSES,SYM_05184,2,train
CAU_00005,CAUSES,SYM_03589,2,valid
CAU_00021,CAUSES,SYM_03413,13,test
CAU_00021,CAUSES,SYM_03423,17,train
CAU_00021,CAUSES,SYM_03792,2,train
CAU_00021,CAUSES,SYM_03439,5,train
CAU_00021,CAUSES,SYM_03705,2,train
CAU_00021,CAUSES,SYM_03440,2,test
CAU_00007,CAUSES,SYM_03421,6,train
CAU_00007,CAUSES,SYM_03439,7,train
CAU_00007,CAUSES,SYM_03504,2,test
CAU_00034,CAUSES,SYM_03534,2,train
CAU_00010,CAUSES,SYM_03466,8,train
CAU_00003,CAUSES,SYM_03486,4,train
CAU_00000,CAUSES,SYM_04705,2,train
CAU_00001,CAUSES,SYM_03739,4,test
CAU_00001,CAUSES,SYM_03520,7,valid
CAU_00001,CAUSES,SYM_03592,4,train
CAU_00002,CAUSES,SYM_03525,8,test
CAU_00002,CAUSES,SYM_03505,4,train
CAU_00002,CAUSES,SYM_03756,3,train
CAU_00002,CAUSES,SYM_03739,2,train
CAU_00002,CAUSES,SYM_03520,8,train
CAU_00002,CAUSES,SYM_03592,5,train
CAU_00002,CAUSES,SYM_03412,4,train
CAU_00002,CAUSES,SYM_03521,8,test
CAU_00002,CAUSES,SYM_03866,2,train
CAU_00002,CAUSES,SYM_03643,2,train
CAU_00002,CAUSES,SYM_03538,7,train
CAU_00001,CAUSES,SYM_03576,4,train
CAU_00001,CAUSES,SYM_03746,2,train
CAU_00001,CAUSES,SYM_03439,14,train
CAU_00001,CAUSES,SYM_03881,2,train
CAU_00001,CAUSES,SYM_03469,24,train
CAU_00011,CAUSES,SYM_03454,8,train
CAU_00011,CAUSES,SYM_03962,2,train
CAU_00011,CAUSES,SYM_03554,5,train
CAU_00002,CAUSES,SYM_03513,6,test
CAU_00006,CAUSES,SYM_03474,2,train
CAU_00006,CAUSES,SYM_03459,6,train
CAU_00006,CAUSES,SYM_03461,2,test
CAU_00006,CAUSES,SYM_03440,6,train
CAU_00006,CAUSES,SYM_03513,2,train
CAU_00002,CAUSES,SYM_03516,3,valid
CAU_00002,CAUSES,SYM_03753,2,train
CAU_00002,CAUSES,SYM_03733,2,train
CAU_00002,CAUSES,SYM_03585,5,train
CAU_00002,CAUSES,SYM_03461,9,train
CAU_00002,CAUSES,SYM_03488,4,train
CAU_00042,CAUSES,SYM_03568,4,train
CAU_00042,CAUSES,SYM_03509,2,train
CAU_00042,CAUSES,SYM_03551,2,train
CAU_00042,CAUSES,SYM_03691,2,valid
CAU_00042,CAUSES,SYM_03602,2,train
CAU_00038,CAUSES,SYM_03568,2,valid
CAU_00038,CAUSES,SYM_03551,4,train
CAU_00038,CAUSES,SYM_03691,3,train
CAU_00038,CAUSES,SYM_03602,2,valid
CAU_00006,CAUSES,SYM_03445,2,train
CAU_00006,CAUSES,SYM_03492,3,train
CAU_00003,CAUSES,SYM_03420,14,train
CAU_00003,CAUSES,SYM_03492,4,train
CAU_00007,CAUSES,SYM_03491,3,train
CAU_00007,CAUSES,SYM_03493,3,valid
CAU_00007,CAUSES,SYM_03409,10,train
CAU_00001,CAUSES,SYM_05123,2,train
CAU_00001,CAUSES,SYM_04712,2,train
CAU_00001,CAUSES,SYM_03571,4,train
CAU_00001,CAUSES,SYM_03498,5,valid
CAU_00001,CAUSES,SYM_03416,3,train
CAU_00005,CAUSES,SYM_03474,2,valid
CAU_00005,CAUSES,SYM_03441,3,train
CAU_00005,CAUSES,SYM_03473,3,train
CAU_00006,CAUSES,SYM_03436,2,train
CAU_00006,CAUSES,SYM_03480,2,train
CAU_00004,CAUSES,SYM_03599,3,train
CAU_00004,CAUSES,SYM_03424,4,test
CAU_00044,CAUSES,SYM_03438,2,train
CAU_00044,CAUSES,SYM_03418,4,train
CAU_00044,CAUSES,SYM_03472,2,test
CAU_00078,CAUSES,SYM_03426,2,valid
CAU_00002,CAUSES,SYM_03626,4,train
CAU_00002,CAUSES,SYM_03470,3,valid
CAU_00002,CAUSES,SYM_03448,8,train
CAU_00002,CAUSES,SYM_03671,7,train
CAU_00002,CAUSES,SYM_03830,3,train
CAU_00002,CAUSES,SYM_03467,3,train
CAU_00002,CAUSES,SYM_03672,3,train
CAU_00034,CAUSES,SYM_03423,2,train
CAU_00034,CAUSES,SYM_03432,4,train
CAU_00034,CAUSES,SYM_03427,2,valid
PRE_02484,TREATS,SYM_03665,2,train
HER_01873,RELIEVES,SYM_03665,2,train
PRE_02482,CONTAINS,HER_02013,2,train
PRE_02482,TREATS,SYM_05034,2,train
HER_01857,RELIEVES,SYM_05034,2,train
HER_01914,RELIEVES,SYM_05034,2,train
HER_01899,RELIEVES,SYM_05034,2,test
HER_01882,RELIEVES,SYM_05034,2,test
HER_01854,RELIEVES,SYM_05034,2,train
HER_02013,RELIEVES,SYM_05034,2,train
HER_01874,RELIEVES,SYM_05034,2,train
HER_01864,RELIEVES,SYM_05034,2,train
HER_01898,RELIEVES,SYM_05034,2,train
HER_02002,RELIEVES,SYM_05034,2,train
CAU_00006,CAUSES,SYM_03750,3,train
HER_01974,RELIEVES,SYM_03750,3,train
HER_02012,RELIEVES,SYM_03750,2,train
HER_01855,RELIEVES,SYM_03750,2,train
CAU_00001,CAUSES,SYM_03568,2,train
CAU_00001,CAUSES,SYM_03741,6,train
CAU_00001,CAUSES,SYM_03436,5,valid
CAU_00001,CAUSES,SYM_03508,7,test
CAU_00042,CAUSES,SYM_03420,2,train
CAU_00042,CAUSES,SYM_03433,2,train
CAU_00042,CAUSES,SYM_03741,2,train
CAU_00042,CAUSES,SYM_03436,2,test
CAU_00042,CAUSES,SYM_03437,2,valid
CAU_00042,CAUSES,SYM_03508,2,train
CAU_00042,CAUSES,SYM_03473,2,train
CAU_00051,CAUSES,SYM_03723,3,train
CAU_00051,CAUSES,SYM_03428,2,train
CAU_00003,CAUSES,SYM_03652,4,train
CAU_00003,CAUSES,SYM_03429,4,train
CAU_00003,CAUSES,SYM_03969,2,train
CAU_00042,CAUSES,SYM_03652,2,valid
CAU_00042,CAUSES,SYM_03442,2,test
CAU_00042,CAUSES,SYM_03429,4,train
CAU_00042,CAUSES,SYM_03969,2,train
CAU_00042,CAUSES,SYM_03412,3,train
CAU_00051,CAUSES,SYM_03488,3,train
CAU_00051,CAUSES,SYM_03627,2,train
CAU_00051,CAUSES,SYM_03671,2,test
CAU_00051,CAUSES,SYM_03437,3,test
CAU_00002,CAUSES,SYM_03451,4,train
CAU_00002,CAUSES,SYM_03719,3,train
CAU_00002,CAUSES,SYM_03705,2,train
CAU_00002,CAUSES,SYM_04790,2,train
HER_01859,RELIEVES,SYM_03442,2,train
CAU_00019,CAUSES,SYM_03420,3,train
CAU_00006,CAUSES,SYM_03512,2,train
CAU_00006,CAUSES,SYM_03429,3,valid
CAU_00006,CAUSES,SYM_03454,4,train
CAU_00006,CAUSES,SYM_03449,8,train
CAU_00111,CAUSES,SYM_03568,2,train
CAU_00111,CAUSES,SYM_03433,2,train
CAU_00111,CAUSES,SYM_04062,2,train
CAU_00111,CAUSES,SYM_03428,2,train
CAU_00111,CAUSES,SYM_03513,2,train
CAU_00000,CAUSES,SYM_03433,6,train
CAU_00000,CAUSES,SYM_03506,3,train
CAU_00000,CAUSES,SYM_03451,3,valid
CAU_00030,CAUSES,SYM_03568,2,train
CAU_00030,CAUSES,SYM_03417,2,train
CAU_00030,CAUSES,SYM_03512,2,train
CAU_00030,CAUSES,SYM_03431,2,train
CAU_00030,CAUSES,SYM_03423,2,train
CAU_00030,CAUSES,SYM_03440,4,train
CAU_00002,CAUSES,SYM_03568,2,test
CAU_00002,CAUSES,SYM_04092,2,train
CAU_00002,CAUSES,SYM_03449,7,test
CAU_00002,CAUSES,SYM_03580,5,valid
CAU_00002,CAUSES,SYM_03492,7,train
CAU_00002,CAUSES,SYM_03512,4,train
CAU_00002,CAUSES,SYM_03558,3,train
CAU_00002,CAUSES,SYM_03631,2,train
CAU_00011,CAUSES,SYM_03417,8,train
CAU_00011,CAUSES,SYM_03448,7,train
CAU_00011,CAUSES,SYM_03562,2,train
CAU_00000,CAUSES,SYM_03448,8,test
CAU_00000,CAUSES,SYM_03769,2,train
CAU_00000,CAUSES,SYM_03455,11,train
CAU_00000,CAUSES,SYM_04288,2,train
CAU_00000,CAUSES,SYM_05079,2,train
CAU_00051,CAUSES,SYM_03417,5,train
CAU_00051,CAUSES,SYM_03461,2,train
CAU_00051,CAUSES,SYM_03420,2,train
CAU_00051,CAUSES,SYM_03425,2,valid
CAU_00051,CAUSES,SYM_03861,2,train
CAU_00051,CAUSES,SYM_03415,2,train
CAU_00019,CAUSES,SYM_03488,2,test
CAU_00019,CAUSES,SYM_03425,5,train
CAU_00000,CAUSES,SYM_03539,2,train
CAU_00000,CAUSES,SYM_03427,2,train
CAU_00000,CAUSES,SYM_03594,4,train
CAU_00000,CAUSES,SYM_03716,3,train
CAU_00000,CAUSES,SYM_03536,5,train
CAU_00000,CAUSES,SYM_03602,3,train
CAU_00014,CAUSES,SYM_03652,2,train
CAU_00014,CAUSES,SYM_03835,3,train
CAU_00014,CAUSES,SYM_03408,3,train
CAU_00014,CAUSES,SYM_03482,2,train
CAU_00003,CAUSES,SYM_03516,7,train
CAU_00003,CAUSES,SYM_03804,2,train
CAU_00003,CAUSES,SYM_03476,13,train
CAU_00003,CAUSES,SYM_05092,2,train
CAU_00004,CAUSES,SYM_03488,4,train
CAU_00004,CAUSES,SYM_05187,2,train
CAU_00004,CAUSES,SYM_03769,4,train
CAU_00007,CAUSES,SYM_03417,3,train
CAU_00007,CAUSES,SYM_03616,4,train
HER_01862,RELIEVES,SYM_03417,2,train
CAU_00022,CAUSES,SYM_03410,14,train
PRE_03025,CONTAINS,HER_01872,2,test
PRE_03025,CONTAINS,HER_01862,2,train
PRE_03025,CONTAINS,HER_01858,2,train
PRE_02541,CONTAINS,HER_01862,2,train
PRE_02541,CONTAINS,HER_01858,2,train
CAU_00049,CAUSES,SYM_03436,2,train
CAU_00076,CAUSES,SYM_03420,2,train
CAU_00076,CAUSES,SYM_03433,2,valid
CAU_00076,CAUSES,SYM_03452,2,train
HER_01857,HAS_EFFECT,EFF_01434,2,train
HER_01862,HAS_EFFECT,EFF_01434,2,train
HER_01854,HAS_EFFECT,EFF_01434,2,train
HER_01855,HAS_EFFECT,EFF_01434,2,train
HER_01860,HAS_EFFECT,EFF_01434,2,test
HER_01879,HAS_EFFECT,EFF_01434,2,train
CAU_00014,CAUSES,SYM_05013,2,train
CAU_00014,CAUSES,SYM_03681,6,train
CAU_00014,CAUSES,SYM_03410,5,train
CAU_00014,CAUSES,SYM_03506,2,valid
CAU_00014,CAUSES,SYM_03412,3,train
CAU_00002,CAUSES,SYM_04131,3,train
CAU_00002,CAUSES,SYM_03723,6,train
CAU_00002,CAUSES,SYM_03425,12,train
CAU_00039,CAUSES,SYM_03563,3,train
CAU_00039,CAUSES,SYM_03485,3,train
CAU_00039,CAUSES,SYM_03569,4,train
CAU_00039,CAUSES,SYM_03508,2,train
CAU_00004,CAUSES,SYM_03508,2,train
CAU_00002,CAUSES,SYM_03743,3,test
CAU_00000,CAUSES,SYM_03509,4,train
CAU_00078,CAUSES,SYM_03428,2,train
CAU_00003,CAUSES,SYM_03493,11,train
CAU_00003,CAUSES,SYM_03445,4,valid
CAU_00003,CAUSES,SYM_03478,3,train
CAU_00002,CAUSES,SYM_03644,3,train
CAU_00002,CAUSES,SYM_03499,5,train
CAU_00002,CAUSES,SYM_03473,2,train
CAU_00128,CAUSES,SYM_03520,2,train
CAU_00008,CAUSES,SYM_03942,3,train
CAU_00007,CAUSES,SYM_03489,6,train
CAU_00007,CAUSES,SYM_03435,3,train
CAU_00007,CAUSES,SYM_03419,9,train
CAU_00049,CAUSES,SYM_03421,2,train
CAU_00008,CAUSES,SYM_03456,7,train
CAU_00008,CAUSES,SYM_03410,5,train
CAU_00008,CAUSES,SYM_03483,7,valid
CAU_00007,CAUSES,SYM_03505,2,train
CAU_00079,CAUSES,SYM_03419,2,train
CAU_00014,CAUSES,SYM_03486,8,train
CAU_00014,CAUSES,SYM_03424,2,train
CAU_00014,CAUSES,SYM_03407,2,valid
CAU_00038,CAUSES,SYM_03495,2,valid
CAU_00038,CAUSES,SYM_03519,2,train
CAU_00038,CAUSES,SYM_03593,2,train
CAU_00014,CAUSES,SYM_05039,2,train
CAU_00011,CAUSES,SYM_03776,2,train
CAU_00041,CAUSES,SYM_03410,4,valid
CAU_00041,CAUSES,SYM_03434,3,train
CAU_00041,CAUSES,SYM_03418,3,test
CAU_00041,CAUSES,SYM_03431,5,test
CAU_00011,CAUSES,SYM_03426,8,test
CAU_00011,CAUSES,SYM_03421,3,train
CAU_00011,CAUSES,SYM_03408,2,train
CAU_00011,CAUSES,SYM_03418,2,train
CAU_00041,CAUSES,SYM_03504,2,train
CAU_00000,CAUSES,SYM_03435,8,train
CAU_00000,CAUSES,SYM_03776,2,train
CAU_00011,CAUSES,SYM_03447,2,train
CAU_00004,CAUSES,SYM_03573,2,train
CAU_00004,CAUSES,SYM_03489,3,train
CAU_00063,CAUSES,SYM_04085,2,train
CAU_00063,CAUSES,SYM_03434,2,train
CAU_00063,CAUSES,SYM_03892,2,train
CAU_00063,CAUSES,SYM_04099,2,train
CAU_00063,CAUSES,SYM_03447,2,train
CAU_00003,CAUSES,SYM_03512,3,train
CAU_00003,CAUSES,SYM_03449,2,valid
CAU_00003,CAUSES,SYM_03443,16,test
CAU_00003,CAUSES,SYM_03480,3,train
CAU_00019,CAUSES,SYM_03685,2,train
CAU_00001,CAUSES,SYM_03434,5,train
CAU_00001,CAUSES,SYM_03677,2,train
CAU_00001,CAUSES,SYM_03766,2,train
HER_01890,RELIEVES,SYM_03483,2,test
CAU_00032,CAUSES,SYM_03491,3,valid
CAU_00032,CAUSES,SYM_03407,2,train
CAU_00000,CAUSES,SYM_03434,3,train
HER_01932,RELIEVES,SYM_03434,3,valid
HER_01906,RELIEVES,SYM_03434,2,train
HER_01906,RELIEVES,SYM_03445,2,train
HER_02136,RELIEVES,SYM_03410,2,train
HER_02136,RELIEVES,SYM_03434,2,train
CAU_00041,CAUSES,SYM_03889,2,train
HER_01867,RELIEVES,SYM_03434,2,train
HER_02153,RELIEVES,SYM_03410,2,train
HER_02153,RELIEVES,SYM_03434,2,train
CAU_00001,CAUSES,SYM_03617,2,train
CAU_00032,CAUSES,SYM_03445,5,train
CAU_00032,CAUSES,SYM_03413,10,train
CAU_00164,CAUSES,SYM_03484,2,train
CAU_00164,CAUSES,SYM_03892,2,train
CAU_00221,CAUSES,SYM_03548,2,train
CAU_00221,CAUSES,SYM_03491,2,train
CAU_00221,CAUSES,SYM_03449,2,train
CAU_00221,CAUSES,SYM_03554,2,train
CAU_00014,CAUSES,SYM_03484,2,train
CAU_00014,CAUSES,SYM_03432,2,train
CAU_00014,CAUSES,SYM_03445,2,train
CAU_00109,CAUSES,SYM_03407,2,train
CAU_00109,CAUSES,SYM_03548,2,train
CAU_00109,CAUSES,SYM_03424,2,train
CAU_00011,CAUSES,SYM_03435,5,valid
CAU_00042,CAUSES,SYM_03556,2,train
CAU_00042,CAUSES,SYM_03435,2,train
CAU_00042,CAUSES,SYM_03410,2,train
CAU_00042,CAUSES,SYM_03548,2,train
CAU_00002,CAUSES,SYM_03487,4,train
CAU_00002,CAUSES,SYM_03660,5,train
CAU_00002,CAUSES,SYM_04233,2,train
CAU_00002,CAUSES,SYM_03766,3,test
CAU_00025,CAUSES,SYM_03455,2,valid
CAU_00030,CAUSES,SYM_03414,3,train
CAU_00030,CAUSES,SYM_03491,2,valid
CAU_00030,CAUSES,SYM_03432,2,train
CAU_00030,CAUSES,SYM_03441,2,train
CAU_00030,CAUSES,SYM_03611,2,test
CAU_00030,CAUSES,SYM_04550,2,train
CAU_00030,CAUSES,SYM_04702,2,train
CAU_00030,CAUSES,SYM_03424,2,valid
CAU_00030,CAUSES,SYM_03407,2,train
CAU_00041,CAUSES,SYM_03445,5,train
CAU_00041,CAUSES,SYM_03478,2,train
CAU_00041,CAUSES,SYM_05014,2,train
CAU_00004,CAUSES,SYM_04998,2,train
CAU_00004,CAUSES,SYM_05084,2,train
CAU_00344,CAUSES,SYM_04536,2,train
CAU_00344,CAUSES,SYM_03536,2,test
CAU_00164,CAUSES,SYM_03434,2,train
CAU_00164,CAUSES,SYM_03408,2,train
CAU_00007,CAUSES,SYM_03748,2,train
CAU_00000,CAUSES,SYM_03483,3,valid
CAU_00000,CAUSES,SYM_03421,3,train
CAU_00032,CAUSES,SYM_03429,2,valid
CAU_00004,CAUSES,SYM_03490,2,train
CAU_00004,CAUSES,SYM_05174,2,train
CAU_00004,CAUSES,SYM_03436,4,train
CAU_00004,CAUSES,SYM_03411,2,train
CAU_00000,CAUSES,SYM_03499,3,train
CAU_00000,CAUSES,SYM_05190,2,train
CAU_00000,CAUSES,SYM_04483,2,train
CAU_00000,CAUSES,SYM_05025,2,train
CAU_00000,CAUSES,SYM_03578,3,train
CAU_00002,CAUSES,SYM_03429,4,train
CAU_00002,CAUSES,SYM_03454,3,valid
CAU_00002,CAUSES,SYM_03716,2,train
CAU_00002,CAUSES,SYM_05132,2,train
CAU_00002,CAUSES,SYM_04747,2,train
CAU_00008,CAUSES,SYM_03459,2,valid
CAU_00008,CAUSES,SYM_03445,3,train
CAU_00001,CAUSES,SYM_04401,2,train
CAU_00001,CAUSES,SYM_05133,2,train
CAU_00001,CAUSES,SYM_03429,2,train
CAU_00001,CAUSES,SYM_03514,15,train
CAU_00001,CAUSES,SYM_03716,2,test
CAU_00001,CAUSES,SYM_03536,2,train
CAU_00001,CAUSES,SYM_04713,2,train
CAU_00011,CAUSES,SYM_03429,8,train
CAU_00011,CAUSES,SYM_03750,2,test
CAU_00011,CAUSES,SYM_05206,2,train
CAU_00011,CAUSES,SYM_04162,2,train
CAU_00025,CAUSES,SYM_03417,2,train
CAU_00025,CAUSES,SYM_03538,3,train
CAU_00025,CAUSES,SYM_03423,2,train
CAU_00000,CAUSES,SYM_04981,2,train
CAU_00012,CAUSES,SYM_03527,2,train
CAU_00012,CAUSES,SYM_03431,5,train
CAU_00038,CAUSES,SYM_03421,2,train
CAU_00022,CAUSES,SYM_03754,2,train
CAU_00022,CAUSES,SYM_03820,2,train
CAU_00022,CAUSES,SYM_03421,4,train
CAU_00202,CAUSES,SYM_03572,2,train
CAU_00166,CAUSES,SYM_03564,2,train
CAU_00012,CAUSES,SYM_03420,5,train
CAU_00012,CAUSES,SYM_03412,4,train
CAU_00039,CAUSES,SYM_03464,3,train
CAU_00004,CAUSES,SYM_03482,3,train
CAU_00005,CAUSES,SYM_03410,3,train
CAU_00353,CAUSES,SYM_03444,2,train
CAU_00353,CAUSES,SYM_04352,2,train
PRE_02503,CONTAINS,HER_02177,2,train
PRE_02503,CONTAINS,HER_01962,3,train
CAU_00001,CAUSES,SYM_03493,5,train
CAU_00001,CAUSES,SYM_03607,2,train
CAU_00001,CAUSES,SYM_03573,5,train
CAU_00165,CAUSES,SYM_03420,2,valid
CAU_00034,CAUSES,SYM_03420,2,train
CAU_00034,CAUSES,SYM_03415,2,train
CAU_00034,CAUSES,SYM_03558,2,train
CAU_00022,CAUSES,SYM_03484,3,train
CAU_00022,CAUSES,SYM_03420,2,train
CAU_00022,CAUSES,SYM_03493,3,test
CAU_00022,CAUSES,SYM_03436,5,valid
CAU_00022,CAUSES,SYM_03412,8,train
CAU_00001,CAUSES,SYM_03442,2,train
CAU_00001,CAUSES,SYM_03683,2,train
CAU_00001,CAUSES,SYM_03407,5,train
CAU_00002,CAUSES,SYM_03452,8,train
CAU_00025,CAUSES,SYM_03452,2,test
CAU_00004,CAUSES,SYM_03525,2,train
CAU_00004,CAUSES,SYM_03439,3,train
CAU_00022,CAUSES,SYM_03486,2,train
CAU_00022,CAUSES,SYM_03498,5,train
CAU_00152,CAUSES,SYM_03409,2,train
CAU_00152,CAUSES,SYM_03436,2,train
CAU_00007,CAUSES,SYM_03484,6,valid
CAU_00007,CAUSES,SYM_03459,2,test
CAU_00011,CAUSES,SYM_03439,3,train
CAU_00011,CAUSES,SYM_03497,3,train
CAU_00000,CAUSES,SYM_03569,6,valid
CAU_00000,CAUSES,SYM_03563,5,train
CAU_00000,CAUSES,SYM_03508,2,train
CAU_00031,CAUSES,SYM_03407,2,train
CAU_00157,CAUSES,SYM_03417,2,train
CAU_00157,CAUSES,SYM_03429,2,test
CAU_00157,CAUSES,SYM_03448,2,train
CAU_00011,CAUSES,SYM_03440,3,train
CAU_00025,CAUSES,SYM_03610,2,train
CAU_00001,CAUSES,SYM_03563,2,train
CAU_00001,CAUSES,SYM_03450,2,train
CAU_00001,CAUSES,SYM_03499,2,test
CAU_00008,CAUSES,SYM_03441,2,train
CAU_00008,CAUSES,SYM_03495,6,train
CAU_00006,CAUSES,SYM_03415,10,train
CAU_00006,CAUSES,SYM_04449,2,train
CAU_00006,CAUSES,SYM_03544,6,train
CAU_00004,CAUSES,SYM_04752,2,train
CAU_00004,CAUSES,SYM_03451,4,train
CAU_00004,CAUSES,SYM_04434,2,train
CAU_00004,CAUSES,SYM_03519,3,train
CAU_00028,CAUSES,SYM_04190,2,train
CAU_00004,CAUSES,SYM_03414,2,train
CAU_00002,CAUSES,SYM_03408,4,test
HER_02035,HAS_EFFECT,EFF_01437,2,train
HER_02035,HAS_EFFECT,EFF_01288,2,train
CAU_00003,CAUSES,SYM_03482,8,train
CAU_00312,CAUSES,SYM_03407,2,train
CAU_00004,CAUSES,SYM_03452,2,train
PRE_03044,CONTAINS,HER_02077,2,valid
PRE_03044,CONTAINS,HER_01890,2,train
CAU_00018,CAUSES,SYM_03439,2,train
CAU_00084,CAUSES,SYM_03420,3,train
CAU_00084,CAUSES,SYM_03408,2,test
CAU_00001,CAUSES,SYM_03542,2,train
CAU_00001,CAUSES,SYM_03511,2,train
CAU_00098,CAUSES,SYM_03408,3,train
CAU_00098,CAUSES,SYM_03439,2,train
CAU_00098,CAUSES,SYM_03437,3,train
CAU_00011,CAUSES,SYM_04341,2,train
CAU_00002,CAUSES,SYM_03539,2,train
CAU_00002,CAUSES,SYM_03563,5,train
CAU_00002,CAUSES,SYM_03437,5,train
CAU_00237,CAUSES,SYM_03437,2,train
CAU_00237,CAUSES,SYM_03511,2,train
CAU_00019,CAUSES,SYM_03407,3,train
CAU_00002,CAUSES,SYM_04906,2,train
CAU_00002,CAUSES,SYM_03727,2,test
CAU_00044,CAUSES,SYM_03511,2,train
CAU_00002,CAUSES,SYM_03856,2,train
CAU_00010,CAUSES,SYM_04825,2,train
CAU_00048,CAUSES,SYM_03500,2,train
CAU_00006,CAUSES,SYM_03727,2,test
CAU_00006,CAUSES,SYM_04253,2,train
CAU_00022,CAUSES,SYM_03464,4,train
CAU_00022,CAUSES,SYM_03462,2,train
CAU_00022,CAUSES,SYM_03419,5,train
CAU_00022,CAUSES,SYM_03824,2,train
CAU_00001,CAUSES,SYM_03485,3,train
CAU_00001,CAUSES,SYM_03710,5,train
CAU_00002,CAUSES,SYM_03922,2,train
CAU_00034,CAUSES,SYM_03433,3,train
CAU_00034,CAUSES,SYM_03413,5,train
CAU_00034,CAUSES,SYM_03452,2,train
CAU_00034,CAUSES,SYM_03492,2,train
CAU_00015,CAUSES,SYM_03485,2,train
CAU_00039,CAUSES,SYM_03430,2,test
CAU_00039,CAUSES,SYM_03604,2,train
CAU_00039,CAUSES,SYM_03429,4,test
CAU_00039,CAUSES,SYM_03687,2,train
CAU_00039,CAUSES,SYM_03620,2,train
CAU_00039,CAUSES,SYM_03454,3,train
CAU_00098,CAUSES,SYM_03430,2,train
CAU_00002,CAUSES,SYM_04911,2,train
CAU_00020,CAUSES,SYM_03414,2,train
CAU_00012,CAUSES,SYM_03452,4,train
CAU_00012,CAUSES,SYM_03418,7,train
CAU_00001,CAUSES,SYM_03448,2,train
CAU_00001,CAUSES,SYM_04082,2,train
CAU_00014,CAUSES,SYM_03454,5,train
CAU_00014,CAUSES,SYM_04395,2,train
CAU_00014,CAUSES,SYM_03872,2,test
CAU_00014,CAUSES,SYM_04344,2,train
CAU_00001,CAUSES,SYM_03512,2,test
CAU_00001,CAUSES,SYM_03410,16,train
CAU_00020,CAUSES,SYM_03662,2,train
CAU_00147,CAUSES,SYM_03581,2,train
CAU_00403,CAUSES,SYM_04075,2,train
CAU_00403,CAUSES,SYM_03444,2,train
CAU_00403,CAUSES,SYM_03695,2,train
CAU_00007,CAUSES,SYM_04075,3,train
CAU_00000,CAUSES,SYM_03534,3,train
CAU_00055,CAUSES,SYM_03416,2,valid
CAU_00055,CAUSES,SYM_03412,3,valid
CAU_00036,CAUSES,SYM_03424,2,train
CAU_00036,CAUSES,SYM_03407,2,train
CAU_00001,CAUSES,SYM_03596,5,train
CAU_00001,CAUSES,SYM_03660,5,train
CAU_00055,CAUSES,SYM_03652,2,train
CAU_00003,CAUSES,SYM_04994,2,train
CAU_00003,CAUSES,SYM_03454,10,train
CAU_00011,CAUSES,SYM_03449,2,train
CAU_00011,CAUSES,SYM_03699,2,train
CAU_00011,CAUSES,SYM_04014,2,train
CAU_00002,CAUSES,SYM_04137,2,valid
CAU_00002,CAUSES,SYM_03497,2,train
CAU_00028,CAUSES,SYM_03414,5,train
CAU_00004,CAUSES,SYM_03484,3,test
CAU_00004,CAUSES,SYM_03895,2,train
CAU_00004,CAUSES,SYM_03576,2,train
CAU_00004,CAUSES,SYM_03706,2,train
CAU_00004,CAUSES,SYM_03795,2,train
CAU_00004,CAUSES,SYM_04688,2,train
CAU_00004,CAUSES,SYM_03602,2,train
CAU_00000,CAUSES,SYM_03895,2,train
CAU_00000,CAUSES,SYM_03706,2,valid
CAU_00000,CAUSES,SYM_03662,6,train
CAU_00000,CAUSES,SYM_03795,2,train
CAU_00001,CAUSES,SYM_05077,2,train
CAU_00001,CAUSES,SYM_03500,3,train
CAU_00001,CAUSES,SYM_03425,11,train
CAU_00001,CAUSES,SYM_03492,3,train
CAU_00055,CAUSES,SYM_03410,3,train
CAU_00055,CAUSES,SYM_03586,2,valid
CAU_00055,CAUSES,SYM_03407,2,train
CAU_00004,CAUSES,SYM_03464,5,train
CAU_00004,CAUSES,SYM_03630,4,train
CAU_00004,CAUSES,SYM_03719,4,valid
CAU_00004,CAUSES,SYM_03462,5,train
CAU_00004,CAUSES,SYM_04143,4,train
CAU_00004,CAUSES,SYM_04024,3,train
CAU_00001,CAUSES,SYM_03462,5,train
CAU_00004,CAUSES,SYM_04934,2,train
CAU_00004,CAUSES,SYM_04096,2,train
CAU_00004,CAUSES,SYM_03607,2,train
CAU_00004,CAUSES,SYM_03651,3,train
CAU_00004,CAUSES,SYM_04249,2,train
CAU_00003,CAUSES,SYM_03855,2,valid
CAU_00003,CAUSES,SYM_03630,2,test
CAU_00003,CAUSES,SYM_03441,3,train
CAU_00003,CAUSES,SYM_03679,4,train
CAU_00003,CAUSES,SYM_04718,2,train
CAU_00003,CAUSES,SYM_03427,2,valid
CAU_00003,CAUSES,SYM_04024,2,train
CAU_00003,CAUSES,SYM_03424,4,train
CAU_00004,CAUSES,SYM_03591,4,train
CAU_00004,CAUSES,SYM_03453,2,train
CAU_00004,CAUSES,SYM_03479,2,train
CAU_00004,CAUSES,SYM_03429,2,valid
CAU_00003,CAUSES,SYM_03960,3,train
CAU_00003,CAUSES,SYM_04580,2,train
CAU_00004,CAUSES,SYM_03620,2,train
CAU_00004,CAUSES,SYM_03906,2,train
CAU_00004,CAUSES,SYM_04238,2,train
CAU_00057,CAUSES,SYM_03423,4,train
CAU_00057,CAUSES,SYM_03792,2,train
CAU_00057,CAUSES,SYM_03413,4,train
CAU_00057,CAUSES,SYM_03461,3,train
CAU_00057,CAUSES,SYM_03440,2,train
CAU_00032,CAUSES,SYM_03466,6,train
CAU_00032,CAUSES,SYM_03415,7,train
CAU_00032,CAUSES,SYM_03417,3,train
CAU_00032,CAUSES,SYM_03423,6,train
CAU_00032,CAUSES,SYM_03755,2,train
CAU_00032,CAUSES,SYM_03643,3,test
CAU_00032,CAUSES,SYM_03461,5,train
CAU_00032,CAUSES,SYM_03440,4,train
CAU_00028,CAUSES,SYM_04117,2,train
CAU_00000,CAUSES,SYM_04117,3,train
CAU_00000,CAUSES,SYM_03413,4,train
CAU_00000,CAUSES,SYM_03423,7,train
CAU_00000,CAUSES,SYM_03597,8,train
CAU_00000,CAUSES,SYM_03554,2,valid
CAU_00028,CAUSES,SYM_03520,4,test
CAU_00026,CAUSES,SYM_03509,2,valid
CAU_00026,CAUSES,SYM_03620,2,train
CAU_00026,CAUSES,SYM_03546,4,train
CAU_00026,CAUSES,SYM_03422,2,train
CAU_00026,CAUSES,SYM_03479,6,train
CAU_00000,CAUSES,SYM_03453,4,train
CAU_00000,CAUSES,SYM_03620,3,valid
CAU_00000,CAUSES,SYM_03546,4,valid
CAU_00000,CAUSES,SYM_03422,11,train
CAU_00000,CAUSES,SYM_03479,7,test
CAU_00001,CAUSES,SYM_03464,2,train
CAU_00003,CAUSES,SYM_03447,7,train
CAU_00005,CAUSES,SYM_03427,4,test
CAU_00005,CAUSES,SYM_03511,3,train
CAU_00026,CAUSES,SYM_03604,3,train
CAU_00000,CAUSES,SYM_03604,2,train
CAU_00000,CAUSES,SYM_03768,6,train
CAU_00096,CAUSES,SYM_03681,4,test
CAU_00096,CAUSES,SYM_03414,4,train
CAU_00096,CAUSES,SYM_03413,3,train
CAU_00096,CAUSES,SYM_03486,3,train
CAU_00014,CAUSES,SYM_03414,8,valid
CAU_00014,CAUSES,SYM_03857,2,train
CAU_00014,CAUSES,SYM_03413,2,train
CAU_00014,CAUSES,SYM_03467,4,train
CAU_00026,CAUSES,SYM_03415,2,train
CAU_00026,CAUSES,SYM_03742,2,train
CAU_00026,CAUSES,SYM_03662,4,valid
CAU_00006,CAUSES,SYM_03433,8,train
CAU_00006,CAUSES,SYM_03742,3,train
CAU_00006,CAUSES,SYM_03662,2,train
CAU_00006,CAUSES,SYM_03980,2,train
CAU_00006,CAUSES,SYM_03520,4,train
CAU_00006,CAUSES,SYM_03479,3,train
CAU_00028,CAUSES,SYM_03980,2,train
CAU_00069,CAUSES,SYM_03415,2,train
CAU_00069,CAUSES,SYM_03429,2,test
CAU_00069,CAUSES,SYM_03597,3,train
CAU_00000,CAUSES,SYM_03980,2,train
CAU_00006,CAUSES,SYM_03426,4,train
CAU_00006,CAUSES,SYM_03681,2,train
CAU_00006,CAUSES,SYM_03486,3,test
CAU_00096,CAUSES,SYM_03426,3,train
CAU_00010,CAUSES,SYM_03655,3,train
CAU_00010,CAUSES,SYM_03448,4,valid
CAU_00010,CAUSES,SYM_03755,5,train
CAU_00000,CAUSES,SYM_03646,2,train
CAU_00032,CAUSES,SYM_03475,3,train
CAU_00009,CAUSES,SYM_03440,2,train
CAU_00026,CAUSES,SYM_03551,2,train
CAU_00012,CAUSES,SYM_03579,2,train
CAU_00012,CAUSES,SYM_03514,2,train
CAU_00012,CAUSES,SYM_03451,4,train
CAU_00012,CAUSES,SYM_03441,7,train
CAU_00012,CAUSES,SYM_03469,2,train
CAU_00012,CAUSES,SYM_03473,3,train
CAU_00012,CAUSES,SYM_03472,3,train
CAU_00001,CAUSES,SYM_03579,4,train
CAU_00001,CAUSES,SYM_04176,2,train
CAU_00141,CAUSES,SYM_03441,2,train
CAU_00141,CAUSES,SYM_03412,4,valid
CAU_00013,CAUSES,SYM_03426,2,test
CAU_00013,CAUSES,SYM_03417,2,train
CAU_00013,CAUSES,SYM_03416,11,train
CAU_00013,CAUSES,SYM_03419,2,train
CAU_00013,CAUSES,SYM_03412,6,train
CAU_00039,CAUSES,SYM_03417,3,train
CAU_00039,CAUSES,SYM_03423,2,valid
CAU_00039,CAUSES,SYM_04967,2,train
CAU_00039,CAUSES,SYM_03880,2,train
CAU_00001,CAUSES,SYM_03747,4,train
CAU_00001,CAUSES,SYM_04631,2,train
CAU_00029,CAUSES,SYM_03747,2,train
CAU_00026,CAUSES,SYM_03429,2,train
CAU_00039,CAUSES,SYM_03479,2,valid
CAU_00029,CAUSES,SYM_03646,2,train
CAU_00000,CAUSES,SYM_03746,4,train
CAU_00026,CAUSES,SYM_03485,2,train
CAU_00006,CAUSES,SYM_03604,2,valid
CAU_00006,CAUSES,SYM_03759,3,train
CAU_00006,CAUSES,SYM_03485,4,train
CAU_00096,CAUSES,SYM_03423,2,train
CAU_00096,CAUSES,SYM_03500,2,train
CAU_00096,CAUSES,SYM_03425,2,train
CAU_00014,CAUSES,SYM_03423,3,train
CAU_00014,CAUSES,SYM_03500,2,train
CAU_00014,CAUSES,SYM_03425,4,train
CAU_00014,CAUSES,SYM_03427,5,test
CAU_00014,CAUSES,SYM_03440,3,train
CAU_00020,CAUSES,SYM_03450,2,valid
CAU_00020,CAUSES,SYM_03479,3,train
CAU_00006,CAUSES,SYM_03481,2,train
CAU_00006,CAUSES,SYM_03627,3,train
CAU_00006,CAUSES,SYM_03551,3,test
CAU_00006,CAUSES,SYM_03466,3,train
CAU_00006,CAUSES,SYM_03427,4,train
CAU_00006,CAUSES,SYM_03611,2,train
CAU_00006,CAUSES,SYM_04808,2,train
CAU_00012,CAUSES,SYM_03702,2,train
CAU_00012,CAUSES,SYM_03421,3,train
CAU_00012,CAUSES,SYM_03485,3,train
CAU_00001,CAUSES,SYM_03531,7,valid
CAU_00001,CAUSES,SYM_03702,3,train
CAU_00001,CAUSES,SYM_03742,2,train
CAU_00001,CAUSES,SYM_03421,5,valid
CAU_00032,CAUSES,SYM_03683,2,train
CAU_00032,CAUSES,SYM_03496,5,train
CAU_00001,CAUSES,SYM_03466,4,train
CAU_00001,CAUSES,SYM_05172,2,train
CAU_00001,CAUSES,SYM_04826,2,train
CAU_00042,CAUSES,SYM_03466,2,test
CAU_00042,CAUSES,SYM_03465,2,train
CAU_00042,CAUSES,SYM_03452,2,train
CAU_00042,CAUSES,SYM_05172,2,valid
CAU_00042,CAUSES,SYM_03408,2,valid
CAU_00042,CAUSES,SYM_03425,3,train
CAU_00042,CAUSES,SYM_04826,2,train
CAU_00007,CAUSES,SYM_04969,2,train
PRE_02491,TREATS,SYM_03485,2,train
CAU_00022,CAUSES,SYM_04696,2,train
CAU_00022,CAUSES,SYM_03963,2,train
CAU_00022,CAUSES,SYM_04972,2,train
CAU_00015,CAUSES,SYM_03415,2,train
CAU_00015,CAUSES,SYM_03475,2,train
CAU_00015,CAUSES,SYM_03643,2,train
CAU_00015,CAUSES,SYM_03584,2,train
CAU_00015,CAUSES,SYM_03461,3,train
CAU_00015,CAUSES,SYM_03440,3,test
CAU_00010,CAUSES,SYM_03643,2,train
CAU_00010,CAUSES,SYM_03946,2,train
CAU_00129,CAUSES,SYM_03433,2,train
CAU_00129,CAUSES,SYM_03627,2,train
CAU_00129,CAUSES,SYM_03432,2,train
CAU_00129,CAUSES,SYM_03551,2,train
CAU_00006,CAUSES,SYM_03688,2,train
CAU_00006,CAUSES,SYM_03672,2,train
CAU_00001,CAUSES,SYM_04001,2,train
CAU_00072,CAUSES,SYM_03514,7,train
CAU_00038,CAUSES,SYM_03620,2,train
CAU_00038,CAUSES,SYM_04001,2,test
CAU_00206,CAUSES,SYM_03413,2,train
CAU_00206,CAUSES,SYM_03433,2,test
CAU_00206,CAUSES,SYM_03551,2,train
CAU_00206,CAUSES,SYM_03520,2,valid
CAU_00094,CAUSES,SYM_03407,2,train
CAU_00063,CAUSES,SYM_03511,2,train
CAU_00063,CAUSES,SYM_03407,2,train
CAU_00034,CAUSES,SYM_03459,2,train
CAU_00087,CAUSES,SYM_03422,2,valid
CAU_00000,CAUSES,SYM_04047,2,train
CAU_00000,CAUSES,SYM_03945,2,train
CAU_00001,CAUSES,SYM_03646,4,train
CAU_00001,CAUSES,SYM_03597,2,train
CAU_00029,CAUSES,SYM_03514,2,train
CAU_00029,CAUSES,SYM_03441,3,train
CAU_00029,CAUSES,SYM_03439,2,train
CAU_00069,CAUSES,SYM_03418,3,train
CAU_00004,CAUSES,SYM_03530,5,train
CAU_00004,CAUSES,SYM_03597,2,train
CAU_00062,CAUSES,SYM_03597,2,train
CAU_00041,CAUSES,SYM_03413,4,valid
CAU_00041,CAUSES,SYM_03423,2,train
CAU_00041,CAUSES,SYM_03672,2,test
CAU_00041,CAUSES,SYM_03407,2,train
CAU_00006,CAUSES,SYM_03407,2,train
CAU_00072,CAUSES,SYM_03418,7,train
CAU_00072,CAUSES,SYM_03489,4,train
CAU_00072,CAUSES,SYM_03407,4,train
CAU_00380,CAUSES,SYM_03489,2,train
CAU_00044,CAUSES,SYM_03514,2,train
CAU_00040,CAUSES,SYM_03418,2,train
CAU_00010,CAUSES,SYM_03511,5,test
CAU_00069,CAUSES,SYM_03408,2,train
CAU_00069,CAUSES,SYM_03416,2,train
CAU_00004,CAUSES,SYM_03587,5,train
CAU_00086,CAUSES,SYM_03442,2,train
CAU_00086,CAUSES,SYM_03441,2,valid
CAU_00086,CAUSES,SYM_03450,2,train
CAU_00086,CAUSES,SYM_03419,2,test
CAU_00086,CAUSES,SYM_03409,2,test
CAU_00086,CAUSES,SYM_03412,2,train
CAU_00000,CAUSES,SYM_03441,6,valid
CAU_00000,CAUSES,SYM_03611,2,train
CAU_00000,CAUSES,SYM_03461,2,test
CAU_00000,CAUSES,SYM_03440,2,train
CAU_00029,CAUSES,SYM_03452,6,train
CAU_00029,CAUSES,SYM_03469,4,train
CAU_00006,CAUSES,SYM_03422,2,train
CAU_00031,CAUSES,SYM_03444,2,train
CAU_00004,CAUSES,SYM_03571,2,train
CAU_00004,CAUSES,SYM_03768,2,valid
CAU_00004,CAUSES,SYM_04663,2,train
CAU_00029,CAUSES,SYM_03531,3,train
CAU_00029,CAUSES,SYM_03465,3,train
CAU_00157,CAUSES,SYM_03455,2,train
CAU_00157,CAUSES,SYM_03411,2,train
CAU_00044,CAUSES,SYM_03446,2,test
CAU_00000,CAUSES,SYM_03619,2,train
CAU_00141,CAUSES,SYM_03416,2,train
CAU_00141,CAUSES,SYM_03418,3,test
CAU_00003,CAUSES,SYM_03474,2,train
CAU_00003,CAUSES,SYM_03587,3,train
CAU_00021,CAUSES,SYM_03414,9,train
CAU_00021,CAUSES,SYM_03474,2,train
CAU_00021,CAUSES,SYM_03411,2,valid
CAU_00013,CAUSES,SYM_03411,5,train
CAU_00014,CAUSES,SYM_03705,2,train
CAU_00014,CAUSES,SYM_03460,2,train
CAU_00014,CAUSES,SYM_03546,2,train
CAU_00014,CAUSES,SYM_03422,4,train
CAU_00034,CAUSES,SYM_03414,5,test
CAU_00034,CAUSES,SYM_03903,2,train
CAU_00034,CAUSES,SYM_03449,3,train
CAU_00034,CAUSES,SYM_03428,3,train
CAU_00006,CAUSES,SYM_03903,2,valid
CAU_00024,CAUSES,SYM_03414,3,train
CAU_00010,CAUSES,SYM_03452,2,valid
CAU_00030,CAUSES,SYM_03433,2,train
CAU_00030,CAUSES,SYM_03425,2,test
CAU_00030,CAUSES,SYM_03460,4,train
CAU_00030,CAUSES,SYM_03427,4,test
CAU_00030,CAUSES,SYM_03479,3,train
CAU_00030,CAUSES,SYM_03696,2,valid
CAU_00030,CAUSES,SYM_03546,2,train
CAU_00020,CAUSES,SYM_03415,3,test
CAU_00006,CAUSES,SYM_04512,2,train
CAU_00006,CAUSES,SYM_03696,2,test
CAU_00006,CAUSES,SYM_04167,2,train
CAU_00006,CAUSES,SYM_03546,2,train
CAU_00006,CAUSES,SYM_04518,2,train
CAU_00004,CAUSES,SYM_03447,2,train
CAU_00019,CAUSES,SYM_03619,2,train
CAU_00032,CAUSES,SYM_03516,2,train
CAU_00032,CAUSES,SYM_03545,2,test
CAU_00009,CAUSES,SYM_03443,2,train
CAU_00012,CAUSES,SYM_03465,7,train
CAU_00012,CAUSES,SYM_03500,2,train
CAU_00012,CAUSES,SYM_03425,2,train
CAU_00012,CAUSES,SYM_03437,2,train
CAU_00004,CAUSES,SYM_03430,6,test
CAU_00004,CAUSES,SYM_03465,2,train
CAU_00004,CAUSES,SYM_03521,2,train
CAU_00004,CAUSES,SYM_03939,2,train
CAU_00098,CAUSES,SYM_03500,2,train
CAU_00098,CAUSES,SYM_03425,2,train
CAU_00015,CAUSES,SYM_03512,2,train
CAU_00019,CAUSES,SYM_03500,2,train
CAU_00019,CAUSES,SYM_03462,2,train
CAU_00399,CAUSES,SYM_03697,2,train
CAU_00337,CAUSES,SYM_03421,2,train
CAU_00003,CAUSES,SYM_03522,2,train
CAU_00011,CAUSES,SYM_03467,4,train
CAU_00011,CAUSES,SYM_04600,2,train
CAU_00011,CAUSES,SYM_03502,2,train
CAU_00000,CAUSES,SYM_03863,2,train
CAU_00000,CAUSES,SYM_03486,2,train
CAU_00004,CAUSES,SYM_04201,2,train
CAU_00189,CAUSES,SYM_03418,2,train
CAU_00001,CAUSES,SYM_04185,3,train
CAU_00008,CAUSES,SYM_03422,7,train
CAU_00003,CAUSES,SYM_03498,5,train
CAU_00008,CAUSES,SYM_03408,4,train
CAU_00004,CAUSES,SYM_03604,2,train
CAU_00004,CAUSES,SYM_03579,2,train
CAU_00004,CAUSES,SYM_04354,2,train
CAU_00000,CAUSES,SYM_04907,2,train
CAU_00001,CAUSES,SYM_03506,2,train
CAU_00001,CAUSES,SYM_04910,2,train
CAU_00045,CAUSES,SYM_04031,2,train
CAU_00045,CAUSES,SYM_03434,2,train
CAU_00045,CAUSES,SYM_03436,2,train
CAU_00002,CAUSES,SYM_03688,2,train
CAU_00002,CAUSES,SYM_03422,4,test
CAU_00045,CAUSES,SYM_03416,3,train
CAU_00045,CAUSES,SYM_03410,2,train
CAU_00045,CAUSES,SYM_03408,2,train
CAU_00114,CAUSES,SYM_03839,2,train
CAU_00000,CAUSES,SYM_03853,2,train
CAU_00000,CAUSES,SYM_05023,2,train
CAU_00002,CAUSES,SYM_03964,3,train
CAU_00002,CAUSES,SYM_03627,7,train
CAU_00002,CAUSES,SYM_03900,3,train
CAU_00002,CAUSES,SYM_04095,2,train
CAU_00096,CAUSES,SYM_03417,2,train
CAU_00014,CAUSES,SYM_03417,2,train
CAU_00014,CAUSES,SYM_03563,2,test
CAU_00014,CAUSES,SYM_04182,2,train
CAU_00002,CAUSES,SYM_03591,2,train
CAU_00002,CAUSES,SYM_03508,3,train
CAU_00040,CAUSES,SYM_03448,2,train
CAU_00005,CAUSES,SYM_03465,3,train
CAU_00005,CAUSES,SYM_03420,4,train
CAU_00059,CAUSES,SYM_03465,2,valid
CAU_00059,CAUSES,SYM_03501,3,train
CAU_00001,CAUSES,SYM_03548,2,train
CAU_00001,CAUSES,SYM_04061,2,train
CAU_00001,CAUSES,SYM_03501,2,train
CAU_00001,CAUSES,SYM_03904,2,train
CAU_00001,CAUSES,SYM_03589,2,train
CAU_00001,CAUSES,SYM_03443,2,train
CAU_00266,CAUSES,SYM_03410,2,valid
CAU_00266,CAUSES,SYM_03439,2,valid
CAU_00266,CAUSES,SYM_03482,2,train
CAU_00266,CAUSES,SYM_03407,2,train
CAU_00003,CAUSES,SYM_04219,2,train
CAU_00003,CAUSES,SYM_03465,4,train
CAU_00003,CAUSES,SYM_03548,2,train
CAU_00003,CAUSES,SYM_03501,2,test
CAU_00003,CAUSES,SYM_03904,4,valid
CAU_00003,CAUSES,SYM_03439,2,train
CAU_00003,CAUSES,SYM_04061,2,train
CAU_00003,CAUSES,SYM_04564,2,train
CAU_00013,CAUSES,SYM_03454,2,test
CAU_00013,CAUSES,SYM_03446,4,train
CAU_00013,CAUSES,SYM_03443,3,valid
CAU_00013,CAUSES,SYM_03408,5,train
CAU_00007,CAUSES,SYM_03581,3,train
CAU_00007,CAUSES,SYM_03464,3,train
CAU_00007,CAUSES,SYM_03476,2,train
CAU_00007,CAUSES,SYM_03422,7,train
CAU_00001,CAUSES,SYM_04074,2,train
CAU_00001,CAUSES,SYM_04113,2,train
CAU_00001,CAUSES,SYM_04941,2,train
CAU_00001,CAUSES,SYM_03422,6,train
CAU_00040,CAUSES,SYM_03501,2,train
CAU_00022,CAUSES,SYM_03501,2,train
CAU_00022,CAUSES,SYM_03407,6,train
CAU_00042,CAUSES,SYM_03594,3,train
CAU_00042,CAUSES,SYM_03441,3,train
CAU_00042,CAUSES,SYM_04594,2,train
CAU_00042,CAUSES,SYM_03662,2,train
CAU_00042,CAUSES,SYM_03495,2,test
CAU_00042,CAUSES,SYM_05134,2,train
CAU_00042,CAUSES,SYM_04216,3,valid
CAU_00042,CAUSES,SYM_03821,3,train
CAU_00085,CAUSES,SYM_03594,2,train
CAU_00085,CAUSES,SYM_03441,2,train
CAU_00085,CAUSES,SYM_04594,2,train
CAU_00085,CAUSES,SYM_03662,2,train
CAU_00085,CAUSES,SYM_03495,2,train
CAU_00085,CAUSES,SYM_05134,2,valid
CAU_00085,CAUSES,SYM_04216,2,train
CAU_00085,CAUSES,SYM_03821,2,train
CAU_00000,CAUSES,SYM_04594,2,train
CAU_00000,CAUSES,SYM_03495,2,train
CAU_00000,CAUSES,SYM_05134,2,test
CAU_00000,CAUSES,SYM_04216,3,train
CAU_00000,CAUSES,SYM_03821,3,train
CAU_00001,CAUSES,SYM_03882,3,test
CAU_00001,CAUSES,SYM_03608,2,train
CAU_00001,CAUSES,SYM_04566,2,train
CAU_00001,CAUSES,SYM_03678,4,train
CAU_00029,CAUSES,SYM_03488,2,train
CAU_00029,CAUSES,SYM_03417,3,train
CAU_00029,CAUSES,SYM_03882,2,train
CAU_00029,CAUSES,SYM_03608,2,train
CAU_00029,CAUSES,SYM_04566,2,train
CAU_00029,CAUSES,SYM_03678,2,train
CAU_00057,CAUSES,SYM_04232,2,train
CAU_00057,CAUSES,SYM_03455,3,valid
CAU_00057,CAUSES,SYM_03497,4,train
CAU_00057,CAUSES,SYM_03496,3,train
CAU_00010,CAUSES,SYM_04232,3,valid
CAU_00008,CAUSES,SYM_04118,2,train
CAU_00008,CAUSES,SYM_04658,2,train
CAU_00405,CAUSES,SYM_04118,2,train
CAU_00405,CAUSES,SYM_04658,2,train
CAU_00008,CAUSES,SYM_03434,2,train
CAU_00000,CAUSES,SYM_04960,2,train
CAU_00000,CAUSES,SYM_03609,2,test
CAU_00003,CAUSES,SYM_03624,4,train
CAU_00003,CAUSES,SYM_03864,2,train
CAU_00003,CAUSES,SYM_03609,8,train
CAU_00003,CAUSES,SYM_04213,2,train
CAU_00003,CAUSES,SYM_04838,2,train
CAU_00003,CAUSES,SYM_04527,2,train
CAU_00031,CAUSES,SYM_03443,2,train
CAU_00040,CAUSES,SYM_03411,2,train
CAU_00031,CAUSES,SYM_03447,2,train
CAU_00003,CAUSES,SYM_03540,2,test
CAU_00003,CAUSES,SYM_03533,12,valid
CAU_00003,CAUSES,SYM_03940,2,train
CAU_00063,CAUSES,SYM_03858,2,train
CAU_00063,CAUSES,SYM_05140,2,train
CAU_00063,CAUSES,SYM_03475,2,train
CAU_00063,CAUSES,SYM_03411,3,train
CAU_00063,CAUSES,SYM_03828,2,train
CAU_00387,CAUSES,SYM_03858,2,train
CAU_00387,CAUSES,SYM_05140,2,train
CAU_00387,CAUSES,SYM_03475,2,train
CAU_00387,CAUSES,SYM_03411,2,train
CAU_00387,CAUSES,SYM_03828,2,train
CAU_00003,CAUSES,SYM_03814,2,train
CAU_00003,CAUSES,SYM_03469,2,train
CAU_00020,CAUSES,SYM_03411,2,train
CAU_00038,CAUSES,SYM_03411,2,train
CAU_00038,CAUSES,SYM_03479,5,valid
CAU_00038,CAUSES,SYM_03533,2,train
CAU_00038,CAUSES,SYM_04016,2,train
PRE_02998,CONTAINS,HER_01857,2,train
PRE_02998,CONTAINS,HER_02013,2,train
PRE_02998,TREATS,SYM_03411,2,valid
HER_02013,RELIEVES,SYM_03411,2,train
CAU_00015,CAUSES,SYM_03411,2,train
CAU_00368,CAUSES,SYM_03624,2,train
CAU_00368,CAUSES,SYM_03516,2,train
CAU_00368,CAUSES,SYM_04355,2,train
CAU_00368,CAUSES,SYM_03864,2,train
CAU_00368,CAUSES,SYM_03455,2,test
CAU_00368,CAUSES,SYM_03443,2,train
CAU_00368,CAUSES,SYM_04528,2,train
CAU_00368,CAUSES,SYM_03411,2,train
CAU_00368,CAUSES,SYM_03631,2,valid
CAU_00368,CAUSES,SYM_03533,2,train
CAU_00056,CAUSES,SYM_03624,2,train
CAU_00056,CAUSES,SYM_03589,2,train
CAU_00056,CAUSES,SYM_03446,2,train
CAU_00056,CAUSES,SYM_03443,2,train
CAU_00056,CAUSES,SYM_03411,2,train
CAU_00056,CAUSES,SYM_03631,2,train
CAU_00003,CAUSES,SYM_03832,2,train
CAU_00013,CAUSES,SYM_03410,4,valid
CAU_00034,CAUSES,SYM_03446,2,train
CAU_00034,CAUSES,SYM_03487,2,train
CAU_00034,CAUSES,SYM_03734,2,train
CAU_00024,CAUSES,SYM_03413,2,valid
CAU_00024,CAUSES,SYM_03446,3,train
CAU_00024,CAUSES,SYM_03734,2,train
CAU_00010,CAUSES,SYM_03592,3,train
CAU_00008,CAUSES,SYM_03411,3,train
CAU_00016,CAUSES,SYM_03490,2,valid
CAU_00016,CAUSES,SYM_03446,2,train
CAU_00001,CAUSES,SYM_03446,3,train
CAU_00032,CAUSES,SYM_03512,3,train
CAU_00034,CAUSES,SYM_03589,2,valid
CAU_00024,CAUSES,SYM_03589,2,train
CAU_00011,CAUSES,SYM_03532,2,train
CAU_00011,CAUSES,SYM_04647,2,train
CAU_00011,CAUSES,SYM_03455,2,train
CAU_00011,CAUSES,SYM_03709,2,train
CAU_00005,CAUSES,SYM_03442,2,valid
CAU_00005,CAUSES,SYM_03693,2,train
CAU_00005,CAUSES,SYM_04046,2,train
CAU_00005,CAUSES,SYM_03826,2,train
CAU_00005,CAUSES,SYM_03439,5,test
CAU_00005,CAUSES,SYM_03450,4,train
CAU_00005,CAUSES,SYM_03419,3,train
CAU_00005,CAUSES,SYM_03533,3,test
CAU_00003,CAUSES,SYM_03532,2,train
CAU_00003,CAUSES,SYM_03477,8,train
CAU_00003,CAUSES,SYM_03608,7,train
CAU_00013,CAUSES,SYM_04111,2,train
CAU_00013,CAUSES,SYM_03586,2,train
CAU_00013,CAUSES,SYM_03477,3,test
CAU_00013,CAUSES,SYM_03608,3,train
CAU_00013,CAUSES,SYM_03533,2,train
CAU_00003,CAUSES,SYM_03450,3,train
CAU_00003,CAUSES,SYM_03677,2,train
CAU_00005,CAUSES,SYM_03646,2,train
CAU_00006,CAUSES,SYM_03545,5,test
CAU_00006,CAUSES,SYM_03565,3,train
CAU_00006,CAUSES,SYM_03487,3,train
CAU_00002,CAUSES,SYM_03466,2,train
CAU_00001,CAUSES,SYM_03675,2,train
CAU_00001,CAUSES,SYM_03647,3,train
CAU_00001,CAUSES,SYM_03575,4,train
CAU_00001,CAUSES,SYM_03476,2,valid
CAU_00001,CAUSES,SYM_03832,2,train
CAU_00001,CAUSES,SYM_03735,2,train
CAU_00005,CAUSES,SYM_03414,11,train
CAU_00005,CAUSES,SYM_03454,4,train
CAU_00005,CAUSES,SYM_03487,5,train
CAU_00003,CAUSES,SYM_03438,2,train
CAU_00032,CAUSES,SYM_04103,2,train
CAU_00032,CAUSES,SYM_03455,4,train
CAU_00032,CAUSES,SYM_03431,4,train
CAU_00327,CAUSES,SYM_03431,2,train
CAU_00054,CAUSES,SYM_03431,3,train
CAU_00030,CAUSES,SYM_04358,3,train
CAU_00030,CAUSES,SYM_03863,2,valid
CAU_00141,CAUSES,SYM_03453,2,train
CAU_00141,CAUSES,SYM_03420,2,train
CAU_00141,CAUSES,SYM_03517,2,train
CAU_00141,CAUSES,SYM_03667,2,valid
CAU_00007,CAUSES,SYM_03453,3,train
CAU_00007,CAUSES,SYM_03477,4,test
CAU_00007,CAUSES,SYM_03667,2,train
CAU_00003,CAUSES,SYM_03687,3,valid
CAU_00003,CAUSES,SYM_03653,3,train
CAU_00012,CAUSES,SYM_03488,5,train
CAU_00012,CAUSES,SYM_03453,4,train
CAU_00001,CAUSES,SYM_03453,6,valid
CAU_00008,CAUSES,SYM_03517,2,train
CAU_00008,CAUSES,SYM_03667,2,train
CAU_00008,CAUSES,SYM_03679,4,valid
CAU_00007,CAUSES,SYM_03479,2,train
CAU_00010,CAUSES,SYM_03565,5,test
CAU_00010,CAUSES,SYM_03687,2,train
CAU_00006,CAUSES,SYM_03462,2,train
CAU_00332,CAUSES,SYM_03413,2,train
CAU_00002,CAUSES,SYM_05005,2,train
CAU_00002,CAUSES,SYM_03566,2,train
CAU_00002,CAUSES,SYM_04787,2,train
CAU_00002,CAUSES,SYM_03434,3,train
CAU_00002,CAUSES,SYM_04108,2,train
CAU_00002,CAUSES,SYM_04959,2,train
CAU_00002,CAUSES,SYM_03519,4,train
CAU_00341,CAUSES,SYM_03415,2,train
CAU_00341,CAUSES,SYM_04755,2,train
CAU_00341,CAUSES,SYM_03919,2,train
CAU_00341,CAUSES,SYM_03529,2,train
CAU_00007,CAUSES,SYM_03432,2,train
CAU_00007,CAUSES,SYM_03614,4,train
CAU_00007,CAUSES,SYM_03462,3,valid
CAU_00007,CAUSES,SYM_03628,4,valid
CAU_00075,CAUSES,SYM_03466,3,train
CAU_00075,CAUSES,SYM_03553,2,train
CAU_00075,CAUSES,SYM_03414,2,test
CAU_00075,CAUSES,SYM_03490,2,train
CAU_00075,CAUSES,SYM_03449,2,train
CAU_00075,CAUSES,SYM_04456,2,train
CAU_00075,CAUSES,SYM_03462,2,train
CAU_00075,CAUSES,SYM_03651,2,test
CAU_00075,CAUSES,SYM_03592,2,train
CAU_00010,CAUSES,SYM_03490,2,test
CAU_00010,CAUSES,SYM_04456,2,train
CAU_00010,CAUSES,SYM_03462,2,train
CAU_00010,CAUSES,SYM_03651,2,test
CAU_00079,CAUSES,SYM_03487,2,train
CAU_00079,CAUSES,SYM_03427,2,test
CAU_00012,CAUSES,SYM_03423,5,train
CAU_00001,CAUSES,SYM_03477,5,train
CAU_00168,CAUSES,SYM_03465,2,train
CAU_00168,CAUSES,SYM_03423,3,test
CAU_00168,CAUSES,SYM_03452,4,train
CAU_00168,CAUSES,SYM_03473,2,train
CAU_00007,CAUSES,SYM_04188,2,train
CAU_00007,CAUSES,SYM_04110,2,train
CAU_00007,CAUSES,SYM_03467,2,train
CAU_00007,CAUSES,SYM_03498,3,train
CAU_00007,CAUSES,SYM_03912,2,train
CAU_00007,CAUSES,SYM_03483,2,train
CAU_00003,CAUSES,SYM_04649,2,train
CAU_00003,CAUSES,SYM_03462,2,test
CAU_00003,CAUSES,SYM_03529,2,test
CAU_00008,CAUSES,SYM_03632,3,train
CAU_00170,CAUSES,SYM_03462,3,train
CAU_00170,CAUSES,SYM_03419,3,train
CAU_00170,CAUSES,SYM_03412,3,train
CAU_00170,CAUSES,SYM_03416,3,train
CAU_00170,CAUSES,SYM_03628,3,train
CAU_00007,CAUSES,SYM_03533,3,train
CAU_00034,CAUSES,SYM_03553,2,train
CAU_00005,CAUSES,SYM_03704,2,train
CAU_00005,CAUSES,SYM_04543,2,train
CAU_00005,CAUSES,SYM_03462,2,test
CAU_00005,CAUSES,SYM_03538,5,train
CAU_00005,CAUSES,SYM_05209,2,train
CAU_00005,CAUSES,SYM_03709,3,train
CAU_00014,CAUSES,SYM_03588,2,valid
CAU_00014,CAUSES,SYM_04072,2,train
CAU_00014,CAUSES,SYM_04058,3,train
CAU_00014,CAUSES,SYM_03455,4,train
CAU_00014,CAUSES,SYM_03497,2,train
CAU_00014,CAUSES,SYM_04239,2,train
CAU_00014,CAUSES,SYM_03409,4,train
CAU_00052,CAUSES,SYM_03797,2,train
CAU_00051,CAUSES,SYM_03460,2,train
CAU_00001,CAUSES,SYM_03491,2,train
CAU_00001,CAUSES,SYM_03411,2,valid
CAU_00001,CAUSES,SYM_03701,2,train
CAU_00001,CAUSES,SYM_03884,2,train
CAU_00001,CAUSES,SYM_03670,2,train
CAU_00052,CAUSES,SYM_03446,2,valid
CAU_00052,CAUSES,SYM_03411,2,train
CAU_00052,CAUSES,SYM_03412,2,train
CAU_00011,CAUSES,SYM_03427,2,test
CAU_00039,CAUSES,SYM_03439,2,test
CAU_00000,CAUSES,SYM_03653,2,train
CAU_00071,CAUSES,SYM_03417,2,train
CAU_00071,CAUSES,SYM_03971,2,train
CAU_00071,CAUSES,SYM_04025,2,train
CAU_00071,CAUSES,SYM_03538,2,train
CAU_00071,CAUSES,SYM_03438,2,train
CAU_00071,CAUSES,SYM_03499,2,test
CAU_00265,CAUSES,SYM_03423,2,train
CAU_00265,CAUSES,SYM_03538,2,train
CAU_00005,CAUSES,SYM_04417,2,train
CAU_00005,CAUSES,SYM_04259,3,train
CAU_00005,CAUSES,SYM_04248,3,train
CAU_00005,CAUSES,SYM_04149,3,train
CAU_00005,CAUSES,SYM_03455,3,train
CAU_00005,CAUSES,SYM_03905,3,test
CAU_00005,CAUSES,SYM_03848,2,train
CAU_00005,CAUSES,SYM_04222,3,train
CAU_00264,CAUSES,SYM_04417,2,train
CAU_00264,CAUSES,SYM_04259,2,train
CAU_00264,CAUSES,SYM_03452,2,valid
CAU_00264,CAUSES,SYM_04248,2,train
CAU_00264,CAUSES,SYM_04149,2,train
CAU_00264,CAUSES,SYM_03455,2,train
CAU_00264,CAUSES,SYM_03905,2,train
CAU_00264,CAUSES,SYM_03848,2,train
CAU_00264,CAUSES,SYM_04222,2,train
CAU_00048,CAUSES,SYM_03439,2,train
CAU_00048,CAUSES,SYM_04189,2,train
CAU_00048,CAUSES,SYM_04144,2,train
CAU_00005,CAUSES,SYM_04189,3,test
CAU_00005,CAUSES,SYM_04144,3,train
CAU_00005,CAUSES,SYM_04147,2,train
CAU_00005,CAUSES,SYM_04081,2,train
CAU_00005,CAUSES,SYM_03767,2,test
CAU_00005,CAUSES,SYM_04986,2,train
CAU_00005,CAUSES,SYM_04438,2,train
CAU_00005,CAUSES,SYM_03519,3,train
CAU_00168,CAUSES,SYM_03417,2,train
CAU_00168,CAUSES,SYM_04081,2,train
CAU_00168,CAUSES,SYM_03767,2,train
CAU_00168,CAUSES,SYM_03413,2,test
CAU_00168,CAUSES,SYM_04986,2,train
CAU_00168,CAUSES,SYM_04438,2,valid
CAU_00168,CAUSES,SYM_03519,2,train
CAU_00057,CAUSES,SYM_03454,2,train
CAU_00057,CAUSES,SYM_03519,2,train
CAU_00005,CAUSES,SYM_03497,3,train
CAU_00007,CAUSES,SYM_04711,2,train
CAU_00007,CAUSES,SYM_03458,4,train
CAU_00007,CAUSES,SYM_03705,2,train
CAU_00012,CAUSES,SYM_03410,5,train
CAU_00001,CAUSES,SYM_03616,2,train
CAU_00002,CAUSES,SYM_04025,2,valid
CAU_00003,CAUSES,SYM_03757,2,valid
CAU_00003,CAUSES,SYM_03896,2,train
CAU_00003,CAUSES,SYM_03605,2,train
CAU_00032,CAUSES,SYM_03454,2,train
CAU_00032,CAUSES,SYM_03497,2,train
CAU_00032,CAUSES,SYM_03519,2,train
CAU_00021,CAUSES,SYM_03466,2,train
CAU_00021,CAUSES,SYM_03415,2,train
CAU_00021,CAUSES,SYM_03512,2,train
CAU_00021,CAUSES,SYM_03454,3,train
CAU_00021,CAUSES,SYM_03455,2,train
CAU_00021,CAUSES,SYM_03496,2,test
CAU_00021,CAUSES,SYM_03431,8,train
CAU_00021,CAUSES,SYM_03519,2,train
CAU_00005,CAUSES,SYM_03496,2,train
CAU_00005,CAUSES,SYM_03570,3,test
CAU_00005,CAUSES,SYM_03605,4,train
CAU_00005,CAUSES,SYM_03431,4,train
CAU_00005,CAUSES,SYM_03432,5,train
CAU_00005,CAUSES,SYM_04161,2,train
CAU_00005,CAUSES,SYM_03544,2,train
CAU_00008,CAUSES,SYM_04368,2,train
CAU_00008,CAUSES,SYM_03676,2,train
CAU_00003,CAUSES,SYM_03576,2,train
CAU_00006,CAUSES,SYM_03534,2,valid
CAU_00006,CAUSES,SYM_04174,2,train
CAU_00006,CAUSES,SYM_03765,2,train
CAU_00006,CAUSES,SYM_03589,2,train
CAU_00001,CAUSES,SYM_03414,5,test
CAU_00256,CAUSES,SYM_03534,2,valid
CAU_00256,CAUSES,SYM_03492,2,train
CAU_00170,CAUSES,SYM_03409,2,train
CAU_00000,CAUSES,SYM_03719,2,test
CAU_00000,CAUSES,SYM_03462,2,train
CAU_00000,CAUSES,SYM_03628,3,train
CAU_00003,CAUSES,SYM_03614,4,train
CAU_00003,CAUSES,SYM_03570,3,train
CAU_00045,CAUSES,SYM_04154,3,train
CAU_00010,CAUSES,SYM_03792,2,train
CAU_00010,CAUSES,SYM_03421,2,train
CAU_00010,CAUSES,SYM_03733,2,valid
CAU_00010,CAUSES,SYM_03438,2,train
CAU_00003,CAUSES,SYM_04069,4,train
CAU_00003,CAUSES,SYM_03453,4,train
CAU_00003,CAUSES,SYM_04428,2,train
CAU_00003,CAUSES,SYM_03831,2,train
CAU_00003,CAUSES,SYM_03607,2,train
CAU_00003,CAUSES,SYM_03731,2,train
CAU_00003,CAUSES,SYM_05051,2,train
CAU_00003,CAUSES,SYM_03502,2,test
CAU_00022,CAUSES,SYM_03588,2,train
CAU_00022,CAUSES,SYM_03609,2,train
CAU_00022,CAUSES,SYM_03443,3,train
CAU_00022,CAUSES,SYM_03937,2,train
CAU_00022,CAUSES,SYM_03997,2,train
CAU_00022,CAUSES,SYM_03651,3,train
CAU_00022,CAUSES,SYM_03628,2,train
CAU_00170,CAUSES,SYM_05193,2,train
CAU_00170,CAUSES,SYM_03443,2,train
CAU_00170,CAUSES,SYM_03651,2,train
CAU_00003,CAUSES,SYM_03626,2,train
CAU_00003,CAUSES,SYM_03599,2,test
CAU_00003,CAUSES,SYM_04511,2,train
CAU_00007,CAUSES,SYM_03514,2,train
CAU_00007,CAUSES,SYM_03702,2,train
CAU_00008,CAUSES,SYM_03764,2,train
PRE_02487,CONTAINS,HER_02136,2,train
PRE_02532,CONTAINS,HER_02136,2,train
CAU_00005,CAUSES,SYM_03542,4,valid
HER_01900,RELIEVES,SYM_03422,2,train
CAU_00012,CAUSES,SYM_03422,2,valid
CAU_00007,CAUSES,SYM_05238,2,train
CAU_00007,CAUSES,SYM_03456,4,test
CAU_00001,CAUSES,SYM_04038,3,train
CAU_00001,CAUSES,SYM_04240,3,train
CAU_00010,CAUSES,SYM_03701,2,train
CAU_00010,CAUSES,SYM_03570,4,train
CAU_00022,CAUSES,SYM_04597,2,train
CAU_00022,CAUSES,SYM_03821,2,train
CAU_00022,CAUSES,SYM_04591,2,train
CAU_00022,CAUSES,SYM_04549,2,train
CAU_00022,CAUSES,SYM_03615,4,train
CAU_00022,CAUSES,SYM_03495,3,train
CAU_00022,CAUSES,SYM_03735,2,train
CAU_00022,CAUSES,SYM_03444,2,train
CAU_00022,CAUSES,SYM_04568,2,train
CAU_00001,CAUSES,SYM_03495,2,train
CAU_00001,CAUSES,SYM_03513,3,valid
CAU_00143,CAUSES,SYM_03607,2,train
CAU_00143,CAUSES,SYM_04154,2,valid
CAU_00143,CAUSES,SYM_03784,2,train
CAU_00143,CAUSES,SYM_03522,2,train
CAU_00045,CAUSES,SYM_03607,2,train
CAU_00045,CAUSES,SYM_03784,2,train
CAU_00045,CAUSES,SYM_03522,3,train
CAU_00328,CAUSES,SYM_03467,2,train
CAU_00003,CAUSES,SYM_03422,7,train
CAU_00016,CAUSES,SYM_04319,2,train
CAU_00016,CAUSES,SYM_03422,2,train
CAU_00077,CAUSES,SYM_03501,3,train
CAU_00077,CAUSES,SYM_04855,2,train
CAU_00077,CAUSES,SYM_03420,6,train
CAU_00077,CAUSES,SYM_04159,4,train
CAU_00077,CAUSES,SYM_03745,2,train
CAU_00022,CAUSES,SYM_03579,4,train
CAU_00022,CAUSES,SYM_03434,3,train
CAU_00022,CAUSES,SYM_03422,4,test
CAU_00022,CAUSES,SYM_03418,3,train
CAU_00036,CAUSES,SYM_03579,2,train
CAU_00036,CAUSES,SYM_03434,2,train
CAU_00036,CAUSES,SYM_03412,2,train
CAU_00036,CAUSES,SYM_03422,2,train
CAU_00036,CAUSES,SYM_03418,2,train
CAU_00271,CAUSES,SYM_03417,2,train
CAU_00271,CAUSES,SYM_03413,2,train
CAU_00271,CAUSES,SYM_03423,2,train
CAU_00271,CAUSES,SYM_03475,2,train
CAU_00271,CAUSES,SYM_03439,2,test
CAU_00021,CAUSES,SYM_03417,14,train
CAU_00021,CAUSES,SYM_03475,3,train
CAU_00008,CAUSES,SYM_03436,2,train
CAU_00049,CAUSES,SYM_03673,2,train
CAU_00049,CAUSES,SYM_03422,2,test
CAU_00049,CAUSES,SYM_04340,2,train
CAU_00012,CAUSES,SYM_03806,2,train
CAU_00012,CAUSES,SYM_04139,2,train
CAU_00012,CAUSES,SYM_04178,2,train
CAU_00007,CAUSES,SYM_03587,3,valid
CAU_00007,CAUSES,SYM_04008,3,train
CAU_00131,CAUSES,SYM_03426,2,valid
CAU_00131,CAUSES,SYM_03448,2,train
CAU_00131,CAUSES,SYM_03408,2,train
CAU_00131,CAUSES,SYM_03416,2,train
CAU_00001,CAUSES,SYM_03642,2,test
CAU_00001,CAUSES,SYM_03949,2,train
CAU_00032,CAUSES,SYM_04177,2,train
CAU_00032,CAUSES,SYM_03872,2,train
CAU_00012,CAUSES,SYM_03505,2,test
CAU_00011,CAUSES,SYM_03642,2,train
CAU_00011,CAUSES,SYM_03565,2,test
CAU_00011,CAUSES,SYM_04174,2,test
CAU_00011,CAUSES,SYM_03487,2,train
CAU_00005,CAUSES,SYM_03642,2,train
CAU_00021,CAUSES,SYM_03448,4,train
CAU_00021,CAUSES,SYM_03425,3,train
CAU_00021,CAUSES,SYM_03538,4,train
CAU_00021,CAUSES,SYM_03427,2,train
CAU_00021,CAUSES,SYM_03487,2,train
CAU_00005,CAUSES,SYM_03568,2,train
CAU_00005,CAUSES,SYM_03728,2,train
CAU_00005,CAUSES,SYM_03829,2,valid
CAU_00019,CAUSES,SYM_03422,3,train
CAU_00007,CAUSES,SYM_04261,2,train
CAU_00007,CAUSES,SYM_03666,2,train
CAU_00008,CAUSES,SYM_03468,4,train
CAU_00038,CAUSES,SYM_03453,5,train
CAU_00217,CAUSES,SYM_03669,3,train
CAU_00217,CAUSES,SYM_03421,2,train
CAU_00008,CAUSES,SYM_03991,2,train
CAU_00111,CAUSES,SYM_03453,2,train
CAU_00107,CAUSES,SYM_04334,2,train
CAU_00107,CAUSES,SYM_03641,2,test
CAU_00107,CAUSES,SYM_03434,3,train
CAU_00107,CAUSES,SYM_04037,2,train
CAU_00107,CAUSES,SYM_03412,3,train
CAU_00107,CAUSES,SYM_05240,2,train
CAU_00107,CAUSES,SYM_04842,2,train
CAU_00004,CAUSES,SYM_04373,2,train
CAU_00004,CAUSES,SYM_03598,9,train
CAU_00004,CAUSES,SYM_05144,2,train
CAU_00010,CAUSES,SYM_03749,2,train
CAU_00054,CAUSES,SYM_03785,2,train
CAU_00054,CAUSES,SYM_03424,4,train
CAU_00002,CAUSES,SYM_05153,2,train
CAU_00054,CAUSES,SYM_03491,3,train
CAU_00054,CAUSES,SYM_03407,4,train
CAU_00014,CAUSES,SYM_04080,3,train
CAU_00014,CAUSES,SYM_03457,5,train
CAU_00041,CAUSES,SYM_03414,2,train
CAU_00041,CAUSES,SYM_03432,2,valid
CAU_00041,CAUSES,SYM_03471,3,train
CAU_00185,CAUSES,SYM_03432,2,train
CAU_00002,CAUSES,SYM_03445,3,train
CAU_00006,CAUSES,SYM_03749,2,valid
CAU_00004,CAUSES,SYM_03507,2,train
CAU_00217,CAUSES,SYM_03426,2,train
CAU_00217,CAUSES,SYM_03417,2,valid
CAU_00217,CAUSES,SYM_03453,2,train
CAU_00217,CAUSES,SYM_03572,2,train
CAU_00217,CAUSES,SYM_03427,2,train
CAU_00006,CAUSES,SYM_03457,2,train
CAU_00006,CAUSES,SYM_03468,2,train
CAU_00093,CAUSES,SYM_03414,2,train
CAU_00093,CAUSES,SYM_03467,2,train
CAU_00093,CAUSES,SYM_03457,2,train
CAU_00093,CAUSES,SYM_03468,2,valid
CAU_00093,CAUSES,SYM_03407,2,train
CAU_00002,CAUSES,SYM_03553,2,train
CAU_00002,CAUSES,SYM_03471,11,train
CAU_00000,CAUSES,SYM_03547,6,train
CAU_00019,CAUSES,SYM_03457,3,train
CAU_00038,CAUSES,SYM_03552,3,train
CAU_00014,CAUSES,SYM_03554,3,valid
CAU_00041,CAUSES,SYM_03428,2,train
CAU_00056,CAUSES,SYM_04181,2,train
CAU_00056,CAUSES,SYM_03998,2,train
CAU_00008,CAUSES,SYM_03549,5,train
CAU_00008,CAUSES,SYM_04383,2,train
CAU_00014,CAUSES,SYM_03578,2,train
CAU_00000,CAUSES,SYM_03713,5,test
CAU_00000,CAUSES,SYM_05002,2,train
CAU_00067,CAUSES,SYM_03442,3,train
CAU_00067,CAUSES,SYM_03420,2,valid
CAU_00067,CAUSES,SYM_03464,3,train
CAU_00067,CAUSES,SYM_03408,2,train
CAU_00067,CAUSES,SYM_03457,3,train
CAU_00067,CAUSES,SYM_03416,2,train
CAU_00014,CAUSES,SYM_03661,2,train
CAU_00011,CAUSES,SYM_03422,5,train
CAU_00011,CAUSES,SYM_03457,5,train
CAU_00090,CAUSES,SYM_03407,3,test
CAU_00090,CAUSES,SYM_03424,3,train
CAU_00056,CAUSES,SYM_03547,2,train
CAU_00030,CAUSES,SYM_03422,4,train
CAU_00010,CAUSES,SYM_04145,2,train
CAU_00030,CAUSES,SYM_03453,4,train
CAU_00030,CAUSES,SYM_03552,2,train
CAU_00002,CAUSES,SYM_03901,4,train
CAU_00000,CAUSES,SYM_03549,6,train
CAU_00000,CAUSES,SYM_03752,2,train
CAU_00110,CAUSES,SYM_03544,2,train
CAU_00035,CAUSES,SYM_03418,4,train
CAU_00035,CAUSES,SYM_03430,2,train
CAU_00211,CAUSES,SYM_03532,3,train
CAU_00211,CAUSES,SYM_03411,3,train
CAU_00211,CAUSES,SYM_03659,3,train
CAU_00211,CAUSES,SYM_03886,3,train
CAU_00067,CAUSES,SYM_03410,3,test
CAU_00067,CAUSES,SYM_03463,5,train
CAU_00067,CAUSES,SYM_03411,2,train
CAU_00067,CAUSES,SYM_03412,4,train
CAU_00011,CAUSES,SYM_03463,6,train
CAU_00011,CAUSES,SYM_03859,2,train
CAU_00014,CAUSES,SYM_03774,2,train
CAU_00014,CAUSES,SYM_03886,2,train
CAU_00014,CAUSES,SYM_03783,2,valid
CAU_00014,CAUSES,SYM_04837,2,train
CAU_00014,CAUSES,SYM_05112,2,train
CAU_00039,CAUSES,SYM_04407,2,train
CAU_00090,CAUSES,SYM_03721,2,train
CAU_00090,CAUSES,SYM_03490,2,train
CAU_00090,CAUSES,SYM_03713,2,train
CAU_00090,CAUSES,SYM_03411,3,train
CAU_00090,CAUSES,SYM_03554,3,train
CAU_00090,CAUSES,SYM_03409,2,train
CAU_00002,CAUSES,SYM_03736,6,train
CAU_00002,CAUSES,SYM_03622,3,train
CAU_00002,CAUSES,SYM_03578,2,train
CAU_00090,CAUSES,SYM_03448,2,train
CAU_00090,CAUSES,SYM_03414,2,train
CAU_00090,CAUSES,SYM_03428,3,train
CAU_00090,CAUSES,SYM_03457,2,test
CAU_00003,CAUSES,SYM_03463,17,train
CAU_00001,CAUSES,SYM_05141,2,train
CAU_00003,CAUSES,SYM_03503,2,test
CAU_00003,CAUSES,SYM_03541,7,test
CAU_00003,CAUSES,SYM_03825,2,test
CAU_00001,CAUSES,SYM_03661,2,train
CAU_00035,CAUSES,SYM_03451,2,train
CAU_00035,CAUSES,SYM_03408,2,train
CAU_00090,CAUSES,SYM_03415,2,train
CAU_00090,CAUSES,SYM_03417,2,train
CAU_00090,CAUSES,SYM_03423,3,train
CAU_00090,CAUSES,SYM_03459,2,test
CAU_00090,CAUSES,SYM_05227,2,train
CAU_00004,CAUSES,SYM_03422,4,train
CAU_00075,CAUSES,SYM_03510,2,train
CAU_00075,CAUSES,SYM_03474,2,train
CAU_00075,CAUSES,SYM_03451,2,valid
CAU_00075,CAUSES,SYM_03408,2,test
CAU_00075,CAUSES,SYM_03425,2,train
CAU_00113,CAUSES,SYM_03417,2,valid
CAU_00113,CAUSES,SYM_03413,3,train
CAU_00113,CAUSES,SYM_03423,2,train
CAU_00002,CAUSES,SYM_03453,5,train
CAU_00002,CAUSES,SYM_03552,5,train
CAU_00002,CAUSES,SYM_03634,6,train
CAU_00002,CAUSES,SYM_03715,3,valid
CAU_00282,CAUSES,SYM_03423,2,train
CAU_00001,CAUSES,SYM_03515,2,train
CAU_00000,CAUSES,SYM_03757,2,train
CAU_00000,CAUSES,SYM_04381,2,train
CAU_00000,CAUSES,SYM_03694,3,train
CAU_00002,CAUSES,SYM_04785,2,train
CAU_00002,CAUSES,SYM_04020,3,train
CAU_00101,CAUSES,SYM_03420,2,train
CAU_00101,CAUSES,SYM_03418,2,train
CAU_00002,CAUSES,SYM_03515,9,valid
CAU_00002,CAUSES,SYM_03565,2,train
CAU_00002,CAUSES,SYM_03547,2,train
CAU_00000,CAUSES,SYM_03457,3,train
CAU_00032,CAUSES,SYM_03547,2,train
CAU_00032,CAUSES,SYM_04291,2,train
CAU_00032,CAUSES,SYM_05200,2,train
CAU_00032,CAUSES,SYM_03637,2,train
CAU_00032,CAUSES,SYM_04255,2,train
CAU_00005,CAUSES,SYM_03453,6,valid
CAU_00005,CAUSES,SYM_03479,2,train
CAU_00042,CAUSES,SYM_03453,3,train
CAU_00042,CAUSES,SYM_03479,2,train
CAU_00000,CAUSES,SYM_03657,3,train
CAU_00093,CAUSES,SYM_03409,3,train
CAU_00014,CAUSES,SYM_04297,2,train
CAU_00011,CAUSES,SYM_03761,2,train
CAU_00011,CAUSES,SYM_03743,2,train
CAU_00014,CAUSES,SYM_03479,2,train
CAU_00180,CAUSES,SYM_03409,2,valid
CAU_00180,CAUSES,SYM_03569,2,train
CAU_00180,CAUSES,SYM_03479,2,train
CAU_00002,CAUSES,SYM_03782,3,train
CAU_00002,CAUSES,SYM_03663,7,train
CAU_00002,CAUSES,SYM_03457,4,test
CAU_00005,CAUSES,SYM_03686,3,test
CAU_00005,CAUSES,SYM_03471,3,valid
CAU_00000,CAUSES,SYM_03601,2,valid
CAU_00000,CAUSES,SYM_03618,2,train
CAU_00000,CAUSES,SYM_03503,2,train
CAU_00165,CAUSES,SYM_03715,2,train
CAU_00067,CAUSES,SYM_03515,2,valid
CAU_00067,CAUSES,SYM_03478,2,train
CAU_00067,CAUSES,SYM_03407,3,test
CAU_00008,CAUSES,SYM_03507,2,train
CAU_00008,CAUSES,SYM_03515,2,train
CAU_00010,CAUSES,SYM_03680,2,train
CAU_00006,CAUSES,SYM_03550,3,train
CAU_00280,CAUSES,SYM_03417,2,train
CAU_00011,CAUSES,SYM_04274,3,train
CAU_00021,CAUSES,SYM_04685,2,train
CAU_00021,CAUSES,SYM_03433,2,train
CAU_00021,CAUSES,SYM_03909,2,train
CAU_00021,CAUSES,SYM_03428,2,valid
CAU_00010,CAUSES,SYM_03471,2,train
CAU_00067,CAUSES,SYM_03541,2,valid
CAU_00067,CAUSES,SYM_03436,3,train
CAU_00067,CAUSES,SYM_03482,3,valid
CAU_00011,CAUSES,SYM_03541,2,valid
CAU_00041,CAUSES,SYM_03705,2,train
CAU_00005,CAUSES,SYM_04090,2,train
CAU_00005,CAUSES,SYM_03590,7,valid
CAU_00005,CAUSES,SYM_04459,2,train
CAU_00091,CAUSES,SYM_03413,5,test
CAU_00011,CAUSES,SYM_04980,2,train
CAU_00011,CAUSES,SYM_04479,2,train
CAU_00011,CAUSES,SYM_04848,2,train
CAU_00011,CAUSES,SYM_04678,2,train
CAU_00011,CAUSES,SYM_04443,2,train
CAU_00011,CAUSES,SYM_04048,2,train
CAU_00006,CAUSES,SYM_03425,3,test
CAU_00002,CAUSES,SYM_04146,2,train
CAU_00185,CAUSES,SYM_03415,2,train
CAU_00001,CAUSES,SYM_03507,5,valid
CAU_00001,CAUSES,SYM_03510,18,train
CAU_00001,CAUSES,SYM_03471,2,train
CAU_00002,CAUSES,SYM_03510,7,train
CAU_00002,CAUSES,SYM_03932,4,train
CAU_00002,CAUSES,SYM_04632,2,train
CAU_00132,CAUSES,SYM_03429,2,train
CAU_00132,CAUSES,SYM_03413,3,train
CAU_00132,CAUSES,SYM_03440,2,valid
CAU_00132,CAUSES,SYM_03513,2,train
CAU_00002,CAUSES,SYM_03477,5,train
CAU_00001,CAUSES,SYM_03867,2,train
CAU_00050,CAUSES,SYM_03448,3,test
CAU_00050,CAUSES,SYM_03425,4,train
CAU_00000,CAUSES,SYM_03617,2,train
CAU_00000,CAUSES,SYM_03552,2,train
CAU_00000,CAUSES,SYM_03468,3,train
CAU_00000,CAUSES,SYM_03923,2,train
CAU_00000,CAUSES,SYM_04887,2,train
CAU_00000,CAUSES,SYM_04414,2,train
CAU_00000,CAUSES,SYM_03584,2,train
CAU_00000,CAUSES,SYM_03612,2,train
CAU_00002,CAUSES,SYM_04669,2,train
CAU_00002,CAUSES,SYM_03468,2,train
CAU_00110,CAUSES,SYM_03750,4,train
CAU_00110,CAUSES,SYM_03494,4,train
CAU_00110,CAUSES,SYM_04101,4,train
CAU_00012,CAUSES,SYM_03417,4,train
CAU_00012,CAUSES,SYM_03552,4,train
CAU_00012,CAUSES,SYM_03926,4,test
CAU_00012,CAUSES,SYM_04165,4,train
CAU_00012,CAUSES,SYM_03878,4,train
CAU_00012,CAUSES,SYM_03445,4,train
CAU_00012,CAUSES,SYM_03877,4,train
CAU_00012,CAUSES,SYM_03634,4,test
CAU_00012,CAUSES,SYM_03933,4,train
CAU_00012,CAUSES,SYM_03590,4,train
CAU_00001,CAUSES,SYM_03552,4,valid
CAU_00001,CAUSES,SYM_03926,4,train
CAU_00001,CAUSES,SYM_04165,4,train
CAU_00001,CAUSES,SYM_03878,4,train
CAU_00001,CAUSES,SYM_03877,4,train
CAU_00001,CAUSES,SYM_03634,5,train
CAU_00001,CAUSES,SYM_03933,4,train
CAU_00001,CAUSES,SYM_03590,4,train
CAU_00021,CAUSES,SYM_03488,4,train
CAU_00021,CAUSES,SYM_03465,4,train
CAU_00021,CAUSES,SYM_03410,4,valid
CAU_00021,CAUSES,SYM_03552,6,train
CAU_00021,CAUSES,SYM_03926,6,train
CAU_00021,CAUSES,SYM_03441,4,train
CAU_00021,CAUSES,SYM_04165,4,train
CAU_00021,CAUSES,SYM_03878,6,train
CAU_00021,CAUSES,SYM_03445,4,train
CAU_00021,CAUSES,SYM_03877,6,test
CAU_00021,CAUSES,SYM_03634,6,train
CAU_00021,CAUSES,SYM_03933,6,train
CAU_00021,CAUSES,SYM_03438,4,train
CAU_00021,CAUSES,SYM_03590,7,train
CAU_00012,CAUSES,SYM_03580,2,train
CAU_00012,CAUSES,SYM_03510,3,train
CAU_00012,CAUSES,SYM_03414,2,train
CAU_00012,CAUSES,SYM_03432,2,valid
CAU_00012,CAUSES,SYM_03691,3,train
CAU_00012,CAUSES,SYM_03459,2,test
CAU_00001,CAUSES,SYM_03580,2,train
CAU_00001,CAUSES,SYM_03691,3,train
CAU_00021,CAUSES,SYM_03580,4,train
CAU_00021,CAUSES,SYM_03510,3,train
CAU_00021,CAUSES,SYM_03515,3,train
CAU_00021,CAUSES,SYM_03432,4,train
CAU_00021,CAUSES,SYM_03691,5,train
CAU_00021,CAUSES,SYM_03453,5,train
CAU_00021,CAUSES,SYM_03459,4,train
CAU_00002,CAUSES,SYM_03878,4,valid
CAU_00002,CAUSES,SYM_03933,4,train
CAU_00002,CAUSES,SYM_03877,4,train
CAU_00002,CAUSES,SYM_03590,5,train
CAU_00002,CAUSES,SYM_03691,4,train
CAU_00002,CAUSES,SYM_04165,2,train
CAU_00002,CAUSES,SYM_03926,4,train
CAU_00002,CAUSES,SYM_04068,2,train
CAU_00002,CAUSES,SYM_03595,2,train
CAU_00002,CAUSES,SYM_03860,3,train
CAU_00002,CAUSES,SYM_03637,3,train
CAU_00002,CAUSES,SYM_03582,2,train
CAU_00002,CAUSES,SYM_04359,2,test
CAU_00002,CAUSES,SYM_03537,4,test
CAU_00002,CAUSES,SYM_04396,2,train
CAU_00005,CAUSES,SYM_04516,2,train
CAU_00005,CAUSES,SYM_03580,2,train
CAU_00005,CAUSES,SYM_04068,3,valid
CAU_00005,CAUSES,SYM_03595,3,train
CAU_00005,CAUSES,SYM_03878,3,train
CAU_00005,CAUSES,SYM_03933,3,train
CAU_00005,CAUSES,SYM_03877,3,train
CAU_00005,CAUSES,SYM_03552,3,train
CAU_00005,CAUSES,SYM_03634,3,train
CAU_00005,CAUSES,SYM_03860,3,train
CAU_00005,CAUSES,SYM_04945,2,train
CAU_00005,CAUSES,SYM_03637,3,train
CAU_00005,CAUSES,SYM_03582,3,train
CAU_00005,CAUSES,SYM_03585,3,valid
CAU_00005,CAUSES,SYM_03691,3,train
CAU_00005,CAUSES,SYM_04359,3,train
CAU_00005,CAUSES,SYM_04505,2,train
CAU_00005,CAUSES,SYM_03528,2,train
CAU_00005,CAUSES,SYM_03537,4,train
CAU_00005,CAUSES,SYM_03459,2,train
CAU_00005,CAUSES,SYM_03926,3,valid
CAU_00005,CAUSES,SYM_04396,3,train
CAU_00021,CAUSES,SYM_04516,2,train
CAU_00021,CAUSES,SYM_04068,3,train
CAU_00021,CAUSES,SYM_03595,3,train
CAU_00021,CAUSES,SYM_03860,4,train
CAU_00021,CAUSES,SYM_04945,2,test
CAU_00021,CAUSES,SYM_03637,3,train
CAU_00021,CAUSES,SYM_03582,3,train
CAU_00021,CAUSES,SYM_03585,3,train
CAU_00021,CAUSES,SYM_04359,3,train
CAU_00021,CAUSES,SYM_04505,2,train
CAU_00021,CAUSES,SYM_03537,3,train
CAU_00021,CAUSES,SYM_04396,3,test
CAU_00001,CAUSES,SYM_03538,3,train
CAU_00001,CAUSES,SYM_04068,2,test
CAU_00001,CAUSES,SYM_03595,5,train
CAU_00001,CAUSES,SYM_03860,2,test
CAU_00001,CAUSES,SYM_03458,2,train
CAU_00001,CAUSES,SYM_03637,2,train
CAU_00001,CAUSES,SYM_03582,2,train
CAU_00001,CAUSES,SYM_03457,3,train
CAU_00001,CAUSES,SYM_04359,2,train
CAU_00001,CAUSES,SYM_03537,4,train
CAU_00001,CAUSES,SYM_04396,2,train
CAU_00021,CAUSES,SYM_03458,2,train
CAU_00021,CAUSES,SYM_03627,2,train
CAU_00012,CAUSES,SYM_03538,2,train
CAU_00012,CAUSES,SYM_04068,2,train
CAU_00012,CAUSES,SYM_03595,2,test
CAU_00012,CAUSES,SYM_03860,2,test
CAU_00012,CAUSES,SYM_03637,2,train
CAU_00012,CAUSES,SYM_03582,2,train
CAU_00012,CAUSES,SYM_03585,2,train
CAU_00012,CAUSES,SYM_04359,2,train
CAU_00012,CAUSES,SYM_03537,2,train
CAU_00012,CAUSES,SYM_04396,2,test
CAU_00005,CAUSES,SYM_03510,2,train
CAU_00005,CAUSES,SYM_03458,2,train
CAU_00005,CAUSES,SYM_04165,2,test
CAU_00005,CAUSES,SYM_03438,2,train
CAU_00042,CAUSES,SYM_03661,2,train
CAU_00002,CAUSES,SYM_04076,2,train
CAU_00002,CAUSES,SYM_04130,2,train
CAU_00030,CAUSES,SYM_03457,2,train
CAU_00004,CAUSES,SYM_03535,2,train
CAU_00101,CAUSES,SYM_03430,2,valid
CAU_00101,CAUSES,SYM_03451,2,train
CAU_00101,CAUSES,SYM_03408,2,valid
CAU_00090,CAUSES,SYM_03454,2,train
CAU_00090,CAUSES,SYM_03496,2,train
CAU_00002,CAUSES,SYM_03567,2,train
CAU_00002,CAUSES,SYM_03861,3,train
CAU_00001,CAUSES,SYM_03535,5,valid
CAU_00219,CAUSES,SYM_03408,3,train
CAU_00003,CAUSES,SYM_03495,2,train
CAU_00004,CAUSES,SYM_03837,2,train
CAU_00002,CAUSES,SYM_03690,2,train
CAU_00001,CAUSES,SYM_03591,3,train
CAU_00001,CAUSES,SYM_03606,4,valid
CAU_00001,CAUSES,SYM_03654,2,train
CAU_00008,CAUSES,SYM_04094,2,train
CAU_00070,CAUSES,SYM_03509,5,train
CAU_00070,CAUSES,SYM_03453,7,train
CAU_00070,CAUSES,SYM_03479,7,train
CAU_00070,CAUSES,SYM_03422,3,train
CAU_00003,CAUSES,SYM_03523,3,train
CAU_00003,CAUSES,SYM_03618,2,train
CAU_00003,CAUSES,SYM_03457,4,train
CAU_00067,CAUSES,SYM_03419,2,test
CAU_00022,CAUSES,SYM_03535,2,train
CAU_00022,CAUSES,SYM_03614,2,train
CAU_00014,CAUSES,SYM_03550,3,train
CAU_00047,CAUSES,SYM_03421,7,test
CAU_00047,CAUSES,SYM_03409,9,train
CAU_00047,CAUSES,SYM_03898,2,test
CAU_00047,CAUSES,SYM_03407,14,train
CAU_00047,CAUSES,SYM_03456,4,train
CAU_00047,CAUSES,SYM_03424,6,train
CAU_00047,CAUSES,SYM_03410,3,train
CAU_00014,CAUSES,SYM_03629,2,train
CAU_00014,CAUSES,SYM_03936,2,train
CAU_00133,CAUSES,SYM_03483,2,train
CAU_00133,CAUSES,SYM_03407,3,train
CAU_00080,CAUSES,SYM_03422,2,train
CAU_00011,CAUSES,SYM_03612,2,train
CAU_00004,CAUSES,SYM_03772,2,train
CAU_00359,CAUSES,SYM_04085,2,train
CAU_00359,CAUSES,SYM_03434,2,train
CAU_00359,CAUSES,SYM_04773,2,train
CAU_00359,CAUSES,SYM_03892,2,train
CAU_00359,CAUSES,SYM_04099,2,train
CAU_00359,CAUSES,SYM_04437,2,train
CAU_00359,CAUSES,SYM_03447,2,train
CAU_00359,CAUSES,SYM_03707,2,train
CAU_00123,CAUSES,SYM_03409,2,train
CAU_00003,CAUSES,SYM_03526,6,train
CAU_00003,CAUSES,SYM_03600,2,train
CAU_00003,CAUSES,SYM_03494,4,test
CAU_00001,CAUSES,SYM_03816,4,train
CAU_00001,CAUSES,SYM_03664,2,train
CAU_00001,CAUSES,SYM_03541,7,test
CAU_00001,CAUSES,SYM_03947,2,train
CAU_00035,CAUSES,SYM_03434,2,train
CAU_00035,CAUSES,SYM_03419,4,train
CAU_00033,CAUSES,SYM_03664,2,train
CAU_00033,CAUSES,SYM_03410,2,train
CAU_00033,CAUSES,SYM_03445,2,train
CAU_00033,CAUSES,SYM_03425,3,train
CAU_00033,CAUSES,SYM_03418,2,train
CAU_00194,CAUSES,SYM_03417,2,train
CAU_00194,CAUSES,SYM_03423,2,train
CAU_00003,CAUSES,SYM_04717,2,train
CAU_00046,CAUSES,SYM_03435,2,train
CAU_00046,CAUSES,SYM_03600,3,train
CAU_00046,CAUSES,SYM_03407,2,test
CAU_00033,CAUSES,SYM_03435,2,train
CAU_00033,CAUSES,SYM_03419,3,train
CAU_00033,CAUSES,SYM_03600,2,train
CAU_00033,CAUSES,SYM_03407,4,train
CAU_00050,CAUSES,SYM_03409,2,train
CAU_00032,CAUSES,SYM_03633,2,train
CAU_00080,CAUSES,SYM_03435,2,test
CAU_00007,CAUSES,SYM_03613,2,train
CAU_00046,CAUSES,SYM_03429,2,train
CAU_00046,CAUSES,SYM_03548,2,test
CAU_00115,CAUSES,SYM_03445,2,train
CAU_00002,CAUSES,SYM_04206,2,train
CAU_00004,CAUSES,SYM_03463,3,train
CAU_00169,CAUSES,SYM_03613,3,train
CAU_00033,CAUSES,SYM_03434,3,train
CAU_00033,CAUSES,SYM_03408,8,train
CAU_00054,CAUSES,SYM_04852,2,train
CAU_00054,CAUSES,SYM_03531,2,train
CAU_00054,CAUSES,SYM_04315,2,train
CAU_00054,CAUSES,SYM_03595,2,train
CAU_00054,CAUSES,SYM_04952,2,train
CAU_00054,CAUSES,SYM_05010,2,train
CAU_00054,CAUSES,SYM_03803,2,train
CAU_00054,CAUSES,SYM_05214,2,train
CAU_00054,CAUSES,SYM_05234,2,train
CAU_00054,CAUSES,SYM_04465,2,train
CAU_00054,CAUSES,SYM_04653,2,train
CAU_00054,CAUSES,SYM_03623,2,test
CAU_00054,CAUSES,SYM_04485,2,train
CAU_00054,CAUSES,SYM_04558,2,train
CAU_00047,CAUSES,SYM_03701,3,train
CAU_00047,CAUSES,SYM_03412,6,train
CAU_00047,CAUSES,SYM_03694,2,train
CAU_00001,CAUSES,SYM_03874,2,train
CAU_00001,CAUSES,SYM_03577,3,train
CAU_00080,CAUSES,SYM_03426,3,train
CAU_00080,CAUSES,SYM_03429,2,valid
CAU_00080,CAUSES,SYM_03420,2,train
CAU_00080,CAUSES,SYM_03526,3,train
CAU_00080,CAUSES,SYM_03457,3,train
CAU_00080,CAUSES,SYM_03412,3,train
CAU_00080,CAUSES,SYM_03751,2,valid
CAU_00080,CAUSES,SYM_03407,2,train
CAU_00104,CAUSES,SYM_03420,2,valid
CAU_00104,CAUSES,SYM_03526,2,train
CAU_00104,CAUSES,SYM_03530,2,test
CAU_00104,CAUSES,SYM_03412,2,test
CAU_00104,CAUSES,SYM_03751,2,train
CAU_00104,CAUSES,SYM_03407,2,train
CAU_00011,CAUSES,SYM_03633,3,train
CAU_00011,CAUSES,SYM_03550,2,valid
CAU_00006,CAUSES,SYM_03744,2,train
CAU_00003,CAUSES,SYM_03559,7,train
CAU_00002,CAUSES,SYM_04756,2,train
CAU_00002,CAUSES,SYM_03623,2,test
CAU_00003,CAUSES,SYM_03762,2,train
CAU_00033,CAUSES,SYM_03409,4,train
CAU_00000,CAUSES,SYM_03808,2,train
CAU_00006,CAUSES,SYM_03559,3,train
CAU_00007,CAUSES,SYM_03898,2,train
CAU_00004,CAUSES,SYM_03523,4,train
CAU_00001,CAUSES,SYM_03658,5,train
CAU_00001,CAUSES,SYM_03559,4,train
CAU_00001,CAUSES,SYM_03489,2,train
CAU_00001,CAUSES,SYM_03523,3,train
CAU_00002,CAUSES,SYM_04779,2,train
CAU_00001,CAUSES,SYM_03623,2,test
CAU_00001,CAUSES,SYM_03526,2,test
CAU_00017,CAUSES,SYM_03417,7,train
CAU_00017,CAUSES,SYM_03537,4,train
CAU_00017,CAUSES,SYM_03423,5,train
CAU_00017,CAUSES,SYM_03448,3,test
CAU_00017,CAUSES,SYM_03943,2,test
CAU_00017,CAUSES,SYM_03865,2,valid
CAU_00017,CAUSES,SYM_03690,2,train
CAU_00017,CAUSES,SYM_03538,2,train
CAU_00017,CAUSES,SYM_03428,5,train
CAU_00017,CAUSES,SYM_03623,2,train
CAU_00115,CAUSES,SYM_03417,2,train
CAU_00115,CAUSES,SYM_03423,2,train
CAU_00115,CAUSES,SYM_04158,2,train
CAU_00281,CAUSES,SYM_03423,2,train
CAU_00002,CAUSES,SYM_03760,2,train
CAU_00004,CAUSES,SYM_03623,3,train
CAU_00004,CAUSES,SYM_03526,2,train
CAU_00004,CAUSES,SYM_03694,4,train
CAU_00007,CAUSES,SYM_03523,3,train
CAU_00003,CAUSES,SYM_03638,3,train
CAU_00000,CAUSES,SYM_03633,2,valid
CAU_00000,CAUSES,SYM_03661,2,train
CAU_00001,CAUSES,SYM_03943,2,train
CAU_00017,CAUSES,SYM_03420,2,train
CAU_00017,CAUSES,SYM_03412,2,test
CAU_00017,CAUSES,SYM_03427,4,train
CAU_00017,CAUSES,SYM_03437,2,train
CAU_00017,CAUSES,SYM_03445,3,train
CAU_00033,CAUSES,SYM_03422,2,train
CAU_00033,CAUSES,SYM_03412,2,train
CAU_00033,CAUSES,SYM_03694,2,train
CAU_00047,CAUSES,SYM_03441,3,train
CAU_00047,CAUSES,SYM_03495,4,train
CAU_00017,CAUSES,SYM_03455,3,train
CAU_00004,CAUSES,SYM_03854,2,train
CAU_00046,CAUSES,SYM_03415,2,test
CAU_00046,CAUSES,SYM_03713,2,train
CAU_00046,CAUSES,SYM_03414,5,train
CAU_00046,CAUSES,SYM_03413,5,train
CAU_00046,CAUSES,SYM_03727,2,train
CAU_00046,CAUSES,SYM_05166,2,train
CAU_00046,CAUSES,SYM_03544,2,train
CAU_00046,CAUSES,SYM_03432,3,train
CAU_00022,CAUSES,SYM_03463,2,train
CAU_00022,CAUSES,SYM_03477,2,train
CAU_00123,CAUSES,SYM_03426,3,train
CAU_00123,CAUSES,SYM_03721,3,train
CAU_00014,CAUSES,SYM_03721,3,train
CAU_00091,CAUSES,SYM_03466,2,train
CAU_00091,CAUSES,SYM_03425,2,train
CAU_00091,CAUSES,SYM_03591,2,train
CAU_00091,CAUSES,SYM_03440,2,train
CAU_00017,CAUSES,SYM_03512,4,train
CAU_00017,CAUSES,SYM_03452,3,train
CAU_00017,CAUSES,SYM_03493,2,valid
CAU_00289,CAUSES,SYM_03426,2,train
CAU_00289,CAUSES,SYM_03638,2,train
CAU_00080,CAUSES,SYM_03463,3,test
CAU_00004,CAUSES,SYM_03747,2,train
CAU_00050,CAUSES,SYM_03455,2,train
CAU_00050,CAUSES,SYM_03437,2,test
CAU_00003,CAUSES,SYM_03542,2,train
CAU_00011,CAUSES,SYM_03537,2,train
CAU_00003,CAUSES,SYM_03744,2,train
CAU_00004,CAUSES,SYM_03638,2,train
CAU_00001,CAUSES,SYM_05114,2,train
CAU_00001,CAUSES,SYM_03567,2,test
CAU_00104,CAUSES,SYM_03541,2,train
CAU_00004,CAUSES,SYM_03948,2,train
CAU_00004,CAUSES,SYM_03897,2,train
CAU_00004,CAUSES,SYM_03712,2,train
CAU_00004,CAUSES,SYM_04198,2,train
CAU_00004,CAUSES,SYM_04403,2,train
CAU_00163,CAUSES,SYM_03440,2,train
CAU_00163,CAUSES,SYM_03466,2,train
CAU_00163,CAUSES,SYM_03449,2,valid
CAU_00163,CAUSES,SYM_03415,2,valid
CAU_00163,CAUSES,SYM_03423,2,train
CAU_00163,CAUSES,SYM_03622,2,train
CAU_00163,CAUSES,SYM_03537,2,test
CAU_00163,CAUSES,SYM_03755,2,valid
CAU_00163,CAUSES,SYM_03461,2,train
CAU_00163,CAUSES,SYM_03715,2,train
CAU_00163,CAUSES,SYM_03760,2,train
CAU_00050,CAUSES,SYM_03414,2,train
CAU_00050,CAUSES,SYM_03413,2,test
CAU_00050,CAUSES,SYM_03433,4,train
CAU_00050,CAUSES,SYM_03597,2,train
CAU_00000,CAUSES,SYM_03924,2,train
CAU_00000,CAUSES,SYM_03841,3,train
CAU_00000,CAUSES,SYM_04173,2,train
CAU_00000,CAUSES,SYM_03737,3,train
CAU_00070,CAUSES,SYM_03924,3,train
CAU_00070,CAUSES,SYM_03552,4,train
CAU_00070,CAUSES,SYM_05130,2,train
CAU_00070,CAUSES,SYM_03737,4,train
CAU_00070,CAUSES,SYM_03966,4,train
CAU_00003,CAUSES,SYM_03641,2,valid
CAU_00091,CAUSES,SYM_03415,2,train
CAU_00161,CAUSES,SYM_04404,2,train
CAU_00161,CAUSES,SYM_03479,3,train
CAU_00279,CAUSES,SYM_04173,2,train
CAU_00006,CAUSES,SYM_03537,2,train
CAU_00010,CAUSES,SYM_03591,3,train
CAU_00010,CAUSES,SYM_03537,5,train
CAU_00010,CAUSES,SYM_03690,2,train
CAU_00010,CAUSES,SYM_03590,2,train
CAU_00010,CAUSES,SYM_03868,3,train
CAU_00050,CAUSES,SYM_03430,3,train
CAU_00050,CAUSES,SYM_03415,3,test
CAU_00050,CAUSES,SYM_03646,2,train
CAU_00050,CAUSES,SYM_03521,2,train
CAU_00017,CAUSES,SYM_03440,3,train
CAU_00017,CAUSES,SYM_03449,4,train
CAU_00017,CAUSES,SYM_03654,2,test
CAU_00017,CAUSES,SYM_03415,5,valid
CAU_00017,CAUSES,SYM_03475,3,train
CAU_00017,CAUSES,SYM_03565,2,train
CAU_00017,CAUSES,SYM_04400,2,train
CAU_00017,CAUSES,SYM_03461,3,train
CAU_00003,CAUSES,SYM_03815,4,train
CAU_00070,CAUSES,SYM_03551,2,test
CAU_00001,CAUSES,SYM_03722,4,train
CAU_00001,CAUSES,SYM_03641,4,train
CAU_00001,CAUSES,SYM_03869,3,train
CAU_00039,CAUSES,SYM_03841,2,train
CAU_00039,CAUSES,SYM_04361,2,train
CAU_00033,CAUSES,SYM_05155,2,train
CAU_00033,CAUSES,SYM_03426,4,train
CAU_00033,CAUSES,SYM_03423,2,train
CAU_00001,CAUSES,SYM_03640,5,train
CAU_00033,CAUSES,SYM_03415,2,train
CAU_00017,CAUSES,SYM_03430,3,valid
CAU_00017,CAUSES,SYM_03433,4,train
CAU_00017,CAUSES,SYM_03425,5,train
CAU_00017,CAUSES,SYM_03497,6,train
CAU_00017,CAUSES,SYM_03849,2,train
CAU_00132,CAUSES,SYM_03430,2,train
CAU_00132,CAUSES,SYM_03425,2,train
CAU_00132,CAUSES,SYM_03551,2,train
CAU_00046,CAUSES,SYM_03466,3,train
CAU_00046,CAUSES,SYM_03423,3,train
CAU_00046,CAUSES,SYM_03537,3,train
CAU_00046,CAUSES,SYM_03865,2,train
CAU_00046,CAUSES,SYM_03868,2,train
CAU_00046,CAUSES,SYM_03440,2,train
CAU_00194,CAUSES,SYM_03466,2,train
CAU_00194,CAUSES,SYM_03413,2,train
CAU_00017,CAUSES,SYM_03466,3,train
CAU_00017,CAUSES,SYM_03722,2,train
CAU_00017,CAUSES,SYM_03408,2,train
CAU_00169,CAUSES,SYM_03407,2,train
CAU_00046,CAUSES,SYM_03417,3,train
CAU_00046,CAUSES,SYM_03449,2,valid
CAU_00001,CAUSES,SYM_04463,2,train
CAU_00072,CAUSES,SYM_04010,2,train
CAU_00072,CAUSES,SYM_04762,2,train
CAU_00070,CAUSES,SYM_03601,2,train
CAU_00010,CAUSES,SYM_04170,2,train
CAU_00010,CAUSES,SYM_03760,2,test
CAU_00017,CAUSES,SYM_03947,2,valid
CAU_00017,CAUSES,SYM_03868,2,train
CAU_00000,CAUSES,SYM_03722,2,valid
CAU_00101,CAUSES,SYM_03598,2,train
CAU_00004,CAUSES,SYM_03674,2,train
CAU_00001,CAUSES,SYM_04054,2,train
CAU_00050,CAUSES,SYM_03752,2,valid
CAU_00033,CAUSES,SYM_03543,3,train
CAU_00035,CAUSES,SYM_03412,2,train
CAU_00014,CAUSES,SYM_03674,2,train
CAU_00219,CAUSES,SYM_03465,2,train
CAU_00219,CAUSES,SYM_03521,2,train
CAU_00358,CAUSES,SYM_03553,2,train
CAU_00358,CAUSES,SYM_03414,2,train
CAU_00017,CAUSES,SYM_03570,2,train
CAU_00017,CAUSES,SYM_03414,8,train
CAU_00017,CAUSES,SYM_03460,5,train
CAU_00017,CAUSES,SYM_03553,4,train
CAU_00017,CAUSES,SYM_03622,2,train
CAU_00033,CAUSES,SYM_03800,2,train
CAU_00050,CAUSES,SYM_03408,3,train
CAU_00050,CAUSES,SYM_03847,2,train
CAU_00033,CAUSES,SYM_03463,2,train
CAU_00000,CAUSES,SYM_05127,2,train
CAU_00070,CAUSES,SYM_04172,2,train
CAU_00010,CAUSES,SYM_03606,2,train
CAU_00133,CAUSES,SYM_03424,2,train
CAU_00133,CAUSES,SYM_03421,2,train
CAU_00047,CAUSES,SYM_03507,10,train
CAU_00047,CAUSES,SYM_03408,4,train
CAU_00047,CAUSES,SYM_03758,3,train
CAU_00033,CAUSES,SYM_03420,2,train
CAU_00017,CAUSES,SYM_03432,4,train
CAU_00017,CAUSES,SYM_03413,10,valid
CAU_00017,CAUSES,SYM_03459,3,train
CAU_00033,CAUSES,SYM_03452,2,train
CAU_00070,CAUSES,SYM_03426,2,train
CAU_00001,CAUSES,SYM_03818,4,train
CAU_00001,CAUSES,SYM_03787,2,train
CAU_00001,CAUSES,SYM_03726,2,train
CAU_00003,CAUSES,SYM_05229,2,train
CAU_00003,CAUSES,SYM_03507,2,train
CAU_00003,CAUSES,SYM_03787,3,train
CAU_00003,CAUSES,SYM_04523,2,train
CAU_00001,CAUSES,SYM_03703,2,train
CAU_00001,CAUSES,SYM_03689,2,train
CAU_00001,CAUSES,SYM_03609,2,train
CAU_00001,CAUSES,SYM_03447,2,train
CAU_00007,CAUSES,SYM_03725,2,train
CAU_00007,CAUSES,SYM_03526,4,train
CAU_00001,CAUSES,SYM_04330,3,train
CAU_00047,CAUSES,SYM_03478,2,train
CAU_00001,CAUSES,SYM_04088,3,train
CAU_00001,CAUSES,SYM_03837,2,train
CAU_00001,CAUSES,SYM_04303,2,train
CAU_00001,CAUSES,SYM_04563,2,train
CAU_00001,CAUSES,SYM_04498,2,train
CAU_00001,CAUSES,SYM_04565,2,train
CAU_00022,CAUSES,SYM_03526,3,train
CAU_00047,CAUSES,SYM_03541,2,train
CAU_00047,CAUSES,SYM_03821,2,train
CAU_00047,CAUSES,SYM_04538,2,train
CAU_00047,CAUSES,SYM_03615,2,train
CAU_00133,CAUSES,SYM_04118,2,train
CAU_00133,CAUSES,SYM_05017,2,train
CAU_00243,CAUSES,SYM_03435,2,train
CAU_00173,CAUSES,SYM_03434,2,train
CAU_00173,CAUSES,SYM_03532,2,train
CAU_00244,CAUSES,SYM_04963,2,train
CAU_00003,CAUSES,SYM_03711,2,train
CAU_00003,CAUSES,SYM_03774,3,test
CAU_00003,CAUSES,SYM_03783,2,train
CAU_00112,CAUSES,SYM_03858,2,train
CAU_00112,CAUSES,SYM_03828,2,train
CAU_00112,CAUSES,SYM_03475,2,train
CAU_00035,CAUSES,SYM_03624,2,train
CAU_00035,CAUSES,SYM_03516,2,train
CAU_00035,CAUSES,SYM_03455,2,train
CAU_00035,CAUSES,SYM_03443,2,train
CAU_00035,CAUSES,SYM_03411,2,train
CAU_00035,CAUSES,SYM_03631,2,train
CAU_00035,CAUSES,SYM_03533,2,train
CAU_00035,CAUSES,SYM_03787,2,train
CAU_00035,CAUSES,SYM_03898,2,valid
CAU_00002,CAUSES,SYM_03600,2,train
CAU_00360,CAUSES,SYM_03411,2,train
CAU_00017,CAUSES,SYM_03711,2,train
CAU_00017,CAUSES,SYM_03704,3,train
CAU_00017,CAUSES,SYM_03454,3,valid
CAU_00005,CAUSES,SYM_04280,2,train
CAU_00005,CAUSES,SYM_03845,2,train
CAU_00005,CAUSES,SYM_04029,3,train
CAU_00037,CAUSES,SYM_03415,3,train
CAU_00037,CAUSES,SYM_03512,4,train
CAU_00037,CAUSES,SYM_03845,3,train
CAU_00037,CAUSES,SYM_04029,2,train
CAU_00037,CAUSES,SYM_03497,4,train
CAU_00037,CAUSES,SYM_03590,3,train
CAU_00003,CAUSES,SYM_03751,3,train
CAU_00037,CAUSES,SYM_03466,2,train
CAU_00037,CAUSES,SYM_03499,2,train
CAU_00005,CAUSES,SYM_03600,2,train
CAU_00017,CAUSES,SYM_03600,2,train
CAU_00017,CAUSES,SYM_03592,2,train
CAU_00007,CAUSES,SYM_03641,2,test
CAU_00007,CAUSES,SYM_03658,3,train
CAU_00047,CAUSES,SYM_04815,2,train
CAU_00047,CAUSES,SYM_03687,2,valid
CAU_00047,CAUSES,SYM_03411,2,train
CAU_00047,CAUSES,SYM_03725,2,train
CAU_00047,CAUSES,SYM_03517,2,train
CAU_00047,CAUSES,SYM_03577,2,train
CAU_00047,CAUSES,SYM_03679,2,valid
CAU_00007,CAUSES,SYM_03463,3,train
CAU_00007,CAUSES,SYM_04350,2,train
CAU_00017,CAUSES,SYM_03845,3,train
CAU_00017,CAUSES,SYM_03462,3,train
CAU_00035,CAUSES,SYM_03801,2,train
CAU_00035,CAUSES,SYM_03588,2,train
CAU_00003,CAUSES,SYM_04112,2,train
CAU_00017,CAUSES,SYM_04140,2,train
CAU_00037,CAUSES,SYM_03417,10,train
CAU_00037,CAUSES,SYM_03704,2,test
CAU_00037,CAUSES,SYM_03414,3,train
CAU_00037,CAUSES,SYM_03433,2,train
CAU_00037,CAUSES,SYM_03413,10,train
CAU_00037,CAUSES,SYM_03425,3,test
CAU_00037,CAUSES,SYM_03538,3,train
CAU_00091,CAUSES,SYM_03417,2,train
CAU_00071,CAUSES,SYM_03549,2,train
CAU_00037,CAUSES,SYM_03971,2,test
CAU_00037,CAUSES,SYM_03438,2,train
CAU_00037,CAUSES,SYM_03428,2,train
CAU_00037,CAUSES,SYM_03431,2,valid
CAU_00220,CAUSES,SYM_03413,3,train
CAU_00091,CAUSES,SYM_04081,2,train
CAU_00091,CAUSES,SYM_03767,2,test
CAU_00091,CAUSES,SYM_03452,2,test
CAU_00091,CAUSES,SYM_03519,2,train
CAU_00037,CAUSES,SYM_03818,2,test
CAU_00037,CAUSES,SYM_03452,3,train
CAU_00037,CAUSES,SYM_03454,2,train
CAU_00037,CAUSES,SYM_03487,2,train
CAU_00037,CAUSES,SYM_03519,3,train
CAU_00017,CAUSES,SYM_03971,2,train
CAU_00017,CAUSES,SYM_04363,2,train
CAU_00017,CAUSES,SYM_03519,3,train
CAU_00220,CAUSES,SYM_03415,2,valid
CAU_00220,CAUSES,SYM_03971,2,train
CAU_00220,CAUSES,SYM_04363,2,test
CAU_00220,CAUSES,SYM_03519,2,test
CAU_00037,CAUSES,SYM_03460,2,train
CAU_00017,CAUSES,SYM_03439,2,valid
CAU_00176,CAUSES,SYM_03408,2,train
CAU_00037,CAUSES,SYM_03455,2,train
CAU_00037,CAUSES,SYM_04252,2,train
CAU_00037,CAUSES,SYM_03496,2,train
CAU_00017,CAUSES,SYM_03544,2,train
CAU_00037,CAUSES,SYM_03432,3,valid
CAU_00037,CAUSES,SYM_03544,3,train
CAU_00022,CAUSES,SYM_03791,2,train
CAU_00022,CAUSES,SYM_03639,3,train
CAU_00022,CAUSES,SYM_03772,2,train
CAU_00007,CAUSES,SYM_03507,2,train
CAU_00047,CAUSES,SYM_03523,2,train
CAU_00046,CAUSES,SYM_04026,2,test
CAU_00046,CAUSES,SYM_03999,2,train
CAU_00046,CAUSES,SYM_04137,2,train
CAU_00046,CAUSES,SYM_03994,2,train
CAU_00046,CAUSES,SYM_03690,2,train
CAU_00046,CAUSES,SYM_03428,2,train
CAU_00046,CAUSES,SYM_04445,2,test
CAU_00005,CAUSES,SYM_04026,2,train
CAU_00005,CAUSES,SYM_03999,2,train
CAU_00005,CAUSES,SYM_04137,2,train
CAU_00005,CAUSES,SYM_03994,2,train
CAU_00005,CAUSES,SYM_03690,2,train
CAU_00005,CAUSES,SYM_04445,2,train
CAU_00007,CAUSES,SYM_03414,2,train
CAU_00007,CAUSES,SYM_03639,2,test
CAU_00037,CAUSES,SYM_03408,2,train
CAU_00037,CAUSES,SYM_04303,2,train
CAU_00037,CAUSES,SYM_04814,2,train
CAU_00022,CAUSES,SYM_03523,3,train
CAU_00007,CAUSES,SYM_05139,2,train
CAU_00007,CAUSES,SYM_04624,2,train
CAU_00007,CAUSES,SYM_04556,2,train
CAU_00007,CAUSES,SYM_03990,2,train
CAU_00007,CAUSES,SYM_04119,2,train
CAU_00007,CAUSES,SYM_03607,2,train
CAU_00007,CAUSES,SYM_03784,2,test
CAU_00007,CAUSES,SYM_04562,2,train
CAU_00007,CAUSES,SYM_03478,2,train
CAU_00007,CAUSES,SYM_04226,2,train
CAU_00007,CAUSES,SYM_04411,2,train
CAU_00007,CAUSES,SYM_04560,2,train
CAU_00008,CAUSES,SYM_04589,2,train
CAU_00008,CAUSES,SYM_04813,2,train
CAU_00008,CAUSES,SYM_04559,2,train
CAU_00008,CAUSES,SYM_03827,2,train
CAU_00008,CAUSES,SYM_04477,2,train
CAU_00008,CAUSES,SYM_04625,2,train
CAU_00008,CAUSES,SYM_03607,2,train
CAU_00008,CAUSES,SYM_04626,2,train
CAU_00008,CAUSES,SYM_03784,2,train
CAU_00008,CAUSES,SYM_03612,2,train
CAU_00077,CAUSES,SYM_05131,2,train
CAU_00216,CAUSES,SYM_03416,3,train
CAU_00216,CAUSES,SYM_03408,2,test
CAU_00216,CAUSES,SYM_03436,3,train
CAU_00216,CAUSES,SYM_03982,2,train
CAU_00216,CAUSES,SYM_03422,2,train
CAU_00216,CAUSES,SYM_03598,2,valid
CAU_00123,CAUSES,SYM_04812,2,train
CAU_00123,CAUSES,SYM_03684,2,train
CAU_00123,CAUSES,SYM_04965,2,train
CAU_00123,CAUSES,SYM_03925,2,valid
CAU_00123,CAUSES,SYM_03673,2,train
CAU_00123,CAUSES,SYM_05011,2,train
CAU_00123,CAUSES,SYM_04347,2,train
CAU_00123,CAUSES,SYM_05117,2,train
CAU_00014,CAUSES,SYM_04812,2,train
CAU_00014,CAUSES,SYM_03684,2,train
CAU_00014,CAUSES,SYM_04965,2,train
CAU_00014,CAUSES,SYM_03925,2,train
CAU_00014,CAUSES,SYM_03673,2,train
CAU_00014,CAUSES,SYM_05011,2,train
CAU_00014,CAUSES,SYM_04347,2,train
CAU_00014,CAUSES,SYM_05117,2,valid
CAU_00001,CAUSES,SYM_03684,2,train
CAU_00001,CAUSES,SYM_03686,2,train
CAU_00001,CAUSES,SYM_04139,2,train
CAU_00001,CAUSES,SYM_04178,2,train
CAU_00001,CAUSES,SYM_04489,2,train
CAU_00001,CAUSES,SYM_05142,2,train
CAU_00001,CAUSES,SYM_04614,2,train
CAU_00001,CAUSES,SYM_04768,2,train
CAU_00004,CAUSES,SYM_04943,2,train
CAU_00050,CAUSES,SYM_03416,2,train
CAU_00037,CAUSES,SYM_03448,3,train
CAU_00101,CAUSES,SYM_03425,2,valid
