source_id,source_name,source_type,relation,target_id,target_name,target_type,weight
CAU_00053,伤寒,CAU,CAUSES,SYM_03407,发热,SYM,2
CAU_00064,脾失健运,CAU,CAUSES,SYM_04891,痰浊中阻,SYM,2
CAU_00053,伤寒,CAU,CAUSES,SYM_03424,恶寒,SYM,2
CAU_00020,气滞血瘀,CAU,CAUSES,SYM_03426,胸闷,SYM,5
CAU_00020,气滞血瘀,CAU,CAUSES,SYM_03453,瘀斑,SYM,3
CAU_00020,气滞血瘀,CAU,CAUSES,SYM_03564,瘀血,SYM,3
CAU_00099,肝阳上亢,CAU,CAUSES,SYM_03425,头晕,SYM,2
CAU_00103,阴血亏虚,CAU,CAUSES,SYM_03430,耳鸣,SYM,2
CAU_00103,阴血亏虚,CAU,CAUSES,SYM_03425,头晕,SYM,2
CAU_00068,肝肾阴虚,CAU,CAUSES,SYM_03430,耳鸣,SYM,4
CAU_00068,肝肾阴虚,CAU,CAUSES,SYM_03425,头晕,SYM,5
CAU_00025,气血两虚,CAU,CAUSES,SYM_03413,舌淡,SYM,4
CAU_00025,气血两虚,CAU,CAUSES,SYM_03578,不思饮食,SYM,2
CAU_00073,阴虚内热,CAU,CAUSES,SYM_03524,脉细数,SYM,4
CAU_00139,脾虚湿蕴,CAU,CAUSES,SYM_03496,大便溏薄,SYM,2
CAU_00139,脾虚湿蕴,CAU,CAUSES,SYM_03413,舌淡,SYM,3
CAU_00139,脾虚湿蕴,CAU,CAUSES,SYM_04379,脓疱稀疏,SYM,2
CAU_00150,湿热内生,CAU,CAUSES,SYM_03822,饮食不节,SYM,2
CAU_00064,脾失健运,CAU,CAUSES,SYM_03822,饮食不节,SYM,2
CAU_00406,风湿蕴肤,CAU,CAUSES,SYM_04341,皮损呈淡褐色片状,SYM,2
CAU_00018,血虚,CAU,CAUSES,SYM_03413,舌淡,SYM,4
CAU_00084,湿热蕴结,CAU,CAUSES,SYM_03727,关节痛,SYM,2
CAU_00084,湿热蕴结,CAU,CAUSES,SYM_03530,尿黄,SYM,2
CAU_00084,湿热蕴结,CAU,CAUSES,SYM_04342,皮损鲜红,SYM,2
CAU_00084,湿热蕴结,CAU,CAUSES,SYM_03407,发热,SYM,2
CAU_00020,气滞血瘀,CAU,CAUSES,SYM_03812,脉沉细,SYM,2
CAU_00020,气滞血瘀,CAU,CAUSES,SYM_03409,头痛,SYM,3
CAU_00020,气滞血瘀,CAU,CAUSES,SYM_03856,胸胁疼痛,SYM,2
CAU_00048,肝肾不足,CAU,CAUSES,SYM_03430,耳鸣,SYM,2
CAU_00048,肝肾不足,CAU,CAUSES,SYM_03413,舌淡,SYM,6
CAU_00048,肝肾不足,CAU,CAUSES,SYM_03433,腰膝酸软,SYM,4
CAU_00048,肝肾不足,CAU,CAUSES,SYM_04659,头发焦黄或花白,SYM,2
CAU_00254,寒湿入络,CAU,CAUSES,SYM_03727,关节痛,SYM,2
CAU_00254,寒湿入络,CAU,CAUSES,SYM_04253,大便不干,SYM,2
CAU_00036,热毒炽盛,CAU,CAUSES,SYM_03410,口渴,SYM,7
CAU_00036,热毒炽盛,CAU,CAUSES,SYM_03464,小便短赤,SYM,2
CAU_00036,热毒炽盛,CAU,CAUSES,SYM_03462,抽搐,SYM,2
CAU_00036,热毒炽盛,CAU,CAUSES,SYM_03477,大便干结,SYM,2
CAU_00036,热毒炽盛,CAU,CAUSES,SYM_03419,烦躁,SYM,4
CAU_00036,热毒炽盛,CAU,CAUSES,SYM_03574,脉洪,SYM,2
CAU_00048,肝肾不足,CAU,CAUSES,SYM_03465,手足心热,SYM,2
CAU_00048,肝肾不足,CAU,CAUSES,SYM_03524,脉细数,SYM,2
CAU_00048,肝肾不足,CAU,CAUSES,SYM_03418,心烦,SYM,2
CAU_00060,阴虚火旺,CAU,CAUSES,SYM_03465,手足心热,SYM,2
CAU_00060,阴虚火旺,CAU,CAUSES,SYM_03524,脉细数,SYM,3
CAU_00060,阴虚火旺,CAU,CAUSES,SYM_03418,心烦,SYM,4
CAU_00060,阴虚火旺,CAU,CAUSES,SYM_03407,发热,SYM,2
CAU_00190,水湿泛滥,CAU,CAUSES,SYM_03515,浮肿,SYM,2
CAU_00190,水湿泛滥,CAU,CAUSES,SYM_03413,舌淡,SYM,2
CAU_00190,水湿泛滥,CAU,CAUSES,SYM_04386,脾肾阳虚,SYM,2
CAU_00087,肝郁气滞,CAU,CAUSES,SYM_03453,瘀斑,SYM,2
CAU_00087,肝郁气滞,CAU,CAUSES,SYM_03620,胸胁胀满,SYM,2
CAU_00020,气滞血瘀,CAU,CAUSES,SYM_03513,倦怠乏力,SYM,2
CAU_00025,气血两虚,CAU,CAUSES,SYM_03513,倦怠乏力,SYM,2
CAU_00140,虚热内生,CAU,CAUSES,SYM_03524,脉细数,SYM,3
CAU_00140,虚热内生,CAU,CAUSES,SYM_03418,心烦,SYM,2
CAU_00076,肾阴亏虚,CAU,CAUSES,SYM_03418,心烦,SYM,3
CAU_00139,脾虚湿蕴,CAU,CAUSES,SYM_03426,胸闷,SYM,2
CAU_00139,脾虚湿蕴,CAU,CAUSES,SYM_05071,腐肉败脱,SYM,2
CAU_00139,脾虚湿蕴,CAU,CAUSES,SYM_04395,舌胖润,SYM,2
CAU_00139,脾虚湿蕴,CAU,CAUSES,SYM_04909,皮肤水疱,SYM,2
CAU_00139,脾虚湿蕴,CAU,CAUSES,SYM_03480,苔腻,SYM,3
CAU_00139,脾虚湿蕴,CAU,CAUSES,SYM_04344,皮色褐暗,SYM,2
CAU_00189,气阴两伤,CAU,CAUSES,SYM_03410,口渴,SYM,2
CAU_00036,热毒炽盛,CAU,CAUSES,SYM_03441,咽干,SYM,2
CAU_00102,迫血妄行,CAU,CAUSES,SYM_03410,口渴,SYM,2
CAU_00010,脉细弱,CAU,CAUSES,SYM_03425,头晕,SYM,16
CAU_00010,脉细弱,CAU,CAUSES,SYM_03430,耳鸣,SYM,2
CAU_00010,脉细弱,CAU,CAUSES,SYM_03413,舌淡,SYM,25
CAU_00073,阴虚内热,CAU,CAUSES,SYM_04394,舌红苔少,SYM,2
CAU_00117,阳衰,CAU,CAUSES,SYM_03430,耳鸣,SYM,2
CAU_00117,阳衰,CAU,CAUSES,SYM_03702,唇干,SYM,2
CAU_00117,阳衰,CAU,CAUSES,SYM_03514,口燥,SYM,2
CAU_00117,阳衰,CAU,CAUSES,SYM_03446,泄泻,SYM,2
CAU_00117,阳衰,CAU,CAUSES,SYM_03411,腹痛,SYM,2
CAU_00117,阳衰,CAU,CAUSES,SYM_03438,盗汗,SYM,2
CAU_00117,阳衰,CAU,CAUSES,SYM_03431,自汗,SYM,2
CAU_00117,阳衰,CAU,CAUSES,SYM_03578,不思饮食,SYM,2
CAU_00009,气虚,CAU,CAUSES,SYM_03430,耳鸣,SYM,2
CAU_00009,气虚,CAU,CAUSES,SYM_03702,唇干,SYM,2
CAU_00009,气虚,CAU,CAUSES,SYM_03514,口燥,SYM,3
CAU_00009,气虚,CAU,CAUSES,SYM_03446,泄泻,SYM,3
CAU_00009,气虚,CAU,CAUSES,SYM_03411,腹痛,SYM,4
CAU_00009,气虚,CAU,CAUSES,SYM_03438,盗汗,SYM,2
CAU_00009,气虚,CAU,CAUSES,SYM_03431,自汗,SYM,7
CAU_00009,气虚,CAU,CAUSES,SYM_03578,不思饮食,SYM,2
CAU_00105,气血虚,CAU,CAUSES,SYM_03407,发热,SYM,2
CAU_00259,心气不足,CAU,CAUSES,SYM_03822,饮食不节,SYM,2
CAU_00048,肝肾不足,CAU,CAUSES,SYM_03646,两目干涩,SYM,2
CAU_00103,阴血亏虚,CAU,CAUSES,SYM_03527,口燥咽干,SYM,2
CAU_00103,阴血亏虚,CAU,CAUSES,SYM_03524,脉细数,SYM,3
CAU_00073,阴虚内热,CAU,CAUSES,SYM_03540,少寐,SYM,2
CAU_00118,五心烦热,CAU,CAUSES,SYM_03524,脉细数,SYM,4
CAU_00009,气虚,CAU,CAUSES,SYM_03413,舌淡,SYM,7
CAU_00009,气虚,CAU,CAUSES,SYM_04089,少气,SYM,3
CAU_00009,气虚,CAU,CAUSES,SYM_03461,懒言,SYM,5
CAU_00009,气虚,CAU,CAUSES,SYM_03407,发热,SYM,5
CAU_00018,血虚,CAU,CAUSES,SYM_03407,发热,SYM,2
CAU_00057,脾气虚,CAU,CAUSES,SYM_03415,苔薄白,SYM,7
CAU_00057,脾气虚,CAU,CAUSES,SYM_03429,腹胀,SYM,2
CAU_00057,脾气虚,CAU,CAUSES,SYM_03448,食少,SYM,3
CAU_00064,脾失健运,CAU,CAUSES,SYM_03415,苔薄白,SYM,2
CAU_00064,脾失健运,CAU,CAUSES,SYM_03429,腹胀,SYM,2
CAU_00009,气虚,CAU,CAUSES,SYM_03415,苔薄白,SYM,3
CAU_00009,气虚,CAU,CAUSES,SYM_03429,腹胀,SYM,2
CAU_00009,气虚,CAU,CAUSES,SYM_03448,食少,SYM,5
CAU_00009,气虚,CAU,CAUSES,SYM_04307,气短懒言,SYM,2
CAU_00102,迫血妄行,CAU,CAUSES,SYM_03430,耳鸣,SYM,2
CAU_00102,迫血妄行,CAU,CAUSES,SYM_03441,咽干,SYM,2
CAU_00102,迫血妄行,CAU,CAUSES,SYM_03425,头晕,SYM,2
CAU_00088,肾阴不足,CAU,CAUSES,SYM_03433,腰膝酸软,SYM,2
CAU_00055,湿热下注,CAU,CAUSES,SYM_03441,咽干,SYM,2
CAU_00055,湿热下注,CAU,CAUSES,SYM_03464,小便短赤,SYM,4
CAU_00083,气血虚弱,CAU,CAUSES,SYM_03413,舌淡,SYM,2
CAU_00018,血虚,CAU,CAUSES,SYM_03417,乏力,SYM,3
CAU_00010,脉细弱,CAU,CAUSES,SYM_03417,乏力,SYM,28
CAU_00010,脉细弱,CAU,CAUSES,SYM_03538,面色无华,SYM,2
CAU_00069,肝郁,CAU,CAUSES,SYM_03902,情志异常,SYM,2
CAU_00069,肝郁,CAU,CAUSES,SYM_03450,易怒,SYM,3
CAU_00156,肝郁化热,CAU,CAUSES,SYM_03426,胸闷,SYM,2
CAU_00156,肝郁化热,CAU,CAUSES,SYM_03619,胁胀,SYM,2
CAU_00087,肝郁气滞,CAU,CAUSES,SYM_03426,胸闷,SYM,2
CAU_00087,肝郁气滞,CAU,CAUSES,SYM_03450,易怒,SYM,2
CAU_00087,肝郁气滞,CAU,CAUSES,SYM_03419,烦躁,SYM,2
CAU_00087,肝郁气滞,CAU,CAUSES,SYM_03619,胁胀,SYM,2
CAU_00028,肾虚,CAU,CAUSES,SYM_03474,腰酸,SYM,3
CAU_00028,肾虚,CAU,CAUSES,SYM_03425,头晕,SYM,2
CAU_00028,肾虚,CAU,CAUSES,SYM_03411,腹痛,SYM,3
CAU_00026,血瘀,CAU,CAUSES,SYM_03411,腹痛,SYM,4
CAU_00010,脉细弱,CAU,CAUSES,SYM_03474,腰酸,SYM,4
CAU_00010,脉细弱,CAU,CAUSES,SYM_03870,阴道出血,SYM,3
CAU_00009,气虚,CAU,CAUSES,SYM_03696,阴道流血,SYM,2
CAU_00009,气虚,CAU,CAUSES,SYM_03460,面色苍白,SYM,4
CAU_00009,气虚,CAU,CAUSES,SYM_03546,小腹疼痛,SYM,2
CAU_00028,肾虚,CAU,CAUSES,SYM_03417,乏力,SYM,3
CAU_00028,肾虚,CAU,CAUSES,SYM_03413,舌淡,SYM,6
CAU_00015,脾虚,CAU,CAUSES,SYM_03553,四肢不温,SYM,2
CAU_00015,脾虚,CAU,CAUSES,SYM_03413,舌淡,SYM,6
CAU_00010,脉细弱,CAU,CAUSES,SYM_03539,健忘,SYM,2
CAU_00010,脉细弱,CAU,CAUSES,SYM_03506,眩晕,SYM,3
CAU_00010,脉细弱,CAU,CAUSES,SYM_03427,心悸,SYM,21
CAU_00010,脉细弱,CAU,CAUSES,SYM_03508,多梦,SYM,3
CAU_00066,气血不足,CAU,CAUSES,SYM_03413,舌淡,SYM,2
CAU_00066,气血不足,CAU,CAUSES,SYM_03427,心悸,SYM,2
CAU_00066,气血不足,CAU,CAUSES,SYM_03508,多梦,SYM,2
CAU_00018,血虚,CAU,CAUSES,SYM_03427,心悸,SYM,2
CAU_00018,血虚,CAU,CAUSES,SYM_03508,多梦,SYM,2
CAU_00009,气虚,CAU,CAUSES,SYM_03809,神疲乏力,SYM,2
CAU_00009,气虚,CAU,CAUSES,SYM_03427,心悸,SYM,2
CAU_00059,虚火上炎,CAU,CAUSES,SYM_03430,耳鸣,SYM,2
CAU_00059,虚火上炎,CAU,CAUSES,SYM_03451,少苔,SYM,2
CAU_00059,虚火上炎,CAU,CAUSES,SYM_03408,舌红,SYM,4
CAU_00059,虚火上炎,CAU,CAUSES,SYM_03425,头晕,SYM,2
CAU_00059,虚火上炎,CAU,CAUSES,SYM_03437,失眠,SYM,2
CAU_00073,阴虚内热,CAU,CAUSES,SYM_03430,耳鸣,SYM,2
CAU_00073,阴虚内热,CAU,CAUSES,SYM_03451,少苔,SYM,2
CAU_00073,阴虚内热,CAU,CAUSES,SYM_03527,口燥咽干,SYM,4
CAU_00073,阴虚内热,CAU,CAUSES,SYM_03408,舌红,SYM,3
CAU_00073,阴虚内热,CAU,CAUSES,SYM_03425,头晕,SYM,2
CAU_00073,阴虚内热,CAU,CAUSES,SYM_03939,颜面潮红,SYM,2
CAU_00073,阴虚内热,CAU,CAUSES,SYM_03437,失眠,SYM,2
CAU_00060,阴虚火旺,CAU,CAUSES,SYM_03430,耳鸣,SYM,2
CAU_00060,阴虚火旺,CAU,CAUSES,SYM_03527,口燥咽干,SYM,3
CAU_00060,阴虚火旺,CAU,CAUSES,SYM_03408,舌红,SYM,4
CAU_00060,阴虚火旺,CAU,CAUSES,SYM_03425,头晕,SYM,2
CAU_00068,肝肾阴虚,CAU,CAUSES,SYM_03527,口燥咽干,SYM,2
CAU_00068,肝肾阴虚,CAU,CAUSES,SYM_03408,舌红,SYM,2
CAU_00068,肝肾阴虚,CAU,CAUSES,SYM_03567,目眩,SYM,2
CAU_00068,肝肾阴虚,CAU,CAUSES,SYM_03939,颜面潮红,SYM,2
CAU_00068,肝肾阴虚,CAU,CAUSES,SYM_03437,失眠,SYM,2
CAU_00099,肝阳上亢,CAU,CAUSES,SYM_03506,眩晕,SYM,2
CAU_00099,肝阳上亢,CAU,CAUSES,SYM_03408,舌红,SYM,3
CAU_00099,肝阳上亢,CAU,CAUSES,SYM_03462,抽搐,SYM,2
CAU_00099,肝阳上亢,CAU,CAUSES,SYM_03409,头痛,SYM,3
CAU_00073,阴虚内热,CAU,CAUSES,SYM_03929,脉弦细,SYM,2
CAU_00171,阴虚阳亢,CAU,CAUSES,SYM_03929,脉弦细,SYM,2
CAU_00068,肝肾阴虚,CAU,CAUSES,SYM_03929,脉弦细,SYM,2
CAU_00073,阴虚内热,CAU,CAUSES,SYM_03438,盗汗,SYM,2
CAU_00015,脾虚,CAU,CAUSES,SYM_03426,胸闷,SYM,3
CAU_00015,脾虚,CAU,CAUSES,SYM_03421,咳嗽,SYM,2
CAU_00015,脾虚,CAU,CAUSES,SYM_03467,痰多,SYM,3
CAU_00015,脾虚,CAU,CAUSES,SYM_03930,脉濡,SYM,2
CAU_00015,脾虚,CAU,CAUSES,SYM_03550,苔白腻,SYM,2
CAU_00015,脾虚,CAU,CAUSES,SYM_03502,气促,SYM,2
CAU_00020,气滞血瘀,CAU,CAUSES,SYM_03863,舌黯红,SYM,3
CAU_00020,气滞血瘀,CAU,CAUSES,SYM_03486,呕恶,SYM,2
CAU_00020,气滞血瘀,CAU,CAUSES,SYM_03419,烦躁,SYM,3
CAU_00059,虚火上炎,CAU,CAUSES,SYM_03420,口干,SYM,5
CAU_00059,虚火上炎,CAU,CAUSES,SYM_03957,咽燥,SYM,2
CAU_00059,虚火上炎,CAU,CAUSES,SYM_03524,脉细数,SYM,4
CAU_00140,虚热内生,CAU,CAUSES,SYM_03420,口干,SYM,2
CAU_00140,虚热内生,CAU,CAUSES,SYM_03957,咽燥,SYM,2
CAU_00140,虚热内生,CAU,CAUSES,SYM_03408,舌红,SYM,2
CAU_00025,气血两虚,CAU,CAUSES,SYM_03407,发热,SYM,2
CAU_00025,气血两虚,CAU,CAUSES,SYM_03424,恶寒,SYM,2
CAU_00118,五心烦热,CAU,CAUSES,SYM_03425,头晕,SYM,2
CAU_00304,精血亏损,CAU,CAUSES,SYM_03425,头晕,SYM,2
CAU_00018,血虚,CAU,CAUSES,SYM_03542,瘙痒,SYM,2
CAU_00055,湿热下注,CAU,CAUSES,SYM_03530,尿黄,SYM,2
CAU_00055,湿热下注,CAU,CAUSES,SYM_03420,口干,SYM,2
CAU_00016,风寒,CAU,CAUSES,SYM_03434,身热,SYM,2
CAU_00016,风寒,CAU,CAUSES,SYM_03411,腹痛,SYM,3
CAU_00016,风寒,CAU,CAUSES,SYM_03793,头疼,SYM,3
CAU_00015,脾虚,CAU,CAUSES,SYM_03431,自汗,SYM,2
CAU_00015,脾虚,CAU,CAUSES,SYM_03446,泄泻,SYM,5
CAU_00015,脾虚,CAU,CAUSES,SYM_03566,面黄,SYM,2
CAU_00015,脾虚,CAU,CAUSES,SYM_03418,心烦,SYM,2
CAU_00015,脾虚,CAU,CAUSES,SYM_04765,手足萎软,SYM,2
CAU_00015,脾虚,CAU,CAUSES,SYM_04214,口流清涎,SYM,2
CAU_00015,脾虚,CAU,CAUSES,SYM_04412,语言迟钝,SYM,2
CAU_00015,脾虚,CAU,CAUSES,SYM_03905,智力低下,SYM,2
CAU_00015,脾虚,CAU,CAUSES,SYM_04147,纳食欠佳,SYM,2
CAU_00009,气虚,CAU,CAUSES,SYM_04765,手足萎软,SYM,2
CAU_00009,气虚,CAU,CAUSES,SYM_04214,口流清涎,SYM,2
CAU_00009,气虚,CAU,CAUSES,SYM_04412,语言迟钝,SYM,2
CAU_00009,气虚,CAU,CAUSES,SYM_03905,智力低下,SYM,2
CAU_00009,气虚,CAU,CAUSES,SYM_04147,纳食欠佳,SYM,2
CAU_00015,脾虚,CAU,CAUSES,SYM_03417,乏力,SYM,7
CAU_00015,脾虚,CAU,CAUSES,SYM_03423,神疲,SYM,8
CAU_00066,气血不足,CAU,CAUSES,SYM_03423,神疲,SYM,2
CAU_00009,气虚,CAU,CAUSES,SYM_03417,乏力,SYM,2
CAU_00118,五心烦热,CAU,CAUSES,SYM_03438,盗汗,SYM,2
CAU_00118,五心烦热,CAU,CAUSES,SYM_03472,颧红,SYM,2
CAU_00140,虚热内生,CAU,CAUSES,SYM_03472,颧红,SYM,2
CAU_00057,脾气虚,CAU,CAUSES,SYM_03466,面色萎黄,SYM,4
CAU_00057,脾气虚,CAU,CAUSES,SYM_03431,自汗,SYM,5
CAU_00009,气虚,CAU,CAUSES,SYM_03466,面色萎黄,SYM,3
CAU_00066,气血不足,CAU,CAUSES,SYM_03448,食少,SYM,2
CAU_00066,气血不足,CAU,CAUSES,SYM_03431,自汗,SYM,2
CAU_00028,肾虚,CAU,CAUSES,SYM_03544,小便清长,SYM,2
CAU_00009,气虚,CAU,CAUSES,SYM_03432,肢冷,SYM,2
CAU_00009,气虚,CAU,CAUSES,SYM_03813,脉细,SYM,2
CAU_00013,湿热,CAU,CAUSES,SYM_03463,苔黄腻,SYM,2
CAU_00013,湿热,CAU,CAUSES,SYM_04377,脉滑数,SYM,2
CAU_00013,湿热,CAU,CAUSES,SYM_03534,水肿,SYM,2
CAU_00013,湿热,CAU,CAUSES,SYM_03482,小便黄赤,SYM,2
CAU_00138,脾虚不运,CAU,CAUSES,SYM_03565,神倦,SYM,2
CAU_00036,热毒炽盛,CAU,CAUSES,SYM_03614,高热不退,SYM,2
CAU_00036,热毒炽盛,CAU,CAUSES,SYM_03408,舌红,SYM,4
CAU_00036,热毒炽盛,CAU,CAUSES,SYM_03409,头痛,SYM,2
CAU_00036,热毒炽盛,CAU,CAUSES,SYM_03416,苔黄,SYM,6
CAU_00016,风寒,CAU,CAUSES,SYM_03415,苔薄白,SYM,3
CAU_00016,风寒,CAU,CAUSES,SYM_03632,流涕,SYM,2
CAU_00016,风寒,CAU,CAUSES,SYM_03421,咳嗽,SYM,3
CAU_00016,风寒,CAU,CAUSES,SYM_03456,鼻塞,SYM,4
CAU_00027,风热,CAU,CAUSES,SYM_03415,苔薄白,SYM,2
CAU_00027,风热,CAU,CAUSES,SYM_03412,舌质红,SYM,3
CAU_00027,风热,CAU,CAUSES,SYM_03409,头痛,SYM,5
CAU_00027,风热,CAU,CAUSES,SYM_03862,舌质红苔黄,SYM,2
CAU_00027,风热,CAU,CAUSES,SYM_03717,脉弦,SYM,3
CAU_00013,湿热,CAU,CAUSES,SYM_03862,舌质红苔黄,SYM,3
CAU_00013,湿热,CAU,CAUSES,SYM_03717,脉弦,SYM,3
CAU_00013,湿热,CAU,CAUSES,SYM_03689,糜烂,SYM,2
CAU_00013,湿热,CAU,CAUSES,SYM_03407,发热,SYM,6
CAU_00057,脾气虚,CAU,CAUSES,SYM_03417,乏力,SYM,5
CAU_00057,脾气虚,CAU,CAUSES,SYM_03428,舌质淡,SYM,3
CAU_00018,血虚,CAU,CAUSES,SYM_03428,舌质淡,SYM,2
CAU_00027,风热,CAU,CAUSES,SYM_03456,鼻塞,SYM,3
CAU_00027,风热,CAU,CAUSES,SYM_03407,发热,SYM,5
CAU_00016,风寒,CAU,CAUSES,SYM_03407,发热,SYM,4
CAU_00036,热毒炽盛,CAU,CAUSES,SYM_03442,口苦,SYM,2
CAU_00015,脾虚,CAU,CAUSES,SYM_03430,耳鸣,SYM,2
CAU_00015,脾虚,CAU,CAUSES,SYM_03425,头晕,SYM,3
CAU_00015,脾虚,CAU,CAUSES,SYM_03428,舌质淡,SYM,2
CAU_00015,脾虚,CAU,CAUSES,SYM_03496,大便溏薄,SYM,3
CAU_00013,湿热,CAU,CAUSES,SYM_03423,神疲,SYM,2
CAU_00028,肾虚,CAU,CAUSES,SYM_03415,苔薄白,SYM,2
CAU_00028,肾虚,CAU,CAUSES,SYM_03433,腰膝酸软,SYM,4
CAU_00028,肾虚,CAU,CAUSES,SYM_03423,神疲,SYM,3
CAU_00010,脉细弱,CAU,CAUSES,SYM_03415,苔薄白,SYM,26
CAU_00010,脉细弱,CAU,CAUSES,SYM_03433,腰膝酸软,SYM,3
CAU_00010,脉细弱,CAU,CAUSES,SYM_03423,神疲,SYM,23
CAU_00010,脉细弱,CAU,CAUSES,SYM_03455,舌淡红,SYM,4
CAU_00124,热盛,CAU,CAUSES,SYM_03412,舌质红,SYM,3
CAU_00013,湿热,CAU,CAUSES,SYM_03429,腹胀,SYM,3
CAU_00015,脾虚,CAU,CAUSES,SYM_03429,腹胀,SYM,3
CAU_00015,脾虚,CAU,CAUSES,SYM_03448,食少,SYM,8
CAU_00103,阴血亏虚,CAU,CAUSES,SYM_03451,少苔,SYM,2
CAU_00324,肺经蕴热,CAU,CAUSES,SYM_03420,口干,SYM,2
CAU_00324,肺经蕴热,CAU,CAUSES,SYM_03421,咳嗽,SYM,2
CAU_00324,肺经蕴热,CAU,CAUSES,SYM_03456,鼻塞,SYM,2
CAU_00020,气滞血瘀,CAU,CAUSES,SYM_03569,舌质暗红,SYM,2
CAU_00016,风寒,CAU,CAUSES,SYM_04244,喷嚏频频,SYM,2
CAU_00016,风寒,CAU,CAUSES,SYM_03428,舌质淡,SYM,3
CAU_00071,脉虚弱,CAU,CAUSES,SYM_03415,苔薄白,SYM,2
CAU_00071,脉虚弱,CAU,CAUSES,SYM_03431,自汗,SYM,4
CAU_00071,脉虚弱,CAU,CAUSES,SYM_03421,咳嗽,SYM,2
CAU_00071,脉虚弱,CAU,CAUSES,SYM_03428,舌质淡,SYM,4
CAU_00071,脉虚弱,CAU,CAUSES,SYM_03460,面色苍白,SYM,2
CAU_00071,脉虚弱,CAU,CAUSES,SYM_03456,鼻塞,SYM,2
CAU_00009,气虚,CAU,CAUSES,SYM_04244,喷嚏频频,SYM,2
CAU_00009,气虚,CAU,CAUSES,SYM_03421,咳嗽,SYM,4
CAU_00009,气虚,CAU,CAUSES,SYM_03428,舌质淡,SYM,3
CAU_00009,气虚,CAU,CAUSES,SYM_03456,鼻塞,SYM,3
CAU_00009,气虚,CAU,CAUSES,SYM_03778,鼻痒,SYM,2
CAU_00009,气虚,CAU,CAUSES,SYM_03449,便溏,SYM,2
CAU_00136,脾气虚弱,CAU,CAUSES,SYM_03448,食少,SYM,2
CAU_00092,脾胃虚弱,CAU,CAUSES,SYM_03429,腹胀,SYM,2
CAU_00092,脾胃虚弱,CAU,CAUSES,SYM_03448,食少,SYM,2
CAU_00092,脾胃虚弱,CAU,CAUSES,SYM_04089,少气,SYM,2
CAU_00092,脾胃虚弱,CAU,CAUSES,SYM_03428,舌质淡,SYM,2
CAU_00092,脾胃虚弱,CAU,CAUSES,SYM_03461,懒言,SYM,2
CAU_00213,脉弱无力,CAU,CAUSES,SYM_03428,舌质淡,SYM,3
CAU_00100,肾阳不足,CAU,CAUSES,SYM_03433,腰膝酸软,SYM,4
CAU_00100,肾阳不足,CAU,CAUSES,SYM_03432,肢冷,SYM,4
CAU_00027,风热,CAU,CAUSES,SYM_03421,咳嗽,SYM,2
CAU_00027,风热,CAU,CAUSES,SYM_03561,脉数,SYM,4
CAU_00062,肝气郁结,CAU,CAUSES,SYM_03450,易怒,SYM,3
CAU_00062,肝气郁结,CAU,CAUSES,SYM_03419,烦躁,SYM,3
CAU_00059,虚火上炎,CAU,CAUSES,SYM_03438,盗汗,SYM,3
CAU_00059,虚火上炎,CAU,CAUSES,SYM_03934,舌红少苔,SYM,2
CAU_00059,虚火上炎,CAU,CAUSES,SYM_03472,颧红,SYM,3
CAU_00118,五心烦热,CAU,CAUSES,SYM_03430,耳鸣,SYM,2
CAU_00118,五心烦热,CAU,CAUSES,SYM_03437,失眠,SYM,2
CAU_00068,肝肾阴虚,CAU,CAUSES,SYM_03433,腰膝酸软,SYM,2
CAU_00235,里热,CAU,CAUSES,SYM_03410,口渴,SYM,2
CAU_00235,里热,CAU,CAUSES,SYM_03416,苔黄,SYM,2
CAU_00235,里热,CAU,CAUSES,SYM_03407,发热,SYM,2
CAU_00092,脾胃虚弱,CAU,CAUSES,SYM_03417,乏力,SYM,2
CAU_00010,脉细弱,CAU,CAUSES,SYM_03420,口干,SYM,2
CAU_00010,脉细弱,CAU,CAUSES,SYM_03429,腹胀,SYM,2
CAU_00010,脉细弱,CAU,CAUSES,SYM_03653,大便不调,SYM,2
CAU_00010,脉细弱,CAU,CAUSES,SYM_03428,舌质淡,SYM,22
CAU_00010,脉细弱,CAU,CAUSES,SYM_03461,懒言,SYM,12
CAU_00027,风热,CAU,CAUSES,SYM_04376,脉浮数,SYM,2
CAU_00143,风热外袭,CAU,CAUSES,SYM_03407,发热,SYM,2
CAU_00124,热盛,CAU,CAUSES,SYM_03574,脉洪,SYM,3
CAU_00059,虚火上炎,CAU,CAUSES,SYM_03421,咳嗽,SYM,2
CAU_00060,阴虚火旺,CAU,CAUSES,SYM_03421,咳嗽,SYM,2
CAU_00060,阴虚火旺,CAU,CAUSES,SYM_03438,盗汗,SYM,2
CAU_00060,阴虚火旺,CAU,CAUSES,SYM_03934,舌红少苔,SYM,2
CAU_00027,风热,CAU,CAUSES,SYM_03636,舌红苔黄,SYM,2
CAU_00027,风热,CAU,CAUSES,SYM_03601,胀痛,SYM,2
CAU_00027,风热,CAU,CAUSES,SYM_04561,咽喉紧涩阻塞,SYM,2
CAU_00027,风热,CAU,CAUSES,SYM_03954,呼吸不利,SYM,2
CAU_00027,风热,CAU,CAUSES,SYM_03478,恶风,SYM,2
CAU_00027,风热,CAU,CAUSES,SYM_04179,言语不清,SYM,2
CAU_00027,风热,CAU,CAUSES,SYM_04227,咽喉红肿,SYM,2
CAU_00293,热毒内蕴,CAU,CAUSES,SYM_03636,舌红苔黄,SYM,2
CAU_00293,热毒内蕴,CAU,CAUSES,SYM_03601,胀痛,SYM,2
CAU_00293,热毒内蕴,CAU,CAUSES,SYM_04561,咽喉紧涩阻塞,SYM,2
CAU_00293,热毒内蕴,CAU,CAUSES,SYM_03954,呼吸不利,SYM,2
CAU_00293,热毒内蕴,CAU,CAUSES,SYM_03478,恶风,SYM,2
CAU_00293,热毒内蕴,CAU,CAUSES,SYM_03409,头痛,SYM,2
CAU_00293,热毒内蕴,CAU,CAUSES,SYM_03561,脉数,SYM,2
CAU_00293,热毒内蕴,CAU,CAUSES,SYM_04179,言语不清,SYM,2
CAU_00293,热毒内蕴,CAU,CAUSES,SYM_04227,咽喉红肿,SYM,2
CAU_00293,热毒内蕴,CAU,CAUSES,SYM_03407,发热,SYM,2
CAU_00016,风寒,CAU,CAUSES,SYM_03807,痰浊,SYM,2
CAU_00016,风寒,CAU,CAUSES,SYM_03414,苔白,SYM,2
CAU_00016,风寒,CAU,CAUSES,SYM_04279,开合不利,SYM,2
CAU_00016,风寒,CAU,CAUSES,SYM_03409,头痛,SYM,3
CAU_00016,风寒,CAU,CAUSES,SYM_03424,恶寒,SYM,3
CAU_00148,气血不行,CAU,CAUSES,SYM_03772,苔黄燥,SYM,2
CAU_00148,气血不行,CAU,CAUSES,SYM_03579,大便燥结,SYM,2
CAU_00148,气血不行,CAU,CAUSES,SYM_03410,口渴,SYM,2
CAU_00148,气血不行,CAU,CAUSES,SYM_03434,身热,SYM,2
CAU_00148,气血不行,CAU,CAUSES,SYM_03574,脉洪,SYM,2
CAU_00148,气血不行,CAU,CAUSES,SYM_04964,红肿热痛,SYM,2
CAU_00148,气血不行,CAU,CAUSES,SYM_03412,舌质红,SYM,2
CAU_00148,气血不行,CAU,CAUSES,SYM_03418,心烦,SYM,2
CAU_00124,热盛,CAU,CAUSES,SYM_03772,苔黄燥,SYM,2
CAU_00124,热盛,CAU,CAUSES,SYM_03579,大便燥结,SYM,2
CAU_00124,热盛,CAU,CAUSES,SYM_03410,口渴,SYM,2
CAU_00124,热盛,CAU,CAUSES,SYM_03434,身热,SYM,2
CAU_00124,热盛,CAU,CAUSES,SYM_04964,红肿热痛,SYM,2
CAU_00124,热盛,CAU,CAUSES,SYM_03418,心烦,SYM,2
CAU_00300,瘀塞络脉,CAU,CAUSES,SYM_03772,苔黄燥,SYM,2
CAU_00300,瘀塞络脉,CAU,CAUSES,SYM_03579,大便燥结,SYM,2
CAU_00300,瘀塞络脉,CAU,CAUSES,SYM_03410,口渴,SYM,2
CAU_00300,瘀塞络脉,CAU,CAUSES,SYM_03434,身热,SYM,2
CAU_00300,瘀塞络脉,CAU,CAUSES,SYM_03574,脉洪,SYM,2
CAU_00300,瘀塞络脉,CAU,CAUSES,SYM_04964,红肿热痛,SYM,2
CAU_00300,瘀塞络脉,CAU,CAUSES,SYM_03412,舌质红,SYM,2
CAU_00300,瘀塞络脉,CAU,CAUSES,SYM_03418,心烦,SYM,2
CAU_00294,热毒蕴结,CAU,CAUSES,SYM_03772,苔黄燥,SYM,2
CAU_00294,热毒蕴结,CAU,CAUSES,SYM_03579,大便燥结,SYM,2
CAU_00294,热毒蕴结,CAU,CAUSES,SYM_03410,口渴,SYM,2
CAU_00294,热毒蕴结,CAU,CAUSES,SYM_03434,身热,SYM,2
CAU_00294,热毒蕴结,CAU,CAUSES,SYM_03574,脉洪,SYM,2
CAU_00294,热毒蕴结,CAU,CAUSES,SYM_04964,红肿热痛,SYM,2
CAU_00294,热毒蕴结,CAU,CAUSES,SYM_03412,舌质红,SYM,2
CAU_00294,热毒蕴结,CAU,CAUSES,SYM_03418,心烦,SYM,2
CAU_00261,心火内扰,CAU,CAUSES,SYM_03772,苔黄燥,SYM,2
CAU_00261,心火内扰,CAU,CAUSES,SYM_03579,大便燥结,SYM,2
CAU_00261,心火内扰,CAU,CAUSES,SYM_03410,口渴,SYM,2
CAU_00261,心火内扰,CAU,CAUSES,SYM_03434,身热,SYM,2
CAU_00261,心火内扰,CAU,CAUSES,SYM_03574,脉洪,SYM,2
CAU_00261,心火内扰,CAU,CAUSES,SYM_04964,红肿热痛,SYM,2
CAU_00261,心火内扰,CAU,CAUSES,SYM_03412,舌质红,SYM,2
CAU_00261,心火内扰,CAU,CAUSES,SYM_03418,心烦,SYM,2
CAU_00276,气血壅滞,CAU,CAUSES,SYM_03809,神疲乏力,SYM,2
CAU_00276,气血壅滞,CAU,CAUSES,SYM_03439,苔薄,SYM,2
CAU_00276,气血壅滞,CAU,CAUSES,SYM_03428,舌质淡,SYM,2
CAU_00276,气血壅滞,CAU,CAUSES,SYM_03475,面色白,SYM,2
CAU_00275,气血两亏,CAU,CAUSES,SYM_03809,神疲乏力,SYM,2
CAU_00275,气血两亏,CAU,CAUSES,SYM_03439,苔薄,SYM,2
CAU_00275,气血两亏,CAU,CAUSES,SYM_03428,舌质淡,SYM,2
CAU_00275,气血两亏,CAU,CAUSES,SYM_03475,面色白,SYM,2
CAU_00213,脉弱无力,CAU,CAUSES,SYM_03809,神疲乏力,SYM,2
CAU_00213,脉弱无力,CAU,CAUSES,SYM_03439,苔薄,SYM,2
CAU_00213,脉弱无力,CAU,CAUSES,SYM_03475,面色白,SYM,2
CAU_00013,湿热,CAU,CAUSES,SYM_03673,视物不清,SYM,2
CAU_00013,湿热,CAU,CAUSES,SYM_03476,口臭,SYM,7
CAU_00013,湿热,CAU,CAUSES,SYM_03927,胞睑,SYM,2
CAU_00013,湿热,CAU,CAUSES,SYM_03436,便秘,SYM,2
CAU_00232,虚火,CAU,CAUSES,SYM_03430,耳鸣,SYM,2
CAU_00232,虚火,CAU,CAUSES,SYM_03425,头晕,SYM,2
CAU_00036,热毒炽盛,CAU,CAUSES,SYM_03436,便秘,SYM,3
CAU_00205,肺阴不足,CAU,CAUSES,SYM_03408,舌红,SYM,2
CAU_00205,肺阴不足,CAU,CAUSES,SYM_03473,少津,SYM,2
CAU_00198,肝肾精血不足,CAU,CAUSES,SYM_04141,神光衰微,SYM,2
CAU_00100,肾阳不足,CAU,CAUSES,SYM_03413,舌淡,SYM,3
CAU_00100,肾阳不足,CAU,CAUSES,SYM_04141,神光衰微,SYM,2
CAU_00015,脾虚,CAU,CAUSES,SYM_03466,面色萎黄,SYM,2
CAU_00138,脾虚不运,CAU,CAUSES,SYM_03417,乏力,SYM,2
CAU_00138,脾虚不运,CAU,CAUSES,SYM_03448,食少,SYM,2
CAU_00013,湿热,CAU,CAUSES,SYM_04915,目涩视昏,SYM,2
CAU_00015,脾虚,CAU,CAUSES,SYM_03414,苔白,SYM,5
CAU_00020,气滞血瘀,CAU,CAUSES,SYM_03619,胁胀,SYM,2
CAU_00196,肝肾两亏,CAU,CAUSES,SYM_03642,视物昏朦,SYM,2
CAU_00069,肝郁,CAU,CAUSES,SYM_03442,口苦,SYM,4
CAU_00069,肝郁,CAU,CAUSES,SYM_03441,咽干,SYM,3
CAU_00015,脾虚,CAU,CAUSES,SYM_05053,脉弱,SYM,2
CAU_00388,血不上荣,CAU,CAUSES,SYM_03413,舌淡,SYM,2
CAU_00388,血不上荣,CAU,CAUSES,SYM_03425,头晕,SYM,2
CAU_00388,血不上荣,CAU,CAUSES,SYM_03538,面色无华,SYM,2
CAU_00301,目失濡养,CAU,CAUSES,SYM_05053,脉弱,SYM,2
CAU_00301,目失濡养,CAU,CAUSES,SYM_03423,神疲,SYM,2
CAU_00301,目失濡养,CAU,CAUSES,SYM_03448,食少,SYM,2
CAU_00267,心营亏虚,CAU,CAUSES,SYM_03539,健忘,SYM,2
CAU_00267,心营亏虚,CAU,CAUSES,SYM_03413,舌淡,SYM,2
CAU_00267,心营亏虚,CAU,CAUSES,SYM_03425,头晕,SYM,2
CAU_00267,心营亏虚,CAU,CAUSES,SYM_03487,面白,SYM,2
CAU_00267,心营亏虚,CAU,CAUSES,SYM_03437,失眠,SYM,2
CAU_00267,心营亏虚,CAU,CAUSES,SYM_03427,心悸,SYM,2
CAU_00015,脾虚,CAU,CAUSES,SYM_03487,面白,SYM,2
CAU_00009,气虚,CAU,CAUSES,SYM_03414,苔白,SYM,2
CAU_00009,气虚,CAU,CAUSES,SYM_03423,神疲,SYM,2
CAU_00015,脾虚,CAU,CAUSES,SYM_03454,纳呆,SYM,3
CAU_00411,风痰,CAU,CAUSES,SYM_05230,黑睛猝然偏斜,SYM,2
CAU_00026,血瘀,CAU,CAUSES,SYM_03453,瘀斑,SYM,3
CAU_00009,气虚,CAU,CAUSES,SYM_03728,半身不遂,SYM,2
CAU_00086,肝火,CAU,CAUSES,SYM_04018,舌脉,SYM,2
CAU_00127,肝血不足,CAU,CAUSES,SYM_03539,健忘,SYM,2
CAU_00127,肝血不足,CAU,CAUSES,SYM_04916,目睫无力,SYM,2
PRE_02500,血府逐瘀汤,PRE,CONTAINS,HER_01897,红花,HER,15
PRE_02500,血府逐瘀汤,PRE,CONTAINS,HER_01877,桃仁,HER,14
PRE_02500,血府逐瘀汤,PRE,CONTAINS,HER_01866,川芎,HER,12
PRE_02500,血府逐瘀汤,PRE,CONTAINS,HER_01882,桔梗,HER,6
PRE_02500,血府逐瘀汤,PRE,CONTAINS,HER_01859,柴胡,HER,11
PRE_02500,血府逐瘀汤,PRE,CONTAINS,HER_01874,枳壳,HER,10
PRE_02500,血府逐瘀汤,PRE,CONTAINS,HER_01871,赤芍,HER,15
PRE_02500,血府逐瘀汤,PRE,CONTAINS,HER_01856,当归,HER,17
PRE_02500,血府逐瘀汤,PRE,CONTAINS,HER_01883,生地,HER,5
HER_01897,红花,HER,HAS_EFFECT,EFF_01257,活血化瘀,EFF,24
HER_01877,桃仁,HER,HAS_EFFECT,EFF_01257,活血化瘀,EFF,25
HER_01866,川芎,HER,HAS_EFFECT,EFF_01257,活血化瘀,EFF,27
HER_01882,桔梗,HER,HAS_EFFECT,EFF_01257,活血化瘀,EFF,5
HER_01859,柴胡,HER,HAS_EFFECT,EFF_01257,活血化瘀,EFF,17
HER_01874,枳壳,HER,HAS_EFFECT,EFF_01257,活血化瘀,EFF,12
HER_01871,赤芍,HER,HAS_EFFECT,EFF_01257,活血化瘀,EFF,24
HER_01856,当归,HER,HAS_EFFECT,EFF_01257,活血化瘀,EFF,30
HER_01883,生地,HER,HAS_EFFECT,EFF_01257,活血化瘀,EFF,4
HER_01897,红花,HER,RELIEVES,SYM_03458,恶心呕吐,SYM,3
HER_01877,桃仁,HER,RELIEVES,SYM_03458,恶心呕吐,SYM,2
HER_01866,川芎,HER,RELIEVES,SYM_03458,恶心呕吐,SYM,5
HER_01859,柴胡,HER,RELIEVES,SYM_03458,恶心呕吐,SYM,3
HER_01874,枳壳,HER,RELIEVES,SYM_03458,恶心呕吐,SYM,3
HER_01871,赤芍,HER,RELIEVES,SYM_03458,恶心呕吐,SYM,4
HER_01856,当归,HER,RELIEVES,SYM_03458,恶心呕吐,SYM,3
PRE_02558,半夏汤,PRE,CONTAINS,HER_02141,越婢,HER,2
PRE_02479,补中益气汤,PRE,CONTAINS,HER_02052,麦冬五味子,HER,2
PRE_02479,补中益气汤,PRE,CONTAINS,HER_01859,柴胡,HER,13
PRE_02479,补中益气汤,PRE,CONTAINS,HER_01922,升麻,HER,10
PRE_02479,补中益气汤,PRE,CONTAINS,HER_02305,麦味,HER,2
PRE_02943,炼蜜丸,PRE,CONTAINS,HER_01863,人参,HER,2
PRE_02943,炼蜜丸,PRE,CONTAINS,HER_01866,川芎,HER,2
HER_01854,甘草,HER,HAS_EFFECT,EFF_01333,治肝,EFF,2
HER_01867,麦冬,HER,HAS_EFFECT,EFF_01313,化痰止咳,EFF,2
HER_01913,沙参,HER,HAS_EFFECT,EFF_01313,化痰止咳,EFF,2
PRE_02505,生脉散,PRE,CONTAINS,HER_01977,玉竹,HER,3
PRE_02615,复脉汤,PRE,CONTAINS,HER_01913,沙参,HER,2
PRE_02615,复脉汤,PRE,CONTAINS,HER_01977,玉竹,HER,2
PRE_02615,复脉汤,PRE,CONTAINS,HER_01867,麦冬,HER,3
PRE_02615,复脉汤,PRE,CONTAINS,HER_02199,姜桂,HER,3
PRE_02615,复脉汤,PRE,CONTAINS,HER_01870,杏仁,HER,2
PRE_02482,二陈汤,PRE,CONTAINS,HER_01940,紫苏,HER,4
PRE_02482,二陈汤,PRE,CONTAINS,HER_01882,桔梗,HER,9
PRE_02482,二陈汤,PRE,CONTAINS,HER_02107,干葛,HER,2
PRE_02504,桂枝汤,PRE,CONTAINS,HER_01870,杏仁,HER,3
PRE_03029,钟乳补肺汤,PRE,CONTAINS,HER_01863,人参,HER,2
PRE_03029,钟乳补肺汤,PRE,CONTAINS,HER_02180,糯米,HER,2
HER_01863,人参,HER,HAS_EFFECT,EFF_01268,补肺,EFF,3
PRE_02611,千金苇茎汤,PRE,CONTAINS,HER_02101,鱼腥草,HER,2
PRE_02611,千金苇茎汤,PRE,CONTAINS,HER_01882,桔梗,HER,2
PRE_02611,千金苇茎汤,PRE,CONTAINS,HER_01854,甘草,HER,2
PRE_02611,千金苇茎汤,PRE,CONTAINS,HER_01881,石膏,HER,2
PRE_02611,千金苇茎汤,PRE,CONTAINS,HER_01858,黄芩,HER,2
HER_01891,郁金,HER,HAS_EFFECT,EFF_01289,活血通络,EFF,2
HER_01891,郁金,HER,HAS_EFFECT,EFF_01258,清热解毒,EFF,3
HER_02016,乳香,HER,HAS_EFFECT,EFF_01258,清热解毒,EFF,2
HER_01877,桃仁,HER,HAS_EFFECT,EFF_01289,活血通络,EFF,2
HER_01877,桃仁,HER,HAS_EFFECT,EFF_01258,清热解毒,EFF,2
HER_01937,天花粉,HER,HAS_EFFECT,EFF_01258,清热解毒,EFF,5
HER_01865,连翘,HER,HAS_EFFECT,EFF_01289,活血通络,EFF,2
HER_01865,连翘,HER,HAS_EFFECT,EFF_01258,清热解毒,EFF,13
HER_01882,桔梗,HER,HAS_EFFECT,EFF_01258,清热解毒,EFF,3
HER_01854,甘草,HER,HAS_EFFECT,EFF_01289,活血通络,EFF,2
HER_01854,甘草,HER,HAS_EFFECT,EFF_01258,清热解毒,EFF,13
HER_01881,石膏,HER,HAS_EFFECT,EFF_01258,清热解毒,EFF,7
HER_01861,黄连,HER,HAS_EFFECT,EFF_01258,清热解毒,EFF,9
HER_01933,蒲公英,HER,HAS_EFFECT,EFF_01258,清热解毒,EFF,9
HER_01904,金银花,HER,HAS_EFFECT,EFF_01289,活血通络,EFF,2
HER_01904,金银花,HER,HAS_EFFECT,EFF_01258,清热解毒,EFF,12
HER_01858,黄芩,HER,HAS_EFFECT,EFF_01289,活血通络,EFF,2
HER_01858,黄芩,HER,HAS_EFFECT,EFF_01258,清热解毒,EFF,12
HER_02034,没药,HER,HAS_EFFECT,EFF_01258,清热解毒,EFF,2
HER_01878,知母,HER,HAS_EFFECT,EFF_01258,清热解毒,EFF,7
HER_02244,合欢树皮,HER,HAS_EFFECT,EFF_01402,收敛疮口,EFF,2
HER_02268,槿树皮,HER,HAS_EFFECT,EFF_01402,收敛疮口,EFF,2
HER_02105,合欢,HER,HAS_EFFECT,EFF_01402,收敛疮口,EFF,2
HER_02248,夜合,HER,HAS_EFFECT,EFF_01402,收敛疮口,EFF,2
HER_01858,黄芩,HER,HAS_EFFECT,EFF_01286,养阴生津,EFF,3
HER_01858,黄芩,HER,HAS_EFFECT,EFF_01284,行气止痛,EFF,2
HER_01951,太子参,HER,HAS_EFFECT,EFF_01286,养阴生津,EFF,2
HER_01886,丹参,HER,HAS_EFFECT,EFF_01286,养阴生津,EFF,2
HER_01886,丹参,HER,HAS_EFFECT,EFF_01295,化瘀止血,EFF,2
HER_01886,丹参,HER,HAS_EFFECT,EFF_01284,行气止痛,EFF,3
HER_02031,三七粉,HER,HAS_EFFECT,EFF_01295,化瘀止血,EFF,3
HER_01877,桃仁,HER,HAS_EFFECT,EFF_01284,行气止痛,EFF,4
HER_01854,甘草,HER,HAS_EFFECT,EFF_01286,养阴生津,EFF,4
HER_01854,甘草,HER,HAS_EFFECT,EFF_01284,行气止痛,EFF,4
HER_01860,白芍,HER,HAS_EFFECT,EFF_01295,化瘀止血,EFF,2
HER_01860,白芍,HER,HAS_EFFECT,EFF_01284,行气止痛,EFF,3
HER_01859,柴胡,HER,HAS_EFFECT,EFF_01286,养阴生津,EFF,4
HER_01859,柴胡,HER,HAS_EFFECT,EFF_01284,行气止痛,EFF,2
HER_01856,当归,HER,HAS_EFFECT,EFF_01295,化瘀止血,EFF,3
HER_01856,当归,HER,HAS_EFFECT,EFF_01284,行气止痛,EFF,3
HER_01869,大黄,HER,HAS_EFFECT,EFF_01286,养阴生津,EFF,2
HER_01869,大黄,HER,HAS_EFFECT,EFF_01295,化瘀止血,EFF,2
HER_01869,大黄,HER,HAS_EFFECT,EFF_01284,行气止痛,EFF,2
HER_01913,沙参,HER,HAS_EFFECT,EFF_01286,养阴生津,EFF,3
HER_01913,沙参,HER,HAS_EFFECT,EFF_01295,化瘀止血,EFF,2
HER_02042,秦艽,HER,HAS_EFFECT,EFF_01284,行气止痛,EFF,2
HER_01867,麦冬,HER,HAS_EFFECT,EFF_01286,养阴生津,EFF,5
HER_01867,麦冬,HER,HAS_EFFECT,EFF_01295,化瘀止血,EFF,2
HER_01911,生地黄,HER,HAS_EFFECT,EFF_01286,养阴生津,EFF,5
HER_01911,生地黄,HER,HAS_EFFECT,EFF_01295,化瘀止血,EFF,2
HER_01911,生地黄,HER,HAS_EFFECT,EFF_01284,行气止痛,EFF,2
HER_02031,三七粉,HER,RELIEVES,SYM_04402,色暗有块,SYM,2
HER_01948,地骨皮,HER,RELIEVES,SYM_03438,盗汗,SYM,5
HER_01854,甘草,HER,RELIEVES,SYM_04402,色暗有块,SYM,2
HER_01859,柴胡,HER,RELIEVES,SYM_03438,盗汗,SYM,3
HER_01856,当归,HER,RELIEVES,SYM_03438,盗汗,SYM,2
HER_01869,大黄,HER,RELIEVES,SYM_04402,色暗有块,SYM,2
HER_01867,麦冬,HER,RELIEVES,SYM_03438,盗汗,SYM,2
HER_01911,生地黄,HER,RELIEVES,SYM_04402,色暗有块,SYM,2
CAU_00010,脉细弱,CAU,CAUSES,SYM_03475,面色白,SYM,9
PRE_02495,四君子汤,PRE,CONTAINS,HER_02041,炙黄芪,HER,2
PRE_02495,四君子汤,PRE,CONTAINS,HER_01857,白术,HER,7
PRE_02495,四君子汤,PRE,CONTAINS,HER_01854,甘草,HER,4
PRE_02495,四君子汤,PRE,CONTAINS,HER_01855,茯苓,HER,7
PRE_02495,四君子汤,PRE,CONTAINS,HER_01903,五味子,HER,2
PRE_02495,四君子汤,PRE,CONTAINS,HER_01859,柴胡,HER,4
PRE_02495,四君子汤,PRE,CONTAINS,HER_01856,当归,HER,3
PRE_02495,四君子汤,PRE,CONTAINS,HER_02047,浮小麦,HER,2
PRE_02495,四君子汤,PRE,CONTAINS,HER_01867,麦冬,HER,2
PRE_02567,人参养荣汤,PRE,CONTAINS,HER_01857,白术,HER,2
PRE_02567,人参养荣汤,PRE,CONTAINS,HER_01863,人参,HER,2
PRE_02567,人参养荣汤,PRE,CONTAINS,HER_01854,甘草,HER,2
PRE_02567,人参养荣汤,PRE,CONTAINS,HER_01855,茯苓,HER,2
PRE_02567,人参养荣汤,PRE,CONTAINS,HER_01903,五味子,HER,2
PRE_02567,人参养荣汤,PRE,CONTAINS,HER_01907,熟地黄,HER,2
PRE_02567,人参养荣汤,PRE,CONTAINS,HER_01856,当归,HER,2
HER_02068,龟甲,HER,HAS_EFFECT,EFF_01271,滋阴清热,EFF,2
HER_01857,白术,HER,HAS_EFFECT,EFF_01262,健脾益气,EFF,18
HER_01857,白术,HER,HAS_EFFECT,EFF_01351,养阴益气,EFF,2
HER_01863,人参,HER,HAS_EFFECT,EFF_01262,健脾益气,EFF,7
HER_01863,人参,HER,HAS_EFFECT,EFF_01435,益气敛汗,EFF,2
HER_01854,甘草,HER,HAS_EFFECT,EFF_01262,健脾益气,EFF,13
HER_01854,甘草,HER,HAS_EFFECT,EFF_01271,滋阴清热,EFF,5
HER_01854,甘草,HER,HAS_EFFECT,EFF_01435,益气敛汗,EFF,2
HER_01855,茯苓,HER,HAS_EFFECT,EFF_01262,健脾益气,EFF,17
HER_01855,茯苓,HER,HAS_EFFECT,EFF_01271,滋阴清热,EFF,5
HER_01855,茯苓,HER,HAS_EFFECT,EFF_01351,养阴益气,EFF,2
HER_01903,五味子,HER,HAS_EFFECT,EFF_01262,健脾益气,EFF,5
HER_01903,五味子,HER,HAS_EFFECT,EFF_01271,滋阴清热,EFF,4
HER_01903,五味子,HER,HAS_EFFECT,EFF_01351,养阴益气,EFF,2
HER_01903,五味子,HER,HAS_EFFECT,EFF_01435,益气敛汗,EFF,2
HER_01907,熟地黄,HER,HAS_EFFECT,EFF_01262,健脾益气,EFF,2
HER_01907,熟地黄,HER,HAS_EFFECT,EFF_01271,滋阴清热,EFF,4
HER_01910,牡蛎,HER,HAS_EFFECT,EFF_01262,健脾益气,EFF,4
HER_01910,牡蛎,HER,HAS_EFFECT,EFF_01271,滋阴清热,EFF,3
HER_01910,牡蛎,HER,HAS_EFFECT,EFF_01435,益气敛汗,EFF,2
HER_01859,柴胡,HER,HAS_EFFECT,EFF_01262,健脾益气,EFF,4
HER_01859,柴胡,HER,HAS_EFFECT,EFF_01271,滋阴清热,EFF,4
HER_01856,当归,HER,HAS_EFFECT,EFF_01262,健脾益气,EFF,10
HER_01954,鳖甲,HER,HAS_EFFECT,EFF_01262,健脾益气,EFF,2
HER_02047,浮小麦,HER,HAS_EFFECT,EFF_01262,健脾益气,EFF,3
HER_01867,麦冬,HER,HAS_EFFECT,EFF_01262,健脾益气,EFF,4
HER_01867,麦冬,HER,HAS_EFFECT,EFF_01271,滋阴清热,EFF,5
HER_01867,麦冬,HER,HAS_EFFECT,EFF_01351,养阴益气,EFF,2
HER_01867,麦冬,HER,HAS_EFFECT,EFF_01435,益气敛汗,EFF,2
HER_01883,生地,HER,HAS_EFFECT,EFF_01262,健脾益气,EFF,2
HER_02068,龟甲,HER,RELIEVES,SYM_04831,汗出较多,SYM,2
HER_01903,五味子,HER,RELIEVES,SYM_04831,汗出较多,SYM,2
HER_01910,牡蛎,HER,RELIEVES,SYM_04831,汗出较多,SYM,2
HER_01859,柴胡,HER,RELIEVES,SYM_04831,汗出较多,SYM,2
HER_01856,当归,HER,RELIEVES,SYM_04831,汗出较多,SYM,2
HER_01954,鳖甲,HER,RELIEVES,SYM_04831,汗出较多,SYM,2
HER_02047,浮小麦,HER,RELIEVES,SYM_04831,汗出较多,SYM,2
CAU_00023,烦躁,CAU,CAUSES,SYM_04134,痰鸣,SYM,2
CAU_00023,烦躁,CAU,CAUSES,SYM_03462,抽搐,SYM,2
PRE_02484,五苓散,PRE,CONTAINS,HER_01930,猪苓,HER,6
PRE_02484,五苓散,PRE,CONTAINS,HER_01880,桂枝,HER,6
PRE_02484,五苓散,PRE,CONTAINS,HER_01854,甘草,HER,6
PRE_02484,五苓散,PRE,CONTAINS,HER_01873,泽泻,HER,11
PRE_02484,五苓散,PRE,CONTAINS,HER_01898,生姜,HER,4
PRE_02513,真武汤,PRE,CONTAINS,HER_01930,猪苓,HER,2
PRE_02513,真武汤,PRE,CONTAINS,HER_01880,桂枝,HER,4
PRE_02513,真武汤,PRE,CONTAINS,HER_01854,甘草,HER,2
PRE_02513,真武汤,PRE,CONTAINS,HER_01873,泽泻,HER,4
PRE_02513,真武汤,PRE,CONTAINS,HER_01898,生姜,HER,4
PRE_02622,涤痰汤,PRE,CONTAINS,HER_01854,甘草,HER,2
PRE_02622,涤痰汤,PRE,CONTAINS,HER_01898,生姜,HER,2
HER_01898,生姜,HER,HAS_EFFECT,EFF_01367,温肾健脾,EFF,2
HER_01880,桂枝,HER,RELIEVES,SYM_03462,抽搐,SYM,2
HER_01854,甘草,HER,RELIEVES,SYM_04134,痰鸣,SYM,2
HER_01854,甘草,HER,RELIEVES,SYM_03462,抽搐,SYM,4
HER_01873,泽泻,HER,RELIEVES,SYM_03462,抽搐,SYM,2
HER_01871,赤芍,HER,RELIEVES,SYM_03462,抽搐,SYM,4
PRE_02990,苏子降气汤,PRE,CONTAINS,HER_01876,厚朴,HER,2
PRE_02990,苏子降气汤,PRE,CONTAINS,HER_01912,肉桂,HER,2
PRE_02990,苏子降气汤,PRE,CONTAINS,HER_01856,当归,HER,2
PRE_02990,苏子降气汤,PRE,CONTAINS,HER_01915,法半夏,HER,2
PRE_02990,苏子降气汤,PRE,CONTAINS,HER_01864,陈皮,HER,2
PRE_02582,三子养亲汤,PRE,CONTAINS,HER_01978,莱菔子,HER,3
PRE_02582,三子养亲汤,PRE,CONTAINS,HER_01854,甘草,HER,2
PRE_02582,三子养亲汤,PRE,CONTAINS,HER_02049,白芥子,HER,4
PRE_02582,三子养亲汤,PRE,CONTAINS,HER_01915,法半夏,HER,3
PRE_02582,三子养亲汤,PRE,CONTAINS,HER_01864,陈皮,HER,3
PRE_02582,三子养亲汤,PRE,CONTAINS,HER_02002,苏子,HER,3
HER_01854,甘草,HER,HAS_EFFECT,EFF_01346,益气固表,EFF,2
HER_01862,黄芪,HER,HAS_EFFECT,EFF_01346,益气固表,EFF,3
HER_01912,肉桂,HER,HAS_EFFECT,EFF_01346,益气固表,EFF,2
HER_01915,法半夏,HER,HAS_EFFECT,EFF_01346,益气固表,EFF,2
HER_01864,陈皮,HER,HAS_EFFECT,EFF_01346,益气固表,EFF,2
HER_02002,苏子,HER,HAS_EFFECT,EFF_01382,健脾益肺,EFF,2
PRE_02558,半夏汤,PRE,CONTAINS,HER_01870,杏仁,HER,2
PRE_02558,半夏汤,PRE,CONTAINS,HER_01854,甘草,HER,4
PRE_02558,半夏汤,PRE,CONTAINS,HER_01921,麻黄,HER,2
HER_01870,杏仁,HER,HAS_EFFECT,EFF_01339,清肺化痰,EFF,2
HER_01858,黄芩,HER,HAS_EFFECT,EFF_01339,清肺化痰,EFF,2
HER_01991,桑白皮,HER,HAS_EFFECT,EFF_01339,清肺化痰,EFF,2
HER_01872,栀子,HER,RELIEVES,SYM_04388,腹满便秘,SYM,2
HER_01854,甘草,HER,RELIEVES,SYM_04388,腹满便秘,SYM,2
HER_01869,大黄,HER,RELIEVES,SYM_04388,腹满便秘,SYM,3
HER_01858,黄芩,HER,RELIEVES,SYM_04388,腹满便秘,SYM,2
HER_01878,知母,HER,RELIEVES,SYM_04388,腹满便秘,SYM,2
CAU_00089,脉微欲绝,CAU,CAUSES,SYM_03460,面色苍白,SYM,4
CAU_00089,脉微欲绝,CAU,CAUSES,SYM_04495,冷汗淋漓,SYM,2
CAU_00082,四肢厥冷,CAU,CAUSES,SYM_03460,面色苍白,SYM,3
CAU_00082,四肢厥冷,CAU,CAUSES,SYM_04495,冷汗淋漓,SYM,2
HER_01903,五味子,HER,HAS_EFFECT,EFF_01378,降气平喘,EFF,2
HER_01903,五味子,HER,HAS_EFFECT,EFF_01356,回阳固脱,EFF,2
HER_01897,红花,HER,HAS_EFFECT,EFF_01285,养阴清热,EFF,2
HER_01897,红花,HER,HAS_EFFECT,EFF_01356,回阳固脱,EFF,2
HER_01990,地龙,HER,HAS_EFFECT,EFF_01378,降气平喘,EFF,2
HER_01854,甘草,HER,HAS_EFFECT,EFF_01285,养阴清热,EFF,3
HER_01854,甘草,HER,HAS_EFFECT,EFF_01378,降气平喘,EFF,2
HER_01854,甘草,HER,HAS_EFFECT,EFF_01356,回阳固脱,EFF,2
HER_01919,山茱萸,HER,HAS_EFFECT,EFF_01356,回阳固脱,EFF,2
HER_01867,麦冬,HER,HAS_EFFECT,EFF_01410,活血通脉,EFF,2
HER_01867,麦冬,HER,HAS_EFFECT,EFF_01285,养阴清热,EFF,2
HER_01867,麦冬,HER,HAS_EFFECT,EFF_01356,回阳固脱,EFF,2
HER_01878,知母,HER,HAS_EFFECT,EFF_01285,养阴清热,EFF,2
HER_01903,五味子,HER,RELIEVES,SYM_03606,低热,SYM,3
HER_01986,肉苁蓉,HER,RELIEVES,SYM_03606,低热,SYM,3
HER_01986,肉苁蓉,HER,RELIEVES,SYM_03460,面色苍白,SYM,2
HER_01897,红花,HER,RELIEVES,SYM_03606,低热,SYM,3
HER_01990,地龙,HER,RELIEVES,SYM_05106,舌紫暗者,SYM,2
HER_01854,甘草,HER,RELIEVES,SYM_04429,面唇青紫,SYM,2
HER_01854,甘草,HER,RELIEVES,SYM_03606,低热,SYM,4
HER_01854,甘草,HER,RELIEVES,SYM_03460,面色苍白,SYM,5
HER_01919,山茱萸,HER,RELIEVES,SYM_03606,低热,SYM,6
HER_01867,麦冬,HER,RELIEVES,SYM_05106,舌紫暗者,SYM,2
HER_01867,麦冬,HER,RELIEVES,SYM_03606,低热,SYM,3
HER_01878,知母,HER,RELIEVES,SYM_04429,面唇青紫,SYM,2
HER_01878,知母,HER,RELIEVES,SYM_05106,舌紫暗者,SYM,2
HER_01878,知母,HER,RELIEVES,SYM_03606,低热,SYM,6
PRE_02526,小青龙汤,PRE,CONTAINS,HER_01868,半夏,HER,2
PRE_02526,小青龙汤,PRE,CONTAINS,HER_01942,细辛,HER,3
PRE_02526,小青龙汤,PRE,CONTAINS,HER_01893,干姜,HER,4
PRE_02526,小青龙汤,PRE,CONTAINS,HER_01921,麻黄,HER,4
HER_01903,五味子,HER,HAS_EFFECT,EFF_01257,活血化瘀,EFF,5
HER_01868,半夏,HER,HAS_EFFECT,EFF_01257,活血化瘀,EFF,8
HER_01942,细辛,HER,HAS_EFFECT,EFF_01366,温肺化饮,EFF,2
HER_01854,甘草,HER,HAS_EFFECT,EFF_01257,活血化瘀,EFF,14
HER_01854,甘草,HER,HAS_EFFECT,EFF_01366,温肺化饮,EFF,2
HER_01881,石膏,HER,HAS_EFFECT,EFF_01257,活血化瘀,EFF,2
HER_01881,石膏,HER,HAS_EFFECT,EFF_01454,解表散寒,EFF,2
HER_01893,干姜,HER,HAS_EFFECT,EFF_01257,活血化瘀,EFF,4
HER_01893,干姜,HER,HAS_EFFECT,EFF_01366,温肺化饮,EFF,3
HER_01921,麻黄,HER,HAS_EFFECT,EFF_01366,温肺化饮,EFF,2
HER_01921,麻黄,HER,HAS_EFFECT,EFF_01454,解表散寒,EFF,2
PRE_02505,生脉散,PRE,CONTAINS,HER_02052,麦冬五味子,HER,4
PRE_02505,生脉散,PRE,CONTAINS,HER_01868,半夏,HER,2
PRE_02505,生脉散,PRE,CONTAINS,HER_01900,防风,HER,2
PRE_02505,生脉散,PRE,CONTAINS,HER_01854,甘草,HER,7
PRE_02505,生脉散,PRE,CONTAINS,HER_01879,党参,HER,5
HER_01854,甘草,HER,HAS_EFFECT,EFF_01439,纳气定喘,EFF,2
PRE_02667,清燥救肺汤,PRE,CONTAINS,HER_01928,阿胶,HER,2
PRE_02667,清燥救肺汤,PRE,CONTAINS,HER_01854,甘草,HER,2
PRE_02667,清燥救肺汤,PRE,CONTAINS,HER_01881,石膏,HER,2
PRE_02667,清燥救肺汤,PRE,CONTAINS,HER_01867,麦冬,HER,2
PRE_02667,清燥救肺汤,PRE,CONTAINS,HER_01997,枇杷,HER,2
PRE_02667,清燥救肺汤,PRE,CONTAINS,HER_02286,胡麻仁,HER,2
PRE_02667,清燥救肺汤,PRE,CONTAINS,HER_01870,杏仁,HER,2
HER_01854,甘草,HER,HAS_EFFECT,EFF_01268,补肺,EFF,7
HER_01867,麦冬,HER,HAS_EFFECT,EFF_01268,补肺,EFF,3
HER_01870,杏仁,HER,HAS_EFFECT,EFF_01268,补肺,EFF,2
HER_01928,阿胶,HER,HAS_EFFECT,EFF_01271,滋阴清热,EFF,3
HER_01948,地骨皮,HER,HAS_EFFECT,EFF_01271,滋阴清热,EFF,5
HER_01881,石膏,HER,HAS_EFFECT,EFF_01271,滋阴清热,EFF,2
HER_01878,知母,HER,HAS_EFFECT,EFF_01271,滋阴清热,EFF,6
HER_01870,杏仁,HER,HAS_EFFECT,EFF_01271,滋阴清热,EFF,2
PRE_02528,柴胡疏肝散,PRE,CONTAINS,HER_02031,三七粉,HER,2
PRE_02528,柴胡疏肝散,PRE,CONTAINS,HER_01866,川芎,HER,7
PRE_02528,柴胡疏肝散,PRE,CONTAINS,HER_01854,甘草,HER,6
PRE_02528,柴胡疏肝散,PRE,CONTAINS,HER_01860,白芍,HER,9
PRE_02528,柴胡疏肝散,PRE,CONTAINS,HER_01871,赤芍,HER,2
PRE_02528,柴胡疏肝散,PRE,CONTAINS,HER_01856,当归,HER,4
PRE_02528,柴胡疏肝散,PRE,CONTAINS,HER_01911,生地黄,HER,2
HER_01907,熟地黄,HER,HAS_EFFECT,EFF_01257,活血化瘀,EFF,2
HER_02031,三七粉,HER,HAS_EFFECT,EFF_01257,活血化瘀,EFF,7
HER_01863,人参,HER,HAS_EFFECT,EFF_01257,活血化瘀,EFF,3
HER_01990,地龙,HER,HAS_EFFECT,EFF_01257,活血化瘀,EFF,4
HER_01860,白芍,HER,HAS_EFFECT,EFF_01257,活血化瘀,EFF,10
HER_01911,生地黄,HER,HAS_EFFECT,EFF_01257,活血化瘀,EFF,8
PRE_02644,保元汤,PRE,CONTAINS,HER_01857,白术,HER,2
PRE_02644,保元汤,PRE,CONTAINS,HER_01862,黄芪,HER,2
PRE_02644,保元汤,PRE,CONTAINS,HER_01854,甘草,HER,2
PRE_02644,保元汤,PRE,CONTAINS,HER_01855,茯苓,HER,2
PRE_02481,六君子汤,PRE,CONTAINS,HER_01857,白术,HER,14
PRE_02481,六君子汤,PRE,CONTAINS,HER_01862,黄芪,HER,6
PRE_02481,六君子汤,PRE,CONTAINS,HER_01854,甘草,HER,7
PRE_02481,六君子汤,PRE,CONTAINS,HER_01855,茯苓,HER,10
PRE_02481,六君子汤,PRE,CONTAINS,HER_01884,山药,HER,3
PRE_02481,六君子汤,PRE,CONTAINS,HER_01879,党参,HER,9
PRE_02481,六君子汤,PRE,CONTAINS,HER_01893,干姜,HER,6
PRE_02481,六君子汤,PRE,CONTAINS,HER_01898,生姜,HER,4
PRE_02535,金匮肾气丸,PRE,CONTAINS,HER_01857,白术,HER,2
PRE_02535,金匮肾气丸,PRE,CONTAINS,HER_01862,黄芪,HER,2
PRE_02535,金匮肾气丸,PRE,CONTAINS,HER_01854,甘草,HER,2
PRE_02535,金匮肾气丸,PRE,CONTAINS,HER_01855,茯苓,HER,4
PRE_02535,金匮肾气丸,PRE,CONTAINS,HER_01884,山药,HER,5
PRE_02535,金匮肾气丸,PRE,CONTAINS,HER_01879,党参,HER,2
HER_01857,白术,HER,HAS_EFFECT,EFF_01448,补益肾气,EFF,2
HER_01857,白术,HER,HAS_EFFECT,EFF_01291,温补肾阳,EFF,3
HER_01862,黄芪,HER,HAS_EFFECT,EFF_01291,温补肾阳,EFF,5
HER_01854,甘草,HER,HAS_EFFECT,EFF_01448,补益肾气,EFF,2
HER_01854,甘草,HER,HAS_EFFECT,EFF_01291,温补肾阳,EFF,2
HER_01855,茯苓,HER,HAS_EFFECT,EFF_01448,补益肾气,EFF,2
HER_01855,茯苓,HER,HAS_EFFECT,EFF_01291,温补肾阳,EFF,4
HER_01884,山药,HER,HAS_EFFECT,EFF_01291,温补肾阳,EFF,3
HER_01879,党参,HER,HAS_EFFECT,EFF_01291,温补肾阳,EFF,3
HER_01893,干姜,HER,HAS_EFFECT,EFF_01291,温补肾阳,EFF,2
HER_01937,天花粉,HER,HAS_EFFECT,EFF_01315,宣肺止咳,EFF,2
HER_01867,麦冬,HER,HAS_EFFECT,EFF_01315,宣肺止咳,EFF,2
HER_01965,桑叶,HER,HAS_EFFECT,EFF_01315,宣肺止咳,EFF,2
HER_01870,杏仁,HER,HAS_EFFECT,EFF_01315,宣肺止咳,EFF,3
HER_01868,半夏,HER,HAS_EFFECT,EFF_01359,止咳平喘,EFF,2
HER_02101,鱼腥草,HER,HAS_EFFECT,EFF_01359,止咳平喘,EFF,2
HER_01858,黄芩,HER,HAS_EFFECT,EFF_01359,止咳平喘,EFF,2
HER_01870,杏仁,HER,HAS_EFFECT,EFF_01359,止咳平喘,EFF,2
PRE_03003,蒲黄甘露饮,PRE,CONTAINS,HER_02060,白蜜,HER,2
PRE_03003,蒲黄甘露饮,PRE,CONTAINS,HER_01854,甘草,HER,2
PRE_03003,蒲黄甘露饮,PRE,CONTAINS,HER_01860,白芍,HER,2
PRE_03003,蒲黄甘露饮,PRE,CONTAINS,HER_01922,升麻,HER,2
PRE_03003,蒲黄甘露饮,PRE,CONTAINS,HER_01874,枳壳,HER,2
PRE_03003,蒲黄甘露饮,PRE,CONTAINS,HER_01858,黄芩,HER,2
PRE_03003,蒲黄甘露饮,PRE,CONTAINS,HER_01883,生地,HER,2
PRE_03003,蒲黄甘露饮,PRE,CONTAINS,HER_01971,花粉,HER,2
PRE_02533,甘露饮,PRE,CONTAINS,HER_02060,白蜜,HER,2
PRE_02533,甘露饮,PRE,CONTAINS,HER_01854,甘草,HER,3
PRE_02533,甘露饮,PRE,CONTAINS,HER_01860,白芍,HER,2
PRE_02533,甘露饮,PRE,CONTAINS,HER_01922,升麻,HER,3
PRE_02533,甘露饮,PRE,CONTAINS,HER_01874,枳壳,HER,2
PRE_02533,甘露饮,PRE,CONTAINS,HER_01858,黄芩,HER,2
PRE_02533,甘露饮,PRE,CONTAINS,HER_01883,生地,HER,3
PRE_02533,甘露饮,PRE,CONTAINS,HER_01971,花粉,HER,2
PRE_02493,犀角地黄汤,PRE,CONTAINS,HER_02060,白蜜,HER,2
PRE_02493,犀角地黄汤,PRE,CONTAINS,HER_01854,甘草,HER,7
PRE_02493,犀角地黄汤,PRE,CONTAINS,HER_01860,白芍,HER,4
PRE_02493,犀角地黄汤,PRE,CONTAINS,HER_01922,升麻,HER,2
PRE_02493,犀角地黄汤,PRE,CONTAINS,HER_01874,枳壳,HER,2
PRE_02493,犀角地黄汤,PRE,CONTAINS,HER_01858,黄芩,HER,6
PRE_02493,犀角地黄汤,PRE,CONTAINS,HER_01883,生地,HER,9
PRE_02493,犀角地黄汤,PRE,CONTAINS,HER_01971,花粉,HER,3
PRE_02492,泻心汤,PRE,CONTAINS,HER_02060,白蜜,HER,2
PRE_02492,泻心汤,PRE,CONTAINS,HER_01854,甘草,HER,6
PRE_02492,泻心汤,PRE,CONTAINS,HER_01860,白芍,HER,3
PRE_02492,泻心汤,PRE,CONTAINS,HER_01922,升麻,HER,3
PRE_02492,泻心汤,PRE,CONTAINS,HER_01874,枳壳,HER,5
PRE_02492,泻心汤,PRE,CONTAINS,HER_01858,黄芩,HER,9
PRE_02492,泻心汤,PRE,CONTAINS,HER_01883,生地,HER,8
PRE_02492,泻心汤,PRE,CONTAINS,HER_01971,花粉,HER,2
PRE_02509,玉女煎,PRE,CONTAINS,HER_02060,白蜜,HER,2
PRE_02509,玉女煎,PRE,CONTAINS,HER_01854,甘草,HER,4
PRE_02509,玉女煎,PRE,CONTAINS,HER_01860,白芍,HER,3
PRE_02509,玉女煎,PRE,CONTAINS,HER_01922,升麻,HER,3
PRE_02509,玉女煎,PRE,CONTAINS,HER_01874,枳壳,HER,3
PRE_02509,玉女煎,PRE,CONTAINS,HER_01858,黄芩,HER,3
PRE_02509,玉女煎,PRE,CONTAINS,HER_01883,生地,HER,5
PRE_02509,玉女煎,PRE,CONTAINS,HER_01971,花粉,HER,2
HER_02060,白蜜,HER,HAS_EFFECT,EFF_01397,大解热毒,EFF,2
HER_01854,甘草,HER,HAS_EFFECT,EFF_01397,大解热毒,EFF,2
HER_01860,白芍,HER,HAS_EFFECT,EFF_01397,大解热毒,EFF,2
HER_01922,升麻,HER,HAS_EFFECT,EFF_01397,大解热毒,EFF,2
HER_01874,枳壳,HER,HAS_EFFECT,EFF_01397,大解热毒,EFF,2
HER_01858,黄芩,HER,HAS_EFFECT,EFF_01397,大解热毒,EFF,2
HER_01883,生地,HER,HAS_EFFECT,EFF_01397,大解热毒,EFF,2
HER_01971,花粉,HER,HAS_EFFECT,EFF_01397,大解热毒,EFF,2
PRE_02591,桑菊饮,PRE,CONTAINS,HER_02272,炭侧柏叶,HER,2
PRE_02591,桑菊饮,PRE,CONTAINS,HER_01895,丹皮,HER,2
PRE_02591,桑菊饮,PRE,CONTAINS,HER_01963,白茅根,HER,2
HER_02272,炭侧柏叶,HER,HAS_EFFECT,EFF_01267,凉血止血,EFF,2
HER_01895,丹皮,HER,HAS_EFFECT,EFF_01267,凉血止血,EFF,6
HER_01963,白茅根,HER,HAS_EFFECT,EFF_01267,凉血止血,EFF,8
CAU_00181,心烦不寐,CAU,CAUSES,SYM_03647,口舌生疮,SYM,2
HER_01901,木,HER,HAS_EFFECT,EFF_01337,清心泻火,EFF,2
HER_01901,木,HER,HAS_EFFECT,EFF_01357,引热下行,EFF,2
HER_02223,茜草根,HER,HAS_EFFECT,EFF_01337,清心泻火,EFF,2
HER_02223,茜草根,HER,HAS_EFFECT,EFF_01357,引热下行,EFF,2
HER_02104,侧柏叶,HER,HAS_EFFECT,EFF_01337,清心泻火,EFF,2
HER_02104,侧柏叶,HER,HAS_EFFECT,EFF_01357,引热下行,EFF,2
HER_01883,生地,HER,HAS_EFFECT,EFF_01337,清心泻火,EFF,2
HER_01883,生地,HER,HAS_EFFECT,EFF_01357,引热下行,EFF,2
HER_02064,莲子心,HER,HAS_EFFECT,EFF_01337,清心泻火,EFF,2
HER_02064,莲子心,HER,HAS_EFFECT,EFF_01357,引热下行,EFF,2
HER_01901,木,HER,RELIEVES,SYM_03647,口舌生疮,SYM,2
HER_02223,茜草根,HER,RELIEVES,SYM_03647,口舌生疮,SYM,2
HER_02104,侧柏叶,HER,RELIEVES,SYM_03647,口舌生疮,SYM,2
HER_01883,生地,HER,RELIEVES,SYM_03647,口舌生疮,SYM,2
HER_02064,莲子心,HER,RELIEVES,SYM_03647,口舌生疮,SYM,2
HER_01876,厚朴,HER,HAS_EFFECT,EFF_01377,降气化痰,EFF,2
HER_01879,党参,HER,HAS_EFFECT,EFF_01377,降气化痰,EFF,2
HER_01856,当归,HER,HAS_EFFECT,EFF_01377,降气化痰,EFF,2
HER_01893,干姜,HER,HAS_EFFECT,EFF_01377,降气化痰,EFF,2
HER_01912,肉桂,HER,RELIEVES,SYM_03553,四肢不温,SYM,2
HER_01893,干姜,HER,RELIEVES,SYM_03553,四肢不温,SYM,2
HER_01903,五味子,HER,HAS_EFFECT,EFF_01268,补肺,EFF,2
HER_01855,茯苓,HER,HAS_EFFECT,EFF_01268,补肺,EFF,6
PRE_02887,射干麻黄汤,PRE,CONTAINS,HER_01870,杏仁,HER,2
PRE_02887,射干麻黄汤,PRE,CONTAINS,HER_01942,细辛,HER,2
PRE_02887,射干麻黄汤,PRE,CONTAINS,HER_01995,射干,HER,2
PRE_02887,射干麻黄汤,PRE,CONTAINS,HER_02000,紫菀,HER,2
PRE_02887,射干麻黄汤,PRE,CONTAINS,HER_01921,麻黄,HER,2
PRE_02582,三子养亲汤,PRE,CONTAINS,HER_02074,款冬花,HER,2
PRE_02582,三子养亲汤,PRE,CONTAINS,HER_01870,杏仁,HER,2
PRE_02516,玉屏风散,PRE,CONTAINS,HER_01857,白术,HER,9
PRE_02516,玉屏风散,PRE,CONTAINS,HER_01900,防风,HER,5
PRE_02516,玉屏风散,PRE,CONTAINS,HER_01862,黄芪,HER,10
PRE_02516,玉屏风散,PRE,CONTAINS,HER_01854,甘草,HER,7
PRE_02516,玉屏风散,PRE,CONTAINS,HER_01855,茯苓,HER,10
PRE_02516,玉屏风散,PRE,CONTAINS,HER_01879,党参,HER,8
PRE_02516,玉屏风散,PRE,CONTAINS,HER_01915,法半夏,HER,4
PRE_02516,玉屏风散,PRE,CONTAINS,HER_01864,陈皮,HER,6
PRE_02505,生脉散,PRE,CONTAINS,HER_01857,白术,HER,2
PRE_02505,生脉散,PRE,CONTAINS,HER_01913,沙参,HER,7
PRE_02505,生脉散,PRE,CONTAINS,HER_01862,黄芪,HER,6
PRE_02505,生脉散,PRE,CONTAINS,HER_01855,茯苓,HER,6
PRE_02505,生脉散,PRE,CONTAINS,HER_01860,白芍,HER,3
PRE_02505,生脉散,PRE,CONTAINS,HER_01864,陈皮,HER,4
PRE_02481,六君子汤,PRE,CONTAINS,HER_01900,防风,HER,2
PRE_02481,六君子汤,PRE,CONTAINS,HER_01913,沙参,HER,3
PRE_02481,六君子汤,PRE,CONTAINS,HER_01860,白芍,HER,3
PRE_02481,六君子汤,PRE,CONTAINS,HER_01915,法半夏,HER,3
PRE_02481,六君子汤,PRE,CONTAINS,HER_01864,陈皮,HER,10
HER_01857,白术,HER,HAS_EFFECT,EFF_01266,益气养阴,EFF,6
HER_01913,沙参,HER,HAS_EFFECT,EFF_01266,益气养阴,EFF,6
HER_01862,黄芪,HER,HAS_EFFECT,EFF_01266,益气养阴,EFF,13
HER_01854,甘草,HER,HAS_EFFECT,EFF_01266,益气养阴,EFF,6
HER_01855,茯苓,HER,HAS_EFFECT,EFF_01266,益气养阴,EFF,10
HER_01860,白芍,HER,HAS_EFFECT,EFF_01266,益气养阴,EFF,2
HER_01879,党参,HER,HAS_EFFECT,EFF_01266,益气养阴,EFF,6
HER_01915,法半夏,HER,HAS_EFFECT,EFF_01266,益气养阴,EFF,3
HER_01864,陈皮,HER,HAS_EFFECT,EFF_01266,益气养阴,EFF,5
HER_01977,玉竹,HER,HAS_EFFECT,EFF_01266,益气养阴,EFF,3
HER_01855,茯苓,HER,RELIEVES,SYM_04507,口咽干燥,SYM,2
HER_01898,生姜,HER,RELIEVES,SYM_04507,口咽干燥,SYM,2
PRE_02481,六君子汤,PRE,CONTAINS,HER_01868,半夏,HER,3
HER_01857,白术,HER,HAS_EFFECT,EFF_01255,益气,EFF,26
HER_01857,白术,HER,HAS_EFFECT,EFF_01268,补肺,EFF,6
HER_01857,白术,HER,HAS_EFFECT,EFF_01254,健脾,EFF,35
HER_01868,半夏,HER,HAS_EFFECT,EFF_01255,益气,EFF,3
HER_01868,半夏,HER,HAS_EFFECT,EFF_01268,补肺,EFF,2
HER_01868,半夏,HER,HAS_EFFECT,EFF_01254,健脾,EFF,9
HER_01900,防风,HER,HAS_EFFECT,EFF_01255,益气,EFF,2
HER_01900,防风,HER,HAS_EFFECT,EFF_01268,补肺,EFF,3
HER_01900,防风,HER,HAS_EFFECT,EFF_01254,健脾,EFF,5
HER_01862,黄芪,HER,HAS_EFFECT,EFF_01255,益气,EFF,24
HER_01862,黄芪,HER,HAS_EFFECT,EFF_01268,补肺,EFF,4
HER_01862,黄芪,HER,HAS_EFFECT,EFF_01254,健脾,EFF,19
HER_01854,甘草,HER,HAS_EFFECT,EFF_01255,益气,EFF,21
HER_01854,甘草,HER,HAS_EFFECT,EFF_01254,健脾,EFF,22
HER_01855,茯苓,HER,HAS_EFFECT,EFF_01255,益气,EFF,29
HER_01855,茯苓,HER,HAS_EFFECT,EFF_01254,健脾,EFF,38
HER_01879,党参,HER,HAS_EFFECT,EFF_01255,益气,EFF,20
HER_01879,党参,HER,HAS_EFFECT,EFF_01268,补肺,EFF,4
HER_01879,党参,HER,HAS_EFFECT,EFF_01254,健脾,EFF,26
HER_01864,陈皮,HER,HAS_EFFECT,EFF_01255,益气,EFF,15
HER_01864,陈皮,HER,HAS_EFFECT,EFF_01268,补肺,EFF,3
HER_01864,陈皮,HER,HAS_EFFECT,EFF_01254,健脾,EFF,25
HER_01876,厚朴,HER,HAS_EFFECT,EFF_01363,清化痰热,EFF,3
PRE_02676,苓桂术甘汤,PRE,CONTAINS,HER_01857,白术,HER,2
PRE_02676,苓桂术甘汤,PRE,CONTAINS,HER_01880,桂枝,HER,2
PRE_02676,苓桂术甘汤,PRE,CONTAINS,HER_01855,茯苓,HER,2
PRE_02676,苓桂术甘汤,PRE,CONTAINS,HER_01873,泽泻,HER,2
PRE_02676,苓桂术甘汤,PRE,CONTAINS,HER_01930,猪苓,HER,2
HER_01857,白术,HER,HAS_EFFECT,EFF_01391,化气利水,EFF,2
HER_01862,黄芪,HER,HAS_EFFECT,EFF_01391,化气利水,EFF,2
HER_01854,甘草,HER,HAS_EFFECT,EFF_01391,化气利水,EFF,2
HER_01855,茯苓,HER,HAS_EFFECT,EFF_01391,化气利水,EFF,2
HER_01873,泽泻,HER,HAS_EFFECT,EFF_01391,化气利水,EFF,2
HER_01912,肉桂,HER,HAS_EFFECT,EFF_01391,化气利水,EFF,2
HER_01930,猪苓,HER,HAS_EFFECT,EFF_01391,化气利水,EFF,2
PRE_02606,黄连温胆汤,PRE,CONTAINS,HER_01915,法半夏,HER,2
PRE_02606,黄连温胆汤,PRE,CONTAINS,HER_01887,枳实,HER,4
PRE_02606,黄连温胆汤,PRE,CONTAINS,HER_02019,石决明,HER,2
PRE_02606,黄连温胆汤,PRE,CONTAINS,HER_01854,甘草,HER,2
PRE_02606,黄连温胆汤,PRE,CONTAINS,HER_01916,竹茹,HER,3
PRE_02606,黄连温胆汤,PRE,CONTAINS,HER_01855,茯苓,HER,4
PRE_02606,黄连温胆汤,PRE,CONTAINS,HER_02083,珍珠母,HER,2
PRE_02606,黄连温胆汤,PRE,CONTAINS,HER_01872,栀子,HER,2
PRE_02606,黄连温胆汤,PRE,CONTAINS,HER_01861,黄连,HER,4
PRE_02606,黄连温胆汤,PRE,CONTAINS,HER_01869,大黄,HER,3
PRE_02606,黄连温胆汤,PRE,CONTAINS,HER_01864,陈皮,HER,4
PRE_02606,黄连温胆汤,PRE,CONTAINS,HER_01987,胆南星,HER,2
PRE_02606,黄连温胆汤,PRE,CONTAINS,HER_01931,石菖蒲,HER,3
PRE_02606,黄连温胆汤,PRE,TREATS,SYM_03444,大便秘结,SYM,2
HER_01858,黄芩,HER,HAS_EFFECT,EFF_01253,清热,EFF,50
HER_01915,法半夏,HER,HAS_EFFECT,EFF_01253,清热,EFF,13
HER_01887,枳实,HER,HAS_EFFECT,EFF_01253,清热,EFF,22
HER_02019,石决明,HER,HAS_EFFECT,EFF_01253,清热,EFF,2
HER_01857,白术,HER,HAS_EFFECT,EFF_01253,清热,EFF,16
HER_01854,甘草,HER,HAS_EFFECT,EFF_01253,清热,EFF,49
HER_01916,竹茹,HER,HAS_EFFECT,EFF_01253,清热,EFF,11
HER_01855,茯苓,HER,HAS_EFFECT,EFF_01253,清热,EFF,39
HER_01860,白芍,HER,HAS_EFFECT,EFF_01253,清热,EFF,23
HER_02083,珍珠母,HER,HAS_EFFECT,EFF_01253,清热,EFF,3
HER_01952,姜汁,HER,HAS_EFFECT,EFF_01253,清热,EFF,5
HER_01872,栀子,HER,HAS_EFFECT,EFF_01253,清热,EFF,38
HER_01861,黄连,HER,HAS_EFFECT,EFF_01253,清热,EFF,37
HER_01869,大黄,HER,HAS_EFFECT,EFF_01253,清热,EFF,37
HER_01864,陈皮,HER,HAS_EFFECT,EFF_01253,清热,EFF,19
HER_01987,胆南星,HER,HAS_EFFECT,EFF_01253,清热,EFF,4
HER_01931,石菖蒲,HER,HAS_EFFECT,EFF_01253,清热,EFF,7
HER_01858,黄芩,HER,RELIEVES,SYM_03444,大便秘结,SYM,11
HER_01915,法半夏,HER,RELIEVES,SYM_03444,大便秘结,SYM,3
HER_01887,枳实,HER,RELIEVES,SYM_03444,大便秘结,SYM,9
HER_02019,石决明,HER,RELIEVES,SYM_03444,大便秘结,SYM,2
HER_01857,白术,HER,RELIEVES,SYM_03444,大便秘结,SYM,8
HER_01854,甘草,HER,RELIEVES,SYM_03444,大便秘结,SYM,9
HER_01916,竹茹,HER,RELIEVES,SYM_03444,大便秘结,SYM,4
HER_01855,茯苓,HER,RELIEVES,SYM_03444,大便秘结,SYM,12
HER_01860,白芍,HER,RELIEVES,SYM_03444,大便秘结,SYM,4
HER_02083,珍珠母,HER,RELIEVES,SYM_03444,大便秘结,SYM,2
HER_01980,远志,HER,RELIEVES,SYM_03444,大便秘结,SYM,2
HER_01872,栀子,HER,RELIEVES,SYM_03444,大便秘结,SYM,9
HER_01861,黄连,HER,RELIEVES,SYM_03444,大便秘结,SYM,10
HER_01869,大黄,HER,RELIEVES,SYM_03444,大便秘结,SYM,19
HER_01864,陈皮,HER,RELIEVES,SYM_03444,大便秘结,SYM,5
HER_01987,胆南星,HER,RELIEVES,SYM_03444,大便秘结,SYM,3
HER_01931,石菖蒲,HER,RELIEVES,SYM_03444,大便秘结,SYM,3
CAU_00012,阴虚,CAU,CAUSES,SYM_04079,失眠多梦,SYM,2
PRE_02491,归脾汤,PRE,CONTAINS,HER_01862,黄芪,HER,4
PRE_02491,归脾汤,PRE,CONTAINS,HER_02070,夜交藤,HER,2
PRE_02491,归脾汤,PRE,CONTAINS,HER_01946,大枣,HER,2
PRE_02491,归脾汤,PRE,CONTAINS,HER_01857,白术,HER,4
PRE_02491,归脾汤,PRE,CONTAINS,HER_01854,甘草,HER,4
PRE_02491,归脾汤,PRE,CONTAINS,HER_01855,茯苓,HER,3
PRE_02491,归脾汤,PRE,CONTAINS,HER_01860,白芍,HER,2
PRE_02491,归脾汤,PRE,CONTAINS,HER_01903,五味子,HER,3
PRE_02491,归脾汤,PRE,CONTAINS,HER_01894,木香,HER,3
PRE_02491,归脾汤,PRE,CONTAINS,HER_01980,远志,HER,4
PRE_02491,归脾汤,PRE,CONTAINS,HER_01874,枳壳,HER,3
PRE_02491,归脾汤,PRE,CONTAINS,HER_01879,党参,HER,4
PRE_02491,归脾汤,PRE,CONTAINS,HER_01856,当归,HER,2
PRE_02491,归脾汤,PRE,CONTAINS,HER_01864,陈皮,HER,3
PRE_02491,归脾汤,PRE,CONTAINS,HER_01867,麦冬,HER,3
HER_01939,山楂,HER,HAS_EFFECT,EFF_01255,益气,EFF,5
HER_01862,黄芪,HER,HAS_EFFECT,EFF_01264,补血,EFF,6
HER_01862,黄芪,HER,HAS_EFFECT,EFF_01280,养心安神,EFF,6
HER_02070,夜交藤,HER,HAS_EFFECT,EFF_01280,养心安神,EFF,3
HER_01946,大枣,HER,HAS_EFFECT,EFF_01255,益气,EFF,4
HER_01946,大枣,HER,HAS_EFFECT,EFF_01280,养心安神,EFF,2
HER_02115,谷芽,HER,HAS_EFFECT,EFF_01255,益气,EFF,2
HER_02096,煅龙骨,HER,HAS_EFFECT,EFF_01255,益气,EFF,2
HER_02096,煅龙骨,HER,HAS_EFFECT,EFF_01280,养心安神,EFF,2
HER_01857,白术,HER,HAS_EFFECT,EFF_01264,补血,EFF,10
HER_01857,白术,HER,HAS_EFFECT,EFF_01280,养心安神,EFF,4
HER_01875,附子,HER,HAS_EFFECT,EFF_01264,补血,EFF,3
HER_01875,附子,HER,HAS_EFFECT,EFF_01255,益气,EFF,15
HER_01875,附子,HER,HAS_EFFECT,EFF_01280,养心安神,EFF,2
HER_01928,阿胶,HER,HAS_EFFECT,EFF_01264,补血,EFF,3
HER_01928,阿胶,HER,HAS_EFFECT,EFF_01255,益气,EFF,4
HER_01928,阿胶,HER,HAS_EFFECT,EFF_01280,养心安神,EFF,2
HER_01975,麦芽,HER,HAS_EFFECT,EFF_01255,益气,EFF,5
HER_01932,神曲,HER,HAS_EFFECT,EFF_01255,益气,EFF,2
HER_01854,甘草,HER,HAS_EFFECT,EFF_01264,补血,EFF,9
HER_01854,甘草,HER,HAS_EFFECT,EFF_01280,养心安神,EFF,4
HER_01855,茯苓,HER,HAS_EFFECT,EFF_01264,补血,EFF,6
HER_01855,茯苓,HER,HAS_EFFECT,EFF_01280,养心安神,EFF,5
HER_01860,白芍,HER,HAS_EFFECT,EFF_01264,补血,EFF,6
HER_01860,白芍,HER,HAS_EFFECT,EFF_01255,益气,EFF,11
HER_01977,玉竹,HER,HAS_EFFECT,EFF_01255,益气,EFF,3
HER_01903,五味子,HER,HAS_EFFECT,EFF_01255,益气,EFF,6
HER_01903,五味子,HER,HAS_EFFECT,EFF_01280,养心安神,EFF,5
HER_01894,木香,HER,HAS_EFFECT,EFF_01264,补血,EFF,3
HER_01894,木香,HER,HAS_EFFECT,EFF_01255,益气,EFF,7
HER_01894,木香,HER,HAS_EFFECT,EFF_01280,养心安神,EFF,2
HER_01980,远志,HER,HAS_EFFECT,EFF_01255,益气,EFF,4
HER_01980,远志,HER,HAS_EFFECT,EFF_01280,养心安神,EFF,5
HER_01910,牡蛎,HER,HAS_EFFECT,EFF_01255,益气,EFF,3
HER_01910,牡蛎,HER,HAS_EFFECT,EFF_01280,养心安神,EFF,3
HER_01874,枳壳,HER,HAS_EFFECT,EFF_01264,补血,EFF,2
HER_01874,枳壳,HER,HAS_EFFECT,EFF_01255,益气,EFF,7
HER_01879,党参,HER,HAS_EFFECT,EFF_01264,补血,EFF,2
HER_01879,党参,HER,HAS_EFFECT,EFF_01280,养心安神,EFF,4
HER_01856,当归,HER,HAS_EFFECT,EFF_01264,补血,EFF,13
HER_01856,当归,HER,HAS_EFFECT,EFF_01255,益气,EFF,20
HER_01856,当归,HER,HAS_EFFECT,EFF_01280,养心安神,EFF,2
HER_01864,陈皮,HER,HAS_EFFECT,EFF_01264,补血,EFF,6
HER_01864,陈皮,HER,HAS_EFFECT,EFF_01280,养心安神,EFF,3
HER_01927,石斛,HER,HAS_EFFECT,EFF_01255,益气,EFF,3
HER_01913,沙参,HER,HAS_EFFECT,EFF_01255,益气,EFF,5
HER_01913,沙参,HER,HAS_EFFECT,EFF_01280,养心安神,EFF,3
HER_02105,合欢,HER,HAS_EFFECT,EFF_01255,益气,EFF,3
HER_02105,合欢,HER,HAS_EFFECT,EFF_01280,养心安神,EFF,2
HER_02095,炒酸枣仁,HER,HAS_EFFECT,EFF_01255,益气,EFF,3
HER_02095,炒酸枣仁,HER,HAS_EFFECT,EFF_01280,养心安神,EFF,4
HER_01989,鸡内金,HER,HAS_EFFECT,EFF_01255,益气,EFF,2
HER_02026,柏子仁,HER,HAS_EFFECT,EFF_01264,补血,EFF,2
HER_02026,柏子仁,HER,HAS_EFFECT,EFF_01255,益气,EFF,3
HER_02026,柏子仁,HER,HAS_EFFECT,EFF_01280,养心安神,EFF,3
HER_01867,麦冬,HER,HAS_EFFECT,EFF_01264,补血,EFF,2
HER_01867,麦冬,HER,HAS_EFFECT,EFF_01255,益气,EFF,7
HER_01867,麦冬,HER,HAS_EFFECT,EFF_01280,养心安神,EFF,6
HER_01911,生地黄,HER,HAS_EFFECT,EFF_01264,补血,EFF,2
HER_01911,生地黄,HER,HAS_EFFECT,EFF_01255,益气,EFF,9
HER_01911,生地黄,HER,HAS_EFFECT,EFF_01280,养心安神,EFF,4
HER_01855,茯苓,HER,RELIEVES,SYM_04079,失眠多梦,SYM,2
HER_01903,五味子,HER,RELIEVES,SYM_04079,失眠多梦,SYM,2
HER_01980,远志,HER,RELIEVES,SYM_04079,失眠多梦,SYM,2
HER_01913,沙参,HER,RELIEVES,SYM_04079,失眠多梦,SYM,2
HER_02095,炒酸枣仁,HER,RELIEVES,SYM_04079,失眠多梦,SYM,2
HER_02026,柏子仁,HER,RELIEVES,SYM_04079,失眠多梦,SYM,2
HER_01867,麦冬,HER,RELIEVES,SYM_04079,失眠多梦,SYM,2
HER_01911,生地黄,HER,RELIEVES,SYM_04079,失眠多梦,SYM,2
HER_01880,桂枝,HER,HAS_EFFECT,EFF_01255,益气,EFF,9
HER_01891,郁金,HER,HAS_EFFECT,EFF_01255,益气,EFF,5
HER_01891,郁金,HER,HAS_EFFECT,EFF_01279,疏肝解郁,EFF,4
HER_01863,人参,HER,HAS_EFFECT,EFF_01255,益气,EFF,12
HER_02235,龙眼肉,HER,HAS_EFFECT,EFF_01280,养心安神,EFF,3
HER_01855,茯苓,HER,HAS_EFFECT,EFF_01279,疏肝解郁,EFF,5
HER_01859,柴胡,HER,HAS_EFFECT,EFF_01255,益气,EFF,12
HER_01859,柴胡,HER,HAS_EFFECT,EFF_01279,疏肝解郁,EFF,8
HER_01931,石菖蒲,HER,HAS_EFFECT,EFF_01255,益气,EFF,4
HER_01931,石菖蒲,HER,HAS_EFFECT,EFF_01280,养心安神,EFF,2
HER_02036,何首乌,HER,HAS_EFFECT,EFF_01255,益气,EFF,4
HER_02036,何首乌,HER,HAS_EFFECT,EFF_01280,养心安神,EFF,2
PRE_02500,血府逐瘀汤,PRE,CONTAINS,HER_01886,丹参,HER,9
PRE_02500,血府逐瘀汤,PRE,CONTAINS,HER_02031,三七粉,HER,3
PRE_02500,血府逐瘀汤,PRE,CONTAINS,HER_02069,五灵脂,HER,2
PRE_02500,血府逐瘀汤,PRE,CONTAINS,HER_01891,郁金,HER,3
PRE_02500,血府逐瘀汤,PRE,CONTAINS,HER_02016,乳香,HER,2
PRE_02500,血府逐瘀汤,PRE,CONTAINS,HER_02139,薤白,HER,2
PRE_02500,血府逐瘀汤,PRE,CONTAINS,HER_01864,陈皮,HER,5
PRE_02500,血府逐瘀汤,PRE,CONTAINS,HER_02034,没药,HER,2
HER_01915,法半夏,HER,HAS_EFFECT,EFF_01257,活血化瘀,EFF,5
HER_01886,丹参,HER,HAS_EFFECT,EFF_01257,活血化瘀,EFF,17
HER_02069,五灵脂,HER,HAS_EFFECT,EFF_01257,活血化瘀,EFF,5
HER_01891,郁金,HER,HAS_EFFECT,EFF_01257,活血化瘀,EFF,9
HER_02016,乳香,HER,HAS_EFFECT,EFF_01257,活血化瘀,EFF,3
HER_02139,薤白,HER,HAS_EFFECT,EFF_01257,活血化瘀,EFF,2
HER_02003,蒲黄,HER,HAS_EFFECT,EFF_01257,活血化瘀,EFF,4
HER_01864,陈皮,HER,HAS_EFFECT,EFF_01257,活血化瘀,EFF,13
HER_02205,檀香,HER,HAS_EFFECT,EFF_01257,活血化瘀,EFF,2
HER_02034,没药,HER,HAS_EFFECT,EFF_01257,活血化瘀,EFF,4
HER_01871,赤芍,HER,RELIEVES,SYM_03692,胸痛,SYM,2
HER_01886,丹参,HER,RELIEVES,SYM_03692,胸痛,SYM,2
HER_01877,桃仁,HER,RELIEVES,SYM_03692,胸痛,SYM,2
HER_01897,红花,HER,RELIEVES,SYM_03692,胸痛,SYM,3
HER_01859,柴胡,HER,RELIEVES,SYM_03692,胸痛,SYM,2
HER_01874,枳壳,HER,RELIEVES,SYM_03807,痰浊,SYM,2
HER_01856,当归,HER,RELIEVES,SYM_03692,胸痛,SYM,3
HER_01866,川芎,HER,RELIEVES,SYM_03692,胸痛,SYM,2
HER_02205,檀香,HER,RELIEVES,SYM_03692,胸痛,SYM,2
HER_01880,桂枝,HER,HAS_EFFECT,EFF_01259,滋阴,EFF,2
HER_02052,麦冬五味子,HER,HAS_EFFECT,EFF_01259,滋阴,EFF,2
HER_01928,阿胶,HER,HAS_EFFECT,EFF_01259,滋阴,EFF,2
HER_01862,黄芪,HER,HAS_EFFECT,EFF_01259,滋阴,EFF,9
HER_01854,甘草,HER,HAS_EFFECT,EFF_01259,滋阴,EFF,3
HER_01856,当归,HER,HAS_EFFECT,EFF_01259,滋阴,EFF,9
HER_01970,枣仁,HER,HAS_EFFECT,EFF_01259,滋阴,EFF,4
HER_01883,生地,HER,HAS_EFFECT,EFF_01264,补血,EFF,2
HER_01883,生地,HER,HAS_EFFECT,EFF_01259,滋阴,EFF,2
PRE_02505,生脉散,PRE,CONTAINS,HER_01903,五味子,HER,3
PRE_02505,生脉散,PRE,CONTAINS,HER_01883,生地,HER,2
HER_01903,五味子,HER,HAS_EFFECT,EFF_01266,益气养阴,EFF,4
HER_01980,远志,HER,HAS_EFFECT,EFF_01266,益气养阴,EFF,2
HER_02121,黄精,HER,HAS_EFFECT,EFF_01266,益气养阴,EFF,3
HER_01931,石菖蒲,HER,HAS_EFFECT,EFF_01266,益气养阴,EFF,2
HER_01883,生地,HER,HAS_EFFECT,EFF_01266,益气养阴,EFF,2
HER_01897,红花,HER,HAS_EFFECT,EFF_01335,活血祛瘀,EFF,4
HER_01877,桃仁,HER,HAS_EFFECT,EFF_01335,活血祛瘀,EFF,4
HER_01866,川芎,HER,HAS_EFFECT,EFF_01335,活血祛瘀,EFF,4
HER_01859,柴胡,HER,HAS_EFFECT,EFF_01335,活血祛瘀,EFF,2
HER_01871,赤芍,HER,HAS_EFFECT,EFF_01335,活血祛瘀,EFF,2
HER_01874,枳壳,HER,HAS_EFFECT,EFF_01335,活血祛瘀,EFF,2
HER_01856,当归,HER,HAS_EFFECT,EFF_01335,活血祛瘀,EFF,4
PRE_02483,四物汤,PRE,CONTAINS,HER_01897,红花,HER,16
PRE_02483,四物汤,PRE,CONTAINS,HER_01868,半夏,HER,3
PRE_02483,四物汤,PRE,CONTAINS,HER_01877,桃仁,HER,16
PRE_02483,四物汤,PRE,CONTAINS,HER_02010,桃红,HER,14
PRE_02483,四物汤,PRE,CONTAINS,HER_01866,川芎,HER,14
PRE_02483,四物汤,PRE,CONTAINS,HER_01920,瓜蒌,HER,2
PRE_02483,四物汤,PRE,CONTAINS,HER_01855,茯苓,HER,7
PRE_02483,四物汤,PRE,CONTAINS,HER_01871,赤芍,HER,8
PRE_02483,四物汤,PRE,CONTAINS,HER_01856,当归,HER,15
PRE_02483,四物汤,PRE,CONTAINS,HER_01864,陈皮,HER,2
PRE_02482,二陈汤,PRE,CONTAINS,HER_01897,红花,HER,6
PRE_02482,二陈汤,PRE,CONTAINS,HER_01868,半夏,HER,5
PRE_02482,二陈汤,PRE,CONTAINS,HER_01877,桃仁,HER,5
PRE_02482,二陈汤,PRE,CONTAINS,HER_02010,桃红,HER,2
PRE_02482,二陈汤,PRE,CONTAINS,HER_01866,川芎,HER,4
PRE_02482,二陈汤,PRE,CONTAINS,HER_01920,瓜蒌,HER,4
PRE_02482,二陈汤,PRE,CONTAINS,HER_01855,茯苓,HER,9
PRE_02482,二陈汤,PRE,CONTAINS,HER_01871,赤芍,HER,4
PRE_02482,二陈汤,PRE,CONTAINS,HER_01856,当归,HER,6
PRE_02482,二陈汤,PRE,CONTAINS,HER_01864,陈皮,HER,13
HER_02010,桃红,HER,HAS_EFFECT,EFF_01257,活血化瘀,EFF,4
HER_01920,瓜蒌,HER,HAS_EFFECT,EFF_01257,活血化瘀,EFF,2
HER_01855,茯苓,HER,HAS_EFFECT,EFF_01257,活血化瘀,EFF,13
PRE_02656,定志丸,PRE,CONTAINS,HER_01863,人参,HER,2
PRE_02656,定志丸,PRE,CONTAINS,HER_02026,柏子仁,HER,2
PRE_02656,定志丸,PRE,CONTAINS,HER_01916,竹茹,HER,2
PRE_02502,温胆汤,PRE,CONTAINS,HER_01863,人参,HER,2
PRE_02502,温胆汤,PRE,CONTAINS,HER_02026,柏子仁,HER,2
PRE_02502,温胆汤,PRE,CONTAINS,HER_01916,竹茹,HER,3
PRE_02484,五苓散,PRE,CONTAINS,HER_02117,辰砂,HER,4
PRE_02484,五苓散,PRE,CONTAINS,HER_01868,半夏,HER,2
PRE_02484,五苓散,PRE,CONTAINS,HER_01855,茯苓,HER,9
PRE_02484,五苓散,PRE,CONTAINS,HER_01921,麻黄,HER,3
PRE_02502,温胆汤,PRE,CONTAINS,HER_01868,半夏,HER,4
PRE_02502,温胆汤,PRE,CONTAINS,HER_01854,甘草,HER,3
PRE_02502,温胆汤,PRE,CONTAINS,HER_01855,茯苓,HER,6
PRE_02550,导痰汤,PRE,CONTAINS,HER_01868,半夏,HER,3
PRE_02550,导痰汤,PRE,CONTAINS,HER_01854,甘草,HER,2
PRE_02550,导痰汤,PRE,CONTAINS,HER_01855,茯苓,HER,4
HER_01857,白术,HER,HAS_EFFECT,EFF_01256,补肾,EFF,5
HER_01863,人参,HER,HAS_EFFECT,EFF_01256,补肾,EFF,5
HER_01984,熟地,HER,HAS_EFFECT,EFF_01256,补肾,EFF,3
HER_02029,茯神,HER,HAS_EFFECT,EFF_01256,补肾,EFF,2
HER_01854,甘草,HER,HAS_EFFECT,EFF_01256,补肾,EFF,5
HER_01860,白芍,HER,HAS_EFFECT,EFF_01256,补肾,EFF,7
HER_01861,黄连,HER,HAS_EFFECT,EFF_01256,补肾,EFF,3
HER_01867,麦冬,HER,HAS_EFFECT,EFF_01256,补肾,EFF,4
HER_01970,枣仁,HER,HAS_EFFECT,EFF_01268,补肺,EFF,2
HER_01970,枣仁,HER,HAS_EFFECT,EFF_01256,补肾,EFF,5
PRE_02563,独参汤,PRE,CONTAINS,HER_01862,黄芪,HER,2
PRE_02563,独参汤,PRE,CONTAINS,HER_01902,车前子,HER,2
PRE_02563,独参汤,PRE,CONTAINS,HER_01873,泽泻,HER,2
PRE_02563,独参汤,PRE,CONTAINS,HER_01912,肉桂,HER,2
PRE_02563,独参汤,PRE,CONTAINS,HER_01854,甘草,HER,2
PRE_02563,独参汤,PRE,CONTAINS,HER_01879,党参,HER,2
PRE_02563,独参汤,PRE,CONTAINS,HER_01866,川芎,HER,2
PRE_02563,独参汤,PRE,CONTAINS,HER_01919,山茱萸,HER,2
HER_01862,黄芪,HER,HAS_EFFECT,EFF_01322,温阳散寒,EFF,2
HER_01862,黄芪,HER,HAS_EFFECT,EFF_01257,活血化瘀,EFF,9
HER_01862,黄芪,HER,HAS_EFFECT,EFF_01265,养阴,EFF,4
HER_01902,车前子,HER,HAS_EFFECT,EFF_01322,温阳散寒,EFF,2
HER_01902,车前子,HER,HAS_EFFECT,EFF_01265,养阴,EFF,2
HER_01873,泽泻,HER,HAS_EFFECT,EFF_01257,活血化瘀,EFF,3
HER_01873,泽泻,HER,HAS_EFFECT,EFF_01265,养阴,EFF,5
HER_01871,赤芍,HER,HAS_EFFECT,EFF_01322,温阳散寒,EFF,2
HER_01871,赤芍,HER,HAS_EFFECT,EFF_01265,养阴,EFF,3
HER_01912,肉桂,HER,HAS_EFFECT,EFF_01322,温阳散寒,EFF,2
HER_01912,肉桂,HER,HAS_EFFECT,EFF_01257,活血化瘀,EFF,4
HER_02096,煅龙骨,HER,HAS_EFFECT,EFF_01257,活血化瘀,EFF,3
HER_01886,丹参,HER,HAS_EFFECT,EFF_01322,温阳散寒,EFF,2
HER_01886,丹参,HER,HAS_EFFECT,EFF_01265,养阴,EFF,3
HER_01875,附子,HER,HAS_EFFECT,EFF_01322,温阳散寒,EFF,2
HER_01875,附子,HER,HAS_EFFECT,EFF_01257,活血化瘀,EFF,4
HER_01880,桂枝,HER,HAS_EFFECT,EFF_01257,活血化瘀,EFF,4
HER_01877,桃仁,HER,HAS_EFFECT,EFF_01322,温阳散寒,EFF,2
HER_01863,人参,HER,HAS_EFFECT,EFF_01265,养阴,EFF,3
HER_01854,甘草,HER,HAS_EFFECT,EFF_01322,温阳散寒,EFF,4
HER_01854,甘草,HER,HAS_EFFECT,EFF_01265,养阴,EFF,5
HER_01925,枸杞子,HER,HAS_EFFECT,EFF_01257,活血化瘀,EFF,2
HER_01925,枸杞子,HER,HAS_EFFECT,EFF_01265,养阴,EFF,4
HER_01903,五味子,HER,HAS_EFFECT,EFF_01265,养阴,EFF,2
HER_02138,葶苈子包,HER,HAS_EFFECT,EFF_01257,活血化瘀,EFF,2
HER_01897,红花,HER,HAS_EFFECT,EFF_01322,温阳散寒,EFF,2
HER_01910,牡蛎,HER,HAS_EFFECT,EFF_01322,温阳散寒,EFF,2
HER_01910,牡蛎,HER,HAS_EFFECT,EFF_01257,活血化瘀,EFF,4
HER_01910,牡蛎,HER,HAS_EFFECT,EFF_01265,养阴,EFF,4
HER_01879,党参,HER,HAS_EFFECT,EFF_01322,温阳散寒,EFF,2
HER_01879,党参,HER,HAS_EFFECT,EFF_01257,活血化瘀,EFF,6
HER_01866,川芎,HER,HAS_EFFECT,EFF_01322,温阳散寒,EFF,2
HER_01866,川芎,HER,HAS_EFFECT,EFF_01265,养阴,EFF,2
HER_01919,山茱萸,HER,HAS_EFFECT,EFF_01257,活血化瘀,EFF,3
HER_01919,山茱萸,HER,HAS_EFFECT,EFF_01265,养阴,EFF,5
HER_01944,龙骨,HER,HAS_EFFECT,EFF_01257,活血化瘀,EFF,2
HER_01867,麦冬,HER,HAS_EFFECT,EFF_01257,活血化瘀,EFF,2
HER_01867,麦冬,HER,HAS_EFFECT,EFF_01265,养阴,EFF,6
HER_01863,人参,HER,HAS_EFFECT,EFF_01314,回阳救逆,EFF,4
HER_02124,四逆,HER,HAS_EFFECT,EFF_01314,回阳救逆,EFF,2
PRE_02481,六君子汤,PRE,CONTAINS,HER_01875,附子,HER,2
PRE_02481,六君子汤,PRE,CONTAINS,HER_01863,人参,HER,3
PRE_02553,甘麦大枣汤,PRE,CONTAINS,HER_01944,龙骨,HER,2
PRE_02482,二陈汤,PRE,CONTAINS,HER_01909,葛根,HER,2
PRE_02482,二陈汤,PRE,CONTAINS,HER_01918,砂仁,HER,6
PRE_02482,二陈汤,PRE,CONTAINS,HER_01968,青皮,HER,3
PRE_02486,理中汤,PRE,CONTAINS,HER_01935,乌梅,HER,2
PRE_02663,橘皮,PRE,CONTAINS,HER_01857,白术,HER,3
PRE_02663,橘皮,PRE,CONTAINS,HER_01863,人参,HER,2
PRE_02663,橘皮,PRE,CONTAINS,HER_01862,黄芪,HER,2
PRE_02663,橘皮,PRE,CONTAINS,HER_01854,甘草,HER,4
PRE_02663,橘皮,PRE,CONTAINS,HER_01873,泽泻,HER,2
PRE_02663,橘皮,PRE,CONTAINS,HER_01930,猪苓,HER,2
PRE_02480,苍术,PRE,CONTAINS,HER_01857,白术,HER,21
PRE_02480,苍术,PRE,CONTAINS,HER_01903,五味子,HER,2
PRE_02480,苍术,PRE,CONTAINS,HER_02050,白茯苓,HER,3
PRE_02480,苍术,PRE,CONTAINS,HER_01863,人参,HER,7
PRE_02480,苍术,PRE,CONTAINS,HER_01889,黄柏,HER,11
PRE_02480,苍术,PRE,CONTAINS,HER_01862,黄芪,HER,7
PRE_02480,苍术,PRE,CONTAINS,HER_01854,甘草,HER,34
PRE_02480,苍术,PRE,CONTAINS,HER_01859,柴胡,HER,8
PRE_02480,苍术,PRE,CONTAINS,HER_01861,黄连,HER,11
PRE_02480,苍术,PRE,CONTAINS,HER_01922,升麻,HER,3
PRE_02480,苍术,PRE,CONTAINS,HER_01873,泽泻,HER,7
PRE_02480,苍术,PRE,CONTAINS,HER_01856,当归,HER,21
PRE_02480,苍术,PRE,CONTAINS,HER_01911,生地黄,HER,2
PRE_02480,苍术,PRE,CONTAINS,HER_01930,猪苓,HER,4
PRE_02694,仲景四逆散,PRE,CONTAINS,HER_02168,枯芩,HER,2
PRE_02694,仲景四逆散,PRE,CONTAINS,HER_01941,荆芥,HER,2
PRE_02694,仲景四逆散,PRE,CONTAINS,HER_02220,老连,HER,2
PRE_02558,半夏汤,PRE,CONTAINS,HER_01868,半夏,HER,2
PRE_02558,半夏汤,PRE,CONTAINS,HER_01866,川芎,HER,2
PRE_02558,半夏汤,PRE,CONTAINS,HER_01916,竹茹,HER,2
PRE_02558,半夏汤,PRE,CONTAINS,HER_01864,陈皮,HER,2
HER_01887,枳实,HER,HAS_EFFECT,EFF_01257,活血化瘀,EFF,2
HER_01897,红花,HER,HAS_EFFECT,EFF_01258,清热解毒,EFF,2
HER_01895,丹皮,HER,HAS_EFFECT,EFF_01258,清热解毒,EFF,6
HER_02003,蒲黄,HER,HAS_EFFECT,EFF_01258,清热解毒,EFF,3
HER_01886,丹参,HER,HAS_EFFECT,EFF_01258,清热解毒,EFF,7
HER_01897,红花,HER,HAS_EFFECT,EFF_01304,益气活血,EFF,2
HER_01877,桃仁,HER,HAS_EFFECT,EFF_01304,益气活血,EFF,2
HER_01862,黄芪,HER,HAS_EFFECT,EFF_01304,益气活血,EFF,3
HER_01886,丹参,HER,HAS_EFFECT,EFF_01304,益气活血,EFF,2
PRE_02577,泻肺汤,PRE,CONTAINS,HER_01857,白术,HER,2
PRE_02577,泻肺汤,PRE,CONTAINS,HER_01877,桃仁,HER,2
PRE_02577,泻肺汤,PRE,CONTAINS,HER_01854,甘草,HER,2
PRE_02577,泻肺汤,PRE,CONTAINS,HER_01855,茯苓,HER,3
PRE_02577,泻肺汤,PRE,CONTAINS,HER_02196,合葶苈,HER,3
PRE_02577,泻肺汤,PRE,CONTAINS,HER_01873,泽泻,HER,2
PRE_02577,泻肺汤,PRE,CONTAINS,HER_01946,大枣,HER,4
HER_01875,附子,HER,HAS_EFFECT,EFF_01321,温阳利水,EFF,4
HER_01857,白术,HER,HAS_EFFECT,EFF_01321,温阳利水,EFF,3
HER_01854,甘草,HER,HAS_EFFECT,EFF_01321,温阳利水,EFF,3
HER_01910,牡蛎,HER,HAS_EFFECT,EFF_01321,温阳利水,EFF,3
HER_01855,茯苓,HER,HAS_EFFECT,EFF_01321,温阳利水,EFF,4
HER_01902,车前子,HER,HAS_EFFECT,EFF_01321,温阳利水,EFF,2
HER_01873,泽泻,HER,HAS_EFFECT,EFF_01321,温阳利水,EFF,3
HER_01946,大枣,HER,HAS_EFFECT,EFF_01321,温阳利水,EFF,2
HER_01930,猪苓,HER,HAS_EFFECT,EFF_01321,温阳利水,EFF,2
HER_02096,煅龙骨,HER,HAS_EFFECT,EFF_01321,温阳利水,EFF,2
HER_01875,附子,HER,HAS_EFFECT,EFF_01356,回阳固脱,EFF,2
HER_01875,附子,HER,HAS_EFFECT,EFF_01393,参附龙牡汤,EFF,2
HER_01863,人参,HER,HAS_EFFECT,EFF_01356,回阳固脱,EFF,2
HER_01854,甘草,HER,HAS_EFFECT,EFF_01393,参附龙牡汤,EFF,2
HER_01918,砂仁,HER,HAS_EFFECT,EFF_01255,益气,EFF,5
HER_01967,益母草,HER,HAS_EFFECT,EFF_01255,益气,EFF,3
HER_01871,赤芍,HER,HAS_EFFECT,EFF_01255,益气,EFF,5
HER_01902,车前子,HER,HAS_EFFECT,EFF_01255,益气,EFF,7
HER_01873,泽泻,HER,HAS_EFFECT,EFF_01255,益气,EFF,9
HER_01930,猪苓,HER,HAS_EFFECT,EFF_01255,益气,EFF,5
HER_01886,丹参,HER,HAS_EFFECT,EFF_01255,益气,EFF,10
PRE_02483,四物汤,PRE,CONTAINS,HER_01857,白术,HER,5
PRE_02483,四物汤,PRE,CONTAINS,HER_01863,人参,HER,5
PRE_02483,四物汤,PRE,CONTAINS,HER_01862,黄芪,HER,6
PRE_02483,四物汤,PRE,CONTAINS,HER_01854,甘草,HER,9
HER_01857,白术,HER,HAS_EFFECT,EFF_01257,活血化瘀,EFF,6
HER_02114,葶苈子,HER,HAS_EFFECT,EFF_01257,活血化瘀,EFF,2
HER_01946,大枣,HER,HAS_EFFECT,EFF_01257,活血化瘀,EFF,3
PRE_02513,真武汤,PRE,CONTAINS,HER_01875,附子,HER,5
PRE_02513,真武汤,PRE,CONTAINS,HER_01857,白术,HER,4
PRE_02513,真武汤,PRE,CONTAINS,HER_01860,白芍,HER,2
PRE_02513,真武汤,PRE,CONTAINS,HER_01902,车前子,HER,2
PRE_02513,真武汤,PRE,CONTAINS,HER_01855,茯苓,HER,4
PRE_02582,三子养亲汤,PRE,CONTAINS,HER_01855,茯苓,HER,3
PRE_02481,六君子汤,PRE,CONTAINS,HER_01918,砂仁,HER,2
PRE_02481,六君子汤,PRE,CONTAINS,HER_01859,柴胡,HER,6
HER_01918,砂仁,HER,HAS_EFFECT,EFF_01254,健脾,EFF,13
HER_01859,柴胡,HER,HAS_EFFECT,EFF_01254,健脾,EFF,11
HER_01860,白芍,HER,HAS_EFFECT,EFF_01254,健脾,EFF,13
HER_01887,枳实,HER,HAS_EFFECT,EFF_01254,健脾,EFF,9
HER_01898,生姜,HER,HAS_EFFECT,EFF_01254,健脾,EFF,7
HER_02079,代赭石,HER,HAS_EFFECT,EFF_01254,健脾,EFF,2
PRE_02617,左金丸,PRE,CONTAINS,HER_01854,甘草,HER,2
PRE_02617,左金丸,PRE,CONTAINS,HER_01860,白芍,HER,2
PRE_02617,左金丸,PRE,CONTAINS,HER_01859,柴胡,HER,2
PRE_02617,左金丸,PRE,CONTAINS,HER_01874,枳壳,HER,2
PRE_02528,柴胡疏肝散,PRE,CONTAINS,HER_01861,黄连,HER,3
PRE_02528,柴胡疏肝散,PRE,CONTAINS,HER_01859,柴胡,HER,10
PRE_02528,柴胡疏肝散,PRE,CONTAINS,HER_01874,枳壳,HER,7
HER_01895,丹皮,HER,HAS_EFFECT,EFF_01269,和胃降逆,EFF,2
HER_01854,甘草,HER,HAS_EFFECT,EFF_01269,和胃降逆,EFF,4
HER_01860,白芍,HER,HAS_EFFECT,EFF_01269,和胃降逆,EFF,2
HER_01861,黄连,HER,HAS_EFFECT,EFF_01269,和胃降逆,EFF,3
HER_01859,柴胡,HER,HAS_EFFECT,EFF_01269,和胃降逆,EFF,2
HER_01874,枳壳,HER,HAS_EFFECT,EFF_01269,和胃降逆,EFF,2
HER_02079,代赭石,HER,HAS_EFFECT,EFF_01269,和胃降逆,EFF,2
PRE_02500,血府逐瘀汤,PRE,CONTAINS,HER_01868,半夏,HER,2
PRE_02574,平胃散,PRE,CONTAINS,HER_01939,山楂,HER,2
PRE_02574,平胃散,PRE,CONTAINS,HER_01868,半夏,HER,3
PRE_02574,平胃散,PRE,CONTAINS,HER_01975,麦芽,HER,2
PRE_02574,平胃散,PRE,CONTAINS,HER_01978,莱菔子,HER,2
PRE_02482,二陈汤,PRE,CONTAINS,HER_01952,姜汁,HER,4
PRE_02482,二陈汤,PRE,CONTAINS,HER_01916,竹茹,HER,4
PRE_02482,二陈汤,PRE,CONTAINS,HER_01861,黄连,HER,4
PRE_02482,二陈汤,PRE,CONTAINS,HER_01917,山栀,HER,4
PRE_02482,二陈汤,PRE,CONTAINS,HER_02222,芩芍,HER,2
PRE_02492,泻心汤,PRE,CONTAINS,HER_01868,半夏,HER,7
PRE_02492,泻心汤,PRE,CONTAINS,HER_02039,旋覆花,HER,2
PRE_02492,泻心汤,PRE,CONTAINS,HER_01932,神曲,HER,2
PRE_02492,泻心汤,PRE,CONTAINS,HER_01876,厚朴,HER,2
PRE_02492,泻心汤,PRE,CONTAINS,HER_01916,竹茹,HER,2
PRE_02492,泻心汤,PRE,CONTAINS,HER_01855,茯苓,HER,2
PRE_02492,泻心汤,PRE,CONTAINS,HER_01861,黄连,HER,8
PRE_02492,泻心汤,PRE,CONTAINS,HER_01902,车前子,HER,4
PRE_02492,泻心汤,PRE,CONTAINS,HER_01879,党参,HER,3
PRE_02492,泻心汤,PRE,CONTAINS,HER_01946,大枣,HER,2
PRE_02492,泻心汤,PRE,CONTAINS,HER_01893,干姜,HER,4
PRE_02492,泻心汤,PRE,TREATS,SYM_03458,恶心呕吐,SYM,2
HER_01875,附子,HER,RELIEVES,SYM_03583,舌苔厚腻,SYM,2
HER_01875,附子,HER,RELIEVES,SYM_03458,恶心呕吐,SYM,5
HER_01939,山楂,HER,RELIEVES,SYM_04312,消食导滞,SYM,3
HER_01939,山楂,HER,RELIEVES,SYM_03583,舌苔厚腻,SYM,2
HER_01939,山楂,HER,RELIEVES,SYM_03458,恶心呕吐,SYM,3
HER_01868,半夏,HER,RELIEVES,SYM_04312,消食导滞,SYM,2
HER_01868,半夏,HER,RELIEVES,SYM_03583,舌苔厚腻,SYM,2
HER_01868,半夏,HER,RELIEVES,SYM_03458,恶心呕吐,SYM,6
HER_02039,旋覆花,HER,RELIEVES,SYM_03458,恶心呕吐,SYM,2
HER_01932,神曲,HER,RELIEVES,SYM_04312,消食导滞,SYM,3
HER_01932,神曲,HER,RELIEVES,SYM_03583,舌苔厚腻,SYM,2
HER_01876,厚朴,HER,RELIEVES,SYM_04312,消食导滞,SYM,2
HER_01876,厚朴,HER,RELIEVES,SYM_03583,舌苔厚腻,SYM,3
HER_01876,厚朴,HER,RELIEVES,SYM_03458,恶心呕吐,SYM,6
HER_01854,甘草,HER,RELIEVES,SYM_03583,舌苔厚腻,SYM,4
HER_01854,甘草,HER,RELIEVES,SYM_03458,恶心呕吐,SYM,7
HER_01916,竹茹,HER,RELIEVES,SYM_03458,恶心呕吐,SYM,5
HER_01855,茯苓,HER,RELIEVES,SYM_04312,消食导滞,SYM,3
HER_01855,茯苓,HER,RELIEVES,SYM_03583,舌苔厚腻,SYM,4
HER_01855,茯苓,HER,RELIEVES,SYM_03458,恶心呕吐,SYM,8
HER_01861,黄连,HER,RELIEVES,SYM_03583,舌苔厚腻,SYM,2
HER_01861,黄连,HER,RELIEVES,SYM_03458,恶心呕吐,SYM,6
HER_01902,车前子,HER,RELIEVES,SYM_03583,舌苔厚腻,SYM,3
HER_01902,车前子,HER,RELIEVES,SYM_03458,恶心呕吐,SYM,4
HER_01879,党参,HER,RELIEVES,SYM_03583,舌苔厚腻,SYM,2
HER_01879,党参,HER,RELIEVES,SYM_03458,恶心呕吐,SYM,3
HER_01950,吴茱萸,HER,RELIEVES,SYM_03583,舌苔厚腻,SYM,2
HER_01950,吴茱萸,HER,RELIEVES,SYM_03458,恶心呕吐,SYM,3
HER_01858,黄芩,HER,RELIEVES,SYM_04312,消食导滞,SYM,2
HER_01858,黄芩,HER,RELIEVES,SYM_03583,舌苔厚腻,SYM,3
HER_01858,黄芩,HER,RELIEVES,SYM_03458,恶心呕吐,SYM,3
HER_01893,干姜,HER,RELIEVES,SYM_04312,消食导滞,SYM,2
HER_01893,干姜,HER,RELIEVES,SYM_03583,舌苔厚腻,SYM,2
HER_01893,干姜,HER,RELIEVES,SYM_03458,恶心呕吐,SYM,3
CAU_00308,肝气郁滞,CAU,CAUSES,SYM_03477,大便干结,SYM,2
HER_02233,香橼,HER,HAS_EFFECT,EFF_01336,润肠通便,EFF,2
HER_02009,川楝子,HER,HAS_EFFECT,EFF_01272,解郁,EFF,2
HER_02009,川楝子,HER,HAS_EFFECT,EFF_01336,润肠通便,EFF,2
HER_01887,枳实,HER,HAS_EFFECT,EFF_01272,解郁,EFF,3
HER_01887,枳实,HER,HAS_EFFECT,EFF_01336,润肠通便,EFF,3
HER_01895,丹皮,HER,HAS_EFFECT,EFF_01272,解郁,EFF,2
HER_01895,丹皮,HER,HAS_EFFECT,EFF_01336,润肠通便,EFF,2
HER_01925,枸杞子,HER,HAS_EFFECT,EFF_01336,润肠通便,EFF,2
HER_01977,玉竹,HER,HAS_EFFECT,EFF_01272,解郁,EFF,2
HER_01977,玉竹,HER,HAS_EFFECT,EFF_01336,润肠通便,EFF,2
HER_01872,栀子,HER,HAS_EFFECT,EFF_01272,解郁,EFF,6
HER_01872,栀子,HER,HAS_EFFECT,EFF_01336,润肠通便,EFF,2
HER_01861,黄连,HER,HAS_EFFECT,EFF_01272,解郁,EFF,2
HER_01861,黄连,HER,HAS_EFFECT,EFF_01336,润肠通便,EFF,2
HER_01874,枳壳,HER,HAS_EFFECT,EFF_01272,解郁,EFF,3
HER_01856,当归,HER,HAS_EFFECT,EFF_01272,解郁,EFF,6
HER_01856,当归,HER,HAS_EFFECT,EFF_01336,润肠通便,EFF,2
HER_01927,石斛,HER,HAS_EFFECT,EFF_01272,解郁,EFF,2
HER_01927,石斛,HER,HAS_EFFECT,EFF_01336,润肠通便,EFF,3
HER_01913,沙参,HER,HAS_EFFECT,EFF_01272,解郁,EFF,2
HER_01937,天花粉,HER,HAS_EFFECT,EFF_01272,解郁,EFF,3
HER_01867,麦冬,HER,HAS_EFFECT,EFF_01272,解郁,EFF,2
HER_01867,麦冬,HER,HAS_EFFECT,EFF_01336,润肠通便,EFF,3
HER_02233,香橼,HER,RELIEVES,SYM_03477,大便干结,SYM,2
HER_02009,川楝子,HER,RELIEVES,SYM_03477,大便干结,SYM,2
HER_01887,枳实,HER,RELIEVES,SYM_03477,大便干结,SYM,4
HER_01895,丹皮,HER,RELIEVES,SYM_03477,大便干结,SYM,2
HER_01925,枸杞子,HER,RELIEVES,SYM_03477,大便干结,SYM,3
HER_01977,玉竹,HER,RELIEVES,SYM_03477,大便干结,SYM,3
HER_01872,栀子,HER,RELIEVES,SYM_03477,大便干结,SYM,6
HER_01861,黄连,HER,RELIEVES,SYM_03477,大便干结,SYM,5
HER_01874,枳壳,HER,RELIEVES,SYM_03477,大便干结,SYM,2
HER_01856,当归,HER,RELIEVES,SYM_03477,大便干结,SYM,4
HER_01927,石斛,HER,RELIEVES,SYM_03477,大便干结,SYM,4
HER_01913,沙参,HER,RELIEVES,SYM_03477,大便干结,SYM,2
HER_01937,天花粉,HER,RELIEVES,SYM_03477,大便干结,SYM,3
HER_01867,麦冬,HER,RELIEVES,SYM_03477,大便干结,SYM,6
HER_01911,生地黄,HER,RELIEVES,SYM_03477,大便干结,SYM,2
PRE_02480,苍术,PRE,CONTAINS,HER_01939,山楂,HER,9
PRE_02480,苍术,PRE,CONTAINS,HER_01975,麦芽,HER,6
PRE_02480,苍术,PRE,CONTAINS,HER_01932,神曲,HER,10
PRE_02480,苍术,PRE,CONTAINS,HER_01865,连翘,HER,8
PRE_02480,苍术,PRE,CONTAINS,HER_01876,厚朴,HER,21
PRE_02480,苍术,PRE,CONTAINS,HER_01978,莱菔子,HER,2
PRE_02480,苍术,PRE,CONTAINS,HER_01872,栀子,HER,8
PRE_02480,苍术,PRE,CONTAINS,HER_01899,苡仁,HER,16
PRE_02480,苍术,PRE,CONTAINS,HER_01855,茯苓,HER,35
PRE_02480,苍术,PRE,CONTAINS,HER_01869,大黄,HER,7
PRE_02480,苍术,PRE,CONTAINS,HER_01915,法半夏,HER,10
PRE_02480,苍术,PRE,CONTAINS,HER_01864,陈皮,HER,27
PRE_02480,苍术,PRE,CONTAINS,HER_01887,枳实,HER,7
PRE_02480,苍术,PRE,CONTAINS,HER_01979,豆蔻,HER,5
PRE_02480,苍术,PRE,CONTAINS,HER_01934,槟榔,HER,5
HER_01857,白术,HER,HAS_EFFECT,EFF_01269,和胃降逆,EFF,5
HER_01939,山楂,HER,HAS_EFFECT,EFF_01269,和胃降逆,EFF,2
HER_01939,山楂,HER,HAS_EFFECT,EFF_01253,清热,EFF,2
HER_01939,山楂,HER,HAS_EFFECT,EFF_01254,健脾,EFF,11
HER_01975,麦芽,HER,HAS_EFFECT,EFF_01253,清热,EFF,5
HER_01975,麦芽,HER,HAS_EFFECT,EFF_01254,健脾,EFF,8
HER_01932,神曲,HER,HAS_EFFECT,EFF_01269,和胃降逆,EFF,5
HER_01932,神曲,HER,HAS_EFFECT,EFF_01253,清热,EFF,3
HER_01932,神曲,HER,HAS_EFFECT,EFF_01254,健脾,EFF,8
HER_01865,连翘,HER,HAS_EFFECT,EFF_01269,和胃降逆,EFF,3
HER_01865,连翘,HER,HAS_EFFECT,EFF_01253,清热,EFF,38
HER_01865,连翘,HER,HAS_EFFECT,EFF_01254,健脾,EFF,4
HER_01876,厚朴,HER,HAS_EFFECT,EFF_01269,和胃降逆,EFF,6
HER_01876,厚朴,HER,HAS_EFFECT,EFF_01253,清热,EFF,17
HER_01876,厚朴,HER,HAS_EFFECT,EFF_01254,健脾,EFF,10
HER_01978,莱菔子,HER,HAS_EFFECT,EFF_01269,和胃降逆,EFF,5
HER_01978,莱菔子,HER,HAS_EFFECT,EFF_01253,清热,EFF,3
HER_01978,莱菔子,HER,HAS_EFFECT,EFF_01254,健脾,EFF,5
HER_01872,栀子,HER,HAS_EFFECT,EFF_01254,健脾,EFF,5
HER_01899,苡仁,HER,HAS_EFFECT,EFF_01269,和胃降逆,EFF,2
HER_01899,苡仁,HER,HAS_EFFECT,EFF_01253,清热,EFF,15
HER_01899,苡仁,HER,HAS_EFFECT,EFF_01254,健脾,EFF,13
HER_01855,茯苓,HER,HAS_EFFECT,EFF_01269,和胃降逆,EFF,8
HER_01861,黄连,HER,HAS_EFFECT,EFF_01254,健脾,EFF,6
HER_01869,大黄,HER,HAS_EFFECT,EFF_01269,和胃降逆,EFF,2
HER_01869,大黄,HER,HAS_EFFECT,EFF_01254,健脾,EFF,3
HER_01915,法半夏,HER,HAS_EFFECT,EFF_01254,健脾,EFF,12
HER_01864,陈皮,HER,HAS_EFFECT,EFF_01269,和胃降逆,EFF,7
HER_01887,枳实,HER,HAS_EFFECT,EFF_01269,和胃降逆,EFF,2
HER_01979,豆蔻,HER,HAS_EFFECT,EFF_01269,和胃降逆,EFF,3
HER_01979,豆蔻,HER,HAS_EFFECT,EFF_01253,清热,EFF,5
HER_01979,豆蔻,HER,HAS_EFFECT,EFF_01254,健脾,EFF,4
HER_01934,槟榔,HER,HAS_EFFECT,EFF_01253,清热,EFF,5
HER_01934,槟榔,HER,HAS_EFFECT,EFF_01254,健脾,EFF,2
PRE_02574,平胃散,PRE,CONTAINS,HER_01854,甘草,HER,2
PRE_02574,平胃散,PRE,CONTAINS,HER_01855,茯苓,HER,2
PRE_02574,平胃散,PRE,CONTAINS,HER_01861,黄连,HER,2
PRE_02574,平胃散,PRE,CONTAINS,HER_01858,黄芩,HER,2
PRE_02574,平胃散,PRE,CONTAINS,HER_01864,陈皮,HER,2
PRE_02480,苍术,PRE,CONTAINS,HER_01868,半夏,HER,13
PRE_02480,苍术,PRE,CONTAINS,HER_01914,贝母,HER,4
PRE_02480,苍术,PRE,CONTAINS,HER_01920,瓜蒌,HER,3
PRE_02480,苍术,PRE,CONTAINS,HER_01874,枳壳,HER,16
PRE_02480,苍术,PRE,CONTAINS,HER_01858,黄芩,HER,11
PRE_02480,苍术,PRE,CONTAINS,HER_01898,生姜,HER,9
PRE_02480,苍术,PRE,CONTAINS,HER_02079,代赭石,HER,2
PRE_02482,二陈汤,PRE,CONTAINS,HER_01914,贝母,HER,7
PRE_02482,二陈汤,PRE,CONTAINS,HER_01854,甘草,HER,9
PRE_02482,二陈汤,PRE,CONTAINS,HER_01874,枳壳,HER,14
PRE_02482,二陈汤,PRE,CONTAINS,HER_01858,黄芩,HER,7
PRE_02482,二陈汤,PRE,CONTAINS,HER_01898,生姜,HER,8
HER_01874,枳壳,HER,HAS_EFFECT,EFF_01363,清化痰热,EFF,2
HER_01858,黄芩,HER,HAS_EFFECT,EFF_01363,清化痰热,EFF,2
PRE_02704,四逆散,PRE,CONTAINS,HER_01868,半夏,HER,3
PRE_02704,四逆散,PRE,CONTAINS,HER_01854,甘草,HER,3
PRE_02704,四逆散,PRE,CONTAINS,HER_01860,白芍,HER,2
PRE_02704,四逆散,PRE,CONTAINS,HER_01859,柴胡,HER,2
PRE_02704,四逆散,PRE,CONTAINS,HER_01855,茯苓,HER,2
PRE_02704,四逆散,PRE,CONTAINS,HER_01887,枳实,HER,2
PRE_02480,苍术,PRE,CONTAINS,HER_01866,川芎,HER,15
PRE_02480,苍术,PRE,CONTAINS,HER_01860,白芍,HER,6
PRE_02480,苍术,PRE,CONTAINS,HER_01905,香附,HER,8
PRE_02634,越鞠丸,PRE,CONTAINS,HER_01860,白芍,HER,3
PRE_02480,苍术,PRE,TREATS,SYM_04641,大便溏泄,SYM,2
PRE_02480,苍术,PRE,TREATS,SYM_03583,舌苔厚腻,SYM,2
HER_01866,川芎,HER,HAS_EFFECT,EFF_01293,顺气,EFF,2
HER_01866,川芎,HER,HAS_EFFECT,EFF_01254,健脾,EFF,6
HER_01866,川芎,HER,HAS_EFFECT,EFF_01279,疏肝解郁,EFF,3
HER_01872,栀子,HER,HAS_EFFECT,EFF_01279,疏肝解郁,EFF,5
HER_01854,甘草,HER,HAS_EFFECT,EFF_01293,顺气,EFF,2
HER_01854,甘草,HER,HAS_EFFECT,EFF_01279,疏肝解郁,EFF,6
HER_01860,白芍,HER,HAS_EFFECT,EFF_01293,顺气,EFF,3
HER_01860,白芍,HER,HAS_EFFECT,EFF_01279,疏肝解郁,EFF,8
HER_01859,柴胡,HER,HAS_EFFECT,EFF_01293,顺气,EFF,2
HER_01855,茯苓,HER,HAS_EFFECT,EFF_01293,顺气,EFF,2
HER_01905,香附,HER,HAS_EFFECT,EFF_01416,清肝泄火,EFF,2
HER_01905,香附,HER,HAS_EFFECT,EFF_01293,顺气,EFF,2
HER_01905,香附,HER,HAS_EFFECT,EFF_01254,健脾,EFF,10
HER_01905,香附,HER,HAS_EFFECT,EFF_01279,疏肝解郁,EFF,6
HER_01864,陈皮,HER,HAS_EFFECT,EFF_01293,顺气,EFF,2
HER_01864,陈皮,HER,HAS_EFFECT,EFF_01279,疏肝解郁,EFF,4
HER_01887,枳实,HER,HAS_EFFECT,EFF_01293,顺气,EFF,2
HER_01868,半夏,HER,RELIEVES,SYM_04641,大便溏泄,SYM,2
HER_01866,川芎,HER,RELIEVES,SYM_04641,大便溏泄,SYM,2
HER_01866,川芎,HER,RELIEVES,SYM_03583,舌苔厚腻,SYM,2
HER_01872,栀子,HER,RELIEVES,SYM_03583,舌苔厚腻,SYM,2
HER_01854,甘草,HER,RELIEVES,SYM_04641,大便溏泄,SYM,2
HER_01899,苡仁,HER,RELIEVES,SYM_03583,舌苔厚腻,SYM,3
HER_01859,柴胡,HER,RELIEVES,SYM_03583,舌苔厚腻,SYM,2
HER_01855,茯苓,HER,RELIEVES,SYM_04641,大便溏泄,SYM,2
HER_01905,香附,HER,RELIEVES,SYM_04641,大便溏泄,SYM,2
HER_01905,香附,HER,RELIEVES,SYM_03583,舌苔厚腻,SYM,2
HER_01887,枳实,HER,RELIEVES,SYM_03583,舌苔厚腻,SYM,2
CAU_00339,胸闷心烦,CAU,CAUSES,SYM_03458,恶心呕吐,SYM,2
PRE_02492,泻心汤,PRE,CONTAINS,HER_01920,瓜蒌,HER,2
PRE_02492,泻心汤,PRE,CONTAINS,HER_01872,栀子,HER,3
PRE_02492,泻心汤,PRE,CONTAINS,HER_01869,大黄,HER,3
PRE_02492,泻心汤,PRE,CONTAINS,HER_01887,枳实,HER,3
HER_02039,旋覆花,HER,HAS_EFFECT,EFF_01349,降逆止呕,EFF,2
HER_02039,旋覆花,HER,HAS_EFFECT,EFF_01253,清热,EFF,2
HER_02110,淡豆豉,HER,HAS_EFFECT,EFF_01253,清热,EFF,4
HER_01937,天花粉,HER,HAS_EFFECT,EFF_01325,生津止渴,EFF,3
HER_01937,天花粉,HER,HAS_EFFECT,EFF_01253,清热,EFF,9
HER_01920,瓜蒌,HER,HAS_EFFECT,EFF_01349,降逆止呕,EFF,2
HER_01920,瓜蒌,HER,HAS_EFFECT,EFF_01253,清热,EFF,11
HER_01916,竹茹,HER,HAS_EFFECT,EFF_01349,降逆止呕,EFF,2
HER_01861,黄连,HER,HAS_EFFECT,EFF_01445,行气消胀,EFF,2
HER_02012,芒硝,HER,HAS_EFFECT,EFF_01253,清热,EFF,5
HER_01869,大黄,HER,HAS_EFFECT,EFF_01349,降逆止呕,EFF,2
HER_01858,黄芩,HER,HAS_EFFECT,EFF_01325,生津止渴,EFF,2
HER_01927,石斛,HER,HAS_EFFECT,EFF_01325,生津止渴,EFF,2
HER_01927,石斛,HER,HAS_EFFECT,EFF_01253,清热,EFF,15
HER_01887,枳实,HER,HAS_EFFECT,EFF_01349,降逆止呕,EFF,2
HER_01920,瓜蒌,HER,RELIEVES,SYM_05087,腹胀便秘,SYM,2
HER_01872,栀子,HER,RELIEVES,SYM_05087,腹胀便秘,SYM,2
HER_01872,栀子,HER,RELIEVES,SYM_03458,恶心呕吐,SYM,3
HER_01861,黄连,HER,RELIEVES,SYM_05087,腹胀便秘,SYM,2
HER_02012,芒硝,HER,RELIEVES,SYM_03458,恶心呕吐,SYM,3
HER_01869,大黄,HER,RELIEVES,SYM_05087,腹胀便秘,SYM,2
HER_01869,大黄,HER,RELIEVES,SYM_03458,恶心呕吐,SYM,4
HER_01858,黄芩,HER,RELIEVES,SYM_05087,腹胀便秘,SYM,2
HER_01927,石斛,HER,RELIEVES,SYM_03458,恶心呕吐,SYM,2
HER_01887,枳实,HER,RELIEVES,SYM_05087,腹胀便秘,SYM,2
HER_01887,枳实,HER,RELIEVES,SYM_03458,恶心呕吐,SYM,4
PRE_02899,旋覆代赭汤,PRE,CONTAINS,HER_01855,茯苓,HER,2
HER_01868,半夏,HER,HAS_EFFECT,EFF_01253,清热,EFF,8
HER_01932,神曲,HER,HAS_EFFECT,EFF_01260,补气,EFF,2
HER_01876,厚朴,HER,HAS_EFFECT,EFF_01255,益气,EFF,5
HER_01876,厚朴,HER,HAS_EFFECT,EFF_01260,补气,EFF,2
HER_01854,甘草,HER,HAS_EFFECT,EFF_01260,补气,EFF,10
HER_01854,甘草,HER,HAS_EFFECT,EFF_01355,化湿止泻,EFF,3
HER_01855,茯苓,HER,HAS_EFFECT,EFF_01260,补气,EFF,12
HER_01855,茯苓,HER,HAS_EFFECT,EFF_01355,化湿止泻,EFF,2
HER_01861,黄连,HER,HAS_EFFECT,EFF_01255,益气,EFF,3
HER_01861,黄连,HER,HAS_EFFECT,EFF_01260,补气,EFF,2
HER_01861,黄连,HER,HAS_EFFECT,EFF_01355,化湿止泻,EFF,2
HER_01902,车前子,HER,HAS_EFFECT,EFF_01260,补气,EFF,3
HER_01902,车前子,HER,HAS_EFFECT,EFF_01253,清热,EFF,19
HER_01874,枳壳,HER,HAS_EFFECT,EFF_01260,补气,EFF,2
HER_01874,枳壳,HER,HAS_EFFECT,EFF_01253,清热,EFF,10
HER_01879,党参,HER,HAS_EFFECT,EFF_01260,补气,EFF,11
HER_01879,党参,HER,HAS_EFFECT,EFF_01253,清热,EFF,6
HER_01946,大枣,HER,HAS_EFFECT,EFF_01260,补气,EFF,3
HER_01946,大枣,HER,HAS_EFFECT,EFF_01253,清热,EFF,5
HER_01858,黄芩,HER,HAS_EFFECT,EFF_01255,益气,EFF,2
HER_01858,黄芩,HER,HAS_EFFECT,EFF_01355,化湿止泻,EFF,2
HER_01893,干姜,HER,HAS_EFFECT,EFF_01255,益气,EFF,6
HER_01893,干姜,HER,HAS_EFFECT,EFF_01260,补气,EFF,3
HER_01898,生姜,HER,HAS_EFFECT,EFF_01255,益气,EFF,3
HER_01898,生姜,HER,HAS_EFFECT,EFF_01260,补气,EFF,4
HER_01898,生姜,HER,HAS_EFFECT,EFF_01253,清热,EFF,5
PRE_02538,保和丸,PRE,CONTAINS,HER_01939,山楂,HER,5
PRE_02538,保和丸,PRE,CONTAINS,HER_01868,半夏,HER,2
PRE_02538,保和丸,PRE,CONTAINS,HER_01932,神曲,HER,5
PRE_02538,保和丸,PRE,CONTAINS,HER_01865,连翘,HER,5
PRE_02538,保和丸,PRE,CONTAINS,HER_01978,莱菔子,HER,4
PRE_02538,保和丸,PRE,CONTAINS,HER_01855,茯苓,HER,5
PRE_02538,保和丸,PRE,CONTAINS,HER_01869,大黄,HER,3
PRE_02538,保和丸,PRE,CONTAINS,HER_01864,陈皮,HER,5
PRE_02538,保和丸,PRE,CONTAINS,HER_01887,枳实,HER,3
PRE_02538,保和丸,PRE,CONTAINS,HER_01898,生姜,HER,3
PRE_02538,保和丸,PRE,TREATS,SYM_04312,消食导滞,SYM,2
HER_01868,半夏,HER,HAS_EFFECT,EFF_01269,和胃降逆,EFF,8
HER_01893,干姜,HER,HAS_EFFECT,EFF_01269,和胃降逆,EFF,3
HER_01898,生姜,HER,HAS_EFFECT,EFF_01269,和胃降逆,EFF,3
HER_01865,连翘,HER,RELIEVES,SYM_04312,消食导滞,SYM,2
HER_01869,大黄,HER,RELIEVES,SYM_04312,消食导滞,SYM,2
HER_01864,陈皮,HER,RELIEVES,SYM_04312,消食导滞,SYM,2
HER_01887,枳实,HER,RELIEVES,SYM_04312,消食导滞,SYM,2
HER_01887,枳实,HER,RELIEVES,SYM_04388,腹满便秘,SYM,2
PRE_02522,藿香正气散,PRE,CONTAINS,HER_01857,白术,HER,4
PRE_02522,藿香正气散,PRE,CONTAINS,HER_01868,半夏,HER,2
PRE_02522,藿香正气散,PRE,CONTAINS,HER_01876,厚朴,HER,7
PRE_02522,藿香正气散,PRE,CONTAINS,HER_01960,广藿香,HER,5
PRE_02522,藿香正气散,PRE,CONTAINS,HER_01855,茯苓,HER,5
PRE_02522,藿香正气散,PRE,CONTAINS,HER_01940,紫苏,HER,3
PRE_02522,藿香正气散,PRE,CONTAINS,HER_01989,鸡内金,HER,2
PRE_02522,藿香正气散,PRE,CONTAINS,HER_01864,陈皮,HER,5
PRE_02522,藿香正气散,PRE,CONTAINS,HER_01898,生姜,HER,3
PRE_02522,藿香正气散,PRE,CONTAINS,HER_01923,白芷,HER,5
HER_01857,白术,HER,HAS_EFFECT,EFF_01345,疏风散寒,EFF,3
HER_01876,厚朴,HER,HAS_EFFECT,EFF_01345,疏风散寒,EFF,3
HER_01960,广藿香,HER,HAS_EFFECT,EFF_01345,疏风散寒,EFF,3
HER_01855,茯苓,HER,HAS_EFFECT,EFF_01345,疏风散寒,EFF,4
HER_01940,紫苏,HER,HAS_EFFECT,EFF_01345,疏风散寒,EFF,3
HER_01989,鸡内金,HER,HAS_EFFECT,EFF_01345,疏风散寒,EFF,2
HER_01989,鸡内金,HER,HAS_EFFECT,EFF_01269,和胃降逆,EFF,3
HER_01864,陈皮,HER,HAS_EFFECT,EFF_01345,疏风散寒,EFF,3
HER_01898,生姜,HER,HAS_EFFECT,EFF_01345,疏风散寒,EFF,3
HER_01923,白芷,HER,HAS_EFFECT,EFF_01345,疏风散寒,EFF,2
PRE_02517,银翘散,PRE,CONTAINS,HER_01953,芦根,HER,3
PRE_02517,银翘散,PRE,CONTAINS,HER_01890,薄荷,HER,8
PRE_02517,银翘散,PRE,CONTAINS,HER_01929,竹叶,HER,2
PRE_02517,银翘散,PRE,CONTAINS,HER_01865,连翘,HER,11
PRE_02517,银翘散,PRE,CONTAINS,HER_01904,金银花,HER,10
PRE_02517,银翘散,PRE,CONTAINS,HER_01941,荆芥,HER,5
HER_01868,半夏,HER,HAS_EFFECT,EFF_01320,消食化滞,EFF,3
HER_01932,神曲,HER,HAS_EFFECT,EFF_01320,消食化滞,EFF,4
HER_01865,连翘,HER,HAS_EFFECT,EFF_01320,消食化滞,EFF,3
HER_01978,莱菔子,HER,HAS_EFFECT,EFF_01320,消食化滞,EFF,4
HER_01916,竹茹,HER,HAS_EFFECT,EFF_01269,和胃降逆,EFF,2
HER_01989,鸡内金,HER,HAS_EFFECT,EFF_01320,消食化滞,EFF,3
HER_01864,陈皮,HER,HAS_EFFECT,EFF_01320,消食化滞,EFF,4
PRE_02507,香薷饮,PRE,CONTAINS,HER_01868,半夏,HER,2
PRE_02507,香薷饮,PRE,CONTAINS,HER_01876,厚朴,HER,5
PRE_02507,香薷饮,PRE,CONTAINS,HER_02014,荷叶,HER,2
PRE_02507,香薷饮,PRE,CONTAINS,HER_01861,黄连,HER,6
PRE_02507,香薷饮,PRE,CONTAINS,HER_01981,香薷,HER,6
PRE_02507,香薷饮,PRE,CONTAINS,HER_01864,陈皮,HER,3
HER_01868,半夏,HER,HAS_EFFECT,EFF_01338,清暑化湿,EFF,3
HER_01876,厚朴,HER,HAS_EFFECT,EFF_01338,清暑化湿,EFF,3
HER_01876,厚朴,HER,HAS_EFFECT,EFF_01320,消食化滞,EFF,2
HER_02014,荷叶,HER,HAS_EFFECT,EFF_01338,清暑化湿,EFF,2
HER_02014,荷叶,HER,HAS_EFFECT,EFF_01269,和胃降逆,EFF,2
HER_01861,黄连,HER,HAS_EFFECT,EFF_01338,清暑化湿,EFF,3
HER_01981,香薷,HER,HAS_EFFECT,EFF_01338,清暑化湿,EFF,2
HER_01864,陈皮,HER,HAS_EFFECT,EFF_01338,清暑化湿,EFF,4
HER_01868,半夏,HER,HAS_EFFECT,EFF_01349,降逆止呕,EFF,2
HER_02060,白蜜,HER,HAS_EFFECT,EFF_01269,和胃降逆,EFF,2
HER_01920,瓜蒌,HER,HAS_EFFECT,EFF_01336,润肠通便,EFF,2
HER_01920,瓜蒌,HER,HAS_EFFECT,EFF_01269,和胃降逆,EFF,2
HER_01854,甘草,HER,HAS_EFFECT,EFF_01349,降逆止呕,EFF,2
HER_01867,麦冬,HER,HAS_EFFECT,EFF_01269,和胃降逆,EFF,3
HER_01951,太子参,HER,HAS_EFFECT,EFF_01336,润肠通便,EFF,2
HER_01868,半夏,HER,RELIEVES,SYM_03477,大便干结,SYM,2
HER_01920,瓜蒌,HER,RELIEVES,SYM_03477,大便干结,SYM,4
HER_01854,甘草,HER,RELIEVES,SYM_03477,大便干结,SYM,3
HER_01946,大枣,HER,RELIEVES,SYM_03477,大便干结,SYM,2
HER_01951,太子参,HER,RELIEVES,SYM_03477,大便干结,SYM,3
CAU_00228,腑气不通,CAU,CAUSES,SYM_03444,大便秘结,SYM,2
PRE_02704,四逆散,PRE,CONTAINS,HER_01874,枳壳,HER,2
PRE_02704,四逆散,PRE,CONTAINS,HER_01869,大黄,HER,2
PRE_02617,左金丸,PRE,CONTAINS,HER_01940,紫苏,HER,2
HER_01891,郁金,HER,HAS_EFFECT,EFF_01253,清热,EFF,12
HER_02031,三七粉,HER,HAS_EFFECT,EFF_01253,清热,EFF,6
HER_01876,厚朴,HER,HAS_EFFECT,EFF_01257,活血化瘀,EFF,4
HER_01859,柴胡,HER,HAS_EFFECT,EFF_01253,清热,EFF,26
HER_01940,紫苏,HER,HAS_EFFECT,EFF_01253,清热,EFF,3
HER_01871,赤芍,HER,HAS_EFFECT,EFF_01253,清热,EFF,26
HER_01869,大黄,HER,HAS_EFFECT,EFF_01257,活血化瘀,EFF,6
HER_01891,郁金,HER,RELIEVES,SYM_03444,大便秘结,SYM,3
HER_01891,郁金,HER,RELIEVES,SYM_04372,胁肋刺痛,SYM,3
HER_01868,半夏,HER,RELIEVES,SYM_04372,胁肋刺痛,SYM,2
HER_01876,厚朴,HER,RELIEVES,SYM_03444,大便秘结,SYM,7
HER_01876,厚朴,HER,RELIEVES,SYM_04372,胁肋刺痛,SYM,2
HER_01854,甘草,HER,RELIEVES,SYM_04372,胁肋刺痛,SYM,2
HER_01860,白芍,HER,RELIEVES,SYM_04372,胁肋刺痛,SYM,2
HER_01859,柴胡,HER,RELIEVES,SYM_03444,大便秘结,SYM,2
HER_01859,柴胡,HER,RELIEVES,SYM_04372,胁肋刺痛,SYM,2
HER_01940,紫苏,HER,RELIEVES,SYM_04372,胁肋刺痛,SYM,2
HER_01855,茯苓,HER,RELIEVES,SYM_04372,胁肋刺痛,SYM,3
HER_01874,枳壳,HER,RELIEVES,SYM_03444,大便秘结,SYM,3
HER_01874,枳壳,HER,RELIEVES,SYM_04372,胁肋刺痛,SYM,2
HER_01871,赤芍,HER,RELIEVES,SYM_03444,大便秘结,SYM,4
HER_01871,赤芍,HER,RELIEVES,SYM_04372,胁肋刺痛,SYM,2
PRE_02606,黄连温胆汤,PRE,CONTAINS,HER_01876,厚朴,HER,2
PRE_02522,藿香正气散,PRE,CONTAINS,HER_01972,苏叶,HER,2
PRE_02522,藿香正气散,PRE,CONTAINS,HER_02037,佩兰,HER,2
PRE_02522,藿香正气散,PRE,CONTAINS,HER_01854,甘草,HER,3
HER_02037,佩兰,HER,HAS_EFFECT,EFF_01338,清暑化湿,EFF,2
HER_01854,甘草,HER,HAS_EFFECT,EFF_01338,清暑化湿,EFF,3
HER_01855,茯苓,HER,HAS_EFFECT,EFF_01338,清暑化湿,EFF,2
HER_01898,生姜,HER,HAS_EFFECT,EFF_01338,清暑化湿,EFF,2
PRE_02549,三仁汤,PRE,CONTAINS,HER_01868,半夏,HER,2
PRE_02549,三仁汤,PRE,CONTAINS,HER_01929,竹叶,HER,3
PRE_02549,三仁汤,PRE,CONTAINS,HER_01876,厚朴,HER,2
PRE_02549,三仁汤,PRE,CONTAINS,HER_02131,白蔻仁,HER,2
PRE_02549,三仁汤,PRE,CONTAINS,HER_01906,滑石,HER,3
PRE_02549,三仁汤,PRE,CONTAINS,HER_01870,杏仁,HER,3
PRE_02482,二陈汤,PRE,CONTAINS,HER_01950,吴茱萸,HER,2
PRE_02482,二陈汤,PRE,CONTAINS,HER_01947,藿香,HER,3
PRE_02482,二陈汤,PRE,CONTAINS,HER_01887,枳实,HER,4
PRE_02482,二陈汤,PRE,CONTAINS,HER_01894,木香,HER,4
PRE_02485,逍遥散,PRE,CONTAINS,HER_01940,紫苏,HER,2
PRE_02485,逍遥散,PRE,CONTAINS,HER_01905,香附,HER,7
PRE_02482,二陈汤,PRE,CONTAINS,HER_01865,连翘,HER,2
PRE_02482,二陈汤,PRE,CONTAINS,HER_01905,香附,HER,3
PRE_02486,理中汤,PRE,CONTAINS,HER_01887,枳实,HER,2
PRE_02982,红豆丸,PRE,CONTAINS,HER_01887,枳实,HER,2
PRE_02595,玉枢丹,PRE,CONTAINS,HER_01871,赤芍,HER,2
PRE_02500,血府逐瘀汤,PRE,CONTAINS,HER_01920,瓜蒌,HER,3
PRE_02500,血府逐瘀汤,PRE,CONTAINS,HER_01862,黄芪,HER,2
PRE_02500,血府逐瘀汤,PRE,CONTAINS,HER_01854,甘草,HER,6
PRE_02500,血府逐瘀汤,PRE,CONTAINS,HER_01911,生地黄,HER,6
HER_01897,红花,HER,HAS_EFFECT,EFF_01255,益气,EFF,4
HER_01897,红花,HER,HAS_EFFECT,EFF_01254,健脾,EFF,3
HER_02031,三七粉,HER,HAS_EFFECT,EFF_01255,益气,EFF,3
HER_02031,三七粉,HER,HAS_EFFECT,EFF_01254,健脾,EFF,2
HER_02031,三七粉,HER,HAS_EFFECT,EFF_01259,滋阴,EFF,2
HER_01877,桃仁,HER,HAS_EFFECT,EFF_01255,益气,EFF,6
HER_01877,桃仁,HER,HAS_EFFECT,EFF_01254,健脾,EFF,6
HER_01914,贝母,HER,HAS_EFFECT,EFF_01255,益气,EFF,2
HER_01914,贝母,HER,HAS_EFFECT,EFF_01254,健脾,EFF,3
HER_01920,瓜蒌,HER,HAS_EFFECT,EFF_01255,益气,EFF,3
HER_01920,瓜蒌,HER,HAS_EFFECT,EFF_01254,健脾,EFF,3
HER_01920,瓜蒌,HER,HAS_EFFECT,EFF_01259,滋阴,EFF,2
HER_01978,莱菔子,HER,HAS_EFFECT,EFF_01255,益气,EFF,2
HER_02069,五灵脂,HER,HAS_EFFECT,EFF_01255,益气,EFF,2
HER_02069,五灵脂,HER,HAS_EFFECT,EFF_01259,滋阴,EFF,2
HER_01922,升麻,HER,HAS_EFFECT,EFF_01255,益气,EFF,7
HER_01922,升麻,HER,HAS_EFFECT,EFF_01254,健脾,EFF,4
HER_01871,赤芍,HER,HAS_EFFECT,EFF_01254,健脾,EFF,3
HER_01871,赤芍,HER,HAS_EFFECT,EFF_01259,滋阴,EFF,3
HER_01879,党参,HER,HAS_EFFECT,EFF_01259,滋阴,EFF,3
HER_01856,当归,HER,HAS_EFFECT,EFF_01254,健脾,EFF,13
HER_01911,生地黄,HER,HAS_EFFECT,EFF_01254,健脾,EFF,3
HER_01911,生地黄,HER,HAS_EFFECT,EFF_01259,滋阴,EFF,7
HER_01886,丹参,HER,HAS_EFFECT,EFF_01254,健脾,EFF,8
HER_01886,丹参,HER,HAS_EFFECT,EFF_01259,滋阴,EFF,2
PRE_02587,右归丸,PRE,CONTAINS,HER_01855,茯苓,HER,2
PRE_02587,右归丸,PRE,CONTAINS,HER_01919,山茱萸,HER,2
PRE_02587,右归丸,PRE,CONTAINS,HER_01856,当归,HER,2
PRE_02587,右归丸,PRE,CONTAINS,HER_01864,陈皮,HER,2
PRE_02479,补中益气汤,PRE,CONTAINS,HER_01857,白术,HER,15
PRE_02479,补中益气汤,PRE,CONTAINS,HER_01875,附子,HER,2
PRE_02479,补中益气汤,PRE,CONTAINS,HER_01907,熟地黄,HER,3
PRE_02479,补中益气汤,PRE,CONTAINS,HER_01863,人参,HER,3
PRE_02479,补中益气汤,PRE,CONTAINS,HER_01862,黄芪,HER,10
PRE_02479,补中益气汤,PRE,CONTAINS,HER_01855,茯苓,HER,6
PRE_02479,补中益气汤,PRE,CONTAINS,HER_01983,杜仲,HER,2
PRE_02479,补中益气汤,PRE,CONTAINS,HER_01856,当归,HER,12
PRE_02479,补中益气汤,PRE,CONTAINS,HER_01925,枸杞子,HER,3
PRE_02479,补中益气汤,PRE,CONTAINS,HER_01912,肉桂,HER,3
PRE_02479,补中益气汤,PRE,CONTAINS,HER_01864,陈皮,HER,10
PRE_02494,十全大补汤,PRE,CONTAINS,HER_01875,附子,HER,2
PRE_02494,十全大补汤,PRE,CONTAINS,HER_01863,人参,HER,2
PRE_02494,十全大补汤,PRE,CONTAINS,HER_01862,黄芪,HER,3
PRE_02494,十全大补汤,PRE,CONTAINS,HER_01855,茯苓,HER,2
PRE_02494,十全大补汤,PRE,CONTAINS,HER_01983,杜仲,HER,2
PRE_02494,十全大补汤,PRE,CONTAINS,HER_01919,山茱萸,HER,2
PRE_02494,十全大补汤,PRE,CONTAINS,HER_01856,当归,HER,2
HER_01857,白术,HER,HAS_EFFECT,EFF_01260,补气,EFF,14
HER_01857,白术,HER,HAS_EFFECT,EFF_01297,回阳,EFF,2
HER_01857,白术,HER,HAS_EFFECT,EFF_01282,温补脾肾,EFF,8
HER_01875,附子,HER,HAS_EFFECT,EFF_01262,健脾益气,EFF,4
HER_01875,附子,HER,HAS_EFFECT,EFF_01260,补气,EFF,4
HER_01875,附子,HER,HAS_EFFECT,EFF_01297,回阳,EFF,4
HER_01875,附子,HER,HAS_EFFECT,EFF_01282,温补脾肾,EFF,9
HER_01907,熟地黄,HER,HAS_EFFECT,EFF_01255,益气,EFF,12
HER_01907,熟地黄,HER,HAS_EFFECT,EFF_01260,补气,EFF,9
HER_01907,熟地黄,HER,HAS_EFFECT,EFF_01282,温补脾肾,EFF,2
HER_01863,人参,HER,HAS_EFFECT,EFF_01260,补气,EFF,5
HER_01863,人参,HER,HAS_EFFECT,EFF_01297,回阳,EFF,3
HER_01863,人参,HER,HAS_EFFECT,EFF_01282,温补脾肾,EFF,3
HER_01862,黄芪,HER,HAS_EFFECT,EFF_01262,健脾益气,EFF,10
HER_01862,黄芪,HER,HAS_EFFECT,EFF_01260,补气,EFF,14
HER_01862,黄芪,HER,HAS_EFFECT,EFF_01282,温补脾肾,EFF,3
HER_01855,茯苓,HER,HAS_EFFECT,EFF_01282,温补脾肾,EFF,5
HER_01983,杜仲,HER,HAS_EFFECT,EFF_01262,健脾益气,EFF,2
HER_01983,杜仲,HER,HAS_EFFECT,EFF_01255,益气,EFF,3
HER_02142,鹿角,HER,HAS_EFFECT,EFF_01260,补气,EFF,2
HER_01919,山茱萸,HER,HAS_EFFECT,EFF_01262,健脾益气,EFF,5
HER_01919,山茱萸,HER,HAS_EFFECT,EFF_01255,益气,EFF,8
HER_01919,山茱萸,HER,HAS_EFFECT,EFF_01260,补气,EFF,4
HER_01919,山茱萸,HER,HAS_EFFECT,EFF_01282,温补脾肾,EFF,2
HER_01856,当归,HER,HAS_EFFECT,EFF_01260,补气,EFF,10
HER_01856,当归,HER,HAS_EFFECT,EFF_01282,温补脾肾,EFF,2
HER_01925,枸杞子,HER,HAS_EFFECT,EFF_01262,健脾益气,EFF,4
HER_01925,枸杞子,HER,HAS_EFFECT,EFF_01255,益气,EFF,8
HER_01925,枸杞子,HER,HAS_EFFECT,EFF_01260,补气,EFF,3
HER_01912,肉桂,HER,HAS_EFFECT,EFF_01262,健脾益气,EFF,3
HER_01912,肉桂,HER,HAS_EFFECT,EFF_01255,益气,EFF,9
HER_01912,肉桂,HER,HAS_EFFECT,EFF_01260,补气,EFF,3
HER_01912,肉桂,HER,HAS_EFFECT,EFF_01282,温补脾肾,EFF,5
HER_01864,陈皮,HER,HAS_EFFECT,EFF_01262,健脾益气,EFF,8
HER_01864,陈皮,HER,HAS_EFFECT,EFF_01260,补气,EFF,5
HER_01864,陈皮,HER,HAS_EFFECT,EFF_01282,温补脾肾,EFF,2
HER_01898,生姜,HER,HAS_EFFECT,EFF_01262,健脾益气,EFF,2
HER_02079,代赭石,HER,HAS_EFFECT,EFF_01262,健脾益气,EFF,2
PRE_02541,承气汤,PRE,CONTAINS,HER_01855,茯苓,HER,3
PRE_02550,导痰汤,PRE,CONTAINS,HER_01891,郁金,HER,2
PRE_02550,导痰汤,PRE,CONTAINS,HER_01918,砂仁,HER,2
PRE_02550,导痰汤,PRE,CONTAINS,HER_01864,陈皮,HER,2
PRE_02550,导痰汤,PRE,CONTAINS,HER_01886,丹参,HER,2
HER_01891,郁金,HER,HAS_EFFECT,EFF_01269,和胃降逆,EFF,4
HER_01914,贝母,HER,HAS_EFFECT,EFF_01258,清热解毒,EFF,7
HER_01914,贝母,HER,HAS_EFFECT,EFF_01269,和胃降逆,EFF,2
HER_01913,沙参,HER,HAS_EFFECT,EFF_01258,清热解毒,EFF,2
HER_01913,沙参,HER,HAS_EFFECT,EFF_01269,和胃降逆,EFF,2
HER_01896,玄参,HER,HAS_EFFECT,EFF_01258,清热解毒,EFF,9
HER_01896,玄参,HER,HAS_EFFECT,EFF_01269,和胃降逆,EFF,2
HER_01920,瓜蒌,HER,HAS_EFFECT,EFF_01258,清热解毒,EFF,6
HER_01918,砂仁,HER,HAS_EFFECT,EFF_01258,清热解毒,EFF,3
HER_01918,砂仁,HER,HAS_EFFECT,EFF_01269,和胃降逆,EFF,4
HER_01855,茯苓,HER,HAS_EFFECT,EFF_01258,清热解毒,EFF,6
HER_02175,白花蛇舌草,HER,HAS_EFFECT,EFF_01258,清热解毒,EFF,2
HER_01867,麦冬,HER,HAS_EFFECT,EFF_01258,清热解毒,EFF,2
HER_01864,陈皮,HER,HAS_EFFECT,EFF_01258,清热解毒,EFF,4
HER_01886,丹参,HER,HAS_EFFECT,EFF_01269,和胃降逆,EFF,4
PRE_02558,半夏汤,PRE,CONTAINS,HER_01943,芍药,HER,2
PRE_02558,半夏汤,PRE,CONTAINS,HER_01928,阿胶,HER,2
PRE_02558,半夏汤,PRE,CONTAINS,HER_02060,白蜜,HER,2
PRE_02558,半夏汤,PRE,CONTAINS,HER_01855,茯苓,HER,3
PRE_02558,半夏汤,PRE,CONTAINS,HER_01856,当归,HER,2
PRE_02558,半夏汤,PRE,CONTAINS,HER_01893,干姜,HER,2
HER_02060,白蜜,HER,RELIEVES,SYM_03579,大便燥结,SYM,2
PRE_02663,橘皮,PRE,CONTAINS,HER_01855,茯苓,HER,2
PRE_02576,来复丹,PRE,CONTAINS,HER_01855,茯苓,HER,2
PRE_02558,半夏汤,PRE,CONTAINS,HER_01874,枳壳,HER,2
PRE_02538,保和丸,PRE,CONTAINS,HER_01857,白术,HER,2
PRE_02538,保和丸,PRE,CONTAINS,HER_01975,麦芽,HER,2
PRE_02538,保和丸,PRE,CONTAINS,HER_01876,厚朴,HER,3
PRE_02538,保和丸,PRE,CONTAINS,HER_01858,黄芩,HER,2
PRE_02538,保和丸,PRE,TREATS,SYM_03444,大便秘结,SYM,2
HER_01857,白术,HER,HAS_EFFECT,EFF_01284,行气止痛,EFF,2
HER_01975,麦芽,HER,HAS_EFFECT,EFF_01284,行气止痛,EFF,2
HER_01855,茯苓,HER,HAS_EFFECT,EFF_01284,行气止痛,EFF,2
HER_01873,泽泻,HER,HAS_EFFECT,EFF_01284,行气止痛,EFF,2
HER_01864,陈皮,HER,HAS_EFFECT,EFF_01284,行气止痛,EFF,2
HER_01939,山楂,HER,RELIEVES,SYM_03444,大便秘结,SYM,4
HER_01975,麦芽,HER,RELIEVES,SYM_03444,大便秘结,SYM,4
HER_01932,神曲,HER,RELIEVES,SYM_03444,大便秘结,SYM,4
HER_01865,连翘,HER,RELIEVES,SYM_03444,大便秘结,SYM,10
HER_01873,泽泻,HER,RELIEVES,SYM_03444,大便秘结,SYM,4
PRE_02559,大承气汤,PRE,CONTAINS,HER_01854,甘草,HER,2
PRE_02559,大承气汤,PRE,CONTAINS,HER_01887,枳实,HER,2
HER_01894,木香,HER,HAS_EFFECT,EFF_01253,清热,EFF,4
HER_01909,葛根,HER,HAS_EFFECT,EFF_01253,清热,EFF,14
HER_01889,黄柏,HER,HAS_EFFECT,EFF_01253,清热,EFF,27
HER_01891,郁金,HER,RELIEVES,SYM_03652,大便不爽,SYM,2
HER_01894,木香,HER,RELIEVES,SYM_03444,大便秘结,SYM,2
HER_01909,葛根,HER,RELIEVES,SYM_03444,大便秘结,SYM,2
HER_01889,黄柏,HER,RELIEVES,SYM_03444,大便秘结,SYM,3
HER_01876,厚朴,HER,RELIEVES,SYM_03652,大便不爽,SYM,2
HER_01869,大黄,HER,RELIEVES,SYM_03652,大便不爽,SYM,2
HER_01887,枳实,HER,RELIEVES,SYM_03652,大便不爽,SYM,2
PRE_02573,小建中汤,PRE,CONTAINS,HER_01875,附子,HER,2
HER_01880,桂枝,HER,HAS_EFFECT,EFF_01260,补气,EFF,3
HER_01860,白芍,HER,HAS_EFFECT,EFF_01260,补气,EFF,5
HER_02041,炙黄芪,HER,HAS_EFFECT,EFF_01260,补气,EFF,2
PRE_02528,柴胡疏肝散,PRE,CONTAINS,HER_01877,桃仁,HER,3
PRE_02528,柴胡疏肝散,PRE,CONTAINS,HER_01905,香附,HER,8
PRE_02528,柴胡疏肝散,PRE,CONTAINS,HER_01864,陈皮,HER,7
PRE_02528,柴胡疏肝散,PRE,CONTAINS,HER_02009,川楝子,HER,3
PRE_02528,柴胡疏肝散,PRE,CONTAINS,HER_01886,丹参,HER,3
HER_01877,桃仁,HER,HAS_EFFECT,EFF_01279,疏肝解郁,EFF,2
HER_01874,枳壳,HER,HAS_EFFECT,EFF_01279,疏肝解郁,EFF,2
HER_01905,香附,HER,HAS_EFFECT,EFF_01257,活血化瘀,EFF,7
HER_01856,当归,HER,HAS_EFFECT,EFF_01279,疏肝解郁,EFF,7
HER_02009,川楝子,HER,HAS_EFFECT,EFF_01257,活血化瘀,EFF,2
HER_01886,丹参,HER,HAS_EFFECT,EFF_01279,疏肝解郁,EFF,2
HER_01894,木香,HER,HAS_EFFECT,EFF_01284,行气止痛,EFF,2
HER_01942,细辛,HER,HAS_EFFECT,EFF_01403,暖肝散寒,EFF,2
HER_01905,香附,HER,HAS_EFFECT,EFF_01284,行气止痛,EFF,2
HER_02125,小茴香,HER,HAS_EFFECT,EFF_01284,行气止痛,EFF,2
HER_01950,吴茱萸,HER,HAS_EFFECT,EFF_01403,暖肝散寒,EFF,2
HER_02032,乌药,HER,HAS_EFFECT,EFF_01284,行气止痛,EFF,2
HER_01875,附子,HER,RELIEVES,SYM_03460,面色苍白,SYM,3
HER_01894,木香,HER,RELIEVES,SYM_03460,面色苍白,SYM,2
HER_01912,肉桂,HER,RELIEVES,SYM_03460,面色苍白,SYM,3
HER_01864,陈皮,HER,RELIEVES,SYM_03460,面色苍白,SYM,2
HER_01893,干姜,HER,RELIEVES,SYM_03460,面色苍白,SYM,3
PRE_02485,逍遥散,PRE,CONTAINS,HER_02032,乌药,HER,2
PRE_02485,逍遥散,PRE,CONTAINS,HER_02073,姜黄,HER,2
PRE_02733,清中汤,PRE,CONTAINS,HER_02202,栀苍,HER,2
PRE_02733,清中汤,PRE,CONTAINS,HER_01891,郁金,HER,2
PRE_02733,清中汤,PRE,CONTAINS,HER_02229,连芍,HER,2
PRE_02482,二陈汤,PRE,CONTAINS,HER_02202,栀苍,HER,2
PRE_02482,二陈汤,PRE,CONTAINS,HER_01891,郁金,HER,3
PRE_02482,二陈汤,PRE,CONTAINS,HER_02229,连芍,HER,2
PRE_02999,葛根芩连汤,PRE,CONTAINS,HER_01909,葛根,HER,2
PRE_02999,葛根芩连汤,PRE,CONTAINS,HER_01854,甘草,HER,2
PRE_02999,葛根芩连汤,PRE,CONTAINS,HER_01861,黄连,HER,2
PRE_02999,葛根芩连汤,PRE,CONTAINS,HER_01858,黄芩,HER,2
PRE_02507,香薷饮,PRE,CONTAINS,HER_01854,甘草,HER,6
PRE_02507,香薷饮,PRE,CONTAINS,HER_01855,茯苓,HER,3
HER_01959,通草,HER,HAS_EFFECT,EFF_01253,清热,EFF,8
HER_01904,金银花,HER,HAS_EFFECT,EFF_01253,清热,EFF,30
PRE_02479,补中益气汤,PRE,CONTAINS,HER_02027,白扁豆,HER,2
PRE_02479,补中益气汤,PRE,CONTAINS,HER_01899,苡仁,HER,2
PRE_02479,补中益气汤,PRE,CONTAINS,HER_01854,甘草,HER,8
PRE_02479,补中益气汤,PRE,CONTAINS,HER_01918,砂仁,HER,3
PRE_02479,补中益气汤,PRE,CONTAINS,HER_01882,桔梗,HER,4
PRE_02479,补中益气汤,PRE,CONTAINS,HER_01884,山药,HER,6
PRE_02479,补中益气汤,PRE,CONTAINS,HER_01879,党参,HER,7
PRE_02479,补中益气汤,PRE,CONTAINS,HER_01950,吴茱萸,HER,2
HER_01875,附子,HER,HAS_EFFECT,EFF_01254,健脾,EFF,11
HER_02027,白扁豆,HER,HAS_EFFECT,EFF_01262,健脾益气,EFF,7
HER_02027,白扁豆,HER,HAS_EFFECT,EFF_01255,益气,EFF,3
HER_02027,白扁豆,HER,HAS_EFFECT,EFF_01254,健脾,EFF,8
HER_01889,黄柏,HER,HAS_EFFECT,EFF_01254,健脾,EFF,2
HER_01899,苡仁,HER,HAS_EFFECT,EFF_01262,健脾益气,EFF,4
HER_01899,苡仁,HER,HAS_EFFECT,EFF_01255,益气,EFF,6
HER_01918,砂仁,HER,HAS_EFFECT,EFF_01262,健脾益气,EFF,7
HER_01882,桔梗,HER,HAS_EFFECT,EFF_01262,健脾益气,EFF,4
HER_01882,桔梗,HER,HAS_EFFECT,EFF_01255,益气,EFF,2
HER_01882,桔梗,HER,HAS_EFFECT,EFF_01254,健脾,EFF,4
HER_01884,山药,HER,HAS_EFFECT,EFF_01262,健脾益气,EFF,11
HER_01884,山药,HER,HAS_EFFECT,EFF_01255,益气,EFF,12
HER_01884,山药,HER,HAS_EFFECT,EFF_01254,健脾,EFF,16
HER_02030,莲子,HER,HAS_EFFECT,EFF_01262,健脾益气,EFF,5
HER_02030,莲子,HER,HAS_EFFECT,EFF_01255,益气,EFF,2
HER_02030,莲子,HER,HAS_EFFECT,EFF_01254,健脾,EFF,3
HER_01879,党参,HER,HAS_EFFECT,EFF_01262,健脾益气,EFF,9
HER_01912,肉桂,HER,HAS_EFFECT,EFF_01254,健脾,EFF,8
HER_01950,吴茱萸,HER,HAS_EFFECT,EFF_01262,健脾益气,EFF,2
HER_01950,吴茱萸,HER,HAS_EFFECT,EFF_01255,益气,EFF,2
HER_01935,乌梅,HER,HAS_EFFECT,EFF_01262,健脾益气,EFF,3
PRE_02500,血府逐瘀汤,PRE,CONTAINS,HER_01860,白芍,HER,2
PRE_02500,血府逐瘀汤,PRE,CONTAINS,HER_01855,茯苓,HER,5
PRE_02500,血府逐瘀汤,PRE,CONTAINS,HER_01968,青皮,HER,2
HER_01857,白术,HER,HAS_EFFECT,EFF_01317,抑肝扶脾,EFF,3
HER_01894,木香,HER,HAS_EFFECT,EFF_01257,活血化瘀,EFF,5
HER_01894,木香,HER,HAS_EFFECT,EFF_01262,健脾益气,EFF,4
HER_01894,木香,HER,HAS_EFFECT,EFF_01269,和胃降逆,EFF,2
HER_01868,半夏,HER,HAS_EFFECT,EFF_01262,健脾益气,EFF,4
HER_01900,防风,HER,HAS_EFFECT,EFF_01317,抑肝扶脾,EFF,3
HER_01996,木瓜,HER,HAS_EFFECT,EFF_01262,健脾益气,EFF,2
HER_01860,白芍,HER,HAS_EFFECT,EFF_01262,健脾益气,EFF,4
HER_01860,白芍,HER,HAS_EFFECT,EFF_01317,抑肝扶脾,EFF,2
HER_01859,柴胡,HER,HAS_EFFECT,EFF_01317,抑肝扶脾,EFF,2
HER_01884,山药,HER,HAS_EFFECT,EFF_01257,活血化瘀,EFF,2
HER_01884,山药,HER,HAS_EFFECT,EFF_01317,抑肝扶脾,EFF,2
HER_01856,当归,HER,HAS_EFFECT,EFF_01269,和胃降逆,EFF,3
HER_01968,青皮,HER,HAS_EFFECT,EFF_01257,活血化瘀,EFF,5
HER_01968,青皮,HER,HAS_EFFECT,EFF_01262,健脾益气,EFF,2
HER_01864,陈皮,HER,HAS_EFFECT,EFF_01317,抑肝扶脾,EFF,3
HER_01996,木瓜,HER,RELIEVES,SYM_04897,瘀血阻滞,SYM,2
HER_01855,茯苓,HER,RELIEVES,SYM_04897,瘀血阻滞,SYM,2
HER_01856,当归,HER,RELIEVES,SYM_04897,瘀血阻滞,SYM,2
HER_01925,枸杞子,HER,RELIEVES,SYM_04897,瘀血阻滞,SYM,2
PRE_02522,藿香正气散,PRE,CONTAINS,HER_01900,防风,HER,2
PRE_02522,藿香正气散,PRE,CONTAINS,HER_01915,法半夏,HER,2
PRE_02522,藿香正气散,PRE,CONTAINS,HER_02023,大腹皮,HER,3
PRE_02529,胃苓汤,PRE,CONTAINS,HER_01857,白术,HER,4
PRE_02529,胃苓汤,PRE,CONTAINS,HER_01876,厚朴,HER,2
PRE_02529,胃苓汤,PRE,CONTAINS,HER_01960,广藿香,HER,2
PRE_02529,胃苓汤,PRE,CONTAINS,HER_01855,茯苓,HER,4
PRE_02529,胃苓汤,PRE,CONTAINS,HER_01940,紫苏,HER,3
PRE_02529,胃苓汤,PRE,CONTAINS,HER_01915,法半夏,HER,2
PRE_02529,胃苓汤,PRE,CONTAINS,HER_01864,陈皮,HER,2
HER_01900,防风,HER,HAS_EFFECT,EFF_01345,疏风散寒,EFF,3
HER_01960,广藿香,HER,HAS_EFFECT,EFF_01254,健脾,EFF,6
HER_01940,紫苏,HER,HAS_EFFECT,EFF_01254,健脾,EFF,3
HER_02023,大腹皮,HER,HAS_EFFECT,EFF_01345,疏风散寒,EFF,2
HER_02023,大腹皮,HER,HAS_EFFECT,EFF_01254,健脾,EFF,2
PRE_02524,附子理中汤,PRE,CONTAINS,HER_01875,附子,HER,3
PRE_02524,附子理中汤,PRE,CONTAINS,HER_01857,白术,HER,4
PRE_02524,附子理中汤,PRE,CONTAINS,HER_01854,甘草,HER,4
PRE_02524,附子理中汤,PRE,CONTAINS,HER_01884,山药,HER,2
PRE_02524,附子理中汤,PRE,CONTAINS,HER_01879,党参,HER,3
PRE_02524,附子理中汤,PRE,CONTAINS,HER_01950,吴茱萸,HER,2
PRE_02524,附子理中汤,PRE,CONTAINS,HER_01893,干姜,HER,3
PRE_02524,附子理中汤,PRE,CONTAINS,HER_01979,豆蔻,HER,2
PRE_02571,四神丸,PRE,CONTAINS,HER_01875,附子,HER,3
PRE_02571,四神丸,PRE,CONTAINS,HER_01857,白术,HER,4
PRE_02571,四神丸,PRE,CONTAINS,HER_01903,五味子,HER,3
PRE_02571,四神丸,PRE,CONTAINS,HER_01854,甘草,HER,3
PRE_02571,四神丸,PRE,CONTAINS,HER_01879,党参,HER,3
PRE_02571,四神丸,PRE,CONTAINS,HER_01950,吴茱萸,HER,5
PRE_02571,四神丸,PRE,CONTAINS,HER_01893,干姜,HER,2
PRE_02571,四神丸,PRE,CONTAINS,HER_01979,豆蔻,HER,5
HER_01903,五味子,HER,HAS_EFFECT,EFF_01282,温补脾肾,EFF,2
HER_01854,甘草,HER,HAS_EFFECT,EFF_01282,温补脾肾,EFF,7
HER_01884,山药,HER,HAS_EFFECT,EFF_01282,温补脾肾,EFF,5
HER_01879,党参,HER,HAS_EFFECT,EFF_01282,温补脾肾,EFF,5
HER_01950,吴茱萸,HER,HAS_EFFECT,EFF_01282,温补脾肾,EFF,2
HER_01893,干姜,HER,HAS_EFFECT,EFF_01282,温补脾肾,EFF,3
HER_01979,豆蔻,HER,HAS_EFFECT,EFF_01282,温补脾肾,EFF,2
HER_01894,木香,HER,HAS_EFFECT,EFF_01254,健脾,EFF,12
HER_01874,枳壳,HER,HAS_EFFECT,EFF_01254,健脾,EFF,10
PRE_02488,八珍汤,PRE,CONTAINS,HER_01923,白芷,HER,2
PRE_02480,苍术,PRE,CONTAINS,HER_01943,芍药,HER,4
PRE_02480,苍术,PRE,CONTAINS,HER_01900,防风,HER,6
PRE_02486,理中汤,PRE,CONTAINS,HER_01861,黄连,HER,3
PRE_02486,理中汤,PRE,CONTAINS,HER_01855,茯苓,HER,4
PRE_03020,连理汤,PRE,CONTAINS,HER_01861,黄连,HER,2
PRE_03020,连理汤,PRE,CONTAINS,HER_01855,茯苓,HER,2
PRE_02712,天水散,PRE,CONTAINS,HER_01894,木香,HER,2
PRE_02712,天水散,PRE,CONTAINS,HER_01934,槟榔,HER,2
PRE_02480,苍术,PRE,CONTAINS,HER_01894,木香,HER,12
PRE_02634,越鞠丸,PRE,CONTAINS,HER_01958,牛蒡子,HER,2
PRE_02634,越鞠丸,PRE,CONTAINS,HER_01876,厚朴,HER,2
PRE_02634,越鞠丸,PRE,CONTAINS,HER_02007,扁豆,HER,2
PRE_02634,越鞠丸,PRE,CONTAINS,HER_01902,车前子,HER,2
PRE_02634,越鞠丸,PRE,CONTAINS,HER_01861,黄连,HER,2
PRE_02634,越鞠丸,PRE,CONTAINS,HER_01874,枳壳,HER,2
PRE_02634,越鞠丸,PRE,CONTAINS,HER_02301,香茹,HER,2
PRE_02634,越鞠丸,PRE,CONTAINS,HER_01898,生姜,HER,2
PRE_02634,越鞠丸,PRE,CONTAINS,HER_01947,藿香,HER,2
PRE_02529,胃苓汤,PRE,CONTAINS,HER_01894,木香,HER,2
PRE_02529,胃苓汤,PRE,CONTAINS,HER_01860,白芍,HER,3
PRE_02480,苍术,PRE,CONTAINS,HER_01880,桂枝,HER,5
PRE_02480,苍术,PRE,CONTAINS,HER_01998,炮姜,HER,2
PRE_02480,苍术,PRE,CONTAINS,HER_01960,广藿香,HER,10
PRE_02774,金正气散,PRE,CONTAINS,HER_01894,木香,HER,2
PRE_02774,金正气散,PRE,CONTAINS,HER_01876,厚朴,HER,2
PRE_02774,金正气散,PRE,CONTAINS,HER_01960,广藿香,HER,3
PRE_02774,金正气散,PRE,CONTAINS,HER_01915,法半夏,HER,2
PRE_02774,金正气散,PRE,CONTAINS,HER_01864,陈皮,HER,3
PRE_02529,胃苓汤,PRE,TREATS,SYM_03635,腹胀满,SYM,2
PRE_02480,苍术,PRE,TREATS,SYM_03635,腹胀满,SYM,2
HER_01880,桂枝,HER,HAS_EFFECT,EFF_01254,健脾,EFF,10
HER_01998,炮姜,HER,HAS_EFFECT,EFF_01254,健脾,EFF,2
HER_01894,木香,HER,RELIEVES,SYM_03635,腹胀满,SYM,2
HER_01876,厚朴,HER,RELIEVES,SYM_03635,腹胀满,SYM,2
HER_01960,广藿香,HER,RELIEVES,SYM_03635,腹胀满,SYM,3
HER_01860,白芍,HER,RELIEVES,SYM_03635,腹胀满,SYM,4
HER_01856,当归,HER,RELIEVES,SYM_03635,腹胀满,SYM,2
HER_01864,陈皮,HER,RELIEVES,SYM_03635,腹胀满,SYM,2
HER_01887,枳实,HER,RELIEVES,SYM_03635,腹胀满,SYM,5
HER_01876,厚朴,HER,HAS_EFFECT,EFF_01263,开窍,EFF,3
HER_01960,广藿香,HER,HAS_EFFECT,EFF_01263,开窍,EFF,2
HER_01854,甘草,HER,HAS_EFFECT,EFF_01263,开窍,EFF,5
HER_01855,茯苓,HER,HAS_EFFECT,EFF_01263,开窍,EFF,3
HER_01912,肉桂,HER,HAS_EFFECT,EFF_01263,开窍,EFF,2
PRE_02779,附子理中丸,PRE,CONTAINS,HER_01875,附子,HER,3
PRE_02779,附子理中丸,PRE,CONTAINS,HER_01857,白术,HER,3
PRE_02779,附子理中丸,PRE,CONTAINS,HER_01854,甘草,HER,3
HER_01875,附子,HER,HAS_EFFECT,EFF_01314,回阳救逆,EFF,3
HER_01857,白术,HER,HAS_EFFECT,EFF_01314,回阳救逆,EFF,2
HER_01998,炮姜,HER,HAS_EFFECT,EFF_01314,回阳救逆,EFF,2
HER_01998,炮姜,HER,HAS_EFFECT,EFF_01282,温补脾肾,EFF,3
HER_01854,甘草,HER,HAS_EFFECT,EFF_01297,回阳,EFF,2
HER_01854,甘草,HER,HAS_EFFECT,EFF_01314,回阳救逆,EFF,3
CAU_00023,烦躁,CAU,CAUSES,SYM_03492,尿少,SYM,3
PRE_02673,白头翁汤,PRE,CONTAINS,HER_02130,白头翁,HER,3
PRE_02673,白头翁汤,PRE,CONTAINS,HER_01889,黄柏,HER,2
PRE_02673,白头翁汤,PRE,CONTAINS,HER_02176,秦皮,HER,2
PRE_02673,白头翁汤,PRE,CONTAINS,HER_01860,白芍,HER,2
PRE_02673,白头翁汤,PRE,CONTAINS,HER_01861,黄连,HER,2
PRE_02673,白头翁汤,PRE,CONTAINS,HER_01858,黄芩,HER,3
PRE_02666,清开灵注射液,PRE,CONTAINS,HER_01861,黄连,HER,4
PRE_02666,清开灵注射液,PRE,CONTAINS,HER_01858,黄芩,HER,4
PRE_02980,紫雪散,PRE,TREATS,SYM_03460,面色苍白,SYM,2
PRE_02980,紫雪散,PRE,TREATS,SYM_03492,尿少,SYM,2
HER_01894,木香,HER,HAS_EFFECT,EFF_01258,清热解毒,EFF,3
HER_01889,黄柏,HER,HAS_EFFECT,EFF_01258,清热解毒,EFF,6
HER_01860,白芍,HER,HAS_EFFECT,EFF_01258,清热解毒,EFF,5
HER_01856,当归,HER,HAS_EFFECT,EFF_01258,清热解毒,EFF,4
HER_01860,白芍,HER,RELIEVES,SYM_03460,面色苍白,SYM,3
HER_01860,白芍,HER,RELIEVES,SYM_03492,尿少,SYM,2
HER_01861,黄连,HER,RELIEVES,SYM_03492,尿少,SYM,2
HER_01856,当归,HER,RELIEVES,SYM_03460,面色苍白,SYM,3
HER_01856,当归,HER,RELIEVES,SYM_03492,尿少,SYM,2
HER_01897,红花,HER,HAS_EFFECT,EFF_01261,止血,EFF,2
HER_01872,栀子,HER,HAS_EFFECT,EFF_01261,止血,EFF,3
HER_01854,甘草,HER,HAS_EFFECT,EFF_01261,止血,EFF,7
HER_01859,柴胡,HER,HAS_EFFECT,EFF_01261,止血,EFF,4
HER_01859,柴胡,HER,HAS_EFFECT,EFF_01264,补血,EFF,4
HER_01860,白芍,HER,HAS_EFFECT,EFF_01261,止血,EFF,6
HER_01856,当归,HER,HAS_EFFECT,EFF_01261,止血,EFF,8
HER_01941,荆芥,HER,HAS_EFFECT,EFF_01261,止血,EFF,2
HER_01941,荆芥,HER,HAS_EFFECT,EFF_01264,补血,EFF,3
HER_01901,木,HER,RELIEVES,SYM_03692,胸痛,SYM,2
PRE_02637,黑神散,PRE,CONTAINS,HER_01895,丹皮,HER,2
PRE_02637,黑神散,PRE,CONTAINS,HER_01856,当归,HER,2
PRE_02637,黑神散,PRE,CONTAINS,HER_01877,桃仁,HER,2
PRE_02717,小乌沉汤,PRE,CONTAINS,HER_01895,丹皮,HER,2
PRE_02717,小乌沉汤,PRE,CONTAINS,HER_01877,桃仁,HER,2
PRE_02493,犀角地黄汤,PRE,CONTAINS,HER_01877,桃仁,HER,3
PRE_02493,犀角地黄汤,PRE,CONTAINS,HER_01895,丹皮,HER,7
PRE_02493,犀角地黄汤,PRE,CONTAINS,HER_02093,忍冬藤,HER,2
PRE_02493,犀角地黄汤,PRE,CONTAINS,HER_01894,木香,HER,2
PRE_02493,犀角地黄汤,PRE,CONTAINS,HER_01963,白茅根,HER,3
PRE_02493,犀角地黄汤,PRE,CONTAINS,HER_01964,紫草,HER,7
PRE_02493,犀角地黄汤,PRE,CONTAINS,HER_01926,菊花,HER,3
PRE_02493,犀角地黄汤,PRE,CONTAINS,HER_01885,牡丹皮,HER,4
PRE_02493,犀角地黄汤,PRE,CONTAINS,HER_01871,赤芍,HER,10
PRE_02493,犀角地黄汤,PRE,CONTAINS,HER_01941,荆芥,HER,2
PRE_02493,犀角地黄汤,PRE,CONTAINS,HER_01869,大黄,HER,3
PRE_02493,犀角地黄汤,PRE,CONTAINS,HER_01886,丹参,HER,3
PRE_02493,犀角地黄汤,PRE,CONTAINS,HER_01992,水牛角,HER,5
PRE_02493,犀角地黄汤,PRE,CONTAINS,HER_01892,地黄,HER,4
PRE_02493,犀角地黄汤,PRE,TREATS,SYM_03436,便秘,SYM,2
PRE_02493,犀角地黄汤,PRE,TREATS,SYM_04343,皮肤紫斑多,SYM,3
PRE_02493,犀角地黄汤,PRE,TREATS,SYM_03825,关节肿痛,SYM,2
HER_02093,忍冬藤,HER,HAS_EFFECT,EFF_01352,凉血化斑,EFF,2
HER_02093,忍冬藤,HER,HAS_EFFECT,EFF_01258,清热解毒,EFF,2
HER_01894,木香,HER,HAS_EFFECT,EFF_01352,凉血化斑,EFF,2
HER_01963,白茅根,HER,HAS_EFFECT,EFF_01352,凉血化斑,EFF,2
HER_01963,白茅根,HER,HAS_EFFECT,EFF_01258,清热解毒,EFF,4
HER_01964,紫草,HER,HAS_EFFECT,EFF_01352,凉血化斑,EFF,3
HER_01964,紫草,HER,HAS_EFFECT,EFF_01258,清热解毒,EFF,7
HER_01926,菊花,HER,HAS_EFFECT,EFF_01352,凉血化斑,EFF,2
HER_01926,菊花,HER,HAS_EFFECT,EFF_01258,清热解毒,EFF,11
HER_01885,牡丹皮,HER,HAS_EFFECT,EFF_01352,凉血化斑,EFF,2
HER_01885,牡丹皮,HER,HAS_EFFECT,EFF_01258,清热解毒,EFF,10
HER_01854,甘草,HER,HAS_EFFECT,EFF_01352,凉血化斑,EFF,2
HER_01860,白芍,HER,HAS_EFFECT,EFF_01352,凉血化斑,EFF,2
HER_01871,赤芍,HER,HAS_EFFECT,EFF_01352,凉血化斑,EFF,3
HER_01871,赤芍,HER,HAS_EFFECT,EFF_01258,清热解毒,EFF,14
HER_01941,荆芥,HER,HAS_EFFECT,EFF_01352,凉血化斑,EFF,2
HER_01941,荆芥,HER,HAS_EFFECT,EFF_01258,清热解毒,EFF,4
HER_01869,大黄,HER,HAS_EFFECT,EFF_01352,凉血化斑,EFF,2
HER_01869,大黄,HER,HAS_EFFECT,EFF_01258,清热解毒,EFF,10
HER_01886,丹参,HER,HAS_EFFECT,EFF_01352,凉血化斑,EFF,2
HER_01992,水牛角,HER,HAS_EFFECT,EFF_01352,凉血化斑,EFF,2
HER_01992,水牛角,HER,HAS_EFFECT,EFF_01258,清热解毒,EFF,7
HER_01892,地黄,HER,HAS_EFFECT,EFF_01352,凉血化斑,EFF,2
HER_01892,地黄,HER,HAS_EFFECT,EFF_01258,清热解毒,EFF,6
HER_02093,忍冬藤,HER,RELIEVES,SYM_03436,便秘,SYM,2
HER_02093,忍冬藤,HER,RELIEVES,SYM_04343,皮肤紫斑多,SYM,2
HER_02093,忍冬藤,HER,RELIEVES,SYM_03825,关节肿痛,SYM,4
HER_01894,木香,HER,RELIEVES,SYM_03436,便秘,SYM,3
HER_01894,木香,HER,RELIEVES,SYM_04343,皮肤紫斑多,SYM,2
HER_01894,木香,HER,RELIEVES,SYM_03825,关节肿痛,SYM,2
HER_01963,白茅根,HER,RELIEVES,SYM_03436,便秘,SYM,4
HER_01963,白茅根,HER,RELIEVES,SYM_04343,皮肤紫斑多,SYM,3
HER_01963,白茅根,HER,RELIEVES,SYM_03825,关节肿痛,SYM,4
HER_01964,紫草,HER,RELIEVES,SYM_03436,便秘,SYM,2
HER_01964,紫草,HER,RELIEVES,SYM_04343,皮肤紫斑多,SYM,3
HER_01964,紫草,HER,RELIEVES,SYM_03825,关节肿痛,SYM,4
HER_01926,菊花,HER,RELIEVES,SYM_03436,便秘,SYM,2
HER_01926,菊花,HER,RELIEVES,SYM_04343,皮肤紫斑多,SYM,2
HER_01926,菊花,HER,RELIEVES,SYM_03825,关节肿痛,SYM,2
HER_01885,牡丹皮,HER,RELIEVES,SYM_03436,便秘,SYM,5
HER_01885,牡丹皮,HER,RELIEVES,SYM_04343,皮肤紫斑多,SYM,3
HER_01885,牡丹皮,HER,RELIEVES,SYM_03825,关节肿痛,SYM,2
HER_01854,甘草,HER,RELIEVES,SYM_03436,便秘,SYM,7
HER_01854,甘草,HER,RELIEVES,SYM_04343,皮肤紫斑多,SYM,3
HER_01854,甘草,HER,RELIEVES,SYM_03825,关节肿痛,SYM,4
HER_01860,白芍,HER,RELIEVES,SYM_03436,便秘,SYM,4
HER_01860,白芍,HER,RELIEVES,SYM_04343,皮肤紫斑多,SYM,2
HER_01860,白芍,HER,RELIEVES,SYM_03825,关节肿痛,SYM,2
HER_01871,赤芍,HER,RELIEVES,SYM_03436,便秘,SYM,4
HER_01871,赤芍,HER,RELIEVES,SYM_04343,皮肤紫斑多,SYM,3
HER_01871,赤芍,HER,RELIEVES,SYM_03825,关节肿痛,SYM,4
HER_01941,荆芥,HER,RELIEVES,SYM_03436,便秘,SYM,2
HER_01941,荆芥,HER,RELIEVES,SYM_04343,皮肤紫斑多,SYM,2
HER_01941,荆芥,HER,RELIEVES,SYM_03825,关节肿痛,SYM,2
HER_01869,大黄,HER,RELIEVES,SYM_03436,便秘,SYM,7
HER_01869,大黄,HER,RELIEVES,SYM_04343,皮肤紫斑多,SYM,2
HER_01869,大黄,HER,RELIEVES,SYM_03825,关节肿痛,SYM,2
HER_01886,丹参,HER,RELIEVES,SYM_03436,便秘,SYM,2
HER_01886,丹参,HER,RELIEVES,SYM_04343,皮肤紫斑多,SYM,2
HER_01886,丹参,HER,RELIEVES,SYM_03825,关节肿痛,SYM,2
HER_01992,水牛角,HER,RELIEVES,SYM_03436,便秘,SYM,2
HER_01992,水牛角,HER,RELIEVES,SYM_04343,皮肤紫斑多,SYM,3
HER_01992,水牛角,HER,RELIEVES,SYM_03825,关节肿痛,SYM,2
HER_01892,地黄,HER,RELIEVES,SYM_03436,便秘,SYM,3
HER_01892,地黄,HER,RELIEVES,SYM_04343,皮肤紫斑多,SYM,3
HER_01892,地黄,HER,RELIEVES,SYM_03825,关节肿痛,SYM,2
PRE_02517,银翘散,PRE,CONTAINS,HER_01958,牛蒡子,HER,6
PRE_02517,银翘散,PRE,CONTAINS,HER_01896,玄参,HER,4
PRE_02517,银翘散,PRE,CONTAINS,HER_01900,防风,HER,3
PRE_02517,银翘散,PRE,CONTAINS,HER_01964,紫草,HER,2
PRE_02517,银翘散,PRE,CONTAINS,HER_01866,川芎,HER,2
PRE_02517,银翘散,PRE,CONTAINS,HER_01871,赤芍,HER,4
PRE_02517,银翘散,PRE,CONTAINS,HER_01858,黄芩,HER,5
PRE_02517,银翘散,PRE,CONTAINS,HER_01883,生地,HER,3
PRE_02517,银翘散,PRE,CONTAINS,HER_01961,淡竹叶,HER,4
PRE_02517,银翘散,PRE,CONTAINS,HER_01992,水牛角,HER,2
PRE_02517,银翘散,PRE,CONTAINS,HER_01886,丹参,HER,3
HER_01958,牛蒡子,HER,HAS_EFFECT,EFF_01253,清热,EFF,15
HER_01958,牛蒡子,HER,HAS_EFFECT,EFF_01310,凉血活血,EFF,2
HER_01896,玄参,HER,HAS_EFFECT,EFF_01253,清热,EFF,18
HER_01896,玄参,HER,HAS_EFFECT,EFF_01310,凉血活血,EFF,2
HER_01900,防风,HER,HAS_EFFECT,EFF_01253,清热,EFF,6
HER_01900,防风,HER,HAS_EFFECT,EFF_01310,凉血活血,EFF,2
HER_01890,薄荷,HER,HAS_EFFECT,EFF_01253,清热,EFF,22
HER_01890,薄荷,HER,HAS_EFFECT,EFF_01310,凉血活血,EFF,2
HER_01964,紫草,HER,HAS_EFFECT,EFF_01253,清热,EFF,9
HER_01964,紫草,HER,HAS_EFFECT,EFF_01310,凉血活血,EFF,2
HER_01865,连翘,HER,HAS_EFFECT,EFF_01310,凉血活血,EFF,2
HER_01866,川芎,HER,HAS_EFFECT,EFF_01253,清热,EFF,12
HER_01866,川芎,HER,HAS_EFFECT,EFF_01310,凉血活血,EFF,2
HER_01871,赤芍,HER,HAS_EFFECT,EFF_01310,凉血活血,EFF,4
HER_01904,金银花,HER,HAS_EFFECT,EFF_01310,凉血活血,EFF,3
HER_01858,黄芩,HER,HAS_EFFECT,EFF_01310,凉血活血,EFF,3
HER_01883,生地,HER,HAS_EFFECT,EFF_01253,清热,EFF,17
HER_01883,生地,HER,HAS_EFFECT,EFF_01310,凉血活血,EFF,3
HER_01961,淡竹叶,HER,HAS_EFFECT,EFF_01253,清热,EFF,9
HER_01961,淡竹叶,HER,HAS_EFFECT,EFF_01310,凉血活血,EFF,2
HER_01992,水牛角,HER,HAS_EFFECT,EFF_01253,清热,EFF,7
HER_01992,水牛角,HER,HAS_EFFECT,EFF_01310,凉血活血,EFF,3
HER_01886,丹参,HER,HAS_EFFECT,EFF_01253,清热,EFF,15
HER_01886,丹参,HER,HAS_EFFECT,EFF_01310,凉血活血,EFF,3
PRE_02493,犀角地黄汤,PRE,CONTAINS,HER_01896,玄参,HER,2
HER_01964,紫草,HER,HAS_EFFECT,EFF_01353,凉血活瘀,EFF,3
HER_01866,川芎,HER,HAS_EFFECT,EFF_01258,清热解毒,EFF,2
HER_01866,川芎,HER,HAS_EFFECT,EFF_01353,凉血活瘀,EFF,3
HER_01883,生地,HER,HAS_EFFECT,EFF_01258,清热解毒,EFF,3
HER_01886,丹参,HER,HAS_EFFECT,EFF_01353,凉血活瘀,EFF,3
PRE_02511,知柏地黄丸,PRE,CONTAINS,HER_01907,熟地黄,HER,4
PRE_02511,知柏地黄丸,PRE,CONTAINS,HER_01964,紫草,HER,2
PRE_02511,知柏地黄丸,PRE,CONTAINS,HER_01889,黄柏,HER,7
PRE_02511,知柏地黄丸,PRE,CONTAINS,HER_01866,川芎,HER,2
PRE_02511,知柏地黄丸,PRE,CONTAINS,HER_01885,牡丹皮,HER,8
PRE_02511,知柏地黄丸,PRE,CONTAINS,HER_01855,茯苓,HER,8
PRE_02511,知柏地黄丸,PRE,CONTAINS,HER_01884,山药,HER,5
PRE_02511,知柏地黄丸,PRE,CONTAINS,HER_01873,泽泻,HER,7
PRE_02511,知柏地黄丸,PRE,CONTAINS,HER_01919,山茱萸,HER,5
PRE_02511,知柏地黄丸,PRE,CONTAINS,HER_01878,知母,HER,7
PRE_02511,知柏地黄丸,PRE,CONTAINS,HER_02056,旱莲草,HER,2
PRE_02511,知柏地黄丸,PRE,CONTAINS,HER_01886,丹参,HER,2
HER_01907,熟地黄,HER,HAS_EFFECT,EFF_01274,滋阴降火,EFF,4
HER_01907,熟地黄,HER,HAS_EFFECT,EFF_01353,凉血活瘀,EFF,2
HER_01964,紫草,HER,HAS_EFFECT,EFF_01274,滋阴降火,EFF,2
HER_01889,黄柏,HER,HAS_EFFECT,EFF_01274,滋阴降火,EFF,8
HER_01889,黄柏,HER,HAS_EFFECT,EFF_01353,凉血活瘀,EFF,2
HER_01866,川芎,HER,HAS_EFFECT,EFF_01274,滋阴降火,EFF,3
HER_01885,牡丹皮,HER,HAS_EFFECT,EFF_01274,滋阴降火,EFF,6
HER_01885,牡丹皮,HER,HAS_EFFECT,EFF_01353,凉血活瘀,EFF,2
HER_01855,茯苓,HER,HAS_EFFECT,EFF_01274,滋阴降火,EFF,8
HER_01855,茯苓,HER,HAS_EFFECT,EFF_01353,凉血活瘀,EFF,2
HER_01884,山药,HER,HAS_EFFECT,EFF_01274,滋阴降火,EFF,7
HER_01884,山药,HER,HAS_EFFECT,EFF_01353,凉血活瘀,EFF,2
HER_01873,泽泻,HER,HAS_EFFECT,EFF_01274,滋阴降火,EFF,7
HER_01873,泽泻,HER,HAS_EFFECT,EFF_01353,凉血活瘀,EFF,2
HER_01919,山茱萸,HER,HAS_EFFECT,EFF_01274,滋阴降火,EFF,5
HER_01919,山茱萸,HER,HAS_EFFECT,EFF_01353,凉血活瘀,EFF,2
HER_01878,知母,HER,HAS_EFFECT,EFF_01274,滋阴降火,EFF,8
HER_01878,知母,HER,HAS_EFFECT,EFF_01353,凉血活瘀,EFF,2
HER_02056,旱莲草,HER,HAS_EFFECT,EFF_01274,滋阴降火,EFF,4
HER_02056,旱莲草,HER,HAS_EFFECT,EFF_01353,凉血活瘀,EFF,2
HER_01886,丹参,HER,HAS_EFFECT,EFF_01274,滋阴降火,EFF,3
PRE_02613,四妙丸,PRE,CONTAINS,HER_01857,白术,HER,3
PRE_02613,四妙丸,PRE,CONTAINS,HER_01943,芍药,HER,2
PRE_02613,四妙丸,PRE,CONTAINS,HER_02093,忍冬藤,HER,3
PRE_02613,四妙丸,PRE,CONTAINS,HER_02088,马鞭草,HER,2
PRE_02613,四妙丸,PRE,CONTAINS,HER_01963,白茅根,HER,2
PRE_02613,四妙丸,PRE,CONTAINS,HER_01964,紫草,HER,2
PRE_02613,四妙丸,PRE,CONTAINS,HER_01996,木瓜,HER,3
PRE_02613,四妙丸,PRE,CONTAINS,HER_01889,黄柏,HER,5
PRE_02613,四妙丸,PRE,CONTAINS,HER_01899,苡仁,HER,5
PRE_02613,四妙丸,PRE,CONTAINS,HER_01854,甘草,HER,2
PRE_02613,四妙丸,PRE,CONTAINS,HER_01861,黄连,HER,2
PRE_02613,四妙丸,PRE,CONTAINS,HER_01871,赤芍,HER,4
PRE_02613,四妙丸,PRE,CONTAINS,HER_01909,葛根,HER,2
PRE_02613,四妙丸,PRE,CONTAINS,HER_02021,鸡血藤,HER,3
PRE_02480,苍术,PRE,CONTAINS,HER_02093,忍冬藤,HER,3
PRE_02480,苍术,PRE,CONTAINS,HER_02088,马鞭草,HER,2
PRE_02480,苍术,PRE,CONTAINS,HER_01963,白茅根,HER,2
PRE_02480,苍术,PRE,CONTAINS,HER_01964,紫草,HER,3
PRE_02480,苍术,PRE,CONTAINS,HER_01996,木瓜,HER,3
PRE_02480,苍术,PRE,CONTAINS,HER_01871,赤芍,HER,12
PRE_02480,苍术,PRE,CONTAINS,HER_01909,葛根,HER,5
PRE_02480,苍术,PRE,CONTAINS,HER_02021,鸡血藤,HER,5
PRE_02613,四妙丸,PRE,TREATS,SYM_03825,关节肿痛,SYM,2
PRE_02480,苍术,PRE,TREATS,SYM_03825,关节肿痛,SYM,2
HER_01943,芍药,HER,HAS_EFFECT,EFF_01253,清热,EFF,3
HER_02093,忍冬藤,HER,HAS_EFFECT,EFF_01253,清热,EFF,3
HER_02088,马鞭草,HER,HAS_EFFECT,EFF_01253,清热,EFF,2
HER_01963,白茅根,HER,HAS_EFFECT,EFF_01253,清热,EFF,10
HER_01996,木瓜,HER,HAS_EFFECT,EFF_01253,清热,EFF,3
HER_02021,鸡血藤,HER,HAS_EFFECT,EFF_01253,清热,EFF,3
HER_01857,白术,HER,RELIEVES,SYM_03825,关节肿痛,SYM,2
HER_01943,芍药,HER,RELIEVES,SYM_03825,关节肿痛,SYM,2
HER_02088,马鞭草,HER,RELIEVES,SYM_03825,关节肿痛,SYM,2
HER_01996,木瓜,HER,RELIEVES,SYM_03825,关节肿痛,SYM,2
HER_01889,黄柏,HER,RELIEVES,SYM_03825,关节肿痛,SYM,2
HER_01899,苡仁,HER,RELIEVES,SYM_03825,关节肿痛,SYM,2
HER_01861,黄连,HER,RELIEVES,SYM_03825,关节肿痛,SYM,2
HER_01909,葛根,HER,RELIEVES,SYM_03825,关节肿痛,SYM,2
HER_02021,鸡血藤,HER,RELIEVES,SYM_03825,关节肿痛,SYM,2
PRE_02545,知柏地黄汤,PRE,CONTAINS,HER_01903,五味子,HER,2
PRE_02545,知柏地黄汤,PRE,CONTAINS,HER_01963,白茅根,HER,3
PRE_02545,知柏地黄汤,PRE,CONTAINS,HER_01889,黄柏,HER,2
PRE_02545,知柏地黄汤,PRE,CONTAINS,HER_01948,地骨皮,HER,2
PRE_02545,知柏地黄汤,PRE,CONTAINS,HER_01885,牡丹皮,HER,3
PRE_02545,知柏地黄汤,PRE,CONTAINS,HER_01910,牡蛎,HER,2
PRE_02545,知柏地黄汤,PRE,CONTAINS,HER_01855,茯苓,HER,3
PRE_02545,知柏地黄汤,PRE,CONTAINS,HER_01859,柴胡,HER,2
PRE_02545,知柏地黄汤,PRE,CONTAINS,HER_01919,山茱萸,HER,3
PRE_02545,知柏地黄汤,PRE,CONTAINS,HER_01878,知母,HER,2
PRE_02545,知柏地黄汤,PRE,CONTAINS,HER_02096,煅龙骨,HER,2
PRE_02545,知柏地黄汤,PRE,CONTAINS,HER_01892,地黄,HER,2
PRE_02545,知柏地黄汤,PRE,CONTAINS,HER_01955,仙鹤草,HER,3
PRE_02545,知柏地黄汤,PRE,TREATS,SYM_03606,低热,SYM,2
PRE_02545,知柏地黄汤,PRE,TREATS,SYM_03438,盗汗,SYM,2
HER_01963,白茅根,HER,HAS_EFFECT,EFF_01257,活血化瘀,EFF,6
HER_01963,白茅根,HER,HAS_EFFECT,EFF_01271,滋阴清热,EFF,3
HER_01889,黄柏,HER,HAS_EFFECT,EFF_01257,活血化瘀,EFF,2
HER_01889,黄柏,HER,HAS_EFFECT,EFF_01271,滋阴清热,EFF,5
HER_01948,地骨皮,HER,HAS_EFFECT,EFF_01257,活血化瘀,EFF,2
HER_01885,牡丹皮,HER,HAS_EFFECT,EFF_01257,活血化瘀,EFF,11
HER_01885,牡丹皮,HER,HAS_EFFECT,EFF_01271,滋阴清热,EFF,5
HER_01919,山茱萸,HER,HAS_EFFECT,EFF_01271,滋阴清热,EFF,4
HER_01878,知母,HER,HAS_EFFECT,EFF_01257,活血化瘀,EFF,4
HER_02096,煅龙骨,HER,HAS_EFFECT,EFF_01271,滋阴清热,EFF,2
HER_01892,地黄,HER,HAS_EFFECT,EFF_01257,活血化瘀,EFF,4
HER_01892,地黄,HER,HAS_EFFECT,EFF_01271,滋阴清热,EFF,6
HER_01955,仙鹤草,HER,HAS_EFFECT,EFF_01257,活血化瘀,EFF,3
HER_01955,仙鹤草,HER,HAS_EFFECT,EFF_01271,滋阴清热,EFF,2
HER_01903,五味子,HER,RELIEVES,SYM_03438,盗汗,SYM,3
HER_01963,白茅根,HER,RELIEVES,SYM_03606,低热,SYM,2
HER_01963,白茅根,HER,RELIEVES,SYM_03438,盗汗,SYM,3
HER_01889,黄柏,HER,RELIEVES,SYM_03606,低热,SYM,4
HER_01889,黄柏,HER,RELIEVES,SYM_03438,盗汗,SYM,4
HER_01948,地骨皮,HER,RELIEVES,SYM_03606,低热,SYM,5
HER_01885,牡丹皮,HER,RELIEVES,SYM_03606,低热,SYM,5
HER_01885,牡丹皮,HER,RELIEVES,SYM_03438,盗汗,SYM,6
HER_01910,牡蛎,HER,RELIEVES,SYM_03606,低热,SYM,2
HER_01910,牡蛎,HER,RELIEVES,SYM_03438,盗汗,SYM,3
HER_01855,茯苓,HER,RELIEVES,SYM_03606,低热,SYM,6
HER_01855,茯苓,HER,RELIEVES,SYM_03438,盗汗,SYM,6
HER_01859,柴胡,HER,RELIEVES,SYM_03606,低热,SYM,4
HER_01919,山茱萸,HER,RELIEVES,SYM_03438,盗汗,SYM,5
HER_01878,知母,HER,RELIEVES,SYM_03438,盗汗,SYM,4
HER_02096,煅龙骨,HER,RELIEVES,SYM_03606,低热,SYM,2
HER_02096,煅龙骨,HER,RELIEVES,SYM_03438,盗汗,SYM,3
HER_01892,地黄,HER,RELIEVES,SYM_03606,低热,SYM,3
HER_01892,地黄,HER,RELIEVES,SYM_03438,盗汗,SYM,3
HER_01955,仙鹤草,HER,RELIEVES,SYM_03606,低热,SYM,2
HER_01955,仙鹤草,HER,RELIEVES,SYM_03438,盗汗,SYM,3
PRE_02508,安宫牛黄丸,PRE,CONTAINS,HER_01964,紫草,HER,2
PRE_02508,安宫牛黄丸,PRE,CONTAINS,HER_01872,栀子,HER,3
PRE_02508,安宫牛黄丸,PRE,CONTAINS,HER_01885,牡丹皮,HER,4
PRE_02508,安宫牛黄丸,PRE,CONTAINS,HER_01861,黄连,HER,5
PRE_02508,安宫牛黄丸,PRE,CONTAINS,HER_01871,赤芍,HER,4
PRE_02508,安宫牛黄丸,PRE,CONTAINS,HER_01869,大黄,HER,3
PRE_02508,安宫牛黄丸,PRE,CONTAINS,HER_02135,羚羊角粉,HER,3
PRE_02508,安宫牛黄丸,PRE,CONTAINS,HER_01911,生地黄,HER,3
PRE_02508,安宫牛黄丸,PRE,CONTAINS,HER_01992,水牛角,HER,4
PRE_02510,紫雪丹,PRE,CONTAINS,HER_01963,白茅根,HER,2
PRE_02510,紫雪丹,PRE,CONTAINS,HER_01964,紫草,HER,3
PRE_02510,紫雪丹,PRE,CONTAINS,HER_01872,栀子,HER,2
PRE_02510,紫雪丹,PRE,CONTAINS,HER_01885,牡丹皮,HER,2
PRE_02510,紫雪丹,PRE,CONTAINS,HER_01861,黄连,HER,3
PRE_02510,紫雪丹,PRE,CONTAINS,HER_01871,赤芍,HER,3
PRE_02510,紫雪丹,PRE,CONTAINS,HER_01869,大黄,HER,4
PRE_02510,紫雪丹,PRE,CONTAINS,HER_01911,生地黄,HER,4
PRE_02510,紫雪丹,PRE,CONTAINS,HER_01992,水牛角,HER,2
PRE_02554,至宝丹,PRE,CONTAINS,HER_01964,紫草,HER,4
PRE_02554,至宝丹,PRE,CONTAINS,HER_01872,栀子,HER,2
PRE_02554,至宝丹,PRE,CONTAINS,HER_01885,牡丹皮,HER,2
PRE_02554,至宝丹,PRE,CONTAINS,HER_01861,黄连,HER,2
PRE_02554,至宝丹,PRE,CONTAINS,HER_01871,赤芍,HER,4
PRE_02554,至宝丹,PRE,CONTAINS,HER_01869,大黄,HER,2
PRE_02554,至宝丹,PRE,CONTAINS,HER_02135,羚羊角粉,HER,2
PRE_02554,至宝丹,PRE,CONTAINS,HER_01992,水牛角,HER,2
PRE_02508,安宫牛黄丸,PRE,TREATS,SYM_03462,抽搐,SYM,2
PRE_02508,安宫牛黄丸,PRE,TREATS,SYM_03492,尿少,SYM,2
HER_02088,马鞭草,HER,HAS_EFFECT,EFF_01267,凉血止血,EFF,2
HER_01963,白茅根,HER,HAS_EFFECT,EFF_01331,利水消肿,EFF,2
HER_01964,紫草,HER,HAS_EFFECT,EFF_01267,凉血止血,EFF,2
HER_01964,紫草,HER,HAS_EFFECT,EFF_01263,开窍,EFF,2
HER_02116,车前草,HER,HAS_EFFECT,EFF_01267,凉血止血,EFF,2
HER_01872,栀子,HER,HAS_EFFECT,EFF_01267,凉血止血,EFF,7
HER_01872,栀子,HER,HAS_EFFECT,EFF_01387,凉血息风,EFF,2
HER_01872,栀子,HER,HAS_EFFECT,EFF_01331,利水消肿,EFF,2
HER_01872,栀子,HER,HAS_EFFECT,EFF_01263,开窍,EFF,4
HER_01885,牡丹皮,HER,HAS_EFFECT,EFF_01387,凉血息风,EFF,2
HER_01885,牡丹皮,HER,HAS_EFFECT,EFF_01331,利水消肿,EFF,2
HER_01885,牡丹皮,HER,HAS_EFFECT,EFF_01340,清营凉血,EFF,2
HER_01885,牡丹皮,HER,HAS_EFFECT,EFF_01263,开窍,EFF,5
HER_01861,黄连,HER,HAS_EFFECT,EFF_01387,凉血息风,EFF,2
HER_01861,黄连,HER,HAS_EFFECT,EFF_01263,开窍,EFF,7
HER_01871,赤芍,HER,HAS_EFFECT,EFF_01267,凉血止血,EFF,4
HER_01871,赤芍,HER,HAS_EFFECT,EFF_01340,清营凉血,EFF,2
HER_01871,赤芍,HER,HAS_EFFECT,EFF_01263,开窍,EFF,4
HER_02075,茜草,HER,HAS_EFFECT,EFF_01267,凉血止血,EFF,2
HER_02075,茜草,HER,HAS_EFFECT,EFF_01331,利水消肿,EFF,2
HER_01869,大黄,HER,HAS_EFFECT,EFF_01267,凉血止血,EFF,6
HER_01869,大黄,HER,HAS_EFFECT,EFF_01263,开窍,EFF,4
HER_02135,羚羊角粉,HER,HAS_EFFECT,EFF_01263,开窍,EFF,3
HER_02097,瞿麦,HER,HAS_EFFECT,EFF_01267,凉血止血,EFF,3
HER_01911,生地黄,HER,HAS_EFFECT,EFF_01267,凉血止血,EFF,5
HER_01911,生地黄,HER,HAS_EFFECT,EFF_01331,利水消肿,EFF,2
HER_01911,生地黄,HER,HAS_EFFECT,EFF_01263,开窍,EFF,3
HER_01955,仙鹤草,HER,HAS_EFFECT,EFF_01267,凉血止血,EFF,2
HER_01992,水牛角,HER,HAS_EFFECT,EFF_01340,清营凉血,EFF,2
HER_01992,水牛角,HER,HAS_EFFECT,EFF_01263,开窍,EFF,5
HER_02116,车前草,HER,RELIEVES,SYM_03492,尿少,SYM,2
HER_01872,栀子,HER,RELIEVES,SYM_03462,抽搐,SYM,2
HER_01885,牡丹皮,HER,RELIEVES,SYM_03462,抽搐,SYM,3
HER_01885,牡丹皮,HER,RELIEVES,SYM_03492,尿少,SYM,2
HER_01861,黄连,HER,RELIEVES,SYM_03462,抽搐,SYM,2
HER_01871,赤芍,HER,RELIEVES,SYM_03492,尿少,SYM,2
HER_01869,大黄,HER,RELIEVES,SYM_03462,抽搐,SYM,2
HER_01869,大黄,HER,RELIEVES,SYM_03492,尿少,SYM,2
HER_02135,羚羊角粉,HER,RELIEVES,SYM_03462,抽搐,SYM,4
HER_01911,生地黄,HER,RELIEVES,SYM_03462,抽搐,SYM,2
HER_01911,生地黄,HER,RELIEVES,SYM_03492,尿少,SYM,2
HER_01992,水牛角,HER,RELIEVES,SYM_03462,抽搐,SYM,2
PRE_02579,茵陈五苓散,PRE,CONTAINS,HER_01865,连翘,HER,2
HER_01939,山楂,HER,HAS_EFFECT,EFF_01258,清热解毒,EFF,2
HER_01939,山楂,HER,HAS_EFFECT,EFF_01459,醒脾健胃,EFF,2
HER_01868,半夏,HER,HAS_EFFECT,EFF_01258,清热解毒,EFF,2
HER_01868,半夏,HER,HAS_EFFECT,EFF_01459,醒脾健胃,EFF,2
HER_01865,连翘,HER,HAS_EFFECT,EFF_01459,醒脾健胃,EFF,2
HER_01876,厚朴,HER,HAS_EFFECT,EFF_01258,清热解毒,EFF,4
HER_01876,厚朴,HER,HAS_EFFECT,EFF_01459,醒脾健胃,EFF,2
HER_01918,砂仁,HER,HAS_EFFECT,EFF_01459,醒脾健胃,EFF,2
HER_02012,芒硝,HER,HAS_EFFECT,EFF_01258,清热解毒,EFF,3
HER_02012,芒硝,HER,HAS_EFFECT,EFF_01459,醒脾健胃,EFF,2
HER_01989,鸡内金,HER,HAS_EFFECT,EFF_01258,清热解毒,EFF,3
HER_01989,鸡内金,HER,HAS_EFFECT,EFF_01459,醒脾健胃,EFF,2
HER_01873,泽泻,HER,HAS_EFFECT,EFF_01258,清热解毒,EFF,4
HER_01905,香附,HER,HAS_EFFECT,EFF_01258,清热解毒,EFF,3
HER_01905,香附,HER,HAS_EFFECT,EFF_01459,醒脾健胃,EFF,2
HER_01904,金银花,HER,HAS_EFFECT,EFF_01459,醒脾健胃,EFF,2
HER_01864,陈皮,HER,HAS_EFFECT,EFF_01459,醒脾健胃,EFF,2
HER_02009,川楝子,HER,HAS_EFFECT,EFF_01258,清热解毒,EFF,3
HER_02009,川楝子,HER,HAS_EFFECT,EFF_01459,醒脾健胃,EFF,2
HER_01887,枳实,HER,HAS_EFFECT,EFF_01258,清热解毒,EFF,4
HER_01887,枳实,HER,HAS_EFFECT,EFF_01459,醒脾健胃,EFF,2
HER_01930,猪苓,HER,HAS_EFFECT,EFF_01258,清热解毒,EFF,2
HER_01857,白术,HER,RELIEVES,SYM_03436,便秘,SYM,3
HER_01857,白术,HER,RELIEVES,SYM_03458,恶心呕吐,SYM,4
HER_01880,桂枝,HER,RELIEVES,SYM_03436,便秘,SYM,2
HER_01939,山楂,HER,RELIEVES,SYM_04497,化湿理气胁肋疼痛,SYM,2
HER_01939,山楂,HER,RELIEVES,SYM_05088,腹胀脘痞,SYM,2
HER_01939,山楂,HER,RELIEVES,SYM_03436,便秘,SYM,3
HER_01868,半夏,HER,RELIEVES,SYM_04497,化湿理气胁肋疼痛,SYM,2
HER_01868,半夏,HER,RELIEVES,SYM_05088,腹胀脘痞,SYM,2
HER_01868,半夏,HER,RELIEVES,SYM_03436,便秘,SYM,3
HER_01865,连翘,HER,RELIEVES,SYM_04497,化湿理气胁肋疼痛,SYM,2
HER_01865,连翘,HER,RELIEVES,SYM_05088,腹胀脘痞,SYM,2
HER_01865,连翘,HER,RELIEVES,SYM_03436,便秘,SYM,5
HER_01865,连翘,HER,RELIEVES,SYM_03458,恶心呕吐,SYM,3
HER_01876,厚朴,HER,RELIEVES,SYM_04497,化湿理气胁肋疼痛,SYM,2
HER_01876,厚朴,HER,RELIEVES,SYM_05088,腹胀脘痞,SYM,2
HER_01876,厚朴,HER,RELIEVES,SYM_03436,便秘,SYM,3
HER_01918,砂仁,HER,RELIEVES,SYM_04497,化湿理气胁肋疼痛,SYM,2
HER_01918,砂仁,HER,RELIEVES,SYM_05088,腹胀脘痞,SYM,2
HER_01918,砂仁,HER,RELIEVES,SYM_03436,便秘,SYM,2
HER_01918,砂仁,HER,RELIEVES,SYM_03458,恶心呕吐,SYM,4
HER_01855,茯苓,HER,RELIEVES,SYM_03436,便秘,SYM,6
HER_02012,芒硝,HER,RELIEVES,SYM_04497,化湿理气胁肋疼痛,SYM,2
HER_02012,芒硝,HER,RELIEVES,SYM_05088,腹胀脘痞,SYM,2
HER_02012,芒硝,HER,RELIEVES,SYM_03436,便秘,SYM,2
HER_01989,鸡内金,HER,RELIEVES,SYM_04497,化湿理气胁肋疼痛,SYM,2
HER_01989,鸡内金,HER,RELIEVES,SYM_05088,腹胀脘痞,SYM,2
HER_01989,鸡内金,HER,RELIEVES,SYM_03436,便秘,SYM,2
HER_01989,鸡内金,HER,RELIEVES,SYM_03458,恶心呕吐,SYM,2
HER_01873,泽泻,HER,RELIEVES,SYM_03436,便秘,SYM,3
HER_01873,泽泻,HER,RELIEVES,SYM_03458,恶心呕吐,SYM,3
HER_01905,香附,HER,RELIEVES,SYM_04497,化湿理气胁肋疼痛,SYM,2
HER_01905,香附,HER,RELIEVES,SYM_05088,腹胀脘痞,SYM,2
HER_01905,香附,HER,RELIEVES,SYM_03436,便秘,SYM,3
HER_01905,香附,HER,RELIEVES,SYM_03458,恶心呕吐,SYM,4
HER_01904,金银花,HER,RELIEVES,SYM_04497,化湿理气胁肋疼痛,SYM,2
HER_01904,金银花,HER,RELIEVES,SYM_05088,腹胀脘痞,SYM,2
HER_01904,金银花,HER,RELIEVES,SYM_03436,便秘,SYM,3
HER_01904,金银花,HER,RELIEVES,SYM_03458,恶心呕吐,SYM,3
HER_01864,陈皮,HER,RELIEVES,SYM_04497,化湿理气胁肋疼痛,SYM,2
HER_01864,陈皮,HER,RELIEVES,SYM_05088,腹胀脘痞,SYM,2
HER_01864,陈皮,HER,RELIEVES,SYM_03436,便秘,SYM,3
HER_01864,陈皮,HER,RELIEVES,SYM_03458,恶心呕吐,SYM,5
HER_02009,川楝子,HER,RELIEVES,SYM_04497,化湿理气胁肋疼痛,SYM,2
HER_02009,川楝子,HER,RELIEVES,SYM_05088,腹胀脘痞,SYM,2
HER_02009,川楝子,HER,RELIEVES,SYM_03436,便秘,SYM,2
HER_02009,川楝子,HER,RELIEVES,SYM_03458,恶心呕吐,SYM,3
HER_01887,枳实,HER,RELIEVES,SYM_04497,化湿理气胁肋疼痛,SYM,2
HER_01887,枳实,HER,RELIEVES,SYM_05088,腹胀脘痞,SYM,2
HER_01887,枳实,HER,RELIEVES,SYM_03436,便秘,SYM,4
HER_01930,猪苓,HER,RELIEVES,SYM_03458,恶心呕吐,SYM,2
PRE_02632,茵陈汤,PRE,CONTAINS,HER_01868,半夏,HER,2
PRE_02632,茵陈汤,PRE,CONTAINS,HER_01872,栀子,HER,2
PRE_02632,茵陈汤,PRE,CONTAINS,HER_01876,厚朴,HER,2
PRE_02632,茵陈汤,PRE,CONTAINS,HER_01869,大黄,HER,2
PRE_02632,茵陈汤,PRE,CONTAINS,HER_01864,陈皮,HER,2
PRE_02632,茵陈汤,PRE,CONTAINS,HER_01887,枳实,HER,2
HER_01872,栀子,HER,HAS_EFFECT,EFF_01342,理气止痛,EFF,2
HER_01872,栀子,HER,HAS_EFFECT,EFF_01258,清热解毒,EFF,11
HER_01876,厚朴,HER,HAS_EFFECT,EFF_01342,理气止痛,EFF,2
HER_02044,延胡索,HER,HAS_EFFECT,EFF_01342,理气止痛,EFF,4
HER_02044,延胡索,HER,HAS_EFFECT,EFF_01253,清热,EFF,3
HER_01989,鸡内金,HER,HAS_EFFECT,EFF_01253,清热,EFF,4
HER_01905,香附,HER,HAS_EFFECT,EFF_01342,理气止痛,EFF,4
HER_01905,香附,HER,HAS_EFFECT,EFF_01253,清热,EFF,7
HER_01864,陈皮,HER,HAS_EFFECT,EFF_01342,理气止痛,EFF,4
HER_02009,川楝子,HER,HAS_EFFECT,EFF_01342,理气止痛,EFF,3
HER_02009,川楝子,HER,HAS_EFFECT,EFF_01253,清热,EFF,4
HER_01887,枳实,HER,HAS_EFFECT,EFF_01342,理气止痛,EFF,2
HER_01872,栀子,HER,RELIEVES,SYM_03436,便秘,SYM,4
HER_02044,延胡索,HER,RELIEVES,SYM_03458,恶心呕吐,SYM,2
PRE_02763,茵陈术附汤,PRE,CONTAINS,HER_01875,附子,HER,2
PRE_02763,茵陈术附汤,PRE,CONTAINS,HER_01857,白术,HER,2
PRE_02763,茵陈术附汤,PRE,CONTAINS,HER_01891,郁金,HER,2
PRE_02763,茵陈术附汤,PRE,CONTAINS,HER_01876,厚朴,HER,2
PRE_02763,茵陈术附汤,PRE,CONTAINS,HER_01854,甘草,HER,2
PRE_02763,茵陈术附汤,PRE,CONTAINS,HER_01855,茯苓,HER,2
PRE_02763,茵陈术附汤,PRE,CONTAINS,HER_01873,泽泻,HER,2
PRE_02763,茵陈术附汤,PRE,CONTAINS,HER_01893,干姜,HER,2
PRE_02763,茵陈术附汤,PRE,CONTAINS,HER_01930,猪苓,HER,2
HER_01875,附子,HER,HAS_EFFECT,EFF_01421,温化寒湿,EFF,2
HER_01857,白术,HER,HAS_EFFECT,EFF_01421,温化寒湿,EFF,2
HER_01857,白术,HER,HAS_EFFECT,EFF_01270,疏肝理气,EFF,2
HER_01891,郁金,HER,HAS_EFFECT,EFF_01421,温化寒湿,EFF,2
HER_01891,郁金,HER,HAS_EFFECT,EFF_01270,疏肝理气,EFF,5
HER_01876,厚朴,HER,HAS_EFFECT,EFF_01421,温化寒湿,EFF,2
HER_01854,甘草,HER,HAS_EFFECT,EFF_01421,温化寒湿,EFF,2
HER_01854,甘草,HER,HAS_EFFECT,EFF_01270,疏肝理气,EFF,4
HER_01855,茯苓,HER,HAS_EFFECT,EFF_01421,温化寒湿,EFF,2
HER_01855,茯苓,HER,HAS_EFFECT,EFF_01270,疏肝理气,EFF,4
HER_01902,车前子,HER,HAS_EFFECT,EFF_01270,疏肝理气,EFF,2
HER_01859,柴胡,HER,HAS_EFFECT,EFF_01270,疏肝理气,EFF,7
HER_01873,泽泻,HER,HAS_EFFECT,EFF_01421,温化寒湿,EFF,2
HER_01873,泽泻,HER,HAS_EFFECT,EFF_01270,疏肝理气,EFF,2
HER_01905,香附,HER,HAS_EFFECT,EFF_01270,疏肝理气,EFF,6
HER_01893,干姜,HER,HAS_EFFECT,EFF_01421,温化寒湿,EFF,2
HER_01930,猪苓,HER,HAS_EFFECT,EFF_01421,温化寒湿,EFF,2
HER_01875,附子,HER,RELIEVES,SYM_03738,泛恶,SYM,3
HER_01857,白术,HER,RELIEVES,SYM_03738,泛恶,SYM,3
HER_01891,郁金,HER,RELIEVES,SYM_03583,舌苔厚腻,SYM,2
HER_01854,甘草,HER,RELIEVES,SYM_03738,泛恶,SYM,2
HER_01960,广藿香,HER,RELIEVES,SYM_03738,泛恶,SYM,2
HER_01960,广藿香,HER,RELIEVES,SYM_03583,舌苔厚腻,SYM,3
HER_01855,茯苓,HER,RELIEVES,SYM_03738,泛恶,SYM,3
HER_01902,车前子,HER,RELIEVES,SYM_03738,泛恶,SYM,3
HER_01873,泽泻,HER,RELIEVES,SYM_03738,泛恶,SYM,3
HER_01891,郁金,HER,HAS_EFFECT,EFF_01342,理气止痛,EFF,3
HER_01866,川芎,HER,HAS_EFFECT,EFF_01342,理气止痛,EFF,2
HER_01854,甘草,HER,HAS_EFFECT,EFF_01342,理气止痛,EFF,2
HER_01859,柴胡,HER,HAS_EFFECT,EFF_01342,理气止痛,EFF,3
HER_01874,枳壳,HER,HAS_EFFECT,EFF_01342,理气止痛,EFF,2
HER_01891,郁金,HER,RELIEVES,SYM_03458,恶心呕吐,SYM,4
HER_02024,姜半夏,HER,RELIEVES,SYM_03458,恶心呕吐,SYM,3
PRE_02500,血府逐瘀汤,PRE,CONTAINS,HER_01885,牡丹皮,HER,2
PRE_02500,血府逐瘀汤,PRE,CONTAINS,HER_01869,大黄,HER,2
PRE_02500,血府逐瘀汤,PRE,CONTAINS,HER_01969,青蒿,HER,2
PRE_02500,血府逐瘀汤,PRE,TREATS,SYM_03606,低热,SYM,2
HER_01897,红花,HER,HAS_EFFECT,EFF_01253,清热,EFF,6
HER_01877,桃仁,HER,HAS_EFFECT,EFF_01253,清热,EFF,5
HER_01954,鳖甲,HER,HAS_EFFECT,EFF_01257,活血化瘀,EFF,4
HER_01954,鳖甲,HER,HAS_EFFECT,EFF_01285,养阴清热,EFF,2
HER_01885,牡丹皮,HER,HAS_EFFECT,EFF_01253,清热,EFF,18
HER_01856,当归,HER,HAS_EFFECT,EFF_01253,清热,EFF,25
HER_02068,龟甲,HER,HAS_EFFECT,EFF_01253,清热,EFF,2
HER_01969,青蒿,HER,HAS_EFFECT,EFF_01257,活血化瘀,EFF,2
HER_01969,青蒿,HER,HAS_EFFECT,EFF_01285,养阴清热,EFF,2
HER_01969,青蒿,HER,HAS_EFFECT,EFF_01253,清热,EFF,4
HER_01911,生地黄,HER,HAS_EFFECT,EFF_01253,清热,EFF,15
HER_01992,水牛角,HER,HAS_EFFECT,EFF_01257,活血化瘀,EFF,2
HER_01877,桃仁,HER,RELIEVES,SYM_03606,低热,SYM,2
HER_01871,赤芍,HER,RELIEVES,SYM_03606,低热,SYM,3
HER_01856,当归,HER,RELIEVES,SYM_03606,低热,SYM,4
HER_01869,大黄,HER,RELIEVES,SYM_03606,低热,SYM,2
HER_02068,龟甲,HER,RELIEVES,SYM_03606,低热,SYM,2
HER_01969,青蒿,HER,RELIEVES,SYM_03606,低热,SYM,4
HER_01911,生地黄,HER,RELIEVES,SYM_03606,低热,SYM,2
HER_01886,丹参,HER,RELIEVES,SYM_03606,低热,SYM,2
PRE_02888,小陷胸汤,PRE,CONTAINS,HER_01920,瓜蒌,HER,2
PRE_02500,血府逐瘀汤,PRE,CONTAINS,HER_01909,葛根,HER,2
PRE_02500,血府逐瘀汤,PRE,CONTAINS,HER_01895,丹皮,HER,2
PRE_02500,血府逐瘀汤,PRE,CONTAINS,HER_02042,秦艽,HER,2
HER_01871,赤芍,HER,HAS_EFFECT,EFF_01341,清虚热,EFF,2
HER_02075,茜草,HER,HAS_EFFECT,EFF_01341,清虚热,EFF,2
HER_02075,茜草,HER,HAS_EFFECT,EFF_01310,凉血活血,EFF,2
HER_01880,桂枝,HER,HAS_EFFECT,EFF_01275,祛湿,EFF,3
HER_01877,桃仁,HER,HAS_EFFECT,EFF_01275,祛湿,EFF,3
HER_01948,地骨皮,HER,HAS_EFFECT,EFF_01341,清虚热,EFF,2
HER_01895,丹皮,HER,HAS_EFFECT,EFF_01341,清虚热,EFF,2
HER_01855,茯苓,HER,HAS_EFFECT,EFF_01341,清虚热,EFF,3
HER_01855,茯苓,HER,HAS_EFFECT,EFF_01275,祛湿,EFF,7
HER_01897,红花,HER,HAS_EFFECT,EFF_01275,祛湿,EFF,3
HER_01856,当归,HER,HAS_EFFECT,EFF_01341,清虚热,EFF,3
HER_01856,当归,HER,HAS_EFFECT,EFF_01275,祛湿,EFF,3
HER_01869,大黄,HER,HAS_EFFECT,EFF_01341,清虚热,EFF,2
HER_01869,大黄,HER,HAS_EFFECT,EFF_01275,祛湿,EFF,2
HER_01869,大黄,HER,HAS_EFFECT,EFF_01310,凉血活血,EFF,2
HER_02055,地肤子,HER,HAS_EFFECT,EFF_01310,凉血活血,EFF,2
HER_01883,生地,HER,HAS_EFFECT,EFF_01341,清虚热,EFF,2
HER_01871,赤芍,HER,RELIEVES,SYM_03582,皮肤瘙痒,SYM,4
HER_02075,茜草,HER,RELIEVES,SYM_03606,低热,SYM,2
HER_02075,茜草,HER,RELIEVES,SYM_03582,皮肤瘙痒,SYM,2
HER_01948,地骨皮,HER,RELIEVES,SYM_03582,皮肤瘙痒,SYM,2
HER_01895,丹皮,HER,RELIEVES,SYM_03606,低热,SYM,2
HER_01895,丹皮,HER,RELIEVES,SYM_03582,皮肤瘙痒,SYM,2
HER_01855,茯苓,HER,RELIEVES,SYM_03582,皮肤瘙痒,SYM,3
HER_01856,当归,HER,RELIEVES,SYM_03582,皮肤瘙痒,SYM,3
HER_02035,白鲜皮,HER,RELIEVES,SYM_03582,皮肤瘙痒,SYM,4
HER_02055,地肤子,HER,RELIEVES,SYM_03582,皮肤瘙痒,SYM,3
HER_01883,生地,HER,RELIEVES,SYM_03606,低热,SYM,2
HER_01883,生地,HER,RELIEVES,SYM_03582,皮肤瘙痒,SYM,2
PRE_02741,滋水清肝饮,PRE,CONTAINS,HER_01989,鸡内金,HER,2
HER_02159,白蒺藜,HER,HAS_EFFECT,EFF_01256,补肾,EFF,2
HER_01953,芦根,HER,HAS_EFFECT,EFF_01258,清热解毒,EFF,2
HER_01953,芦根,HER,HAS_EFFECT,EFF_01262,健脾益气,EFF,2
HER_01953,芦根,HER,HAS_EFFECT,EFF_01267,凉血止血,EFF,3
HER_01953,芦根,HER,HAS_EFFECT,EFF_01253,清热,EFF,7
HER_01953,芦根,HER,HAS_EFFECT,EFF_01259,滋阴,EFF,2
HER_01953,芦根,HER,HAS_EFFECT,EFF_01265,养阴,EFF,2
HER_01986,肉苁蓉,HER,HAS_EFFECT,EFF_01341,清虚热,EFF,2
HER_01986,肉苁蓉,HER,HAS_EFFECT,EFF_01256,补肾,EFF,4
HER_01986,肉苁蓉,HER,HAS_EFFECT,EFF_01253,清热,EFF,3
HER_01986,肉苁蓉,HER,HAS_EFFECT,EFF_01259,滋阴,EFF,2
HER_01862,黄芪,HER,HAS_EFFECT,EFF_01258,清热解毒,EFF,2
HER_01862,黄芪,HER,HAS_EFFECT,EFF_01341,清虚热,EFF,2
HER_01862,黄芪,HER,HAS_EFFECT,EFF_01283,滋补肝肾,EFF,2
HER_01862,黄芪,HER,HAS_EFFECT,EFF_01256,补肾,EFF,8
HER_01862,黄芪,HER,HAS_EFFECT,EFF_01253,清热,EFF,11
HER_01862,黄芪,HER,HAS_EFFECT,EFF_01278,安神,EFF,2
HER_01862,黄芪,HER,HAS_EFFECT,EFF_01336,润肠通便,EFF,2
HER_02263,桑椹,HER,HAS_EFFECT,EFF_01256,补肾,EFF,2
HER_02263,桑椹,HER,HAS_EFFECT,EFF_01253,清热,EFF,2
HER_02263,桑椹,HER,HAS_EFFECT,EFF_01259,滋阴,EFF,2
HER_02070,夜交藤,HER,HAS_EFFECT,EFF_01262,健脾益气,EFF,2
HER_02070,夜交藤,HER,HAS_EFFECT,EFF_01256,补肾,EFF,2
HER_02070,夜交藤,HER,HAS_EFFECT,EFF_01278,安神,EFF,2
HER_02070,夜交藤,HER,HAS_EFFECT,EFF_01259,滋阴,EFF,2
HER_02070,夜交藤,HER,HAS_EFFECT,EFF_01265,养阴,EFF,2
HER_01873,泽泻,HER,HAS_EFFECT,EFF_01305,祛风止痒,EFF,2
HER_01873,泽泻,HER,HAS_EFFECT,EFF_01262,健脾益气,EFF,3
HER_01873,泽泻,HER,HAS_EFFECT,EFF_01267,凉血止血,EFF,5
HER_01873,泽泻,HER,HAS_EFFECT,EFF_01283,滋补肝肾,EFF,2
HER_01873,泽泻,HER,HAS_EFFECT,EFF_01256,补肾,EFF,11
HER_01873,泽泻,HER,HAS_EFFECT,EFF_01253,清热,EFF,13
HER_01873,泽泻,HER,HAS_EFFECT,EFF_01278,安神,EFF,2
HER_01873,泽泻,HER,HAS_EFFECT,EFF_01259,滋阴,EFF,9
HER_01871,赤芍,HER,HAS_EFFECT,EFF_01305,祛风止痒,EFF,3
HER_01871,赤芍,HER,HAS_EFFECT,EFF_01262,健脾益气,EFF,2
HER_01871,赤芍,HER,HAS_EFFECT,EFF_01256,补肾,EFF,3
HER_02075,茜草,HER,HAS_EFFECT,EFF_01258,清热解毒,EFF,2
HER_02075,茜草,HER,HAS_EFFECT,EFF_01262,健脾益气,EFF,2
HER_02075,茜草,HER,HAS_EFFECT,EFF_01253,清热,EFF,2
HER_02075,茜草,HER,HAS_EFFECT,EFF_01259,滋阴,EFF,2
HER_01970,枣仁,HER,HAS_EFFECT,EFF_01262,健脾益气,EFF,4
HER_01970,枣仁,HER,HAS_EFFECT,EFF_01253,清热,EFF,2
HER_01970,枣仁,HER,HAS_EFFECT,EFF_01278,安神,EFF,2
HER_01970,枣仁,HER,HAS_EFFECT,EFF_01265,养阴,EFF,2
HER_02009,川楝子,HER,HAS_EFFECT,EFF_01262,健脾益气,EFF,2
HER_01887,枳实,HER,HAS_EFFECT,EFF_01262,健脾益气,EFF,2
HER_01887,枳实,HER,HAS_EFFECT,EFF_01267,凉血止血,EFF,3
HER_01887,枳实,HER,HAS_EFFECT,EFF_01278,安神,EFF,2
HER_01951,太子参,HER,HAS_EFFECT,EFF_01262,健脾益气,EFF,3
HER_01951,太子参,HER,HAS_EFFECT,EFF_01341,清虚热,EFF,2
HER_01951,太子参,HER,HAS_EFFECT,EFF_01283,滋补肝肾,EFF,2
HER_01951,太子参,HER,HAS_EFFECT,EFF_01256,补肾,EFF,5
HER_01951,太子参,HER,HAS_EFFECT,EFF_01253,清热,EFF,2
HER_01951,太子参,HER,HAS_EFFECT,EFF_01259,滋阴,EFF,4
HER_01951,太子参,HER,HAS_EFFECT,EFF_01265,养阴,EFF,2
HER_02059,火麻仁,HER,HAS_EFFECT,EFF_01267,凉血止血,EFF,2
HER_02059,火麻仁,HER,HAS_EFFECT,EFF_01256,补肾,EFF,2
HER_02059,火麻仁,HER,HAS_EFFECT,EFF_01253,清热,EFF,3
HER_02059,火麻仁,HER,HAS_EFFECT,EFF_01259,滋阴,EFF,2
HER_01948,地骨皮,HER,HAS_EFFECT,EFF_01256,补肾,EFF,3
HER_01948,地骨皮,HER,HAS_EFFECT,EFF_01253,清热,EFF,4
HER_01948,地骨皮,HER,HAS_EFFECT,EFF_01259,滋阴,EFF,3
HER_01948,地骨皮,HER,HAS_EFFECT,EFF_01265,养阴,EFF,3
HER_01895,丹皮,HER,HAS_EFFECT,EFF_01262,健脾益气,EFF,3
HER_01895,丹皮,HER,HAS_EFFECT,EFF_01253,清热,EFF,11
HER_01895,丹皮,HER,HAS_EFFECT,EFF_01259,滋阴,EFF,3
HER_01895,丹皮,HER,HAS_EFFECT,EFF_01265,养阴,EFF,2
HER_01855,茯苓,HER,HAS_EFFECT,EFF_01305,祛风止痒,EFF,2
HER_01855,茯苓,HER,HAS_EFFECT,EFF_01267,凉血止血,EFF,3
HER_01855,茯苓,HER,HAS_EFFECT,EFF_01283,滋补肝肾,EFF,4
HER_01855,茯苓,HER,HAS_EFFECT,EFF_01256,补肾,EFF,17
HER_01855,茯苓,HER,HAS_EFFECT,EFF_01278,安神,EFF,4
HER_01855,茯苓,HER,HAS_EFFECT,EFF_01259,滋阴,EFF,12
HER_01855,茯苓,HER,HAS_EFFECT,EFF_01265,养阴,EFF,5
HER_01860,白芍,HER,HAS_EFFECT,EFF_01341,清虚热,EFF,3
HER_01860,白芍,HER,HAS_EFFECT,EFF_01283,滋补肝肾,EFF,2
HER_01860,白芍,HER,HAS_EFFECT,EFF_01259,滋阴,EFF,5
HER_01860,白芍,HER,HAS_EFFECT,EFF_01265,养阴,EFF,3
HER_02175,白花蛇舌草,HER,HAS_EFFECT,EFF_01267,凉血止血,EFF,2
HER_02175,白花蛇舌草,HER,HAS_EFFECT,EFF_01253,清热,EFF,3
HER_01982,女贞子,HER,HAS_EFFECT,EFF_01341,清虚热,EFF,2
HER_01982,女贞子,HER,HAS_EFFECT,EFF_01256,补肾,EFF,5
HER_01982,女贞子,HER,HAS_EFFECT,EFF_01253,清热,EFF,4
HER_01982,女贞子,HER,HAS_EFFECT,EFF_01278,安神,EFF,2
HER_01982,女贞子,HER,HAS_EFFECT,EFF_01259,滋阴,EFF,7
HER_01982,女贞子,HER,HAS_EFFECT,EFF_01336,润肠通便,EFF,2
HER_01982,女贞子,HER,HAS_EFFECT,EFF_01265,养阴,EFF,2
HER_01925,枸杞子,HER,HAS_EFFECT,EFF_01267,凉血止血,EFF,2
HER_01925,枸杞子,HER,HAS_EFFECT,EFF_01283,滋补肝肾,EFF,5
HER_01925,枸杞子,HER,HAS_EFFECT,EFF_01256,补肾,EFF,10
HER_01925,枸杞子,HER,HAS_EFFECT,EFF_01253,清热,EFF,3
HER_01925,枸杞子,HER,HAS_EFFECT,EFF_01259,滋阴,EFF,7
HER_01872,栀子,HER,HAS_EFFECT,EFF_01262,健脾益气,EFF,2
HER_01872,栀子,HER,HAS_EFFECT,EFF_01256,补肾,EFF,5
HER_01872,栀子,HER,HAS_EFFECT,EFF_01278,安神,EFF,2
HER_01872,栀子,HER,HAS_EFFECT,EFF_01259,滋阴,EFF,6
HER_01872,栀子,HER,HAS_EFFECT,EFF_01265,养阴,EFF,2
HER_01859,柴胡,HER,HAS_EFFECT,EFF_01258,清热解毒,EFF,3
HER_01859,柴胡,HER,HAS_EFFECT,EFF_01267,凉血止血,EFF,3
HER_01859,柴胡,HER,HAS_EFFECT,EFF_01256,补肾,EFF,2
HER_01859,柴胡,HER,HAS_EFFECT,EFF_01278,安神,EFF,2
HER_01859,柴胡,HER,HAS_EFFECT,EFF_01336,润肠通便,EFF,2
HER_01859,柴胡,HER,HAS_EFFECT,EFF_01265,养阴,EFF,2
HER_01856,当归,HER,HAS_EFFECT,EFF_01267,凉血止血,EFF,3
HER_01856,当归,HER,HAS_EFFECT,EFF_01283,滋补肝肾,EFF,3
HER_01856,当归,HER,HAS_EFFECT,EFF_01256,补肾,EFF,13
HER_01856,当归,HER,HAS_EFFECT,EFF_01278,安神,EFF,3
HER_01856,当归,HER,HAS_EFFECT,EFF_01265,养阴,EFF,3
HER_01876,厚朴,HER,HAS_EFFECT,EFF_01262,健脾益气,EFF,4
HER_01876,厚朴,HER,HAS_EFFECT,EFF_01256,补肾,EFF,2
HER_02184,虎杖,HER,HAS_EFFECT,EFF_01258,清热解毒,EFF,2
HER_01959,通草,HER,HAS_EFFECT,EFF_01258,清热解毒,EFF,2
HER_01959,通草,HER,HAS_EFFECT,EFF_01267,凉血止血,EFF,3
HER_01884,山药,HER,HAS_EFFECT,EFF_01267,凉血止血,EFF,2
HER_01884,山药,HER,HAS_EFFECT,EFF_01283,滋补肝肾,EFF,5
HER_01884,山药,HER,HAS_EFFECT,EFF_01256,补肾,EFF,16
HER_01884,山药,HER,HAS_EFFECT,EFF_01253,清热,EFF,10
HER_01884,山药,HER,HAS_EFFECT,EFF_01278,安神,EFF,2
HER_01884,山药,HER,HAS_EFFECT,EFF_01259,滋阴,EFF,8
HER_01884,山药,HER,HAS_EFFECT,EFF_01336,润肠通便,EFF,2
HER_01884,山药,HER,HAS_EFFECT,EFF_01265,养阴,EFF,2
HER_02026,柏子仁,HER,HAS_EFFECT,EFF_01262,健脾益气,EFF,2
HER_02026,柏子仁,HER,HAS_EFFECT,EFF_01253,清热,EFF,2
HER_02026,柏子仁,HER,HAS_EFFECT,EFF_01278,安神,EFF,2
HER_01989,鸡内金,HER,HAS_EFFECT,EFF_01262,健脾益气,EFF,2
HER_01989,鸡内金,HER,HAS_EFFECT,EFF_01256,补肾,EFF,2
HER_01919,山茱萸,HER,HAS_EFFECT,EFF_01267,凉血止血,EFF,2
HER_01919,山茱萸,HER,HAS_EFFECT,EFF_01341,清虚热,EFF,2
HER_01919,山茱萸,HER,HAS_EFFECT,EFF_01283,滋补肝肾,EFF,5
HER_01919,山茱萸,HER,HAS_EFFECT,EFF_01256,补肾,EFF,16
HER_01919,山茱萸,HER,HAS_EFFECT,EFF_01253,清热,EFF,6
HER_01919,山茱萸,HER,HAS_EFFECT,EFF_01278,安神,EFF,2
HER_01919,山茱萸,HER,HAS_EFFECT,EFF_01259,滋阴,EFF,9
HER_01905,香附,HER,HAS_EFFECT,EFF_01262,健脾益气,EFF,4
HER_01905,香附,HER,HAS_EFFECT,EFF_01256,补肾,EFF,2
HER_01905,香附,HER,HAS_EFFECT,EFF_01336,润肠通便,EFF,2
HER_01883,生地,HER,HAS_EFFECT,EFF_01267,凉血止血,EFF,4
HER_01883,生地,HER,HAS_EFFECT,EFF_01283,滋补肝肾,EFF,2
HER_01883,生地,HER,HAS_EFFECT,EFF_01256,补肾,EFF,2
HER_01883,生地,HER,HAS_EFFECT,EFF_01265,养阴,EFF,4
HER_01927,石斛,HER,HAS_EFFECT,EFF_01258,清热解毒,EFF,3
HER_01927,石斛,HER,HAS_EFFECT,EFF_01267,凉血止血,EFF,2
HER_01927,石斛,HER,HAS_EFFECT,EFF_01341,清虚热,EFF,2
HER_01927,石斛,HER,HAS_EFFECT,EFF_01283,滋补肝肾,EFF,2
HER_01927,石斛,HER,HAS_EFFECT,EFF_01256,补肾,EFF,3
HER_01927,石斛,HER,HAS_EFFECT,EFF_01259,滋阴,EFF,5
HER_01927,石斛,HER,HAS_EFFECT,EFF_01265,养阴,EFF,5
HER_01878,知母,HER,HAS_EFFECT,EFF_01267,凉血止血,EFF,3
HER_01878,知母,HER,HAS_EFFECT,EFF_01283,滋补肝肾,EFF,2
HER_01878,知母,HER,HAS_EFFECT,EFF_01256,补肾,EFF,5
HER_01878,知母,HER,HAS_EFFECT,EFF_01253,清热,EFF,20
HER_01878,知母,HER,HAS_EFFECT,EFF_01259,滋阴,EFF,4
HER_01878,知母,HER,HAS_EFFECT,EFF_01265,养阴,EFF,5
HER_01930,猪苓,HER,HAS_EFFECT,EFF_01262,健脾益气,EFF,2
HER_01930,猪苓,HER,HAS_EFFECT,EFF_01267,凉血止血,EFF,3
HER_01930,猪苓,HER,HAS_EFFECT,EFF_01253,清热,EFF,9
HER_01930,猪苓,HER,HAS_EFFECT,EFF_01259,滋阴,EFF,2
HER_01930,猪苓,HER,HAS_EFFECT,EFF_01336,润肠通便,EFF,2
HER_01930,猪苓,HER,HAS_EFFECT,EFF_01265,养阴,EFF,3
HER_02056,旱莲草,HER,HAS_EFFECT,EFF_01283,滋补肝肾,EFF,2
HER_02056,旱莲草,HER,HAS_EFFECT,EFF_01253,清热,EFF,2
HER_02056,旱莲草,HER,HAS_EFFECT,EFF_01278,安神,EFF,2
HER_02056,旱莲草,HER,HAS_EFFECT,EFF_01259,滋阴,EFF,2
HER_02056,旱莲草,HER,HAS_EFFECT,EFF_01336,润肠通便,EFF,2
HER_01971,花粉,HER,HAS_EFFECT,EFF_01253,清热,EFF,3
HER_01971,花粉,HER,HAS_EFFECT,EFF_01278,安神,EFF,2
HER_01971,花粉,HER,HAS_EFFECT,EFF_01265,养阴,EFF,2
HER_01953,芦根,HER,RELIEVES,SYM_03464,小便短赤,SYM,2
HER_01953,芦根,HER,RELIEVES,SYM_04039,齿鼻衄血,SYM,2
HER_01953,芦根,HER,RELIEVES,SYM_03477,大便干结,SYM,3
HER_01986,肉苁蓉,HER,RELIEVES,SYM_03477,大便干结,SYM,2
HER_01862,黄芪,HER,RELIEVES,SYM_03582,皮肤瘙痒,SYM,2
HER_01862,黄芪,HER,RELIEVES,SYM_03477,大便干结,SYM,2
HER_02263,桑椹,HER,RELIEVES,SYM_03477,大便干结,SYM,2
HER_01873,泽泻,HER,RELIEVES,SYM_04039,齿鼻衄血,SYM,2
HER_01873,泽泻,HER,RELIEVES,SYM_03606,低热,SYM,3
HER_01873,泽泻,HER,RELIEVES,SYM_03477,大便干结,SYM,5
HER_01871,赤芍,HER,RELIEVES,SYM_03477,大便干结,SYM,2
HER_01970,枣仁,HER,RELIEVES,SYM_03477,大便干结,SYM,2
HER_01887,枳实,HER,RELIEVES,SYM_03464,小便短赤,SYM,2
HER_02059,火麻仁,HER,RELIEVES,SYM_03606,低热,SYM,2
HER_02059,火麻仁,HER,RELIEVES,SYM_03477,大便干结,SYM,3
HER_01855,茯苓,HER,RELIEVES,SYM_04039,齿鼻衄血,SYM,2
HER_01855,茯苓,HER,RELIEVES,SYM_03477,大便干结,SYM,4
HER_01860,白芍,HER,RELIEVES,SYM_03606,低热,SYM,3
HER_01860,白芍,HER,RELIEVES,SYM_03582,皮肤瘙痒,SYM,2
HER_01860,白芍,HER,RELIEVES,SYM_03477,大便干结,SYM,2
HER_01982,女贞子,HER,RELIEVES,SYM_03606,低热,SYM,2
HER_01982,女贞子,HER,RELIEVES,SYM_03477,大便干结,SYM,3
HER_01925,枸杞子,HER,RELIEVES,SYM_04039,齿鼻衄血,SYM,2
HER_01872,栀子,HER,RELIEVES,SYM_03464,小便短赤,SYM,3
HER_01859,柴胡,HER,RELIEVES,SYM_03464,小便短赤,SYM,2
HER_01859,柴胡,HER,RELIEVES,SYM_03582,皮肤瘙痒,SYM,3
HER_01859,柴胡,HER,RELIEVES,SYM_03477,大便干结,SYM,4
HER_01964,紫草,HER,RELIEVES,SYM_03477,大便干结,SYM,2
HER_01876,厚朴,HER,RELIEVES,SYM_03582,皮肤瘙痒,SYM,2
HER_01876,厚朴,HER,RELIEVES,SYM_03477,大便干结,SYM,2
HER_01959,通草,HER,RELIEVES,SYM_03477,大便干结,SYM,2
HER_01884,山药,HER,RELIEVES,SYM_03606,低热,SYM,3
HER_01884,山药,HER,RELIEVES,SYM_03477,大便干结,SYM,4
HER_01919,山茱萸,HER,RELIEVES,SYM_04039,齿鼻衄血,SYM,2
HER_01919,山茱萸,HER,RELIEVES,SYM_03477,大便干结,SYM,2
HER_01905,香附,HER,RELIEVES,SYM_03477,大便干结,SYM,2
HER_01883,生地,HER,RELIEVES,SYM_03477,大便干结,SYM,2
HER_01927,石斛,HER,RELIEVES,SYM_04039,齿鼻衄血,SYM,2
HER_01878,知母,HER,RELIEVES,SYM_03477,大便干结,SYM,3
HER_01930,猪苓,HER,RELIEVES,SYM_04039,齿鼻衄血,SYM,2
HER_01930,猪苓,HER,RELIEVES,SYM_03477,大便干结,SYM,3
HER_02056,旱莲草,HER,RELIEVES,SYM_03477,大便干结,SYM,2
PRE_02479,补中益气汤,PRE,CONTAINS,HER_01886,丹参,HER,2
PRE_02479,补中益气汤,PRE,CONTAINS,HER_01891,郁金,HER,2
PRE_02479,补中益气汤,PRE,CONTAINS,HER_01905,香附,HER,2
PRE_02479,补中益气汤,PRE,CONTAINS,HER_01867,麦冬,HER,3
PRE_02479,补中益气汤,PRE,CONTAINS,HER_01927,石斛,HER,2
PRE_02479,补中益气汤,PRE,CONTAINS,HER_01930,猪苓,HER,3
PRE_02626,生脉饮,PRE,CONTAINS,HER_01862,黄芪,HER,3
PRE_02626,生脉饮,PRE,CONTAINS,HER_01857,白术,HER,2
PRE_02626,生脉饮,PRE,CONTAINS,HER_01867,麦冬,HER,3
PRE_02626,生脉饮,PRE,CONTAINS,HER_01927,石斛,HER,2
HER_01862,黄芪,HER,HAS_EFFECT,EFF_01272,解郁,EFF,2
HER_01909,葛根,HER,HAS_EFFECT,EFF_01266,益气养阴,EFF,2
HER_01909,葛根,HER,HAS_EFFECT,EFF_01254,健脾,EFF,2
HER_02115,谷芽,HER,HAS_EFFECT,EFF_01254,健脾,EFF,5
HER_02115,谷芽,HER,HAS_EFFECT,EFF_01272,解郁,EFF,2
HER_02115,谷芽,HER,HAS_EFFECT,EFF_01253,清热,EFF,2
HER_01887,枳实,HER,HAS_EFFECT,EFF_01266,益气养阴,EFF,2
HER_01886,丹参,HER,HAS_EFFECT,EFF_01266,益气养阴,EFF,4
HER_01886,丹参,HER,HAS_EFFECT,EFF_01272,解郁,EFF,2
HER_01857,白术,HER,HAS_EFFECT,EFF_01272,解郁,EFF,4
HER_01975,麦芽,HER,HAS_EFFECT,EFF_01272,解郁,EFF,2
HER_01982,女贞子,HER,HAS_EFFECT,EFF_01266,益气养阴,EFF,2
HER_01982,女贞子,HER,HAS_EFFECT,EFF_01254,健脾,EFF,2
HER_01977,玉竹,HER,HAS_EFFECT,EFF_01253,清热,EFF,4
HER_01891,郁金,HER,HAS_EFFECT,EFF_01254,健脾,EFF,7
HER_01891,郁金,HER,HAS_EFFECT,EFF_01272,解郁,EFF,5
HER_01891,郁金,HER,HAS_EFFECT,EFF_01327,行气活血,EFF,2
HER_01859,柴胡,HER,HAS_EFFECT,EFF_01272,解郁,EFF,6
HER_01859,柴胡,HER,HAS_EFFECT,EFF_01327,行气活血,EFF,2
HER_01861,黄连,HER,HAS_EFFECT,EFF_01266,益气养阴,EFF,2
HER_01879,党参,HER,HAS_EFFECT,EFF_01272,解郁,EFF,3
HER_02003,蒲黄,HER,HAS_EFFECT,EFF_01266,益气养阴,EFF,2
HER_02003,蒲黄,HER,HAS_EFFECT,EFF_01254,健脾,EFF,2
HER_02003,蒲黄,HER,HAS_EFFECT,EFF_01253,清热,EFF,3
HER_01864,陈皮,HER,HAS_EFFECT,EFF_01272,解郁,EFF,4
HER_01920,瓜蒌,HER,HAS_EFFECT,EFF_01266,益气养阴,EFF,2
HER_01884,山药,HER,HAS_EFFECT,EFF_01266,益气养阴,EFF,4
HER_01933,蒲公英,HER,HAS_EFFECT,EFF_01266,益气养阴,EFF,2
HER_01933,蒲公英,HER,HAS_EFFECT,EFF_01253,清热,EFF,13
HER_01905,香附,HER,HAS_EFFECT,EFF_01266,益气养阴,EFF,2
HER_01905,香附,HER,HAS_EFFECT,EFF_01272,解郁,EFF,6
HER_01867,麦冬,HER,HAS_EFFECT,EFF_01266,益气养阴,EFF,10
HER_01867,麦冬,HER,HAS_EFFECT,EFF_01254,健脾,EFF,5
HER_01867,麦冬,HER,HAS_EFFECT,EFF_01253,清热,EFF,14
HER_01927,石斛,HER,HAS_EFFECT,EFF_01266,益气养阴,EFF,3
HER_01930,猪苓,HER,HAS_EFFECT,EFF_01254,健脾,EFF,5
HER_02056,旱莲草,HER,HAS_EFFECT,EFF_01266,益气养阴,EFF,2
HER_02056,旱莲草,HER,HAS_EFFECT,EFF_01254,健脾,EFF,2
HER_01857,白术,HER,RELIEVES,SYM_03477,大便干结,SYM,2
HER_01975,麦芽,HER,RELIEVES,SYM_03477,大便干结,SYM,2
HER_01891,郁金,HER,RELIEVES,SYM_03477,大便干结,SYM,2
HER_01879,党参,HER,RELIEVES,SYM_03477,大便干结,SYM,2
HER_01864,陈皮,HER,RELIEVES,SYM_03477,大便干结,SYM,2
HER_01922,升麻,HER,RELIEVES,SYM_03477,大便干结,SYM,2
PRE_02480,苍术,PRE,CONTAINS,HER_02007,扁豆,HER,2
PRE_02480,苍术,PRE,CONTAINS,HER_01893,干姜,HER,5
PRE_02480,苍术,PRE,CONTAINS,HER_01886,丹参,HER,6
PRE_02480,苍术,PRE,CONTAINS,HER_01875,附子,HER,5
PRE_02480,苍术,PRE,CONTAINS,HER_01877,桃仁,HER,7
PRE_02480,苍术,PRE,CONTAINS,HER_01947,藿香,HER,2
PRE_02480,苍术,PRE,CONTAINS,HER_01891,郁金,HER,7
PRE_02480,苍术,PRE,CONTAINS,HER_01897,红花,HER,7
PRE_02480,苍术,PRE,CONTAINS,HER_01910,牡蛎,HER,2
PRE_02480,苍术,PRE,CONTAINS,HER_01879,党参,HER,8
PRE_02480,苍术,PRE,CONTAINS,HER_02046,橘红,HER,2
PRE_02480,苍术,PRE,CONTAINS,HER_01918,砂仁,HER,7
PRE_02480,苍术,PRE,CONTAINS,HER_02034,没药,HER,4
PRE_02550,导痰汤,PRE,CONTAINS,HER_01871,赤芍,HER,2
PRE_02550,导痰汤,PRE,CONTAINS,HER_01877,桃仁,HER,2
PRE_02550,导痰汤,PRE,CONTAINS,HER_01897,红花,HER,2
PRE_02550,导痰汤,PRE,CONTAINS,HER_01856,当归,HER,2
PRE_02550,导痰汤,PRE,CONTAINS,HER_01866,川芎,HER,3
PRE_02480,苍术,PRE,TREATS,SYM_03458,恶心呕吐,SYM,4
HER_01862,黄芪,HER,HAS_EFFECT,EFF_01348,软坚散结,EFF,3
HER_01862,黄芪,HER,HAS_EFFECT,EFF_01269,和胃降逆,EFF,2
HER_02007,扁豆,HER,HAS_EFFECT,EFF_01262,健脾益气,EFF,2
HER_01893,干姜,HER,HAS_EFFECT,EFF_01348,软坚散结,EFF,3
HER_01893,干姜,HER,HAS_EFFECT,EFF_01262,健脾益气,EFF,2
HER_01893,干姜,HER,HAS_EFFECT,EFF_01254,健脾,EFF,6
HER_01979,豆蔻,HER,HAS_EFFECT,EFF_01348,软坚散结,EFF,2
HER_01979,豆蔻,HER,HAS_EFFECT,EFF_01262,健脾益气,EFF,3
HER_01886,丹参,HER,HAS_EFFECT,EFF_01348,软坚散结,EFF,3
HER_01886,丹参,HER,HAS_EFFECT,EFF_01262,健脾益气,EFF,3
HER_01857,白术,HER,HAS_EFFECT,EFF_01348,软坚散结,EFF,3
HER_01875,附子,HER,HAS_EFFECT,EFF_01348,软坚散结,EFF,2
HER_01875,附子,HER,HAS_EFFECT,EFF_01269,和胃降逆,EFF,2
HER_01877,桃仁,HER,HAS_EFFECT,EFF_01348,软坚散结,EFF,2
HER_01877,桃仁,HER,HAS_EFFECT,EFF_01392,化瘀祛痰,EFF,2
HER_01854,甘草,HER,HAS_EFFECT,EFF_01348,软坚散结,EFF,2
HER_01855,茯苓,HER,HAS_EFFECT,EFF_01348,软坚散结,EFF,3
HER_01947,藿香,HER,HAS_EFFECT,EFF_01348,软坚散结,EFF,2
HER_01947,藿香,HER,HAS_EFFECT,EFF_01262,健脾益气,EFF,2
HER_01947,藿香,HER,HAS_EFFECT,EFF_01254,健脾,EFF,2
HER_01947,藿香,HER,HAS_EFFECT,EFF_01269,和胃降逆,EFF,3
HER_01891,郁金,HER,HAS_EFFECT,EFF_01348,软坚散结,EFF,3
HER_01891,郁金,HER,HAS_EFFECT,EFF_01262,健脾益气,EFF,4
HER_01891,郁金,HER,HAS_EFFECT,EFF_01392,化瘀祛痰,EFF,2
HER_01897,红花,HER,HAS_EFFECT,EFF_01348,软坚散结,EFF,2
HER_01897,红花,HER,HAS_EFFECT,EFF_01262,健脾益气,EFF,2
HER_01897,红花,HER,HAS_EFFECT,EFF_01269,和胃降逆,EFF,2
HER_01868,半夏,HER,HAS_EFFECT,EFF_01348,软坚散结,EFF,3
HER_01910,牡蛎,HER,HAS_EFFECT,EFF_01254,健脾,EFF,3
HER_01910,牡蛎,HER,HAS_EFFECT,EFF_01392,化瘀祛痰,EFF,2
HER_01879,党参,HER,HAS_EFFECT,EFF_01348,软坚散结,EFF,3
HER_01879,党参,HER,HAS_EFFECT,EFF_01269,和胃降逆,EFF,2
HER_01856,当归,HER,HAS_EFFECT,EFF_01348,软坚散结,EFF,3
HER_01954,鳖甲,HER,HAS_EFFECT,EFF_01348,软坚散结,EFF,2
HER_01866,川芎,HER,HAS_EFFECT,EFF_01348,软坚散结,EFF,3
HER_01866,川芎,HER,HAS_EFFECT,EFF_01262,健脾益气,EFF,3
HER_01866,川芎,HER,HAS_EFFECT,EFF_01269,和胃降逆,EFF,3
HER_01866,川芎,HER,HAS_EFFECT,EFF_01392,化瘀祛痰,EFF,2
HER_01876,厚朴,HER,HAS_EFFECT,EFF_01348,软坚散结,EFF,3
HER_01918,砂仁,HER,HAS_EFFECT,EFF_01348,软坚散结,EFF,2
HER_01905,香附,HER,HAS_EFFECT,EFF_01348,软坚散结,EFF,2
HER_01905,香附,HER,HAS_EFFECT,EFF_01269,和胃降逆,EFF,2
HER_01862,黄芪,HER,RELIEVES,SYM_04324,畏寒肢冷,SYM,2
HER_01862,黄芪,HER,RELIEVES,SYM_03458,恶心呕吐,SYM,5
HER_01893,干姜,HER,RELIEVES,SYM_04324,畏寒肢冷,SYM,3
HER_01979,豆蔻,HER,RELIEVES,SYM_03458,恶心呕吐,SYM,3
HER_01886,丹参,HER,RELIEVES,SYM_03458,恶心呕吐,SYM,2
HER_01886,丹参,HER,RELIEVES,SYM_04372,胁肋刺痛,SYM,2
HER_01857,白术,HER,RELIEVES,SYM_04324,畏寒肢冷,SYM,2
HER_01857,白术,HER,RELIEVES,SYM_04372,胁肋刺痛,SYM,2
HER_01875,附子,HER,RELIEVES,SYM_04324,畏寒肢冷,SYM,3
HER_01877,桃仁,HER,RELIEVES,SYM_04372,胁肋刺痛,SYM,2
HER_01854,甘草,HER,RELIEVES,SYM_04324,畏寒肢冷,SYM,3
HER_01855,茯苓,HER,RELIEVES,SYM_04324,畏寒肢冷,SYM,2
HER_01898,生姜,HER,RELIEVES,SYM_03458,恶心呕吐,SYM,2
HER_01947,藿香,HER,RELIEVES,SYM_03458,恶心呕吐,SYM,2
HER_01897,红花,HER,RELIEVES,SYM_04372,胁肋刺痛,SYM,2
HER_01910,牡蛎,HER,RELIEVES,SYM_03458,恶心呕吐,SYM,2
HER_01879,党参,HER,RELIEVES,SYM_04324,畏寒肢冷,SYM,2
HER_01879,党参,HER,RELIEVES,SYM_04372,胁肋刺痛,SYM,2
HER_01856,当归,HER,RELIEVES,SYM_04324,畏寒肢冷,SYM,2
HER_01866,川芎,HER,RELIEVES,SYM_04372,胁肋刺痛,SYM,2
HER_01905,香附,HER,RELIEVES,SYM_04372,胁肋刺痛,SYM,2
PRE_02571,四神丸,PRE,CONTAINS,HER_01855,茯苓,HER,2
PRE_02480,苍术,PRE,CONTAINS,HER_01912,肉桂,HER,4
PRE_02480,苍术,PRE,CONTAINS,HER_02102,丁香,HER,2
PRE_02480,苍术,PRE,CONTAINS,HER_02073,姜黄,HER,3
HER_01912,肉桂,HER,RELIEVES,SYM_03458,恶心呕吐,SYM,3
HER_02102,丁香,HER,RELIEVES,SYM_03458,恶心呕吐,SYM,2
PRE_02484,五苓散,PRE,CONTAINS,HER_01859,柴胡,HER,3
PRE_02484,五苓散,PRE,CONTAINS,HER_01902,车前子,HER,5
PRE_02484,五苓散,PRE,CONTAINS,HER_01870,杏仁,HER,2
PRE_02636,麻黄连翘赤小豆汤,PRE,CONTAINS,HER_02066,赤小豆,HER,2
PRE_02636,麻黄连翘赤小豆汤,PRE,CONTAINS,HER_01921,麻黄,HER,2
PRE_02636,麻黄连翘赤小豆汤,PRE,CONTAINS,HER_01865,连翘,HER,2
PRE_02636,麻黄连翘赤小豆汤,PRE,CONTAINS,HER_01870,杏仁,HER,2
PRE_02632,茵陈汤,PRE,CONTAINS,HER_01855,茯苓,HER,2
PRE_02480,苍术,PRE,CONTAINS,HER_02042,秦艽,HER,2
PRE_02480,苍术,PRE,CONTAINS,HER_01976,茵陈,HER,3
PRE_02486,理中汤,PRE,CONTAINS,HER_01976,茵陈,HER,3
PRE_02488,八珍汤,PRE,CONTAINS,HER_01862,黄芪,HER,6
PRE_02488,八珍汤,PRE,CONTAINS,HER_01885,牡丹皮,HER,2
PRE_02488,八珍汤,PRE,CONTAINS,HER_02075,茜草,HER,2
PRE_02488,八珍汤,PRE,CONTAINS,HER_01912,肉桂,HER,2
PRE_02488,八珍汤,PRE,CONTAINS,HER_01857,白术,HER,11
PRE_02488,八珍汤,PRE,CONTAINS,HER_02031,三七粉,HER,2
PRE_02488,八珍汤,PRE,CONTAINS,HER_01860,白芍,HER,10
PRE_02488,八珍汤,PRE,CONTAINS,HER_01855,茯苓,HER,12
PRE_02488,八珍汤,PRE,CONTAINS,HER_01879,党参,HER,8
PRE_02488,八珍汤,PRE,CONTAINS,HER_01856,当归,HER,11
PRE_02488,八珍汤,PRE,CONTAINS,HER_01927,石斛,HER,2
PRE_02488,八珍汤,PRE,CONTAINS,HER_01934,槟榔,HER,2
PRE_02488,八珍汤,PRE,CONTAINS,HER_01963,白茅根,HER,2
PRE_02488,八珍汤,PRE,CONTAINS,HER_01866,川芎,HER,8
HER_01885,牡丹皮,HER,HAS_EFFECT,EFF_01255,益气,EFF,4
HER_01885,牡丹皮,HER,HAS_EFFECT,EFF_01259,滋阴,EFF,7
HER_02075,茜草,HER,HAS_EFFECT,EFF_01257,活血化瘀,EFF,3
HER_02075,茜草,HER,HAS_EFFECT,EFF_01295,化瘀止血,EFF,2
HER_01873,泽泻,HER,HAS_EFFECT,EFF_01331,利水消肿,EFF,3
HER_01873,泽泻,HER,HAS_EFFECT,EFF_01295,化瘀止血,EFF,2
HER_01912,肉桂,HER,HAS_EFFECT,EFF_01331,利水消肿,EFF,2
HER_01912,肉桂,HER,HAS_EFFECT,EFF_01259,滋阴,EFF,2
HER_01973,莪术,HER,HAS_EFFECT,EFF_01255,益气,EFF,2
HER_01973,莪术,HER,HAS_EFFECT,EFF_01257,活血化瘀,EFF,6
HER_01857,白术,HER,HAS_EFFECT,EFF_01331,利水消肿,EFF,3
HER_01857,白术,HER,HAS_EFFECT,EFF_01259,滋阴,EFF,3
HER_01875,附子,HER,HAS_EFFECT,EFF_01331,利水消肿,EFF,3
HER_01875,附子,HER,HAS_EFFECT,EFF_01259,滋阴,EFF,2
HER_01860,白芍,HER,HAS_EFFECT,EFF_01331,利水消肿,EFF,2
HER_01855,茯苓,HER,HAS_EFFECT,EFF_01331,利水消肿,EFF,3
HER_01855,茯苓,HER,HAS_EFFECT,EFF_01295,化瘀止血,EFF,3
HER_01872,栀子,HER,HAS_EFFECT,EFF_01257,活血化瘀,EFF,5
HER_01879,党参,HER,HAS_EFFECT,EFF_01331,利水消肿,EFF,2
HER_01927,石斛,HER,HAS_EFFECT,EFF_01257,活血化瘀,EFF,2
HER_01934,槟榔,HER,HAS_EFFECT,EFF_01255,益气,EFF,3
HER_01934,槟榔,HER,HAS_EFFECT,EFF_01257,活血化瘀,EFF,2
HER_01934,槟榔,HER,HAS_EFFECT,EFF_01295,化瘀止血,EFF,2
HER_01963,白茅根,HER,HAS_EFFECT,EFF_01259,滋阴,EFF,3
HER_01913,沙参,HER,HAS_EFFECT,EFF_01259,滋阴,EFF,7
HER_01866,川芎,HER,HAS_EFFECT,EFF_01255,益气,EFF,9
HER_01866,川芎,HER,HAS_EFFECT,EFF_01295,化瘀止血,EFF,2
HER_01866,川芎,HER,HAS_EFFECT,EFF_01259,滋阴,EFF,5
HER_01885,牡丹皮,HER,RELIEVES,SYM_03577,鼻衄,SYM,2
HER_02075,茜草,HER,RELIEVES,SYM_03577,鼻衄,SYM,2
HER_02031,三七粉,HER,RELIEVES,SYM_03577,鼻衄,SYM,2
HER_01860,白芍,HER,RELIEVES,SYM_03577,鼻衄,SYM,2
HER_01872,栀子,HER,RELIEVES,SYM_03577,鼻衄,SYM,2
HER_01963,白茅根,HER,RELIEVES,SYM_03577,鼻衄,SYM,2
PRE_02480,苍术,PRE,CONTAINS,HER_02032,乌药,HER,3
PRE_02480,苍术,PRE,TREATS,SYM_04436,食滞,SYM,2
HER_01857,白术,HER,HAS_EFFECT,EFF_01324,理气化痰,EFF,3
HER_01868,半夏,HER,HAS_EFFECT,EFF_01324,理气化痰,EFF,2
HER_01876,厚朴,HER,HAS_EFFECT,EFF_01324,理气化痰,EFF,2
HER_01855,茯苓,HER,HAS_EFFECT,EFF_01324,理气化痰,EFF,4
HER_01864,陈皮,HER,HAS_EFFECT,EFF_01324,理气化痰,EFF,4
HER_01894,木香,HER,RELIEVES,SYM_04436,食滞,SYM,2
HER_01939,山楂,HER,RELIEVES,SYM_04436,食滞,SYM,2
HER_01876,厚朴,HER,RELIEVES,SYM_04436,食滞,SYM,2
HER_01855,茯苓,HER,RELIEVES,SYM_04436,食滞,SYM,2
HER_01864,陈皮,HER,RELIEVES,SYM_04436,食滞,SYM,2
HER_01934,槟榔,HER,RELIEVES,SYM_04436,食滞,SYM,2
PRE_02485,逍遥散,PRE,CONTAINS,HER_01891,郁金,HER,5
PRE_02485,逍遥散,PRE,CONTAINS,HER_01894,木香,HER,4
PRE_02485,逍遥散,PRE,CONTAINS,HER_01877,桃仁,HER,2
PRE_02485,逍遥散,PRE,CONTAINS,HER_01890,薄荷,HER,4
PRE_02485,逍遥散,PRE,CONTAINS,HER_01866,川芎,HER,5
PRE_02485,逍遥散,PRE,CONTAINS,HER_01876,厚朴,HER,2
PRE_02485,逍遥散,PRE,CONTAINS,HER_02044,延胡索,HER,3
PRE_02485,逍遥散,PRE,CONTAINS,HER_01860,白芍,HER,9
PRE_02485,逍遥散,PRE,CONTAINS,HER_01859,柴胡,HER,12
PRE_02485,逍遥散,PRE,CONTAINS,HER_01874,枳壳,HER,3
PRE_02485,逍遥散,PRE,CONTAINS,HER_01856,当归,HER,8
PRE_02485,逍遥散,PRE,CONTAINS,HER_01968,青皮,HER,3
PRE_02485,逍遥散,PRE,CONTAINS,HER_01864,陈皮,HER,5
PRE_02480,苍术,PRE,CONTAINS,HER_01890,薄荷,HER,3
PRE_02480,苍术,PRE,CONTAINS,HER_02044,延胡索,HER,2
PRE_02480,苍术,PRE,CONTAINS,HER_01968,青皮,HER,4
PRE_02480,苍术,PRE,CONTAINS,HER_01973,莪术,HER,2
HER_01894,木香,HER,HAS_EFFECT,EFF_01293,顺气,EFF,2
HER_01877,桃仁,HER,HAS_EFFECT,EFF_01293,顺气,EFF,2
HER_01890,薄荷,HER,HAS_EFFECT,EFF_01342,理气止痛,EFF,2
HER_01890,薄荷,HER,HAS_EFFECT,EFF_01279,疏肝解郁,EFF,2
HER_02044,延胡索,HER,HAS_EFFECT,EFF_01293,顺气,EFF,2
HER_02044,延胡索,HER,HAS_EFFECT,EFF_01257,活血化瘀,EFF,4
HER_01860,白芍,HER,HAS_EFFECT,EFF_01342,理气止痛,EFF,2
HER_01874,枳壳,HER,HAS_EFFECT,EFF_01293,顺气,EFF,2
HER_01968,青皮,HER,HAS_EFFECT,EFF_01279,疏肝解郁,EFF,2
PRE_02796,中满分消丸,PRE,CONTAINS,HER_01976,茵陈,HER,2
PRE_02796,中满分消丸,PRE,CONTAINS,HER_01876,厚朴,HER,2
PRE_02796,中满分消丸,PRE,CONTAINS,HER_01872,栀子,HER,2
PRE_02796,中满分消丸,PRE,CONTAINS,HER_01855,茯苓,HER,2
PRE_02796,中满分消丸,PRE,CONTAINS,HER_01861,黄连,HER,2
PRE_02796,中满分消丸,PRE,CONTAINS,HER_01873,泽泻,HER,2
PRE_02796,中满分消丸,PRE,CONTAINS,HER_01869,大黄,HER,2
PRE_02796,中满分消丸,PRE,CONTAINS,HER_01858,黄芩,HER,2
PRE_02796,中满分消丸,PRE,CONTAINS,HER_01864,陈皮,HER,2
PRE_02796,中满分消丸,PRE,CONTAINS,HER_01878,知母,HER,2
PRE_02796,中满分消丸,PRE,CONTAINS,HER_01930,猪苓,HER,2
HER_01976,茵陈,HER,HAS_EFFECT,EFF_01253,清热,EFF,7
PRE_02528,柴胡疏肝散,PRE,CONTAINS,HER_01857,白术,HER,3
PRE_02528,柴胡疏肝散,PRE,CONTAINS,HER_01855,茯苓,HER,5
PRE_02528,柴胡疏肝散,PRE,CONTAINS,HER_01879,党参,HER,2
PRE_02528,柴胡疏肝散,PRE,CONTAINS,HER_01887,枳实,HER,3
PRE_02495,四君子汤,PRE,CONTAINS,HER_01879,党参,HER,6
PRE_02495,四君子汤,PRE,CONTAINS,HER_01864,陈皮,HER,4
PRE_02562,济生肾气丸,PRE,CONTAINS,HER_01875,附子,HER,7
PRE_02562,济生肾气丸,PRE,CONTAINS,HER_01857,白术,HER,3
PRE_02562,济生肾气丸,PRE,CONTAINS,HER_01880,桂枝,HER,2
PRE_02562,济生肾气丸,PRE,CONTAINS,HER_01854,甘草,HER,3
PRE_02562,济生肾气丸,PRE,CONTAINS,HER_01855,茯苓,HER,7
PRE_02562,济生肾气丸,PRE,CONTAINS,HER_01873,泽泻,HER,7
PRE_02562,济生肾气丸,PRE,CONTAINS,HER_01879,党参,HER,3
PRE_02562,济生肾气丸,PRE,CONTAINS,HER_01893,干姜,HER,2
PRE_02562,济生肾气丸,PRE,CONTAINS,HER_01886,丹参,HER,3
PRE_02779,附子理中丸,PRE,CONTAINS,HER_01855,茯苓,HER,2
PRE_02779,附子理中丸,PRE,CONTAINS,HER_01873,泽泻,HER,2
PRE_02779,附子理中丸,PRE,CONTAINS,HER_01879,党参,HER,2
PRE_02779,附子理中丸,PRE,CONTAINS,HER_01893,干姜,HER,2
PRE_02779,附子理中丸,PRE,CONTAINS,HER_01930,猪苓,HER,2
HER_01873,泽泻,HER,HAS_EFFECT,EFF_01282,温补脾肾,EFF,4
HER_01930,猪苓,HER,HAS_EFFECT,EFF_01282,温补脾肾,EFF,2
CAU_00012,阴虚,CAU,CAUSES,SYM_03430,耳鸣,SYM,4
PRE_02489,六味地黄丸,PRE,CONTAINS,HER_01896,玄参,HER,3
PRE_02489,六味地黄丸,PRE,CONTAINS,HER_01873,泽泻,HER,9
PRE_02489,六味地黄丸,PRE,CONTAINS,HER_02068,龟甲,HER,2
PRE_02489,六味地黄丸,PRE,CONTAINS,HER_01911,生地黄,HER,3
PRE_02489,六味地黄丸,PRE,CONTAINS,HER_01855,茯苓,HER,12
PRE_02489,六味地黄丸,PRE,CONTAINS,HER_01925,枸杞子,HER,3
PRE_02489,六味地黄丸,PRE,CONTAINS,HER_01910,牡蛎,HER,3
PRE_02489,六味地黄丸,PRE,CONTAINS,HER_01963,白茅根,HER,2
PRE_02489,六味地黄丸,PRE,CONTAINS,HER_01913,沙参,HER,2
PRE_02489,六味地黄丸,PRE,CONTAINS,HER_01919,山茱萸,HER,10
PRE_02489,六味地黄丸,PRE,CONTAINS,HER_01867,麦冬,HER,5
PRE_02489,六味地黄丸,PRE,CONTAINS,HER_01930,猪苓,HER,3
HER_01896,玄参,HER,HAS_EFFECT,EFF_01267,凉血止血,EFF,4
HER_01896,玄参,HER,HAS_EFFECT,EFF_01286,养阴生津,EFF,3
HER_01896,玄参,HER,HAS_EFFECT,EFF_01259,滋阴,EFF,5
HER_01896,玄参,HER,HAS_EFFECT,EFF_01265,养阴,EFF,4
HER_02068,龟甲,HER,HAS_EFFECT,EFF_01259,滋阴,EFF,2
HER_01955,仙鹤草,HER,HAS_EFFECT,EFF_01259,滋阴,EFF,3
HER_01886,丹参,HER,HAS_EFFECT,EFF_01267,凉血止血,EFF,2
HER_01911,生地黄,HER,HAS_EFFECT,EFF_01265,养阴,EFF,4
HER_01855,茯苓,HER,HAS_EFFECT,EFF_01286,养阴生津,EFF,2
HER_01967,益母草,HER,HAS_EFFECT,EFF_01267,凉血止血,EFF,2
HER_01967,益母草,HER,HAS_EFFECT,EFF_01286,养阴生津,EFF,2
HER_01967,益母草,HER,HAS_EFFECT,EFF_01259,滋阴,EFF,2
HER_01967,益母草,HER,HAS_EFFECT,EFF_01265,养阴,EFF,2
HER_02065,藕节,HER,HAS_EFFECT,EFF_01267,凉血止血,EFF,3
HER_01927,石斛,HER,HAS_EFFECT,EFF_01286,养阴生津,EFF,5
HER_01963,白茅根,HER,HAS_EFFECT,EFF_01265,养阴,EFF,2
HER_01913,沙参,HER,HAS_EFFECT,EFF_01265,养阴,EFF,3
HER_01954,鳖甲,HER,HAS_EFFECT,EFF_01259,滋阴,EFF,2
HER_01954,鳖甲,HER,HAS_EFFECT,EFF_01265,养阴,EFF,4
HER_01867,麦冬,HER,HAS_EFFECT,EFF_01259,滋阴,EFF,11
HER_01873,泽泻,HER,RELIEVES,SYM_03545,小便短少,SYM,2
HER_02068,龟甲,HER,RELIEVES,SYM_03430,耳鸣,SYM,2
HER_01911,生地黄,HER,RELIEVES,SYM_03430,耳鸣,SYM,2
HER_01855,茯苓,HER,RELIEVES,SYM_03430,耳鸣,SYM,2
HER_01855,茯苓,HER,RELIEVES,SYM_03545,小便短少,SYM,2
HER_01925,枸杞子,HER,RELIEVES,SYM_03430,耳鸣,SYM,2
HER_01930,猪苓,HER,RELIEVES,SYM_03545,小便短少,SYM,2
HER_01963,白茅根,HER,RELIEVES,SYM_03477,大便干结,SYM,2
HER_01869,大黄,HER,RELIEVES,SYM_03477,大便干结,SYM,5
HER_01858,黄芩,HER,RELIEVES,SYM_03477,大便干结,SYM,4
CAU_00024,阳虚,CAU,CAUSES,SYM_03460,面色苍白,SYM,2
PRE_02484,五苓散,PRE,CONTAINS,HER_01857,白术,HER,6
PRE_02484,五苓散,PRE,CONTAINS,HER_01875,附子,HER,2
PRE_02484,五苓散,PRE,CONTAINS,HER_01862,黄芪,HER,3
PRE_02484,五苓散,PRE,CONTAINS,HER_01884,山药,HER,2
PRE_02484,五苓散,PRE,CONTAINS,HER_01912,肉桂,HER,3
HER_01875,附子,HER,HAS_EFFECT,EFF_01291,温补肾阳,EFF,2
HER_02078,仙灵,HER,HAS_EFFECT,EFF_01255,益气,EFF,3
HER_02078,仙灵,HER,HAS_EFFECT,EFF_01254,健脾,EFF,2
HER_02078,仙灵,HER,HAS_EFFECT,EFF_01291,温补肾阳,EFF,2
HER_01899,苡仁,HER,HAS_EFFECT,EFF_01291,温补肾阳,EFF,2
HER_01873,泽泻,HER,HAS_EFFECT,EFF_01254,健脾,EFF,11
HER_01912,肉桂,HER,HAS_EFFECT,EFF_01291,温补肾阳,EFF,2
HER_02147,仙茅,HER,HAS_EFFECT,EFF_01255,益气,EFF,3
HER_01857,白术,HER,RELIEVES,SYM_03460,面色苍白,SYM,2
HER_01862,黄芪,HER,RELIEVES,SYM_03460,面色苍白,SYM,2
HER_01855,茯苓,HER,RELIEVES,SYM_03460,面色苍白,SYM,2
HER_01879,党参,HER,RELIEVES,SYM_03460,面色苍白,SYM,2
PRE_02488,八珍汤,PRE,CONTAINS,HER_02061,穿山甲,HER,2
PRE_02488,八珍汤,PRE,CONTAINS,HER_01936,虫,HER,2
PRE_02488,八珍汤,PRE,CONTAINS,HER_01954,鳖甲,HER,3
PRE_02488,八珍汤,PRE,CONTAINS,HER_01869,大黄,HER,2
HER_02138,葶苈子包,HER,HAS_EFFECT,EFF_01307,行气利水,EFF,2
HER_01936,虫,HER,HAS_EFFECT,EFF_01257,活血化瘀,EFF,4
HER_01936,虫,HER,HAS_EFFECT,EFF_01307,行气利水,EFF,2
HER_01855,茯苓,HER,HAS_EFFECT,EFF_01307,行气利水,EFF,4
HER_01856,当归,HER,HAS_EFFECT,EFF_01307,行气利水,EFF,2
HER_01886,丹参,HER,HAS_EFFECT,EFF_01307,行气利水,EFF,2
HER_01902,车前子,HER,HAS_EFFECT,EFF_01254,健脾,EFF,4
HER_01902,车前子,HER,HAS_EFFECT,EFF_01424,温阳化气,EFF,2
HER_01873,泽泻,HER,HAS_EFFECT,EFF_01424,温阳化气,EFF,2
HER_01873,泽泻,HER,HAS_EFFECT,EFF_01307,行气利水,EFF,3
HER_01968,青皮,HER,HAS_EFFECT,EFF_01254,健脾,EFF,2
HER_01857,白术,HER,HAS_EFFECT,EFF_01424,温阳化气,EFF,2
HER_01857,白术,HER,HAS_EFFECT,EFF_01307,行气利水,EFF,2
HER_01880,桂枝,HER,HAS_EFFECT,EFF_01424,温阳化气,EFF,2
HER_01880,桂枝,HER,HAS_EFFECT,EFF_01331,利水消肿,EFF,2
HER_01875,附子,HER,HAS_EFFECT,EFF_01424,温阳化气,EFF,2
HER_01854,甘草,HER,HAS_EFFECT,EFF_01424,温阳化气,EFF,2
HER_01854,甘草,HER,HAS_EFFECT,EFF_01307,行气利水,EFF,2
HER_01854,甘草,HER,HAS_EFFECT,EFF_01359,止咳平喘,EFF,2
HER_01855,茯苓,HER,HAS_EFFECT,EFF_01424,温阳化气,EFF,2
HER_01940,紫苏,HER,HAS_EFFECT,EFF_01307,行气利水,EFF,2
HER_01891,郁金,HER,HAS_EFFECT,EFF_01307,行气利水,EFF,2
HER_01894,木香,HER,HAS_EFFECT,EFF_01307,行气利水,EFF,2
HER_01905,香附,HER,HAS_EFFECT,EFF_01307,行气利水,EFF,2
HER_01930,猪苓,HER,HAS_EFFECT,EFF_01307,行气利水,EFF,2
HER_01930,猪苓,HER,HAS_EFFECT,EFF_01331,利水消肿,EFF,2
PRE_02528,柴胡疏肝散,PRE,CONTAINS,HER_01897,红花,HER,3
PRE_02528,柴胡疏肝散,PRE,CONTAINS,HER_01873,泽泻,HER,2
PRE_02500,血府逐瘀汤,PRE,CONTAINS,HER_01967,益母草,HER,3
PRE_02500,血府逐瘀汤,PRE,CONTAINS,HER_01905,香附,HER,3
PRE_02500,血府逐瘀汤,PRE,CONTAINS,HER_01902,车前子,HER,2
HER_01897,红花,HER,HAS_EFFECT,EFF_01270,疏肝理气,EFF,2
HER_01877,桃仁,HER,HAS_EFFECT,EFF_01270,疏肝理气,EFF,2
HER_01866,川芎,HER,HAS_EFFECT,EFF_01270,疏肝理气,EFF,5
HER_01860,白芍,HER,HAS_EFFECT,EFF_01335,活血祛瘀,EFF,2
HER_01860,白芍,HER,HAS_EFFECT,EFF_01270,疏肝理气,EFF,3
HER_01855,茯苓,HER,HAS_EFFECT,EFF_01335,活血祛瘀,EFF,2
HER_01967,益母草,HER,HAS_EFFECT,EFF_01335,活血祛瘀,EFF,2
HER_01967,益母草,HER,HAS_EFFECT,EFF_01270,疏肝理气,EFF,2
HER_01874,枳壳,HER,HAS_EFFECT,EFF_01270,疏肝理气,EFF,5
HER_01856,当归,HER,HAS_EFFECT,EFF_01270,疏肝理气,EFF,3
HER_01902,车前子,HER,HAS_EFFECT,EFF_01335,活血祛瘀,EFF,2
PRE_02495,四君子汤,PRE,CONTAINS,HER_01866,川芎,HER,2
PRE_02602,补阳还五汤,PRE,CONTAINS,HER_01897,红花,HER,5
PRE_02602,补阳还五汤,PRE,CONTAINS,HER_01877,桃仁,HER,5
PRE_02602,补阳还五汤,PRE,CONTAINS,HER_01866,川芎,HER,5
PRE_02602,补阳还五汤,PRE,CONTAINS,HER_01855,茯苓,HER,2
PRE_02602,补阳还五汤,PRE,CONTAINS,HER_01871,赤芍,HER,5
PRE_02602,补阳还五汤,PRE,CONTAINS,HER_01879,党参,HER,2
PRE_02602,补阳还五汤,PRE,CONTAINS,HER_01856,当归,HER,4
PRE_02481,六君子汤,PRE,CONTAINS,HER_01866,川芎,HER,3
PRE_02481,六君子汤,PRE,CONTAINS,HER_01905,香附,HER,3
PRE_02565,通窍活血汤,PRE,CONTAINS,HER_01897,红花,HER,4
PRE_02565,通窍活血汤,PRE,CONTAINS,HER_01877,桃仁,HER,4
PRE_02565,通窍活血汤,PRE,CONTAINS,HER_01866,川芎,HER,4
PRE_02565,通窍活血汤,PRE,CONTAINS,HER_01871,赤芍,HER,4
PRE_02565,通窍活血汤,PRE,CONTAINS,HER_01946,大枣,HER,3
HER_01897,红花,HER,HAS_EFFECT,EFF_01260,补气,EFF,3
HER_01877,桃仁,HER,HAS_EFFECT,EFF_01260,补气,EFF,3
HER_01866,川芎,HER,HAS_EFFECT,EFF_01260,补气,EFF,7
HER_02017,全蝎,HER,HAS_EFFECT,EFF_01257,活血化瘀,EFF,2
HER_01967,益母草,HER,HAS_EFFECT,EFF_01257,活血化瘀,EFF,4
HER_01871,赤芍,HER,HAS_EFFECT,EFF_01260,补气,EFF,3
HER_02227,蜂房,HER,HAS_EFFECT,EFF_01257,活血化瘀,EFF,3
CAU_00012,阴虚,CAU,CAUSES,SYM_03409,头痛,SYM,3
PRE_02572,天麻钩藤饮,PRE,CONTAINS,HER_01924,钩藤,HER,4
PRE_02572,天麻钩藤饮,PRE,CONTAINS,HER_01888,牛膝,HER,3
PRE_02572,天麻钩藤饮,PRE,CONTAINS,HER_01983,杜仲,HER,2
PRE_02572,天麻钩藤饮,PRE,CONTAINS,HER_01855,茯苓,HER,3
PRE_02572,天麻钩藤饮,PRE,CONTAINS,HER_01967,益母草,HER,3
PRE_02572,天麻钩藤饮,PRE,CONTAINS,HER_01994,天麻,HER,4
PRE_02572,天麻钩藤饮,PRE,CONTAINS,HER_01858,黄芩,HER,3
PRE_02572,天麻钩藤饮,PRE,CONTAINS,HER_02070,夜交藤,HER,3
PRE_02572,天麻钩藤饮,PRE,CONTAINS,HER_02019,石决明,HER,4
PRE_02572,天麻钩藤饮,PRE,TREATS,SYM_03409,头痛,SYM,2
HER_01888,牛膝,HER,HAS_EFFECT,EFF_01323,滋养肝肾,EFF,2
HER_01855,茯苓,HER,HAS_EFFECT,EFF_01323,滋养肝肾,EFF,2
HER_01869,大黄,HER,HAS_EFFECT,EFF_01323,滋养肝肾,EFF,2
HER_01924,钩藤,HER,RELIEVES,SYM_03409,头痛,SYM,4
HER_02036,何首乌,HER,RELIEVES,SYM_03409,头痛,SYM,2
HER_01888,牛膝,HER,RELIEVES,SYM_03436,便秘,SYM,2
HER_01911,生地黄,HER,RELIEVES,SYM_03436,便秘,SYM,3
HER_01911,生地黄,HER,RELIEVES,SYM_03409,头痛,SYM,2
HER_01983,杜仲,HER,RELIEVES,SYM_03409,头痛,SYM,2
HER_01855,茯苓,HER,RELIEVES,SYM_03409,头痛,SYM,8
HER_01945,夏枯草,HER,RELIEVES,SYM_03436,便秘,SYM,2
HER_01982,女贞子,HER,RELIEVES,SYM_03409,头痛,SYM,2
HER_01858,黄芩,HER,RELIEVES,SYM_03436,便秘,SYM,4
HER_01858,黄芩,HER,RELIEVES,SYM_03409,头痛,SYM,6
HER_01869,大黄,HER,RELIEVES,SYM_03409,头痛,SYM,4
HER_01925,枸杞子,HER,RELIEVES,SYM_03409,头痛,SYM,2
HER_02019,石决明,HER,RELIEVES,SYM_03409,头痛,SYM,2
HER_02015,龙胆草,HER,RELIEVES,SYM_03409,头痛,SYM,3
PRE_02488,八珍汤,PRE,CONTAINS,HER_01907,熟地黄,HER,5
PRE_02488,八珍汤,PRE,CONTAINS,HER_01854,甘草,HER,6
PRE_02488,八珍汤,PRE,CONTAINS,HER_01925,枸杞子,HER,3
PRE_02488,八珍汤,PRE,CONTAINS,HER_02036,何首乌,HER,2
PRE_02483,四物汤,PRE,CONTAINS,HER_01907,熟地黄,HER,4
PRE_02483,四物汤,PRE,CONTAINS,HER_01860,白芍,HER,7
PRE_02483,四物汤,PRE,CONTAINS,HER_01925,枸杞子,HER,3
PRE_02483,四物汤,PRE,CONTAINS,HER_02036,何首乌,HER,2
HER_01862,黄芪,HER,HAS_EFFECT,EFF_01406,气血双补,EFF,2
HER_01854,甘草,HER,HAS_EFFECT,EFF_01406,气血双补,EFF,2
HER_01860,白芍,HER,HAS_EFFECT,EFF_01406,气血双补,EFF,2
HER_01879,党参,HER,HAS_EFFECT,EFF_01406,气血双补,EFF,2
HER_01856,当归,HER,HAS_EFFECT,EFF_01406,气血双补,EFF,2
HER_01907,熟地黄,HER,RELIEVES,SYM_03430,耳鸣,SYM,2
HER_01854,甘草,HER,RELIEVES,SYM_03430,耳鸣,SYM,3
HER_01860,白芍,HER,RELIEVES,SYM_03430,耳鸣,SYM,2
HER_01856,当归,HER,RELIEVES,SYM_03430,耳鸣,SYM,2
HER_01982,女贞子,HER,RELIEVES,SYM_03430,耳鸣,SYM,2
HER_01880,桂枝,HER,HAS_EFFECT,EFF_01326,祛风散寒,EFF,4
HER_01900,防风,HER,HAS_EFFECT,EFF_01326,祛风散寒,EFF,2
HER_01866,川芎,HER,HAS_EFFECT,EFF_01326,祛风散寒,EFF,2
HER_01915,法半夏,HER,HAS_EFFECT,EFF_01326,祛风散寒,EFF,2
HER_01908,羌活,HER,HAS_EFFECT,EFF_01326,祛风散寒,EFF,2
CAU_00296,热盛伤阴,CAU,CAUSES,SYM_03408,舌红,SYM,2
HER_01909,葛根,HER,HAS_EFFECT,EFF_01265,养阴,EFF,2
HER_01858,黄芩,HER,HAS_EFFECT,EFF_01265,养阴,EFF,2
HER_01865,连翘,HER,HAS_EFFECT,EFF_01265,养阴,EFF,3
HER_01882,桔梗,HER,HAS_EFFECT,EFF_01265,养阴,EFF,2
HER_01882,桔梗,HER,HAS_EFFECT,EFF_01253,清热,EFF,11
HER_01908,羌活,HER,HAS_EFFECT,EFF_01253,清热,EFF,5
HER_01926,菊花,HER,HAS_EFFECT,EFF_01265,养阴,EFF,3
HER_01926,菊花,HER,HAS_EFFECT,EFF_01253,清热,EFF,8
HER_01869,大黄,HER,HAS_EFFECT,EFF_01265,养阴,EFF,3
HER_01937,天花粉,HER,HAS_EFFECT,EFF_01265,养阴,EFF,3
HER_01881,石膏,HER,HAS_EFFECT,EFF_01265,养阴,EFF,3
HER_01881,石膏,HER,HAS_EFFECT,EFF_01253,清热,EFF,19
HER_01923,白芷,HER,HAS_EFFECT,EFF_01253,清热,EFF,2
HER_01896,玄参,HER,RELIEVES,SYM_03444,大便秘结,SYM,5
HER_01896,玄参,HER,RELIEVES,SYM_03408,舌红,SYM,5
HER_01889,黄柏,HER,RELIEVES,SYM_03408,舌红,SYM,3
HER_01858,黄芩,HER,RELIEVES,SYM_03408,舌红,SYM,3
HER_01890,薄荷,HER,RELIEVES,SYM_03444,大便秘结,SYM,2
HER_01890,薄荷,HER,RELIEVES,SYM_03408,舌红,SYM,2
HER_01865,连翘,HER,RELIEVES,SYM_03408,舌红,SYM,4
HER_01882,桔梗,HER,RELIEVES,SYM_03444,大便秘结,SYM,2
HER_01882,桔梗,HER,RELIEVES,SYM_03408,舌红,SYM,2
HER_01926,菊花,HER,RELIEVES,SYM_03444,大便秘结,SYM,2
HER_01926,菊花,HER,RELIEVES,SYM_03408,舌红,SYM,2
HER_01872,栀子,HER,RELIEVES,SYM_03408,舌红,SYM,2
HER_01861,黄连,HER,RELIEVES,SYM_03408,舌红,SYM,2
HER_01856,当归,HER,RELIEVES,SYM_03408,舌红,SYM,3
HER_01869,大黄,HER,RELIEVES,SYM_03408,舌红,SYM,3
HER_01937,天花粉,HER,RELIEVES,SYM_03444,大便秘结,SYM,3
HER_01866,川芎,HER,RELIEVES,SYM_03444,大便秘结,SYM,2
HER_01866,川芎,HER,RELIEVES,SYM_03408,舌红,SYM,3
HER_01881,石膏,HER,RELIEVES,SYM_03444,大便秘结,SYM,8
HER_01881,石膏,HER,RELIEVES,SYM_03408,舌红,SYM,4
HER_01927,石斛,HER,RELIEVES,SYM_03444,大便秘结,SYM,3
HER_01927,石斛,HER,RELIEVES,SYM_03408,舌红,SYM,4
HER_01878,知母,HER,RELIEVES,SYM_03444,大便秘结,SYM,5
HER_01878,知母,HER,RELIEVES,SYM_03408,舌红,SYM,5
PRE_02507,香薷饮,PRE,CONTAINS,HER_02004,蔓荆子,HER,2
PRE_02507,香薷饮,PRE,CONTAINS,HER_01898,生姜,HER,2
PRE_02480,苍术,PRE,CONTAINS,HER_02037,佩兰,HER,4
PRE_02480,苍术,PRE,CONTAINS,HER_01981,香薷,HER,2
PRE_02480,苍术,PRE,CONTAINS,HER_02082,独活,HER,3
PRE_02480,苍术,PRE,CONTAINS,HER_01908,羌活,HER,6
PRE_02480,苍术,PRE,TREATS,SYM_03426,胸闷,SYM,3
PRE_02480,苍术,PRE,TREATS,SYM_03449,便溏,SYM,2
HER_02037,佩兰,HER,RELIEVES,SYM_03426,胸闷,SYM,2
HER_02037,佩兰,HER,RELIEVES,SYM_03449,便溏,SYM,3
HER_01868,半夏,HER,RELIEVES,SYM_03426,胸闷,SYM,2
HER_01900,防风,HER,RELIEVES,SYM_03449,便溏,SYM,6
HER_01900,防风,HER,RELIEVES,SYM_03458,恶心呕吐,SYM,2
HER_01866,川芎,HER,RELIEVES,SYM_03426,胸闷,SYM,4
HER_01866,川芎,HER,RELIEVES,SYM_03449,便溏,SYM,3
HER_01876,厚朴,HER,RELIEVES,SYM_03426,胸闷,SYM,8
HER_01876,厚朴,HER,RELIEVES,SYM_03449,便溏,SYM,5
HER_01854,甘草,HER,RELIEVES,SYM_03426,胸闷,SYM,7
HER_01854,甘草,HER,RELIEVES,SYM_03449,便溏,SYM,8
HER_01960,广藿香,HER,RELIEVES,SYM_03426,胸闷,SYM,4
HER_01960,广藿香,HER,RELIEVES,SYM_03449,便溏,SYM,3
HER_01960,广藿香,HER,RELIEVES,SYM_03458,恶心呕吐,SYM,2
HER_01861,黄连,HER,RELIEVES,SYM_03426,胸闷,SYM,5
HER_01861,黄连,HER,RELIEVES,SYM_03449,便溏,SYM,2
HER_01981,香薷,HER,RELIEVES,SYM_03426,胸闷,SYM,2
HER_01864,陈皮,HER,RELIEVES,SYM_03426,胸闷,SYM,5
HER_01864,陈皮,HER,RELIEVES,SYM_03449,便溏,SYM,9
HER_01898,生姜,HER,RELIEVES,SYM_03426,胸闷,SYM,2
HER_01857,白术,HER,HAS_EFFECT,EFF_01292,燥湿化痰,EFF,2
HER_01854,甘草,HER,HAS_EFFECT,EFF_01292,燥湿化痰,EFF,6
HER_01855,茯苓,HER,HAS_EFFECT,EFF_01292,燥湿化痰,EFF,6
HER_01946,大枣,HER,HAS_EFFECT,EFF_01292,燥湿化痰,EFF,2
HER_01994,天麻,HER,HAS_EFFECT,EFF_01292,燥湿化痰,EFF,2
HER_01864,陈皮,HER,HAS_EFFECT,EFF_01292,燥湿化痰,EFF,4
HER_01898,生姜,HER,HAS_EFFECT,EFF_01292,燥湿化痰,EFF,3
PRE_02572,天麻钩藤饮,PRE,CONTAINS,HER_02029,茯神,HER,2
HER_01924,钩藤,HER,HAS_EFFECT,EFF_01426,熄风止痛,EFF,2
HER_01924,钩藤,HER,HAS_EFFECT,EFF_01316,平肝潜阳,EFF,3
HER_01888,牛膝,HER,HAS_EFFECT,EFF_01316,平肝潜阳,EFF,2
HER_02029,茯神,HER,HAS_EFFECT,EFF_01426,熄风止痛,EFF,2
HER_02029,茯神,HER,HAS_EFFECT,EFF_01316,平肝潜阳,EFF,3
HER_01967,益母草,HER,HAS_EFFECT,EFF_01316,平肝潜阳,EFF,2
HER_01994,天麻,HER,HAS_EFFECT,EFF_01316,平肝潜阳,EFF,2
HER_01858,黄芩,HER,HAS_EFFECT,EFF_01316,平肝潜阳,EFF,2
HER_02070,夜交藤,HER,HAS_EFFECT,EFF_01316,平肝潜阳,EFF,2
HER_02019,石决明,HER,HAS_EFFECT,EFF_01316,平肝潜阳,EFF,2
PRE_02488,八珍汤,PRE,CONTAINS,HER_01984,熟地,HER,3
HER_02021,鸡血藤,HER,HAS_EFFECT,EFF_01260,补气,EFF,2
HER_01910,牡蛎,HER,HAS_EFFECT,EFF_01347,育阴潜阳,EFF,2
HER_01860,白芍,HER,HAS_EFFECT,EFF_01347,育阴潜阳,EFF,2
HER_01944,龙骨,HER,HAS_EFFECT,EFF_01347,育阴潜阳,EFF,2
PRE_02519,白虎汤,PRE,CONTAINS,HER_01923,白芷,HER,2
PRE_02480,苍术,PRE,CONTAINS,HER_02014,荷叶,HER,3
PRE_02490,六味汤,PRE,CONTAINS,HER_01866,川芎,HER,2
PRE_02490,六味汤,PRE,CONTAINS,HER_01986,肉苁蓉,HER,2
PRE_02490,六味汤,PRE,CONTAINS,HER_01942,细辛,HER,5
PRE_02587,右归丸,PRE,CONTAINS,HER_01866,川芎,HER,3
PRE_02587,右归丸,PRE,CONTAINS,HER_02004,蔓荆子,HER,2
PRE_02696,八味汤,PRE,CONTAINS,HER_01866,川芎,HER,2
PRE_02696,八味汤,PRE,CONTAINS,HER_02004,蔓荆子,HER,2
PRE_02479,补中益气汤,PRE,CONTAINS,HER_01866,川芎,HER,5
PRE_02479,补中益气汤,PRE,CONTAINS,HER_02004,蔓荆子,HER,4
HER_01994,天麻,HER,HAS_EFFECT,EFF_01254,健脾,EFF,2
HER_01857,白术,HER,RELIEVES,SYM_03409,头痛,SYM,4
HER_01863,人参,HER,RELIEVES,SYM_03409,头痛,SYM,4
HER_01862,黄芪,HER,RELIEVES,SYM_03409,头痛,SYM,2
HER_01854,甘草,HER,RELIEVES,SYM_03409,头痛,SYM,11
HER_01860,白芍,HER,RELIEVES,SYM_03409,头痛,SYM,5
HER_01856,当归,HER,RELIEVES,SYM_03409,头痛,SYM,3
HER_01864,陈皮,HER,RELIEVES,SYM_03409,头痛,SYM,2
PRE_02922,泻青丸,PRE,CONTAINS,HER_01900,防风,HER,2
PRE_02922,泻青丸,PRE,CONTAINS,HER_01869,大黄,HER,2
PRE_02922,泻青丸,PRE,CONTAINS,HER_01908,羌活,HER,2
HER_01866,川芎,HER,HAS_EFFECT,EFF_01333,治肝,EFF,2
HER_01861,黄连,HER,HAS_EFFECT,EFF_01333,治肝,EFF,2
HER_01856,当归,HER,HAS_EFFECT,EFF_01333,治肝,EFF,3
HER_01929,竹叶,HER,RELIEVES,SYM_03409,头痛,SYM,3
HER_01866,川芎,HER,RELIEVES,SYM_03409,头痛,SYM,2
HER_01872,栀子,HER,RELIEVES,SYM_03409,头痛,SYM,3
HER_01861,黄连,HER,RELIEVES,SYM_03409,头痛,SYM,4
HER_01867,麦冬,HER,RELIEVES,SYM_03409,头痛,SYM,4
HER_01908,羌活,HER,RELIEVES,SYM_03409,头痛,SYM,5
PRE_02572,天麻钩藤饮,PRE,CONTAINS,HER_01885,牡丹皮,HER,3
HER_01924,钩藤,HER,HAS_EFFECT,EFF_01259,滋阴,EFF,2
HER_01924,钩藤,HER,HAS_EFFECT,EFF_01256,补肾,EFF,2
HER_01888,牛膝,HER,HAS_EFFECT,EFF_01259,滋阴,EFF,3
HER_01888,牛膝,HER,HAS_EFFECT,EFF_01256,补肾,EFF,7
HER_01885,牡丹皮,HER,HAS_EFFECT,EFF_01256,补肾,EFF,9
HER_01983,杜仲,HER,HAS_EFFECT,EFF_01259,滋阴,EFF,2
HER_01983,杜仲,HER,HAS_EFFECT,EFF_01256,补肾,EFF,5
HER_01858,黄芩,HER,HAS_EFFECT,EFF_01259,滋阴,EFF,2
HER_01858,黄芩,HER,HAS_EFFECT,EFF_01256,补肾,EFF,2
PRE_02565,通窍活血汤,PRE,CONTAINS,HER_01891,郁金,HER,2
PRE_02480,苍术,PRE,CONTAINS,HER_01990,地龙,HER,3
HER_01897,红花,HER,HAS_EFFECT,EFF_01289,活血通络,EFF,3
HER_01866,川芎,HER,HAS_EFFECT,EFF_01289,活血通络,EFF,3
HER_01871,赤芍,HER,HAS_EFFECT,EFF_01289,活血通络,EFF,2
HER_01856,当归,HER,HAS_EFFECT,EFF_01289,活血通络,EFF,3
PRE_02639,三生饮,PRE,CONTAINS,HER_01875,附子,HER,2
PRE_02515,小续命汤,PRE,CONTAINS,HER_01880,桂枝,HER,2
PRE_02515,小续命汤,PRE,CONTAINS,HER_01875,附子,HER,3
PRE_02515,小续命汤,PRE,CONTAINS,HER_01854,甘草,HER,3
PRE_02520,续命汤,PRE,CONTAINS,HER_01943,芍药,HER,2
PRE_02520,续命汤,PRE,CONTAINS,HER_01880,桂枝,HER,5
PRE_02520,续命汤,PRE,CONTAINS,HER_01870,杏仁,HER,3
PRE_02520,续命汤,PRE,CONTAINS,HER_01854,甘草,HER,5
PRE_02520,续命汤,PRE,CONTAINS,HER_01875,附子,HER,4
PRE_02520,续命汤,PRE,CONTAINS,HER_01893,干姜,HER,2
PRE_02541,承气汤,PRE,CONTAINS,HER_01869,大黄,HER,3
PRE_02622,涤痰汤,PRE,CONTAINS,HER_02046,橘红,HER,2
PRE_02622,涤痰汤,PRE,CONTAINS,HER_01863,人参,HER,2
PRE_02622,涤痰汤,PRE,CONTAINS,HER_01916,竹茹,HER,2
PRE_02622,涤痰汤,PRE,CONTAINS,HER_01855,茯苓,HER,2
PRE_02622,涤痰汤,PRE,CONTAINS,HER_01931,石菖蒲,HER,2
PRE_02622,涤痰汤,PRE,CONTAINS,HER_01887,枳实,HER,2
CAU_00021,脉弱,CAU,CAUSES,SYM_03449,便溏,SYM,2
CAU_00021,脉弱,CAU,CAUSES,SYM_03497,面色少华,SYM,5
PRE_02745,犀黄丸,PRE,CONTAINS,HER_01896,玄参,HER,2
PRE_02745,犀黄丸,PRE,CONTAINS,HER_01885,牡丹皮,HER,2
PRE_02745,犀黄丸,PRE,CONTAINS,HER_01865,连翘,HER,2
PRE_02665,海藻玉壶汤,PRE,CONTAINS,HER_01862,黄芪,HER,2
PRE_02665,海藻玉壶汤,PRE,CONTAINS,HER_02150,山慈菇,HER,2
PRE_02665,海藻玉壶汤,PRE,CONTAINS,HER_01914,贝母,HER,2
PRE_02665,海藻玉壶汤,PRE,CONTAINS,HER_01856,当归,HER,2
PRE_02665,海藻玉壶汤,PRE,CONTAINS,HER_01864,陈皮,HER,2
PRE_02665,海藻玉壶汤,PRE,CONTAINS,HER_01866,川芎,HER,2
PRE_02665,海藻玉壶汤,PRE,CONTAINS,HER_01905,香附,HER,2
PRE_02665,海藻玉壶汤,PRE,CONTAINS,HER_01945,夏枯草,HER,2
PRE_02745,犀黄丸,PRE,TREATS,SYM_03408,舌红,SYM,2
HER_01896,玄参,HER,HAS_EFFECT,EFF_01262,健脾益气,EFF,2
HER_01896,玄参,HER,HAS_EFFECT,EFF_01365,清泻肝火,EFF,2
HER_01896,玄参,HER,HAS_EFFECT,EFF_01301,消瘿散结,EFF,3
HER_01896,玄参,HER,HAS_EFFECT,EFF_01257,活血化瘀,EFF,3
HER_01896,玄参,HER,HAS_EFFECT,EFF_01324,理气化痰,EFF,2
HER_01862,黄芪,HER,HAS_EFFECT,EFF_01365,清泻肝火,EFF,2
HER_01862,黄芪,HER,HAS_EFFECT,EFF_01301,消瘿散结,EFF,2
HER_01862,黄芪,HER,HAS_EFFECT,EFF_01324,理气化痰,EFF,2
HER_01885,牡丹皮,HER,HAS_EFFECT,EFF_01348,软坚散结,EFF,2
HER_01885,牡丹皮,HER,HAS_EFFECT,EFF_01262,健脾益气,EFF,2
HER_01885,牡丹皮,HER,HAS_EFFECT,EFF_01328,解毒消肿,EFF,2
HER_01885,牡丹皮,HER,HAS_EFFECT,EFF_01365,清泻肝火,EFF,2
HER_01885,牡丹皮,HER,HAS_EFFECT,EFF_01301,消瘿散结,EFF,2
HER_02127,海藻,HER,HAS_EFFECT,EFF_01365,清泻肝火,EFF,2
HER_02127,海藻,HER,HAS_EFFECT,EFF_01301,消瘿散结,EFF,2
HER_02127,海藻,HER,HAS_EFFECT,EFF_01257,活血化瘀,EFF,3
HER_02127,海藻,HER,HAS_EFFECT,EFF_01324,理气化痰,EFF,2
HER_01915,法半夏,HER,HAS_EFFECT,EFF_01262,健脾益气,EFF,2
HER_01915,法半夏,HER,HAS_EFFECT,EFF_01365,清泻肝火,EFF,2
HER_01915,法半夏,HER,HAS_EFFECT,EFF_01301,消瘿散结,EFF,2
HER_01915,法半夏,HER,HAS_EFFECT,EFF_01324,理气化痰,EFF,2
HER_01973,莪术,HER,HAS_EFFECT,EFF_01262,健脾益气,EFF,2
HER_01973,莪术,HER,HAS_EFFECT,EFF_01365,清泻肝火,EFF,2
HER_01973,莪术,HER,HAS_EFFECT,EFF_01301,消瘿散结,EFF,2
HER_01973,莪术,HER,HAS_EFFECT,EFF_01324,理气化痰,EFF,2
HER_01886,丹参,HER,HAS_EFFECT,EFF_01365,清泻肝火,EFF,3
HER_01886,丹参,HER,HAS_EFFECT,EFF_01301,消瘿散结,EFF,2
HER_01886,丹参,HER,HAS_EFFECT,EFF_01324,理气化痰,EFF,3
HER_01857,白术,HER,HAS_EFFECT,EFF_01301,消瘿散结,EFF,2
HER_01865,连翘,HER,HAS_EFFECT,EFF_01257,活血化瘀,EFF,5
HER_01855,茯苓,HER,HAS_EFFECT,EFF_01301,消瘿散结,EFF,3
HER_01891,郁金,HER,HAS_EFFECT,EFF_01365,清泻肝火,EFF,2
HER_01891,郁金,HER,HAS_EFFECT,EFF_01301,消瘿散结,EFF,3
HER_01891,郁金,HER,HAS_EFFECT,EFF_01324,理气化痰,EFF,3
HER_01914,贝母,HER,HAS_EFFECT,EFF_01328,解毒消肿,EFF,3
HER_01914,贝母,HER,HAS_EFFECT,EFF_01365,清泻肝火,EFF,2
HER_01914,贝母,HER,HAS_EFFECT,EFF_01301,消瘿散结,EFF,4
HER_01914,贝母,HER,HAS_EFFECT,EFF_01257,活血化瘀,EFF,3
HER_01914,贝母,HER,HAS_EFFECT,EFF_01324,理气化痰,EFF,2
HER_02270,海带,HER,HAS_EFFECT,EFF_01365,清泻肝火,EFF,2
HER_02270,海带,HER,HAS_EFFECT,EFF_01301,消瘿散结,EFF,2
HER_02270,海带,HER,HAS_EFFECT,EFF_01257,活血化瘀,EFF,2
HER_02270,海带,HER,HAS_EFFECT,EFF_01324,理气化痰,EFF,2
HER_01856,当归,HER,HAS_EFFECT,EFF_01301,消瘿散结,EFF,3
HER_01864,陈皮,HER,HAS_EFFECT,EFF_01365,清泻肝火,EFF,2
HER_01864,陈皮,HER,HAS_EFFECT,EFF_01301,消瘿散结,EFF,3
HER_01866,川芎,HER,HAS_EFFECT,EFF_01301,消瘿散结,EFF,2
HER_01866,川芎,HER,HAS_EFFECT,EFF_01324,理气化痰,EFF,2
HER_01884,山药,HER,HAS_EFFECT,EFF_01301,消瘿散结,EFF,3
HER_01905,香附,HER,HAS_EFFECT,EFF_01365,清泻肝火,EFF,2
HER_01905,香附,HER,HAS_EFFECT,EFF_01301,消瘿散结,EFF,2
HER_01905,香附,HER,HAS_EFFECT,EFF_01324,理气化痰,EFF,3
HER_01945,夏枯草,HER,HAS_EFFECT,EFF_01365,清泻肝火,EFF,3
HER_01945,夏枯草,HER,HAS_EFFECT,EFF_01301,消瘿散结,EFF,2
HER_01945,夏枯草,HER,HAS_EFFECT,EFF_01257,活血化瘀,EFF,3
HER_01945,夏枯草,HER,HAS_EFFECT,EFF_01324,理气化痰,EFF,2
HER_02227,蜂房,HER,HAS_EFFECT,EFF_01348,软坚散结,EFF,2
HER_02094,昆布,HER,HAS_EFFECT,EFF_01365,清泻肝火,EFF,2
HER_02094,昆布,HER,HAS_EFFECT,EFF_01301,消瘿散结,EFF,2
HER_02094,昆布,HER,HAS_EFFECT,EFF_01257,活血化瘀,EFF,3
HER_02094,昆布,HER,HAS_EFFECT,EFF_01324,理气化痰,EFF,2
HER_01896,玄参,HER,RELIEVES,SYM_03449,便溏,SYM,6
HER_01862,黄芪,HER,RELIEVES,SYM_03426,胸闷,SYM,3
HER_01862,黄芪,HER,RELIEVES,SYM_03449,便溏,SYM,8
HER_01862,黄芪,HER,RELIEVES,SYM_03408,舌红,SYM,4
HER_01862,黄芪,HER,RELIEVES,SYM_03497,面色少华,SYM,2
HER_01885,牡丹皮,HER,RELIEVES,SYM_03449,便溏,SYM,5
HER_01885,牡丹皮,HER,RELIEVES,SYM_03408,舌红,SYM,4
HER_01885,牡丹皮,HER,RELIEVES,SYM_03497,面色少华,SYM,2
HER_01885,牡丹皮,HER,RELIEVES,SYM_03416,苔黄,SYM,2
HER_01968,青皮,HER,RELIEVES,SYM_03426,胸闷,SYM,2
HER_01968,青皮,HER,RELIEVES,SYM_03449,便溏,SYM,2
HER_01968,青皮,HER,RELIEVES,SYM_03416,苔黄,SYM,2
HER_02127,海藻,HER,RELIEVES,SYM_03426,胸闷,SYM,2
HER_01915,法半夏,HER,RELIEVES,SYM_03426,胸闷,SYM,6
HER_01915,法半夏,HER,RELIEVES,SYM_03449,便溏,SYM,5
HER_01915,法半夏,HER,RELIEVES,SYM_03408,舌红,SYM,2
HER_01915,法半夏,HER,RELIEVES,SYM_03416,苔黄,SYM,2
HER_01973,莪术,HER,RELIEVES,SYM_03426,胸闷,SYM,2
HER_01973,莪术,HER,RELIEVES,SYM_03449,便溏,SYM,2
HER_01886,丹参,HER,RELIEVES,SYM_03426,胸闷,SYM,5
HER_01886,丹参,HER,RELIEVES,SYM_03449,便溏,SYM,2
HER_01857,白术,HER,RELIEVES,SYM_03426,胸闷,SYM,2
HER_01857,白术,HER,RELIEVES,SYM_03449,便溏,SYM,10
HER_01857,白术,HER,RELIEVES,SYM_03408,舌红,SYM,3
HER_01865,连翘,HER,RELIEVES,SYM_03426,胸闷,SYM,4
HER_01865,连翘,HER,RELIEVES,SYM_03449,便溏,SYM,3
HER_01865,连翘,HER,RELIEVES,SYM_03416,苔黄,SYM,2
HER_01855,茯苓,HER,RELIEVES,SYM_03426,胸闷,SYM,7
HER_01855,茯苓,HER,RELIEVES,SYM_03449,便溏,SYM,14
HER_01855,茯苓,HER,RELIEVES,SYM_03408,舌红,SYM,5
HER_01855,茯苓,HER,RELIEVES,SYM_03497,面色少华,SYM,2
HER_01891,郁金,HER,RELIEVES,SYM_03426,胸闷,SYM,5
HER_01891,郁金,HER,RELIEVES,SYM_03449,便溏,SYM,4
HER_01914,贝母,HER,RELIEVES,SYM_03449,便溏,SYM,2
HER_02270,海带,HER,RELIEVES,SYM_03426,胸闷,SYM,2
HER_01856,当归,HER,RELIEVES,SYM_03426,胸闷,SYM,4
HER_01856,当归,HER,RELIEVES,SYM_03449,便溏,SYM,4
HER_01856,当归,HER,RELIEVES,SYM_03497,面色少华,SYM,2
HER_01864,陈皮,HER,RELIEVES,SYM_03408,舌红,SYM,3
HER_01864,陈皮,HER,RELIEVES,SYM_03497,面色少华,SYM,2
HER_01884,山药,HER,RELIEVES,SYM_03449,便溏,SYM,6
HER_01884,山药,HER,RELIEVES,SYM_03408,舌红,SYM,3
HER_01884,山药,HER,RELIEVES,SYM_03497,面色少华,SYM,2
HER_01905,香附,HER,RELIEVES,SYM_03426,胸闷,SYM,4
HER_01905,香附,HER,RELIEVES,SYM_03449,便溏,SYM,4
HER_01945,夏枯草,HER,RELIEVES,SYM_03426,胸闷,SYM,3
HER_02094,昆布,HER,RELIEVES,SYM_03426,胸闷,SYM,2
PRE_02856,四海舒郁丸,PRE,CONTAINS,HER_01915,法半夏,HER,2
PRE_02856,四海舒郁丸,PRE,CONTAINS,HER_02127,海藻,HER,2
PRE_02856,四海舒郁丸,PRE,CONTAINS,HER_02081,海螵蛸,HER,2
PRE_02856,四海舒郁丸,PRE,CONTAINS,HER_01864,陈皮,HER,2
PRE_02856,四海舒郁丸,PRE,CONTAINS,HER_01945,夏枯草,HER,2
PRE_02856,四海舒郁丸,PRE,CONTAINS,HER_02094,昆布,HER,2
HER_01958,牛蒡子,HER,HAS_EFFECT,EFF_01311,利咽消肿,EFF,5
HER_01958,牛蒡子,HER,HAS_EFFECT,EFF_01301,消瘿散结,EFF,2
HER_01886,丹参,HER,HAS_EFFECT,EFF_01311,利咽消肿,EFF,2
HER_01882,桔梗,HER,HAS_EFFECT,EFF_01311,利咽消肿,EFF,5
HER_02081,海螵蛸,HER,HAS_EFFECT,EFF_01257,活血化瘀,EFF,3
HER_02015,龙胆草,HER,HAS_EFFECT,EFF_01365,清泻肝火,EFF,2
HER_02015,龙胆草,HER,HAS_EFFECT,EFF_01301,消瘿散结,EFF,2
HER_01901,木,HER,HAS_EFFECT,EFF_01311,利咽消肿,EFF,2
HER_01901,木,HER,HAS_EFFECT,EFF_01257,活血化瘀,EFF,2
HER_01995,射干,HER,HAS_EFFECT,EFF_01311,利咽消肿,EFF,5
HER_01995,射干,HER,HAS_EFFECT,EFF_01257,活血化瘀,EFF,2
HER_01859,柴胡,HER,HAS_EFFECT,EFF_01301,消瘿散结,EFF,3
HER_01874,枳壳,HER,HAS_EFFECT,EFF_01301,消瘿散结,EFF,2
HER_01874,枳壳,HER,HAS_EFFECT,EFF_01324,理气化痰,EFF,3
HER_01882,桔梗,HER,RELIEVES,SYM_03426,胸闷,SYM,2
HER_01891,郁金,HER,RELIEVES,SYM_03536,胁痛,SYM,2
HER_01859,柴胡,HER,RELIEVES,SYM_03426,胸闷,SYM,3
HER_01874,枳壳,HER,RELIEVES,SYM_03426,胸闷,SYM,3
HER_01905,香附,HER,RELIEVES,SYM_03536,胁痛,SYM,2
HER_01945,夏枯草,HER,RELIEVES,SYM_03536,胁痛,SYM,2
PRE_02690,二冬汤,PRE,CONTAINS,HER_01862,黄芪,HER,2
PRE_02690,二冬汤,PRE,CONTAINS,HER_01854,甘草,HER,2
PRE_02690,二冬汤,PRE,CONTAINS,HER_01937,天花粉,HER,2
PRE_02690,二冬汤,PRE,CONTAINS,HER_01867,麦冬,HER,2
PRE_02732,消瘰丸,PRE,CONTAINS,HER_01896,玄参,HER,2
PRE_02732,消瘰丸,PRE,CONTAINS,HER_01862,黄芪,HER,2
PRE_02732,消瘰丸,PRE,CONTAINS,HER_01914,贝母,HER,3
HER_01896,玄参,HER,HAS_EFFECT,EFF_01280,养心安神,EFF,2
HER_01862,黄芪,HER,HAS_EFFECT,EFF_01299,平肝息风,EFF,2
HER_01885,牡丹皮,HER,HAS_EFFECT,EFF_01273,化痰散结,EFF,2
HER_01885,牡丹皮,HER,HAS_EFFECT,EFF_01265,养阴,EFF,3
HER_01858,黄芩,HER,HAS_EFFECT,EFF_01299,平肝息风,EFF,2
HER_01858,黄芩,HER,HAS_EFFECT,EFF_01273,化痰散结,EFF,3
HER_02019,石决明,HER,HAS_EFFECT,EFF_01299,平肝息风,EFF,3
HER_01886,丹参,HER,HAS_EFFECT,EFF_01299,平肝息风,EFF,2
HER_01886,丹参,HER,HAS_EFFECT,EFF_01280,养心安神,EFF,2
HER_01924,钩藤,HER,HAS_EFFECT,EFF_01299,平肝息风,EFF,3
HER_01924,钩藤,HER,HAS_EFFECT,EFF_01265,养阴,EFF,2
HER_01854,甘草,HER,HAS_EFFECT,EFF_01273,化痰散结,EFF,3
HER_01907,熟地黄,HER,HAS_EFFECT,EFF_01265,养阴,EFF,2
HER_01914,贝母,HER,HAS_EFFECT,EFF_01299,平肝息风,EFF,2
HER_01914,贝母,HER,HAS_EFFECT,EFF_01273,化痰散结,EFF,5
HER_01914,贝母,HER,HAS_EFFECT,EFF_01265,养阴,EFF,2
HER_01910,牡蛎,HER,HAS_EFFECT,EFF_01273,化痰散结,EFF,3
HER_01937,天花粉,HER,HAS_EFFECT,EFF_01280,养心安神,EFF,2
HER_01881,石膏,HER,HAS_EFFECT,EFF_01299,平肝息风,EFF,2
HER_01919,山茱萸,HER,HAS_EFFECT,EFF_01280,养心安神,EFF,2
HER_01867,麦冬,HER,HAS_EFFECT,EFF_01299,平肝息风,EFF,4
HER_01878,知母,HER,HAS_EFFECT,EFF_01273,化痰散结,EFF,2
HER_01945,夏枯草,HER,HAS_EFFECT,EFF_01299,平肝息风,EFF,2
HER_01945,夏枯草,HER,HAS_EFFECT,EFF_01273,化痰散结,EFF,5
PRE_02732,消瘰丸,PRE,CONTAINS,HER_01984,熟地,HER,2
PRE_02732,消瘰丸,PRE,CONTAINS,HER_01856,当归,HER,2
PRE_02513,真武汤,PRE,CONTAINS,HER_01884,山药,HER,2
HER_01880,桂枝,HER,HAS_EFFECT,EFF_01321,温阳利水,EFF,3
HER_02038,山萸肉,HER,HAS_EFFECT,EFF_01301,消瘿散结,EFF,2
HER_01895,丹皮,HER,HAS_EFFECT,EFF_01301,消瘿散结,EFF,2
HER_01884,山药,HER,HAS_EFFECT,EFF_01321,温阳利水,EFF,2
HER_01873,泽泻,HER,HAS_EFFECT,EFF_01301,消瘿散结,EFF,2
HER_01898,生姜,HER,HAS_EFFECT,EFF_01321,温阳利水,EFF,2
PRE_02489,六味地黄丸,PRE,CONTAINS,HER_01907,熟地黄,HER,7
PRE_02489,六味地黄丸,PRE,CONTAINS,HER_01885,牡丹皮,HER,8
PRE_02489,六味地黄丸,PRE,CONTAINS,HER_01884,山药,HER,10
PRE_02572,天麻钩藤饮,PRE,CONTAINS,HER_01907,熟地黄,HER,2
PRE_02572,天麻钩藤饮,PRE,CONTAINS,HER_01884,山药,HER,2
PRE_02572,天麻钩藤饮,PRE,CONTAINS,HER_01873,泽泻,HER,2
HER_01924,钩藤,HER,HAS_EFFECT,EFF_01347,育阴潜阳,EFF,2
HER_01994,天麻,HER,HAS_EFFECT,EFF_01347,育阴潜阳,EFF,3
HER_02019,石决明,HER,HAS_EFFECT,EFF_01347,育阴潜阳,EFF,2
PRE_02485,逍遥散,PRE,CONTAINS,HER_01943,芍药,HER,2
PRE_02485,逍遥散,PRE,CONTAINS,HER_01914,贝母,HER,4
PRE_02528,柴胡疏肝散,PRE,CONTAINS,HER_01891,郁金,HER,4
PRE_02528,柴胡疏肝散,PRE,CONTAINS,HER_01894,木香,HER,2
HER_01914,贝母,HER,HAS_EFFECT,EFF_01270,疏肝理气,EFF,2
HER_01864,陈皮,HER,HAS_EFFECT,EFF_01270,疏肝理气,EFF,5
PRE_02482,二陈汤,PRE,CONTAINS,HER_01859,柴胡,HER,6
PRE_02482,二陈汤,PRE,CONTAINS,HER_01915,法半夏,HER,6
HER_01914,贝母,HER,HAS_EFFECT,EFF_01253,清热,EFF,13
HER_01917,山栀,HER,HAS_EFFECT,EFF_01253,清热,EFF,3
HER_02015,龙胆草,HER,HAS_EFFECT,EFF_01253,清热,EFF,4
HER_01857,白术,HER,HAS_EFFECT,EFF_01303,益气养血,EFF,3
HER_01969,青蒿,HER,HAS_EFFECT,EFF_01255,益气,EFF,2
HER_01863,人参,HER,HAS_EFFECT,EFF_01303,益气养血,EFF,2
HER_01862,黄芪,HER,HAS_EFFECT,EFF_01303,益气养血,EFF,2
HER_01856,当归,HER,HAS_EFFECT,EFF_01303,益气养血,EFF,4
HER_01864,陈皮,HER,HAS_EFFECT,EFF_01303,益气养血,EFF,4
PRE_02504,桂枝汤,PRE,CONTAINS,HER_01880,桂枝,HER,7
PRE_02504,桂枝汤,PRE,CONTAINS,HER_01854,甘草,HER,6
PRE_02504,桂枝汤,PRE,CONTAINS,HER_01881,石膏,HER,3
PRE_02504,桂枝汤,PRE,CONTAINS,HER_02018,白虎,HER,4
PRE_02504,桂枝汤,PRE,CONTAINS,HER_01859,柴胡,HER,2
PRE_02504,桂枝汤,PRE,CONTAINS,HER_01867,麦冬,HER,3
PRE_02504,桂枝汤,PRE,CONTAINS,HER_01969,青蒿,HER,2
PRE_02504,桂枝汤,PRE,CONTAINS,HER_01911,生地黄,HER,3
PRE_02504,桂枝汤,PRE,CONTAINS,HER_01878,知母,HER,4
PRE_02504,桂枝汤,PRE,CONTAINS,HER_01927,石斛,HER,2
PRE_02504,桂枝汤,PRE,TREATS,SYM_03410,口渴,SYM,3
HER_01880,桂枝,HER,HAS_EFFECT,EFF_01253,清热,EFF,4
HER_01880,桂枝,HER,HAS_EFFECT,EFF_01286,养阴生津,EFF,2
HER_01881,石膏,HER,HAS_EFFECT,EFF_01286,养阴生津,EFF,3
HER_02018,白虎,HER,HAS_EFFECT,EFF_01253,清热,EFF,4
HER_02018,白虎,HER,HAS_EFFECT,EFF_01286,养阴生津,EFF,2
HER_01969,青蒿,HER,HAS_EFFECT,EFF_01286,养阴生津,EFF,3
HER_01878,知母,HER,HAS_EFFECT,EFF_01286,养阴生津,EFF,3
HER_01880,桂枝,HER,RELIEVES,SYM_03410,口渴,SYM,4
HER_01854,甘草,HER,RELIEVES,SYM_03410,口渴,SYM,14
HER_01881,石膏,HER,RELIEVES,SYM_03410,口渴,SYM,7
HER_02018,白虎,HER,RELIEVES,SYM_03410,口渴,SYM,2
HER_01859,柴胡,HER,RELIEVES,SYM_03410,口渴,SYM,7
HER_01867,麦冬,HER,RELIEVES,SYM_03410,口渴,SYM,8
HER_01969,青蒿,HER,RELIEVES,SYM_03410,口渴,SYM,3
HER_01911,生地黄,HER,RELIEVES,SYM_03410,口渴,SYM,6
HER_01878,知母,HER,RELIEVES,SYM_03410,口渴,SYM,7
HER_01927,石斛,HER,RELIEVES,SYM_03410,口渴,SYM,8
PRE_02508,安宫牛黄丸,PRE,CONTAINS,HER_01896,玄参,HER,5
PRE_02508,安宫牛黄丸,PRE,CONTAINS,HER_01854,甘草,HER,3
PRE_02508,安宫牛黄丸,PRE,CONTAINS,HER_01859,柴胡,HER,2
PRE_02508,安宫牛黄丸,PRE,CONTAINS,HER_01855,茯苓,HER,2
PRE_02508,安宫牛黄丸,PRE,CONTAINS,HER_01881,石膏,HER,4
PRE_02508,安宫牛黄丸,PRE,CONTAINS,HER_01858,黄芩,HER,3
PRE_02508,安宫牛黄丸,PRE,CONTAINS,HER_01878,知母,HER,3
PRE_02508,安宫牛黄丸,PRE,CONTAINS,HER_01927,石斛,HER,2
PRE_02510,紫雪丹,PRE,CONTAINS,HER_01896,玄参,HER,5
PRE_02510,紫雪丹,PRE,CONTAINS,HER_01854,甘草,HER,2
PRE_02510,紫雪丹,PRE,CONTAINS,HER_01916,竹茹,HER,2
PRE_02510,紫雪丹,PRE,CONTAINS,HER_01881,石膏,HER,2
PRE_02510,紫雪丹,PRE,CONTAINS,HER_01878,知母,HER,2
PRE_02510,紫雪丹,PRE,CONTAINS,HER_01927,石斛,HER,2
PRE_02508,安宫牛黄丸,PRE,TREATS,SYM_03408,舌红,SYM,2
PRE_02510,紫雪丹,PRE,TREATS,SYM_03410,口渴,SYM,2
HER_02200,常山,HER,HAS_EFFECT,EFF_01253,清热,EFF,2
HER_01896,玄参,HER,HAS_EFFECT,EFF_01263,开窍,EFF,5
HER_01864,陈皮,HER,HAS_EFFECT,EFF_01453,解毒除瘴,EFF,2
HER_01864,陈皮,HER,HAS_EFFECT,EFF_01263,开窍,EFF,2
HER_01854,甘草,HER,HAS_EFFECT,EFF_01453,解毒除瘴,EFF,2
HER_01916,竹茹,HER,HAS_EFFECT,EFF_01263,开窍,EFF,2
HER_01859,柴胡,HER,HAS_EFFECT,EFF_01263,开窍,EFF,2
HER_01881,石膏,HER,HAS_EFFECT,EFF_01263,开窍,EFF,4
HER_01858,黄芩,HER,HAS_EFFECT,EFF_01263,开窍,EFF,4
HER_01969,青蒿,HER,HAS_EFFECT,EFF_01453,解毒除瘴,EFF,2
HER_01969,青蒿,HER,HAS_EFFECT,EFF_01263,开窍,EFF,2
HER_01906,滑石,HER,HAS_EFFECT,EFF_01253,清热,EFF,18
HER_01878,知母,HER,HAS_EFFECT,EFF_01263,开窍,EFF,3
HER_01927,石斛,HER,HAS_EFFECT,EFF_01263,开窍,EFF,2
HER_01915,法半夏,HER,HAS_EFFECT,EFF_01453,解毒除瘴,EFF,2
HER_01915,法半夏,HER,HAS_EFFECT,EFF_01263,开窍,EFF,2
HER_02200,常山,HER,RELIEVES,SYM_03410,口渴,SYM,2
HER_01896,玄参,HER,RELIEVES,SYM_03410,口渴,SYM,5
HER_01864,陈皮,HER,RELIEVES,SYM_03410,口渴,SYM,2
HER_01854,甘草,HER,RELIEVES,SYM_03408,舌红,SYM,4
HER_01911,生地黄,HER,RELIEVES,SYM_03408,舌红,SYM,4
HER_01916,竹茹,HER,RELIEVES,SYM_03408,舌红,SYM,2
HER_01861,黄连,HER,RELIEVES,SYM_03410,口渴,SYM,6
HER_01855,茯苓,HER,RELIEVES,SYM_03410,口渴,SYM,7
HER_01858,黄芩,HER,RELIEVES,SYM_03410,口渴,SYM,7
HER_01906,滑石,HER,RELIEVES,SYM_03410,口渴,SYM,5
HER_01906,滑石,HER,RELIEVES,SYM_03408,舌红,SYM,3
HER_01887,枳实,HER,RELIEVES,SYM_03410,口渴,SYM,3
HER_01887,枳实,HER,RELIEVES,SYM_03408,舌红,SYM,2
HER_01915,法半夏,HER,RELIEVES,SYM_03410,口渴,SYM,2
HER_01977,玉竹,HER,RELIEVES,SYM_03410,口渴,SYM,2
PRE_02488,八珍汤,PRE,CONTAINS,HER_01893,干姜,HER,3
HER_01858,黄芩,HER,HAS_EFFECT,EFF_01257,活血化瘀,EFF,4
HER_01928,阿胶,HER,HAS_EFFECT,EFF_01257,活血化瘀,EFF,3
HER_01936,虫,HER,HAS_EFFECT,EFF_01255,益气,EFF,2
HER_01869,大黄,HER,HAS_EFFECT,EFF_01255,益气,EFF,4
HER_02197,土鳖,HER,HAS_EFFECT,EFF_01257,活血化瘀,EFF,2
PRE_02480,苍术,PRE,CONTAINS,HER_01931,石菖蒲,HER,2
PRE_02480,苍术,PRE,CONTAINS,HER_01988,草果,HER,3
HER_02037,佩兰,HER,HAS_EFFECT,EFF_01372,芳化湿浊,EFF,3
HER_01863,人参,HER,HAS_EFFECT,EFF_01263,开窍,EFF,2
HER_01876,厚朴,HER,HAS_EFFECT,EFF_01372,芳化湿浊,EFF,2
HER_01854,甘草,HER,HAS_EFFECT,EFF_01372,芳化湿浊,EFF,3
HER_01960,广藿香,HER,HAS_EFFECT,EFF_01372,芳化湿浊,EFF,3
HER_02014,荷叶,HER,HAS_EFFECT,EFF_01372,芳化湿浊,EFF,2
HER_01931,石菖蒲,HER,HAS_EFFECT,EFF_01263,开窍,EFF,2
HER_01915,法半夏,HER,HAS_EFFECT,EFF_01372,芳化湿浊,EFF,2
HER_01915,法半夏,HER,HAS_EFFECT,EFF_01255,益气,EFF,5
HER_01864,陈皮,HER,HAS_EFFECT,EFF_01372,芳化湿浊,EFF,2
PRE_02480,苍术,PRE,CONTAINS,HER_01937,天花粉,HER,2
PRE_02480,苍术,PRE,CONTAINS,HER_01881,石膏,HER,3
PRE_02480,苍术,PRE,CONTAINS,HER_01946,大枣,HER,3
PRE_02480,苍术,PRE,TREATS,SYM_03480,苔腻,SYM,3
HER_01909,葛根,HER,HAS_EFFECT,EFF_01325,生津止渴,EFF,2
HER_01863,人参,HER,HAS_EFFECT,EFF_01253,清热,EFF,4
HER_01863,人参,HER,HAS_EFFECT,EFF_01325,生津止渴,EFF,2
HER_01854,甘草,HER,HAS_EFFECT,EFF_01325,生津止渴,EFF,2
HER_01968,青皮,HER,HAS_EFFECT,EFF_01253,清热,EFF,2
HER_01935,乌梅,HER,HAS_EFFECT,EFF_01253,清热,EFF,3
HER_01935,乌梅,HER,HAS_EFFECT,EFF_01325,生津止渴,EFF,2
HER_01909,葛根,HER,RELIEVES,SYM_03410,口渴,SYM,2
HER_01863,人参,HER,RELIEVES,SYM_03416,苔黄,SYM,2
HER_01863,人参,HER,RELIEVES,SYM_03410,口渴,SYM,4
HER_01937,天花粉,HER,RELIEVES,SYM_03410,口渴,SYM,6
HER_01876,厚朴,HER,RELIEVES,SYM_03416,苔黄,SYM,2
HER_01876,厚朴,HER,RELIEVES,SYM_03480,苔腻,SYM,3
HER_01876,厚朴,HER,RELIEVES,SYM_03410,口渴,SYM,5
HER_01854,甘草,HER,RELIEVES,SYM_03480,苔腻,SYM,4
HER_01881,石膏,HER,RELIEVES,SYM_03416,苔黄,SYM,2
HER_01881,石膏,HER,RELIEVES,SYM_03480,苔腻,SYM,2
HER_01968,青皮,HER,RELIEVES,SYM_03410,口渴,SYM,3
HER_01946,大枣,HER,RELIEVES,SYM_03480,苔腻,SYM,3
HER_01858,黄芩,HER,RELIEVES,SYM_03416,苔黄,SYM,2
HER_01927,石斛,HER,RELIEVES,SYM_03416,苔黄,SYM,2
HER_01898,生姜,HER,RELIEVES,SYM_03480,苔腻,SYM,2
HER_01935,乌梅,HER,RELIEVES,SYM_03410,口渴,SYM,2
HER_01934,槟榔,HER,RELIEVES,SYM_03410,口渴,SYM,3
HER_01876,厚朴,HER,RELIEVES,SYM_05105,舌白腻,SYM,2
HER_01854,甘草,HER,RELIEVES,SYM_05105,舌白腻,SYM,2
HER_01858,黄芩,HER,RELIEVES,SYM_05105,舌白腻,SYM,2
HER_01931,石菖蒲,HER,RELIEVES,SYM_05105,舌白腻,SYM,2
HER_01988,草果,HER,RELIEVES,SYM_05105,舌白腻,SYM,2
HER_01968,青皮,HER,RELIEVES,SYM_05105,舌白腻,SYM,2
HER_01878,知母,HER,RELIEVES,SYM_05105,舌白腻,SYM,2
HER_01934,槟榔,HER,RELIEVES,SYM_05105,舌白腻,SYM,2
HER_01901,木,HER,HAS_EFFECT,EFF_01253,清热,EFF,4
HER_01988,草果,HER,HAS_EFFECT,EFF_01253,清热,EFF,2
HER_01985,牛黄,HER,HAS_EFFECT,EFF_01253,清热,EFF,3
PRE_02501,小柴胡汤,PRE,CONTAINS,HER_02195,参草,HER,2
PRE_02501,小柴胡汤,PRE,CONTAINS,HER_01876,厚朴,HER,2
PRE_02501,小柴胡汤,PRE,CONTAINS,HER_01859,柴胡,HER,7
PRE_02501,小柴胡汤,PRE,CONTAINS,HER_01947,藿香,HER,2
HER_01969,青蒿,HER,RELIEVES,SYM_03557,汗多,SYM,2
PRE_02492,泻心汤,PRE,CONTAINS,HER_01895,丹皮,HER,3
PRE_02492,泻心汤,PRE,CONTAINS,HER_01901,木,HER,2
PRE_02492,泻心汤,PRE,CONTAINS,HER_01962,犀角,HER,3
PRE_02492,泻心汤,PRE,CONTAINS,HER_02063,芩连,HER,2
HER_01896,玄参,HER,RELIEVES,SYM_03557,汗多,SYM,3
HER_01863,人参,HER,HAS_EFFECT,EFF_01276,温肾,EFF,2
HER_01863,人参,HER,HAS_EFFECT,EFF_01333,治肝,EFF,2
HER_01893,干姜,HER,HAS_EFFECT,EFF_01276,温肾,EFF,2
HER_01859,柴胡,HER,HAS_EFFECT,EFF_01333,治肝,EFF,2
HER_01856,当归,HER,HAS_EFFECT,EFF_01276,温肾,EFF,3
HER_02119,鹿茸,HER,HAS_EFFECT,EFF_01276,温肾,EFF,2
HER_01898,生姜,HER,HAS_EFFECT,EFF_01276,温肾,EFF,2
PRE_02586,五皮饮,PRE,CONTAINS,HER_02066,赤小豆,HER,2
PRE_02586,五皮饮,PRE,CONTAINS,HER_01855,茯苓,HER,3
PRE_02586,五皮饮,PRE,CONTAINS,HER_01873,泽泻,HER,2
PRE_02586,五皮饮,PRE,CONTAINS,HER_01869,大黄,HER,2
HER_02066,赤小豆,HER,HAS_EFFECT,EFF_01308,通腑泻热,EFF,2
HER_01963,白茅根,HER,HAS_EFFECT,EFF_01308,通腑泻热,EFF,3
HER_01889,黄柏,HER,HAS_EFFECT,EFF_01308,通腑泻热,EFF,2
HER_01855,茯苓,HER,HAS_EFFECT,EFF_01308,通腑泻热,EFF,3
HER_01873,泽泻,HER,HAS_EFFECT,EFF_01308,通腑泻热,EFF,2
HER_01869,大黄,HER,HAS_EFFECT,EFF_01308,通腑泻热,EFF,6
HER_01889,黄柏,HER,RELIEVES,SYM_03477,大便干结,SYM,2
HER_01934,槟榔,HER,RELIEVES,SYM_03477,大便干结,SYM,2
PRE_02680,防己黄芪汤,PRE,CONTAINS,HER_01857,白术,HER,2
PRE_02680,防己黄芪汤,PRE,CONTAINS,HER_01862,黄芪,HER,2
PRE_02680,防己黄芪汤,PRE,CONTAINS,HER_01855,茯苓,HER,2
PRE_02489,六味地黄丸,PRE,CONTAINS,HER_01857,白术,HER,3
PRE_02489,六味地黄丸,PRE,CONTAINS,HER_01862,黄芪,HER,3
PRE_02489,六味地黄丸,PRE,CONTAINS,HER_01974,防己,HER,2
PRE_02489,六味地黄丸,PRE,CONTAINS,HER_02121,黄精,HER,3
PRE_02489,六味地黄丸,PRE,CONTAINS,HER_01982,女贞子,HER,5
PRE_02489,六味地黄丸,PRE,CONTAINS,HER_02056,旱莲草,HER,3
PRE_02489,六味地黄丸,PRE,CONTAINS,HER_01951,太子参,HER,3
PRE_02489,六味地黄丸,PRE,CONTAINS,HER_02011,续断,HER,3
HER_01907,熟地黄,HER,HAS_EFFECT,EFF_01266,益气养阴,EFF,2
HER_01907,熟地黄,HER,HAS_EFFECT,EFF_01259,滋阴,EFF,4
HER_01907,熟地黄,HER,HAS_EFFECT,EFF_01254,健脾,EFF,6
HER_01913,沙参,HER,HAS_EFFECT,EFF_01254,健脾,EFF,2
HER_01974,防己,HER,HAS_EFFECT,EFF_01260,补气,EFF,2
HER_01884,山药,HER,HAS_EFFECT,EFF_01260,补气,EFF,5
HER_02121,黄精,HER,HAS_EFFECT,EFF_01259,滋阴,EFF,2
HER_01919,山茱萸,HER,HAS_EFFECT,EFF_01266,益气养阴,EFF,8
HER_01919,山茱萸,HER,HAS_EFFECT,EFF_01254,健脾,EFF,6
HER_01925,枸杞子,HER,HAS_EFFECT,EFF_01266,益气养阴,EFF,4
HER_01925,枸杞子,HER,HAS_EFFECT,EFF_01254,健脾,EFF,3
HER_01951,太子参,HER,HAS_EFFECT,EFF_01266,益气养阴,EFF,8
HER_01951,太子参,HER,HAS_EFFECT,EFF_01254,健脾,EFF,2
HER_02011,续断,HER,HAS_EFFECT,EFF_01254,健脾,EFF,2
HER_01907,熟地黄,HER,RELIEVES,SYM_03492,尿少,SYM,2
HER_01913,沙参,HER,RELIEVES,SYM_03492,尿少,SYM,3
HER_01862,黄芪,HER,RELIEVES,SYM_03492,尿少,SYM,2
HER_01855,茯苓,HER,RELIEVES,SYM_03492,尿少,SYM,3
HER_01884,山药,HER,RELIEVES,SYM_03492,尿少,SYM,2
HER_01919,山茱萸,HER,RELIEVES,SYM_03492,尿少,SYM,2
HER_01867,麦冬,HER,RELIEVES,SYM_03492,尿少,SYM,2
HER_02011,续断,HER,RELIEVES,SYM_03492,尿少,SYM,2
PRE_02562,济生肾气丸,PRE,CONTAINS,HER_01902,车前子,HER,5
PRE_02562,济生肾气丸,PRE,CONTAINS,HER_01907,熟地黄,HER,4
PRE_02562,济生肾气丸,PRE,CONTAINS,HER_02078,仙灵,HER,2
PRE_02562,济生肾气丸,PRE,CONTAINS,HER_01884,山药,HER,6
PRE_02562,济生肾气丸,PRE,CONTAINS,HER_01919,山茱萸,HER,5
PRE_02513,真武汤,PRE,CONTAINS,HER_01903,五味子,HER,2
PRE_02513,真武汤,PRE,CONTAINS,HER_01879,党参,HER,2
PRE_02562,济生肾气丸,PRE,TREATS,SYM_03738,泛恶,SYM,2
HER_01902,车前子,HER,HAS_EFFECT,EFF_01292,燥湿化痰,EFF,2
HER_01902,车前子,HER,HAS_EFFECT,EFF_01256,补肾,EFF,6
HER_01873,泽泻,HER,HAS_EFFECT,EFF_01292,燥湿化痰,EFF,2
HER_01946,大枣,HER,HAS_EFFECT,EFF_01254,健脾,EFF,3
HER_01886,丹参,HER,HAS_EFFECT,EFF_01260,补气,EFF,2
HER_01886,丹参,HER,HAS_EFFECT,EFF_01256,补肾,EFF,6
HER_01886,丹参,HER,HAS_EFFECT,EFF_01321,温阳利水,EFF,2
HER_01875,附子,HER,HAS_EFFECT,EFF_01256,补肾,EFF,4
HER_01875,附子,HER,HAS_EFFECT,EFF_01253,清热,EFF,2
HER_01880,桂枝,HER,HAS_EFFECT,EFF_01292,燥湿化痰,EFF,2
HER_01880,桂枝,HER,HAS_EFFECT,EFF_01256,补肾,EFF,2
HER_02192,六月雪,HER,HAS_EFFECT,EFF_01254,健脾,EFF,2
HER_02192,六月雪,HER,HAS_EFFECT,EFF_01253,清热,EFF,2
HER_01916,竹茹,HER,HAS_EFFECT,EFF_01254,健脾,EFF,4
HER_01903,五味子,HER,HAS_EFFECT,EFF_01254,健脾,EFF,3
HER_01903,五味子,HER,HAS_EFFECT,EFF_01260,补气,EFF,3
HER_01903,五味子,HER,HAS_EFFECT,EFF_01256,补肾,EFF,6
HER_01903,五味子,HER,HAS_EFFECT,EFF_01253,清热,EFF,3
HER_01907,熟地黄,HER,HAS_EFFECT,EFF_01256,补肾,EFF,12
HER_01907,熟地黄,HER,HAS_EFFECT,EFF_01253,清热,EFF,7
HER_01938,菟丝子,HER,HAS_EFFECT,EFF_01254,健脾,EFF,4
HER_01938,菟丝子,HER,HAS_EFFECT,EFF_01260,补气,EFF,4
HER_01938,菟丝子,HER,HAS_EFFECT,EFF_01256,补肾,EFF,11
HER_01938,菟丝子,HER,HAS_EFFECT,EFF_01253,清热,EFF,3
HER_02078,仙灵,HER,HAS_EFFECT,EFF_01256,补肾,EFF,3
HER_02078,仙灵,HER,HAS_EFFECT,EFF_01321,温阳利水,EFF,2
HER_01910,牡蛎,HER,HAS_EFFECT,EFF_01292,燥湿化痰,EFF,2
HER_01910,牡蛎,HER,HAS_EFFECT,EFF_01256,补肾,EFF,2
HER_01910,牡蛎,HER,HAS_EFFECT,EFF_01253,清热,EFF,2
HER_02024,姜半夏,HER,HAS_EFFECT,EFF_01254,健脾,EFF,3
HER_02024,姜半夏,HER,HAS_EFFECT,EFF_01256,补肾,EFF,2
HER_02024,姜半夏,HER,HAS_EFFECT,EFF_01253,清热,EFF,3
HER_01879,党参,HER,HAS_EFFECT,EFF_01256,补肾,EFF,3
HER_01869,大黄,HER,HAS_EFFECT,EFF_01256,补肾,EFF,4
HER_02025,巴戟,HER,HAS_EFFECT,EFF_01254,健脾,EFF,4
HER_02025,巴戟,HER,HAS_EFFECT,EFF_01260,补气,EFF,2
HER_02025,巴戟,HER,HAS_EFFECT,EFF_01256,补肾,EFF,4
HER_02025,巴戟,HER,HAS_EFFECT,EFF_01253,清热,EFF,2
HER_01916,竹茹,HER,RELIEVES,SYM_03738,泛恶,SYM,2
HER_02024,姜半夏,HER,RELIEVES,SYM_03738,泛恶,SYM,2
HER_01879,党参,HER,RELIEVES,SYM_03738,泛恶,SYM,2
HER_01884,山药,HER,RELIEVES,SYM_03738,泛恶,SYM,3
HER_01919,山茱萸,HER,RELIEVES,SYM_03738,泛恶,SYM,2
PRE_02544,玄明粉,PRE,CONTAINS,HER_01921,麻黄,HER,2
PRE_02544,玄明粉,PRE,CONTAINS,HER_01865,连翘,HER,6
PRE_02544,玄明粉,PRE,CONTAINS,HER_01926,菊花,HER,2
PRE_02544,玄明粉,PRE,CONTAINS,HER_01899,苡仁,HER,3
PRE_02544,玄明粉,PRE,CONTAINS,HER_01855,茯苓,HER,4
PRE_02544,玄明粉,PRE,CONTAINS,HER_01933,蒲公英,HER,4
PRE_02544,玄明粉,PRE,CONTAINS,HER_01871,赤芍,HER,5
PRE_02544,玄明粉,PRE,CONTAINS,HER_01904,金银花,HER,3
PRE_02544,玄明粉,PRE,CONTAINS,HER_02035,白鲜皮,HER,2
PRE_02544,玄明粉,PRE,CONTAINS,HER_01869,大黄,HER,9
PRE_02544,玄明粉,PRE,CONTAINS,HER_01870,杏仁,HER,3
PRE_02498,五味消毒饮,PRE,CONTAINS,HER_01999,紫花地丁,HER,8
PRE_02498,五味消毒饮,PRE,CONTAINS,HER_02066,赤小豆,HER,4
PRE_02498,五味消毒饮,PRE,CONTAINS,HER_01921,麻黄,HER,2
PRE_02498,五味消毒饮,PRE,CONTAINS,HER_01865,连翘,HER,6
PRE_02498,五味消毒饮,PRE,CONTAINS,HER_01926,菊花,HER,6
PRE_02498,五味消毒饮,PRE,CONTAINS,HER_01899,苡仁,HER,2
PRE_02498,五味消毒饮,PRE,CONTAINS,HER_01933,蒲公英,HER,8
PRE_02498,五味消毒饮,PRE,CONTAINS,HER_01873,泽泻,HER,3
PRE_02498,五味消毒饮,PRE,CONTAINS,HER_01871,赤芍,HER,7
PRE_02498,五味消毒饮,PRE,CONTAINS,HER_01904,金银花,HER,8
PRE_02498,五味消毒饮,PRE,CONTAINS,HER_01869,大黄,HER,3
PRE_02498,五味消毒饮,PRE,CONTAINS,HER_01870,杏仁,HER,3
PRE_02544,玄明粉,PRE,TREATS,SYM_03444,大便秘结,SYM,3
HER_01999,紫花地丁,HER,HAS_EFFECT,EFF_01258,清热解毒,EFF,6
HER_02051,苦参,HER,HAS_EFFECT,EFF_01305,祛风止痒,EFF,3
HER_01921,麻黄,HER,HAS_EFFECT,EFF_01258,清热解毒,EFF,3
HER_01865,连翘,HER,HAS_EFFECT,EFF_01305,祛风止痒,EFF,2
HER_01865,连翘,HER,HAS_EFFECT,EFF_01373,解毒化湿,EFF,3
HER_01926,菊花,HER,HAS_EFFECT,EFF_01305,祛风止痒,EFF,3
HER_01899,苡仁,HER,HAS_EFFECT,EFF_01258,清热解毒,EFF,2
HER_01899,苡仁,HER,HAS_EFFECT,EFF_01373,解毒化湿,EFF,2
HER_01933,蒲公英,HER,HAS_EFFECT,EFF_01373,解毒化湿,EFF,2
HER_01933,蒲公英,HER,HAS_EFFECT,EFF_01308,通腑泻热,EFF,2
HER_01871,赤芍,HER,HAS_EFFECT,EFF_01373,解毒化湿,EFF,3
HER_01871,赤芍,HER,HAS_EFFECT,EFF_01308,通腑泻热,EFF,2
HER_01904,金银花,HER,HAS_EFFECT,EFF_01305,祛风止痒,EFF,3
HER_01904,金银花,HER,HAS_EFFECT,EFF_01373,解毒化湿,EFF,2
HER_02035,白鲜皮,HER,HAS_EFFECT,EFF_01305,祛风止痒,EFF,2
HER_02035,白鲜皮,HER,HAS_EFFECT,EFF_01373,解毒化湿,EFF,2
HER_01869,大黄,HER,HAS_EFFECT,EFF_01373,解毒化湿,EFF,3
HER_01870,杏仁,HER,HAS_EFFECT,EFF_01305,祛风止痒,EFF,2
HER_01870,杏仁,HER,HAS_EFFECT,EFF_01258,清热解毒,EFF,3
HER_01870,杏仁,HER,HAS_EFFECT,EFF_01308,通腑泻热,EFF,2
HER_01899,苡仁,HER,RELIEVES,SYM_03444,大便秘结,SYM,6
HER_01933,蒲公英,HER,RELIEVES,SYM_03444,大便秘结,SYM,2
HER_01904,金银花,HER,RELIEVES,SYM_03444,大便秘结,SYM,5
HER_02035,白鲜皮,HER,RELIEVES,SYM_03444,大便秘结,SYM,2
HER_01870,杏仁,HER,RELIEVES,SYM_03444,大便秘结,SYM,2
PRE_02529,胃苓汤,PRE,CONTAINS,HER_02041,炙黄芪,HER,2
PRE_02529,胃苓汤,PRE,CONTAINS,HER_01873,泽泻,HER,2
PRE_02529,胃苓汤,PRE,CONTAINS,HER_01859,柴胡,HER,2
PRE_02529,胃苓汤,PRE,CONTAINS,HER_01874,枳壳,HER,2
PRE_02529,胃苓汤,PRE,CONTAINS,HER_01866,川芎,HER,3
PRE_02529,胃苓汤,PRE,CONTAINS,HER_01905,香附,HER,2
HER_02041,炙黄芪,HER,HAS_EFFECT,EFF_01255,益气,EFF,3
HER_01860,白芍,HER,HAS_EFFECT,EFF_01307,行气利水,EFF,2
HER_01891,郁金,HER,HAS_EFFECT,EFF_01284,行气止痛,EFF,2
HER_01897,红花,HER,HAS_EFFECT,EFF_01284,行气止痛,EFF,4
HER_01859,柴胡,HER,HAS_EFFECT,EFF_01307,行气利水,EFF,2
HER_01874,枳壳,HER,HAS_EFFECT,EFF_01284,行气止痛,EFF,2
HER_01866,川芎,HER,HAS_EFFECT,EFF_01284,行气止痛,EFF,2
HER_01905,香附,HER,HAS_EFFECT,EFF_01255,益气,EFF,3
HER_01877,桃仁,HER,RELIEVES,SYM_03635,腹胀满,SYM,2
HER_01975,麦芽,HER,RELIEVES,SYM_03635,腹胀满,SYM,2
HER_01855,茯苓,HER,RELIEVES,SYM_03635,腹胀满,SYM,3
HER_01891,郁金,HER,RELIEVES,SYM_03635,腹胀满,SYM,4
HER_01897,红花,HER,RELIEVES,SYM_03635,腹胀满,SYM,2
HER_01861,黄连,HER,RELIEVES,SYM_03635,腹胀满,SYM,4
HER_01874,枳壳,HER,RELIEVES,SYM_03635,腹胀满,SYM,2
HER_01879,党参,HER,RELIEVES,SYM_03635,腹胀满,SYM,2
PRE_02500,血府逐瘀汤,PRE,CONTAINS,HER_02044,延胡索,HER,2
PRE_02500,血府逐瘀汤,PRE,CONTAINS,HER_02010,桃红,HER,2
PRE_02500,血府逐瘀汤,PRE,CONTAINS,HER_01888,牛膝,HER,5
PRE_02483,四物汤,PRE,CONTAINS,HER_01899,苡仁,HER,2
PRE_02483,四物汤,PRE,CONTAINS,HER_01902,车前子,HER,3
PRE_02483,四物汤,PRE,CONTAINS,HER_01886,丹参,HER,3
PRE_02483,四物汤,PRE,CONTAINS,HER_02088,马鞭草,HER,2
PRE_02483,四物汤,PRE,CONTAINS,HER_01891,郁金,HER,2
PRE_02483,四物汤,PRE,CONTAINS,HER_01967,益母草,HER,4
PRE_02483,四物汤,PRE,CONTAINS,HER_01888,牛膝,HER,8
PRE_02483,四物汤,PRE,CONTAINS,HER_02058,泽兰,HER,3
HER_01902,车前子,HER,HAS_EFFECT,EFF_01291,温补肾阳,EFF,2
HER_01888,牛膝,HER,HAS_EFFECT,EFF_01291,温补肾阳,EFF,2
HER_01902,车前子,HER,HAS_EFFECT,EFF_01315,宣肺止咳,EFF,2
HER_01946,大枣,HER,HAS_EFFECT,EFF_01345,疏风散寒,EFF,2
HER_01921,麻黄,HER,HAS_EFFECT,EFF_01253,清热,EFF,2
HER_01854,甘草,HER,HAS_EFFECT,EFF_01345,疏风散寒,EFF,2
HER_01854,甘草,HER,HAS_EFFECT,EFF_01315,宣肺止咳,EFF,3
HER_01855,茯苓,HER,HAS_EFFECT,EFF_01315,宣肺止咳,EFF,3
HER_02045,板蓝根,HER,HAS_EFFECT,EFF_01253,清热,EFF,5
HER_02022,前胡,HER,HAS_EFFECT,EFF_01253,清热,EFF,5
HER_01995,射干,HER,HAS_EFFECT,EFF_01253,清热,EFF,6
HER_01881,石膏,HER,HAS_EFFECT,EFF_01452,解毒利咽,EFF,2
HER_01930,猪苓,HER,HAS_EFFECT,EFF_01315,宣肺止咳,EFF,2
HER_01870,杏仁,HER,HAS_EFFECT,EFF_01253,清热,EFF,11
HER_01958,牛蒡子,HER,RELIEVES,SYM_04228,咽喉红肿疼痛,SYM,2
HER_01953,芦根,HER,RELIEVES,SYM_04228,咽喉红肿疼痛,SYM,2
HER_01904,金银花,HER,RELIEVES,SYM_04228,咽喉红肿疼痛,SYM,2
HER_01865,连翘,HER,RELIEVES,SYM_04228,咽喉红肿疼痛,SYM,2
HER_01854,甘草,HER,RELIEVES,SYM_04228,咽喉红肿疼痛,SYM,2
HER_01995,射干,HER,RELIEVES,SYM_04228,咽喉红肿疼痛,SYM,2
HER_01881,石膏,HER,RELIEVES,SYM_04228,咽喉红肿疼痛,SYM,2
HER_01879,党参,HER,HAS_EFFECT,EFF_01276,温肾,EFF,2
HER_01938,菟丝子,HER,HAS_EFFECT,EFF_01276,温肾,EFF,2
PRE_02616,左归丸,PRE,CONTAINS,HER_01855,茯苓,HER,2
PRE_02646,六味地黄汤,PRE,CONTAINS,HER_01873,泽泻,HER,2
PRE_02646,六味地黄汤,PRE,CONTAINS,HER_01867,麦冬,HER,2
PRE_02646,六味地黄汤,PRE,CONTAINS,HER_01855,茯苓,HER,2
PRE_02503,地黄汤,PRE,CONTAINS,HER_01873,泽泻,HER,6
PRE_02503,地黄汤,PRE,CONTAINS,HER_01888,牛膝,HER,2
PRE_02503,地黄汤,PRE,CONTAINS,HER_01867,麦冬,HER,6
PRE_02503,地黄汤,PRE,CONTAINS,HER_01855,茯苓,HER,9
PRE_02484,五苓散,PRE,CONTAINS,HER_01978,莱菔子,HER,2
PRE_02484,五苓散,PRE,CONTAINS,HER_01996,木瓜,HER,2
CAU_00012,阴虚,CAU,CAUSES,SYM_03408,舌红,SYM,8
HER_01986,肉苁蓉,HER,HAS_EFFECT,EFF_01254,健脾,EFF,2
HER_01889,黄柏,HER,HAS_EFFECT,EFF_01260,补气,EFF,2
HER_01889,黄柏,HER,HAS_EFFECT,EFF_01287,益肾,EFF,2
HER_02242,凤尾草,HER,HAS_EFFECT,EFF_01253,清热,EFF,2
HER_01862,黄芪,HER,HAS_EFFECT,EFF_01287,益肾,EFF,2
HER_01885,牡丹皮,HER,HAS_EFFECT,EFF_01254,健脾,EFF,3
HER_01885,牡丹皮,HER,HAS_EFFECT,EFF_01287,益肾,EFF,3
HER_01855,茯苓,HER,HAS_EFFECT,EFF_01287,益肾,EFF,2
HER_01903,五味子,HER,HAS_EFFECT,EFF_01291,温补肾阳,EFF,2
HER_01938,菟丝子,HER,HAS_EFFECT,EFF_01291,温补肾阳,EFF,2
HER_01879,党参,HER,HAS_EFFECT,EFF_01287,益肾,EFF,2
HER_01888,牛膝,HER,HAS_EFFECT,EFF_01271,滋阴清热,EFF,2
HER_01888,牛膝,HER,HAS_EFFECT,EFF_01260,补气,EFF,3
HER_01888,牛膝,HER,HAS_EFFECT,EFF_01287,益肾,EFF,2
HER_01888,牛膝,HER,HAS_EFFECT,EFF_01253,清热,EFF,9
HER_01884,山药,HER,HAS_EFFECT,EFF_01271,滋阴清热,EFF,3
HER_01911,生地黄,HER,HAS_EFFECT,EFF_01271,滋阴清热,EFF,3
HER_01878,知母,HER,HAS_EFFECT,EFF_01254,健脾,EFF,2
HER_01902,车前子,HER,RELIEVES,SYM_03408,舌红,SYM,2
HER_01912,肉桂,HER,RELIEVES,SYM_03408,舌红,SYM,2
HER_01907,熟地黄,HER,RELIEVES,SYM_03408,舌红,SYM,2
HER_01879,党参,HER,RELIEVES,SYM_03408,舌红,SYM,4
HER_01919,山茱萸,HER,RELIEVES,SYM_03408,舌红,SYM,2
HER_01857,白术,HER,RELIEVES,SYM_04090,少腹坠胀,SYM,2
HER_01922,升麻,HER,RELIEVES,SYM_04090,少腹坠胀,SYM,2
HER_01859,柴胡,HER,RELIEVES,SYM_04090,少腹坠胀,SYM,2
HER_01879,党参,HER,RELIEVES,SYM_04090,少腹坠胀,SYM,2
HER_02087,覆盆子,HER,RELIEVES,SYM_04090,少腹坠胀,SYM,2
PRE_02531,导赤散,PRE,CONTAINS,HER_01929,竹叶,HER,2
PRE_02531,导赤散,PRE,CONTAINS,HER_01872,栀子,HER,3
PRE_02531,导赤散,PRE,CONTAINS,HER_01854,甘草,HER,2
PRE_02718,小蓟饮,PRE,CONTAINS,HER_02033,小蓟,HER,2
PRE_02718,小蓟饮,PRE,CONTAINS,HER_01872,栀子,HER,2
PRE_02718,小蓟饮,PRE,CONTAINS,HER_01869,大黄,HER,2
HER_02033,小蓟,HER,HAS_EFFECT,EFF_01267,凉血止血,EFF,2
HER_02033,小蓟,HER,HAS_EFFECT,EFF_01253,清热,EFF,7
HER_02033,小蓟,HER,HAS_EFFECT,EFF_01308,通腑泻热,EFF,2
HER_02031,三七粉,HER,HAS_EFFECT,EFF_01261,止血,EFF,3
HER_02172,琥珀粉,HER,HAS_EFFECT,EFF_01261,止血,EFF,2
HER_01963,白茅根,HER,HAS_EFFECT,EFF_01261,止血,EFF,2
HER_01929,竹叶,HER,HAS_EFFECT,EFF_01267,凉血止血,EFF,2
HER_01929,竹叶,HER,HAS_EFFECT,EFF_01253,清热,EFF,10
HER_01929,竹叶,HER,HAS_EFFECT,EFF_01308,通腑泻热,EFF,2
HER_01872,栀子,HER,HAS_EFFECT,EFF_01308,通腑泻热,EFF,4
HER_01854,甘草,HER,HAS_EFFECT,EFF_01267,凉血止血,EFF,3
HER_01854,甘草,HER,HAS_EFFECT,EFF_01308,通腑泻热,EFF,4
HER_01959,通草,HER,HAS_EFFECT,EFF_01261,止血,EFF,2
HER_01959,通草,HER,HAS_EFFECT,EFF_01308,通腑泻热,EFF,3
HER_02065,藕节,HER,HAS_EFFECT,EFF_01261,止血,EFF,3
HER_02065,藕节,HER,HAS_EFFECT,EFF_01253,清热,EFF,4
HER_02065,藕节,HER,HAS_EFFECT,EFF_01308,通腑泻热,EFF,2
HER_01871,赤芍,HER,HAS_EFFECT,EFF_01261,止血,EFF,2
HER_01869,大黄,HER,HAS_EFFECT,EFF_01261,止血,EFF,4
HER_02003,蒲黄,HER,HAS_EFFECT,EFF_01261,止血,EFF,3
HER_01911,生地黄,HER,HAS_EFFECT,EFF_01261,止血,EFF,4
HER_01911,生地黄,HER,HAS_EFFECT,EFF_01308,通腑泻热,EFF,2
HER_02033,小蓟,HER,RELIEVES,SYM_03436,便秘,SYM,2
PRE_02556,二至丸,PRE,CONTAINS,HER_01928,阿胶,HER,2
PRE_02556,二至丸,PRE,CONTAINS,HER_01885,牡丹皮,HER,3
PRE_02556,二至丸,PRE,CONTAINS,HER_01855,茯苓,HER,4
PRE_02556,二至丸,PRE,CONTAINS,HER_01884,山药,HER,4
PRE_02556,二至丸,PRE,CONTAINS,HER_01873,泽泻,HER,3
PRE_02556,二至丸,PRE,CONTAINS,HER_01982,女贞子,HER,5
PRE_02556,二至丸,PRE,CONTAINS,HER_01919,山茱萸,HER,4
PRE_02556,二至丸,PRE,CONTAINS,HER_02068,龟甲,HER,2
PRE_02556,二至丸,PRE,CONTAINS,HER_02056,旱莲草,HER,3
PRE_02556,二至丸,PRE,CONTAINS,HER_02011,续断,HER,2
PRE_02545,知柏地黄汤,PRE,CONTAINS,HER_01928,阿胶,HER,3
PRE_02545,知柏地黄汤,PRE,CONTAINS,HER_02056,旱莲草,HER,2
HER_01928,阿胶,HER,HAS_EFFECT,EFF_01261,止血,EFF,5
HER_01885,牡丹皮,HER,HAS_EFFECT,EFF_01261,止血,EFF,6
HER_01885,牡丹皮,HER,HAS_EFFECT,EFF_01275,祛湿,EFF,2
HER_01855,茯苓,HER,HAS_EFFECT,EFF_01261,止血,EFF,6
HER_01884,山药,HER,HAS_EFFECT,EFF_01261,止血,EFF,9
HER_01884,山药,HER,HAS_EFFECT,EFF_01275,祛湿,EFF,3
HER_01873,泽泻,HER,HAS_EFFECT,EFF_01261,止血,EFF,4
HER_01873,泽泻,HER,HAS_EFFECT,EFF_01275,祛湿,EFF,4
HER_01982,女贞子,HER,HAS_EFFECT,EFF_01261,止血,EFF,3
HER_01982,女贞子,HER,HAS_EFFECT,EFF_01271,滋阴清热,EFF,2
HER_01919,山茱萸,HER,HAS_EFFECT,EFF_01261,止血,EFF,6
HER_01919,山茱萸,HER,HAS_EFFECT,EFF_01275,祛湿,EFF,2
HER_01906,滑石,HER,HAS_EFFECT,EFF_01261,止血,EFF,2
HER_01906,滑石,HER,HAS_EFFECT,EFF_01275,祛湿,EFF,2
HER_01906,滑石,HER,HAS_EFFECT,EFF_01271,滋阴清热,EFF,2
HER_02068,龟甲,HER,HAS_EFFECT,EFF_01261,止血,EFF,4
HER_01911,生地黄,HER,HAS_EFFECT,EFF_01275,祛湿,EFF,2
HER_01930,猪苓,HER,HAS_EFFECT,EFF_01261,止血,EFF,2
HER_02011,续断,HER,HAS_EFFECT,EFF_01261,止血,EFF,3
HER_02011,续断,HER,HAS_EFFECT,EFF_01271,滋阴清热,EFF,2
PRE_02544,玄明粉,PRE,CONTAINS,HER_01872,栀子,HER,6
PRE_02544,玄明粉,PRE,CONTAINS,HER_01854,甘草,HER,4
PRE_02544,玄明粉,PRE,CONTAINS,HER_01911,生地黄,HER,2
PRE_02544,玄明粉,PRE,CONTAINS,HER_01959,通草,HER,2
PRE_02544,玄明粉,PRE,CONTAINS,HER_01902,车前子,HER,2
PRE_02544,玄明粉,PRE,CONTAINS,HER_01858,黄芩,HER,6
PRE_02544,玄明粉,PRE,CONTAINS,HER_02024,姜半夏,HER,2
PRE_02544,玄明粉,PRE,CONTAINS,HER_01906,滑石,HER,3
PRE_02544,玄明粉,PRE,CONTAINS,HER_01887,枳实,HER,6
PRE_02544,玄明粉,PRE,CONTAINS,HER_02032,乌药,HER,2
PRE_02539,八正散,PRE,CONTAINS,HER_01963,白茅根,HER,2
PRE_02539,八正散,PRE,CONTAINS,HER_01872,栀子,HER,3
PRE_02539,八正散,PRE,CONTAINS,HER_01854,甘草,HER,3
PRE_02539,八正散,PRE,CONTAINS,HER_01959,通草,HER,2
PRE_02539,八正散,PRE,CONTAINS,HER_01902,车前子,HER,3
PRE_02539,八正散,PRE,CONTAINS,HER_02024,姜半夏,HER,2
PRE_02539,八正散,PRE,CONTAINS,HER_01869,大黄,HER,3
PRE_02539,八正散,PRE,CONTAINS,HER_02097,瞿麦,HER,3
PRE_02539,八正散,PRE,CONTAINS,HER_01906,滑石,HER,3
PRE_02539,八正散,PRE,CONTAINS,HER_01887,枳实,HER,2
HER_01872,栀子,HER,HAS_EFFECT,EFF_01302,清利湿热,EFF,2
HER_01854,甘草,HER,HAS_EFFECT,EFF_01302,清利湿热,EFF,2
HER_01902,车前子,HER,HAS_EFFECT,EFF_01302,清利湿热,EFF,2
HER_01902,车前子,HER,HAS_EFFECT,EFF_01267,凉血止血,EFF,2
HER_01902,车前子,HER,HAS_EFFECT,EFF_01308,通腑泻热,EFF,2
HER_01858,黄芩,HER,HAS_EFFECT,EFF_01302,清利湿热,EFF,2
HER_01858,黄芩,HER,HAS_EFFECT,EFF_01267,凉血止血,EFF,2
HER_01858,黄芩,HER,HAS_EFFECT,EFF_01308,通腑泻热,EFF,2
HER_01869,大黄,HER,HAS_EFFECT,EFF_01302,清利湿热,EFF,3
HER_02097,瞿麦,HER,HAS_EFFECT,EFF_01302,清利湿热,EFF,2
HER_02097,瞿麦,HER,HAS_EFFECT,EFF_01308,通腑泻热,EFF,2
HER_01906,滑石,HER,HAS_EFFECT,EFF_01302,清利湿热,EFF,2
HER_01906,滑石,HER,HAS_EFFECT,EFF_01267,凉血止血,EFF,2
HER_01906,滑石,HER,HAS_EFFECT,EFF_01308,通腑泻热,EFF,2
HER_01887,枳实,HER,HAS_EFFECT,EFF_01302,清利湿热,EFF,2
HER_01887,枳实,HER,HAS_EFFECT,EFF_01308,通腑泻热,EFF,2
HER_01872,栀子,HER,RELIEVES,SYM_03486,呕恶,SYM,2
HER_01854,甘草,HER,RELIEVES,SYM_03486,呕恶,SYM,2
HER_01959,通草,HER,RELIEVES,SYM_03486,呕恶,SYM,2
HER_01858,黄芩,HER,RELIEVES,SYM_03486,呕恶,SYM,4
HER_01869,大黄,HER,RELIEVES,SYM_03486,呕恶,SYM,2
HER_01906,滑石,HER,RELIEVES,SYM_03486,呕恶,SYM,3
HER_01887,枳实,HER,RELIEVES,SYM_03486,呕恶,SYM,2
HER_02084,石韦,HER,HAS_EFFECT,EFF_01253,清热,EFF,3
HER_02097,瞿麦,HER,HAS_EFFECT,EFF_01253,清热,EFF,4
HER_02128,海金沙,HER,HAS_EFFECT,EFF_01253,清热,EFF,2
HER_02161,金钱草,HER,HAS_EFFECT,EFF_01253,清热,EFF,2
HER_01856,当归,HER,HAS_EFFECT,EFF_01302,清利湿热,EFF,2
HER_02122,冬葵子,HER,HAS_EFFECT,EFF_01253,清热,EFF,2
HER_01889,黄柏,HER,RELIEVES,SYM_03463,苔黄腻,SYM,2
HER_01889,黄柏,HER,RELIEVES,SYM_03635,腹胀满,SYM,2
HER_01889,黄柏,HER,RELIEVES,SYM_03407,发热,SYM,2
HER_01862,黄芪,HER,RELIEVES,SYM_03635,腹胀满,SYM,2
HER_02084,石韦,HER,RELIEVES,SYM_03635,腹胀满,SYM,2
HER_02097,瞿麦,HER,RELIEVES,SYM_03463,苔黄腻,SYM,2
HER_02097,瞿麦,HER,RELIEVES,SYM_03635,腹胀满,SYM,2
HER_01887,枳实,HER,RELIEVES,SYM_03463,苔黄腻,SYM,2
HER_01887,枳实,HER,RELIEVES,SYM_03407,发热,SYM,3
HER_01854,甘草,HER,RELIEVES,SYM_03463,苔黄腻,SYM,2
HER_01854,甘草,HER,RELIEVES,SYM_03635,腹胀满,SYM,5
HER_01854,甘草,HER,RELIEVES,SYM_03407,发热,SYM,7
HER_01872,栀子,HER,RELIEVES,SYM_03463,苔黄腻,SYM,2
HER_01872,栀子,HER,RELIEVES,SYM_03635,腹胀满,SYM,4
HER_01872,栀子,HER,RELIEVES,SYM_03407,发热,SYM,6
HER_01879,党参,HER,RELIEVES,SYM_03407,发热,SYM,2
HER_01856,当归,HER,RELIEVES,SYM_03407,发热,SYM,2
HER_01869,大黄,HER,RELIEVES,SYM_03463,苔黄腻,SYM,2
HER_01869,大黄,HER,RELIEVES,SYM_03635,腹胀满,SYM,4
HER_01869,大黄,HER,RELIEVES,SYM_03407,发热,SYM,5
HER_01906,滑石,HER,RELIEVES,SYM_03463,苔黄腻,SYM,2
HER_01906,滑石,HER,RELIEVES,SYM_03635,腹胀满,SYM,4
HER_01906,滑石,HER,RELIEVES,SYM_03407,发热,SYM,3
HER_01933,蒲公英,HER,RELIEVES,SYM_03463,苔黄腻,SYM,2
HER_01933,蒲公英,HER,RELIEVES,SYM_03635,腹胀满,SYM,4
HER_01989,鸡内金,HER,RELIEVES,SYM_03407,发热,SYM,2
PRE_02663,橘皮,PRE,CONTAINS,HER_01874,枳壳,HER,2
HER_01897,红花,HER,HAS_EFFECT,EFF_01318,活血止痛,EFF,3
HER_01888,牛膝,HER,HAS_EFFECT,EFF_01318,活血止痛,EFF,3
HER_01888,牛膝,HER,HAS_EFFECT,EFF_01284,行气止痛,EFF,3
HER_01906,滑石,HER,HAS_EFFECT,EFF_01318,活血止痛,EFF,2
HER_01871,赤芍,HER,HAS_EFFECT,EFF_01318,活血止痛,EFF,3
HER_01871,赤芍,HER,HAS_EFFECT,EFF_01284,行气止痛,EFF,3
HER_01871,赤芍,HER,RELIEVES,SYM_03635,腹胀满,SYM,2
HER_01957,沉香,HER,RELIEVES,SYM_03635,腹胀满,SYM,3
HER_01907,熟地黄,HER,HAS_EFFECT,EFF_01264,补血,EFF,3
HER_01922,升麻,HER,HAS_EFFECT,EFF_01264,补血,EFF,2
HER_01983,杜仲,HER,HAS_EFFECT,EFF_01264,补血,EFF,2
HER_01925,枸杞子,HER,HAS_EFFECT,EFF_01264,补血,EFF,2
HER_01863,人参,HER,RELIEVES,SYM_03470,小便不利,SYM,2
HER_01901,木,HER,RELIEVES,SYM_03470,小便不利,SYM,2
HER_01856,当归,HER,RELIEVES,SYM_03470,小便不利,SYM,3
HER_01906,滑石,HER,RELIEVES,SYM_03470,小便不利,SYM,2
PRE_02593,海金沙散,PRE,CONTAINS,HER_02128,海金沙,HER,3
PRE_02645,八物汤,PRE,CONTAINS,HER_01917,山栀,HER,2
PRE_02645,八物汤,PRE,CONTAINS,HER_01888,牛膝,HER,2
PRE_02645,八物汤,PRE,CONTAINS,HER_01858,黄芩,HER,2
PRE_02483,四物汤,PRE,CONTAINS,HER_01895,丹皮,HER,2
PRE_02487,龙胆泻肝汤,PRE,CONTAINS,HER_01902,车前子,HER,7
PRE_02487,龙胆泻肝汤,PRE,CONTAINS,HER_01889,黄柏,HER,4
PRE_02487,龙胆泻肝汤,PRE,CONTAINS,HER_01986,肉苁蓉,HER,2
PRE_02487,龙胆泻肝汤,PRE,CONTAINS,HER_02003,蒲黄,HER,2
PRE_02503,地黄汤,PRE,CONTAINS,HER_01902,车前子,HER,2
PRE_02503,地黄汤,PRE,CONTAINS,HER_01889,黄柏,HER,3
PRE_02503,地黄汤,PRE,CONTAINS,HER_01986,肉苁蓉,HER,3
PRE_02503,地黄汤,PRE,CONTAINS,HER_02003,蒲黄,HER,3
PRE_02479,补中益气汤,PRE,CONTAINS,HER_01873,泽泻,HER,2
PRE_02479,补中益气汤,PRE,CONTAINS,HER_02087,覆盆子,HER,2
HER_01857,白术,HER,HAS_EFFECT,EFF_01312,化气行水,EFF,2
HER_01855,茯苓,HER,HAS_EFFECT,EFF_01312,化气行水,EFF,2
HER_01859,柴胡,HER,HAS_EFFECT,EFF_01312,化气行水,EFF,2
HER_01922,升麻,HER,HAS_EFFECT,EFF_01312,化气行水,EFF,2
HER_01873,泽泻,HER,HAS_EFFECT,EFF_01312,化气行水,EFF,2
HER_01864,陈皮,HER,HAS_EFFECT,EFF_01312,化气行水,EFF,2
HER_01930,猪苓,HER,HAS_EFFECT,EFF_01312,化气行水,EFF,2
HER_01855,茯苓,HER,RELIEVES,SYM_03470,小便不利,SYM,3
HER_01873,泽泻,HER,RELIEVES,SYM_03470,小便不利,SYM,2
HER_01912,肉桂,HER,RELIEVES,SYM_03470,小便不利,SYM,2
HER_01959,通草,HER,RELIEVES,SYM_03470,小便不利,SYM,2
HER_01902,车前子,HER,RELIEVES,SYM_03470,小便不利,SYM,2
HER_01930,猪苓,HER,RELIEVES,SYM_03470,小便不利,SYM,2
PRE_02544,玄明粉,PRE,CONTAINS,HER_01897,红花,HER,2
PRE_02544,玄明粉,PRE,CONTAINS,HER_01877,桃仁,HER,3
PRE_02544,玄明粉,PRE,CONTAINS,HER_01856,当归,HER,2
PRE_02544,玄明粉,PRE,CONTAINS,HER_01912,肉桂,HER,2
HER_01877,桃仁,HER,HAS_EFFECT,EFF_01261,止血,EFF,2
HER_01877,桃仁,HER,HAS_EFFECT,EFF_01318,活血止痛,EFF,2
HER_01888,牛膝,HER,HAS_EFFECT,EFF_01261,止血,EFF,3
HER_01910,牡蛎,HER,HAS_EFFECT,EFF_01261,止血,EFF,2
HER_01856,当归,HER,HAS_EFFECT,EFF_01318,活血止痛,EFF,2
HER_01912,肉桂,HER,HAS_EFFECT,EFF_01275,祛湿,EFF,2
HER_01945,夏枯草,HER,HAS_EFFECT,EFF_01275,祛湿,EFF,2
HER_01877,桃仁,HER,RELIEVES,SYM_03470,小便不利,SYM,2
HER_01888,牛膝,HER,RELIEVES,SYM_03470,小便不利,SYM,2
CAU_00008,脉浮,CAU,CAUSES,SYM_03409,头痛,SYM,24
HER_01965,桑叶,HER,HAS_EFFECT,EFF_01253,清热,EFF,5
HER_01991,桑白皮,HER,HAS_EFFECT,EFF_01253,清热,EFF,2
HER_01882,桔梗,HER,RELIEVES,SYM_03409,头痛,SYM,2
HER_01965,桑叶,HER,RELIEVES,SYM_03409,头痛,SYM,5
HER_01870,杏仁,HER,RELIEVES,SYM_03409,头痛,SYM,6
PRE_02562,济生肾气丸,PRE,CONTAINS,HER_01888,牛膝,HER,4
PRE_02562,济生肾气丸,PRE,CONTAINS,HER_01912,肉桂,HER,5
HER_01875,附子,HER,HAS_EFFECT,EFF_01276,温肾,EFF,4
HER_01907,熟地黄,HER,HAS_EFFECT,EFF_01276,温肾,EFF,2
HER_01888,牛膝,HER,HAS_EFFECT,EFF_01255,益气,EFF,3
HER_01983,杜仲,HER,HAS_EFFECT,EFF_01276,温肾,EFF,3
HER_01884,山药,HER,HAS_EFFECT,EFF_01276,温肾,EFF,4
HER_01855,茯苓,HER,HAS_EFFECT,EFF_01276,温肾,EFF,4
HER_01873,泽泻,HER,HAS_EFFECT,EFF_01276,温肾,EFF,2
HER_01919,山茱萸,HER,HAS_EFFECT,EFF_01276,温肾,EFF,2
HER_01912,肉桂,HER,HAS_EFFECT,EFF_01276,温肾,EFF,3
HER_01912,肉桂,HER,HAS_EFFECT,EFF_01256,补肾,EFF,4
HER_02147,仙茅,HER,HAS_EFFECT,EFF_01256,补肾,EFF,2
HER_02011,续断,HER,HAS_EFFECT,EFF_01276,温肾,EFF,2
HER_02011,续断,HER,HAS_EFFECT,EFF_01255,益气,EFF,2
HER_02011,续断,HER,HAS_EFFECT,EFF_01256,补肾,EFF,3
HER_01875,附子,HER,RELIEVES,SYM_03492,尿少,SYM,2
HER_01983,杜仲,HER,RELIEVES,SYM_03458,恶心呕吐,SYM,2
HER_01884,山药,HER,RELIEVES,SYM_03458,恶心呕吐,SYM,2
HER_01919,山茱萸,HER,RELIEVES,SYM_03458,恶心呕吐,SYM,2
PRE_02480,苍术,PRE,CONTAINS,HER_01952,姜汁,HER,2
PRE_02480,苍术,PRE,CONTAINS,HER_01916,竹茹,HER,3
PRE_02480,苍术,PRE,CONTAINS,HER_01902,车前子,HER,5
PRE_02480,苍术,PRE,CONTAINS,HER_01933,蒲公英,HER,3
PRE_02480,苍术,PRE,CONTAINS,HER_02024,姜半夏,HER,6
PRE_02480,苍术,PRE,CONTAINS,HER_01906,滑石,HER,5
PRE_02539,八正散,PRE,CONTAINS,HER_01952,姜汁,HER,2
HER_01902,车前子,HER,RELIEVES,SYM_03635,腹胀满,SYM,2
HER_01933,蒲公英,HER,RELIEVES,SYM_03458,恶心呕吐,SYM,2
HER_01931,石菖蒲,HER,RELIEVES,SYM_03635,腹胀满,SYM,2
HER_01931,石菖蒲,HER,RELIEVES,SYM_03458,恶心呕吐,SYM,2
HER_01906,滑石,HER,RELIEVES,SYM_03458,恶心呕吐,SYM,2
PRE_02503,地黄汤,PRE,CONTAINS,HER_01896,玄参,HER,2
PRE_02503,地黄汤,PRE,CONTAINS,HER_01913,沙参,HER,3
PRE_02503,地黄汤,PRE,CONTAINS,HER_01862,黄芪,HER,5
PRE_02503,地黄汤,PRE,CONTAINS,HER_01884,山药,HER,4
PRE_02503,地黄汤,PRE,CONTAINS,HER_01919,山茱萸,HER,6
PRE_02503,地黄汤,PRE,CONTAINS,HER_01911,生地黄,HER,2
PRE_02503,地黄汤,PRE,CONTAINS,HER_02008,参芪,HER,5
PRE_02503,地黄汤,PRE,CONTAINS,HER_01951,太子参,HER,2
HER_01857,白术,HER,HAS_EFFECT,EFF_01261,止血,EFF,4
HER_02052,麦冬五味子,HER,HAS_EFFECT,EFF_01266,益气养阴,EFF,3
HER_01896,玄参,HER,HAS_EFFECT,EFF_01261,止血,EFF,2
HER_01896,玄参,HER,HAS_EFFECT,EFF_01266,益气养阴,EFF,5
HER_01862,黄芪,HER,HAS_EFFECT,EFF_01261,止血,EFF,3
HER_01895,丹皮,HER,HAS_EFFECT,EFF_01261,止血,EFF,2
HER_01873,泽泻,HER,HAS_EFFECT,EFF_01266,益气养阴,EFF,3
HER_01879,党参,HER,HAS_EFFECT,EFF_01261,止血,EFF,2
HER_01911,生地黄,HER,HAS_EFFECT,EFF_01266,益气养阴,EFF,5
HER_01911,生地黄,HER,HAS_EFFECT,EFF_01262,健脾益气,EFF,2
HER_02008,参芪,HER,HAS_EFFECT,EFF_01266,益气养阴,EFF,4
HER_01913,沙参,HER,RELIEVES,SYM_03408,舌红,SYM,2
HER_01856,当归,HER,HAS_EFFECT,EFF_01287,益肾,EFF,3
HER_02087,覆盆子,HER,HAS_EFFECT,EFF_01255,益气,EFF,2
HER_02003,蒲黄,HER,HAS_EFFECT,EFF_01255,益气,EFF,2
HER_01880,桂枝,HER,RELIEVES,SYM_03449,便溏,SYM,3
HER_01998,炮姜,HER,RELIEVES,SYM_03449,便溏,SYM,2
HER_01859,柴胡,HER,RELIEVES,SYM_03449,便溏,SYM,3
HER_01879,党参,HER,RELIEVES,SYM_03449,便溏,SYM,6
PRE_02517,银翘散,PRE,CONTAINS,HER_01914,贝母,HER,2
PRE_02517,银翘散,PRE,CONTAINS,HER_01895,丹皮,HER,2
PRE_02517,银翘散,PRE,CONTAINS,HER_01995,射干,HER,2
PRE_02517,银翘散,PRE,CONTAINS,HER_01881,石膏,HER,5
PRE_02517,银翘散,PRE,CONTAINS,HER_02045,板蓝根,HER,2
PRE_02517,银翘散,PRE,CONTAINS,HER_01993,银花,HER,2
PRE_02517,银翘散,PRE,CONTAINS,HER_01878,知母,HER,2
PRE_02517,银翘散,PRE,CONTAINS,HER_01870,杏仁,HER,4
HER_01914,贝母,HER,HAS_EFFECT,EFF_01267,凉血止血,EFF,2
HER_01993,银花,HER,HAS_EFFECT,EFF_01253,清热,EFF,4
HER_02104,侧柏叶,HER,HAS_EFFECT,EFF_01267,凉血止血,EFF,2
HER_02104,侧柏叶,HER,HAS_EFFECT,EFF_01253,清热,EFF,2
HER_01896,玄参,HER,RELIEVES,SYM_03577,鼻衄,SYM,2
HER_01865,连翘,HER,RELIEVES,SYM_03577,鼻衄,SYM,2
HER_01871,赤芍,HER,RELIEVES,SYM_03577,鼻衄,SYM,2
HER_01878,知母,HER,RELIEVES,SYM_03577,鼻衄,SYM,2
PRE_02646,六味地黄汤,PRE,CONTAINS,HER_01982,女贞子,HER,2
PRE_02556,二至丸,PRE,CONTAINS,HER_01896,玄参,HER,3
PRE_02556,二至丸,PRE,CONTAINS,HER_01983,杜仲,HER,2
PRE_02556,二至丸,PRE,CONTAINS,HER_01867,麦冬,HER,3
HER_01896,玄参,HER,HAS_EFFECT,EFF_01274,滋阴降火,EFF,4
HER_01895,丹皮,HER,HAS_EFFECT,EFF_01274,滋阴降火,EFF,2
HER_01982,女贞子,HER,HAS_EFFECT,EFF_01274,滋阴降火,EFF,2
HER_01867,麦冬,HER,HAS_EFFECT,EFF_01274,滋阴降火,EFF,4
HER_01967,益母草,HER,HAS_EFFECT,EFF_01253,清热,EFF,4
HER_01953,芦根,HER,RELIEVES,SYM_03444,大便秘结,SYM,3
HER_01896,玄参,HER,RELIEVES,SYM_03429,腹胀,SYM,2
HER_01899,苡仁,HER,RELIEVES,SYM_03429,腹胀,SYM,7
HER_01873,泽泻,HER,RELIEVES,SYM_03429,腹胀,SYM,3
HER_01887,枳实,HER,RELIEVES,SYM_03429,腹胀,SYM,5
HER_01886,丹参,HER,RELIEVES,SYM_03444,大便秘结,SYM,4
HER_01886,丹参,HER,RELIEVES,SYM_03429,腹胀,SYM,4
HER_01857,白术,HER,RELIEVES,SYM_03429,腹胀,SYM,9
HER_01961,淡竹叶,HER,RELIEVES,SYM_03444,大便秘结,SYM,4
HER_01872,栀子,HER,RELIEVES,SYM_03429,腹胀,SYM,5
HER_01967,益母草,HER,RELIEVES,SYM_03429,腹胀,SYM,3
HER_01869,大黄,HER,RELIEVES,SYM_03429,腹胀,SYM,4
HER_01906,滑石,HER,RELIEVES,SYM_03444,大便秘结,SYM,2
HER_01906,滑石,HER,RELIEVES,SYM_03429,腹胀,SYM,3
HER_01884,山药,HER,RELIEVES,SYM_03444,大便秘结,SYM,4
HER_01884,山药,HER,RELIEVES,SYM_03429,腹胀,SYM,3
HER_01930,猪苓,HER,RELIEVES,SYM_03429,腹胀,SYM,2
PRE_02487,龙胆泻肝汤,PRE,CONTAINS,HER_01895,丹皮,HER,6
PRE_02505,生脉散,PRE,CONTAINS,HER_01863,人参,HER,4
PRE_02505,生脉散,PRE,CONTAINS,HER_01885,牡丹皮,HER,3
PRE_02505,生脉散,PRE,CONTAINS,HER_01873,泽泻,HER,2
PRE_02505,生脉散,PRE,CONTAINS,HER_01919,山茱萸,HER,3
PRE_02505,生脉散,PRE,CONTAINS,HER_01856,当归,HER,3
PRE_02505,生脉散,PRE,CONTAINS,HER_02008,参芪,HER,2
PRE_02535,金匮肾气丸,PRE,CONTAINS,HER_01907,熟地黄,HER,2
PRE_02535,金匮肾气丸,PRE,CONTAINS,HER_01885,牡丹皮,HER,2
PRE_02535,金匮肾气丸,PRE,CONTAINS,HER_01873,泽泻,HER,4
PRE_02535,金匮肾气丸,PRE,CONTAINS,HER_01856,当归,HER,2
PRE_02535,金匮肾气丸,PRE,CONTAINS,HER_01864,陈皮,HER,2
PRE_02511,知柏地黄丸,PRE,CONTAINS,HER_01862,黄芪,HER,2
PRE_02511,知柏地黄丸,PRE,CONTAINS,HER_01864,陈皮,HER,2
PRE_02511,知柏地黄丸,PRE,CONTAINS,HER_02008,参芪,HER,2
PRE_02503,地黄汤,PRE,CONTAINS,HER_01907,熟地黄,HER,2
PRE_02503,地黄汤,PRE,CONTAINS,HER_01885,牡丹皮,HER,4
PRE_02503,地黄汤,PRE,CONTAINS,HER_01925,枸杞子,HER,2
PRE_02503,地黄汤,PRE,CONTAINS,HER_01856,当归,HER,3
PRE_02509,玉女煎,PRE,CONTAINS,HER_01863,人参,HER,2
PRE_02509,玉女煎,PRE,CONTAINS,HER_01862,黄芪,HER,2
PRE_02509,玉女煎,PRE,CONTAINS,HER_01855,茯苓,HER,2
PRE_02511,知柏地黄丸,PRE,TREATS,SYM_03449,便溏,SYM,2
PRE_02511,知柏地黄丸,PRE,TREATS,SYM_03438,盗汗,SYM,2
PRE_02503,地黄汤,PRE,TREATS,SYM_03449,便溏,SYM,2
PRE_02503,地黄汤,PRE,TREATS,SYM_03438,盗汗,SYM,2
HER_02112,紫河,HER,HAS_EFFECT,EFF_01254,健脾,EFF,2
HER_01863,人参,HER,HAS_EFFECT,EFF_01266,益气养阴,EFF,2
HER_01863,人参,HER,HAS_EFFECT,EFF_01254,健脾,EFF,6
HER_01885,牡丹皮,HER,HAS_EFFECT,EFF_01266,益气养阴,EFF,3
HER_01856,当归,HER,HAS_EFFECT,EFF_01266,益气养阴,EFF,3
HER_01907,熟地黄,HER,RELIEVES,SYM_03449,便溏,SYM,2
HER_01907,熟地黄,HER,RELIEVES,SYM_03438,盗汗,SYM,3
HER_01863,人参,HER,RELIEVES,SYM_03449,便溏,SYM,2
HER_01884,山药,HER,RELIEVES,SYM_03438,盗汗,SYM,3
HER_01873,泽泻,HER,RELIEVES,SYM_03449,便溏,SYM,2
HER_01873,泽泻,HER,RELIEVES,SYM_03497,面色少华,SYM,2
HER_01873,泽泻,HER,RELIEVES,SYM_03438,盗汗,SYM,4
HER_01919,山茱萸,HER,RELIEVES,SYM_03449,便溏,SYM,3
HER_01925,枸杞子,HER,RELIEVES,SYM_03449,便溏,SYM,2
HER_02008,参芪,HER,RELIEVES,SYM_03449,便溏,SYM,2
PRE_02562,济生肾气丸,PRE,CONTAINS,HER_01885,牡丹皮,HER,3
PRE_02562,济生肾气丸,PRE,CONTAINS,HER_01911,生地黄,HER,2
PRE_02486,理中汤,PRE,CONTAINS,HER_01875,附子,HER,3
PRE_02486,理中汤,PRE,CONTAINS,HER_01885,牡丹皮,HER,2
PRE_02486,理中汤,PRE,CONTAINS,HER_01884,山药,HER,2
PRE_02486,理中汤,PRE,CONTAINS,HER_01873,泽泻,HER,2
PRE_02486,理中汤,PRE,CONTAINS,HER_01919,山茱萸,HER,2
PRE_02486,理中汤,PRE,CONTAINS,HER_01912,肉桂,HER,2
PRE_02516,玉屏风散,PRE,CONTAINS,HER_01939,山楂,HER,3
PRE_02516,玉屏风散,PRE,CONTAINS,HER_01938,菟丝子,HER,3
PRE_02516,玉屏风散,PRE,CONTAINS,HER_01899,苡仁,HER,5
PRE_02516,玉屏风散,PRE,CONTAINS,HER_01912,肉桂,HER,3
PRE_02481,六君子汤,PRE,CONTAINS,HER_01939,山楂,HER,2
PRE_02481,六君子汤,PRE,CONTAINS,HER_01975,麦芽,HER,2
PRE_02481,六君子汤,PRE,CONTAINS,HER_01912,肉桂,HER,2
HER_01857,白术,HER,HAS_EFFECT,EFF_01346,益气固表,EFF,3
HER_01938,菟丝子,HER,HAS_EFFECT,EFF_01255,益气,EFF,4
HER_01855,茯苓,HER,HAS_EFFECT,EFF_01346,益气固表,EFF,2
HER_01879,党参,HER,HAS_EFFECT,EFF_01346,益气固表,EFF,2
PRE_02489,六味地黄丸,PRE,CONTAINS,HER_02096,煅龙骨,HER,2
PRE_02489,六味地黄丸,PRE,TREATS,SYM_03438,盗汗,SYM,2
PRE_02503,地黄汤,PRE,TREATS,SYM_03409,头痛,SYM,2
HER_01885,牡丹皮,HER,RELIEVES,SYM_03409,头痛,SYM,3
HER_01884,山药,HER,RELIEVES,SYM_03409,头痛,SYM,2
HER_01873,泽泻,HER,RELIEVES,SYM_03409,头痛,SYM,3
HER_01919,山茱萸,HER,RELIEVES,SYM_03409,头痛,SYM,2
HER_02058,泽兰,HER,HAS_EFFECT,EFF_01257,活血化瘀,EFF,2
HER_01857,白术,HER,HAS_EFFECT,EFF_01275,祛湿,EFF,3
HER_01864,陈皮,HER,HAS_EFFECT,EFF_01275,祛湿,EFF,2
PRE_02508,安宫牛黄丸,PRE,CONTAINS,HER_01863,人参,HER,2
PRE_02508,安宫牛黄丸,PRE,CONTAINS,HER_01862,黄芪,HER,2
PRE_02508,安宫牛黄丸,PRE,CONTAINS,HER_01867,麦冬,HER,2
PRE_02505,生脉散,PRE,CONTAINS,HER_01875,附子,HER,2
PRE_02505,生脉散,PRE,CONTAINS,HER_01896,玄参,HER,2
PRE_02505,生脉散,PRE,CONTAINS,HER_01910,牡蛎,HER,2
PRE_02505,生脉散,PRE,CONTAINS,HER_01944,龙骨,HER,2
PRE_02505,生脉散,PRE,CONTAINS,HER_01867,麦冬,HER,6
PRE_02652,参附汤,PRE,CONTAINS,HER_01875,附子,HER,2
PRE_02652,参附汤,PRE,CONTAINS,HER_01863,人参,HER,3
PRE_02652,参附汤,PRE,CONTAINS,HER_01910,牡蛎,HER,2
PRE_02652,参附汤,PRE,CONTAINS,HER_01919,山茱萸,HER,2
PRE_02652,参附汤,PRE,CONTAINS,HER_01944,龙骨,HER,2
HER_01910,牡蛎,HER,HAS_EFFECT,EFF_01266,益气养阴,EFF,2
CAU_00097,神昏谵语,CAU,CAUSES,SYM_03429,腹胀,SYM,2
HER_02023,大腹皮,HER,HAS_EFFECT,EFF_01253,清热,EFF,2
HER_01902,车前子,HER,RELIEVES,SYM_03429,腹胀,SYM,2
HER_01904,金银花,HER,RELIEVES,SYM_03429,腹胀,SYM,5
HER_01854,甘草,HER,RELIEVES,SYM_03429,腹胀,SYM,7
HER_01916,竹茹,HER,RELIEVES,SYM_03429,腹胀,SYM,3
HER_01855,茯苓,HER,RELIEVES,SYM_03429,腹胀,SYM,13
HER_01891,郁金,HER,RELIEVES,SYM_03429,腹胀,SYM,2
HER_01861,黄连,HER,RELIEVES,SYM_03429,腹胀,SYM,4
HER_02024,姜半夏,HER,RELIEVES,SYM_03429,腹胀,SYM,4
HER_01864,陈皮,HER,RELIEVES,SYM_03429,腹胀,SYM,6
HER_02023,大腹皮,HER,RELIEVES,SYM_03429,腹胀,SYM,3
HER_01876,厚朴,HER,RELIEVES,SYM_03429,腹胀,SYM,10
HER_01881,石膏,HER,RELIEVES,SYM_03429,腹胀,SYM,3
HER_01933,蒲公英,HER,RELIEVES,SYM_03429,腹胀,SYM,2
PRE_02510,紫雪丹,PRE,CONTAINS,HER_01891,郁金,HER,2
PRE_02510,紫雪丹,PRE,CONTAINS,HER_01937,天花粉,HER,2
PRE_02510,紫雪丹,PRE,CONTAINS,HER_01865,连翘,HER,4
HER_01911,生地黄,HER,HAS_EFFECT,EFF_01258,清热解毒,EFF,2
HER_02109,槐花,HER,HAS_EFFECT,EFF_01257,活血化瘀,EFF,3
HER_02109,槐花,HER,HAS_EFFECT,EFF_01258,清热解毒,EFF,2
HER_02109,槐花,HER,HAS_EFFECT,EFF_01253,清热,EFF,5
HER_01891,郁金,HER,RELIEVES,SYM_03436,便秘,SYM,3
HER_01896,玄参,HER,RELIEVES,SYM_03407,发热,SYM,2
HER_01865,连翘,HER,RELIEVES,SYM_03410,口渴,SYM,6
HER_01865,连翘,HER,RELIEVES,SYM_03407,发热,SYM,9
HER_01872,栀子,HER,RELIEVES,SYM_03410,口渴,SYM,4
HER_01885,牡丹皮,HER,RELIEVES,SYM_03410,口渴,SYM,4
HER_01881,石膏,HER,RELIEVES,SYM_03436,便秘,SYM,2
HER_01881,石膏,HER,RELIEVES,SYM_03407,发热,SYM,2
HER_01871,赤芍,HER,RELIEVES,SYM_03410,口渴,SYM,3
HER_01871,赤芍,HER,RELIEVES,SYM_03407,发热,SYM,3
HER_01869,大黄,HER,RELIEVES,SYM_03410,口渴,SYM,3
HER_01976,茵陈,HER,RELIEVES,SYM_03436,便秘,SYM,2
HER_01878,知母,HER,RELIEVES,SYM_03436,便秘,SYM,3
HER_02109,槐花,HER,RELIEVES,SYM_03436,便秘,SYM,2
CAU_00012,阴虚,CAU,CAUSES,SYM_03449,便溏,SYM,2
CAU_00012,阴虚,CAU,CAUSES,SYM_03458,恶心呕吐,SYM,3
PRE_02626,生脉饮,PRE,CONTAINS,HER_01855,茯苓,HER,2
PRE_02626,生脉饮,PRE,CONTAINS,HER_01919,山茱萸,HER,2
PRE_02626,生脉饮,PRE,CONTAINS,HER_01951,太子参,HER,2
PRE_02494,十全大补汤,PRE,CONTAINS,HER_02008,参芪,HER,2
PRE_02556,二至丸,PRE,CONTAINS,HER_01860,白芍,HER,2
PRE_02511,知柏地黄丸,PRE,CONTAINS,HER_01896,玄参,HER,2
PRE_02511,知柏地黄丸,PRE,CONTAINS,HER_01927,石斛,HER,2
PRE_02503,地黄汤,PRE,CONTAINS,HER_01860,白芍,HER,2
PRE_02503,地黄汤,PRE,CONTAINS,HER_01983,杜仲,HER,2
PRE_02502,温胆汤,PRE,CONTAINS,HER_01862,黄芪,HER,2
PRE_02502,温胆汤,PRE,CONTAINS,HER_01919,山茱萸,HER,2
PRE_02502,温胆汤,PRE,CONTAINS,HER_01867,麦冬,HER,2
PRE_02502,温胆汤,PRE,CONTAINS,HER_01869,大黄,HER,3
PRE_02502,温胆汤,PRE,CONTAINS,HER_01951,太子参,HER,2
HER_01896,玄参,HER,HAS_EFFECT,EFF_01256,补肾,EFF,2
HER_01983,杜仲,HER,HAS_EFFECT,EFF_01341,清虚热,EFF,2
HER_01869,大黄,HER,HAS_EFFECT,EFF_01266,益气养阴,EFF,4
HER_02008,参芪,HER,HAS_EFFECT,EFF_01256,补肾,EFF,2
HER_01860,白芍,HER,RELIEVES,SYM_03449,便溏,SYM,3
HER_01983,杜仲,HER,RELIEVES,SYM_03449,便溏,SYM,2
HER_01867,麦冬,HER,RELIEVES,SYM_03449,便溏,SYM,3
PRE_02482,二陈汤,PRE,CONTAINS,HER_01857,白术,HER,6
PRE_02482,二陈汤,PRE,CONTAINS,HER_01899,苡仁,HER,6
PRE_02482,二陈汤,PRE,CONTAINS,HER_02049,白芥子,HER,3
PRE_02482,二陈汤,PRE,CONTAINS,HER_02191,云苓,HER,2
PRE_02482,二陈汤,PRE,CONTAINS,HER_02002,苏子,HER,5
PRE_02503,地黄汤,PRE,CONTAINS,HER_01909,葛根,HER,2
PRE_02503,地黄汤,PRE,CONTAINS,HER_01948,地骨皮,HER,2
PRE_02503,地黄汤,PRE,CONTAINS,HER_01991,桑白皮,HER,2
PRE_02503,地黄汤,PRE,CONTAINS,HER_01883,生地,HER,3
PRE_02503,地黄汤,PRE,CONTAINS,HER_01886,丹参,HER,2
HER_02030,莲子,HER,HAS_EFFECT,EFF_01256,补肾,EFF,2
PRE_02516,玉屏风散,PRE,CONTAINS,HER_02073,姜黄,HER,2
PRE_02516,玉屏风散,PRE,CONTAINS,HER_01866,川芎,HER,2
PRE_02516,玉屏风散,PRE,CONTAINS,HER_01884,山药,HER,4
PRE_02516,玉屏风散,PRE,CONTAINS,HER_01925,枸杞子,HER,2
PRE_02516,玉屏风散,PRE,CONTAINS,HER_01856,当归,HER,2
PRE_02516,玉屏风散,PRE,CONTAINS,HER_01951,太子参,HER,2
PRE_02521,肾气丸,PRE,CONTAINS,HER_01938,菟丝子,HER,3
PRE_02521,肾气丸,PRE,CONTAINS,HER_02073,姜黄,HER,2
PRE_02521,肾气丸,PRE,CONTAINS,HER_01866,川芎,HER,2
PRE_02521,肾气丸,PRE,CONTAINS,HER_01862,黄芪,HER,3
PRE_02521,肾气丸,PRE,CONTAINS,HER_01899,苡仁,HER,2
PRE_02521,肾气丸,PRE,CONTAINS,HER_01855,茯苓,HER,2
PRE_02521,肾气丸,PRE,CONTAINS,HER_01884,山药,HER,2
PRE_02521,肾气丸,PRE,CONTAINS,HER_01925,枸杞子,HER,3
PRE_02521,肾气丸,PRE,CONTAINS,HER_01912,肉桂,HER,2
PRE_02521,肾气丸,PRE,CONTAINS,HER_01856,当归,HER,2
PRE_02521,肾气丸,PRE,CONTAINS,HER_01951,太子参,HER,2
HER_02073,姜黄,HER,HAS_EFFECT,EFF_01256,补肾,EFF,3
HER_01866,川芎,HER,HAS_EFFECT,EFF_01256,补肾,EFF,9
HER_01899,苡仁,HER,HAS_EFFECT,EFF_01259,滋阴,EFF,2
HER_01899,苡仁,HER,HAS_EFFECT,EFF_01256,补肾,EFF,4
PRE_02581,香砂六君子汤,PRE,CONTAINS,HER_01856,当归,HER,2
PRE_02480,苍术,PRE,CONTAINS,HER_01884,山药,HER,6
PRE_02480,苍术,PRE,CONTAINS,HER_02041,炙黄芪,HER,3
PRE_02480,苍术,PRE,CONTAINS,HER_02030,莲子,HER,3
PRE_02480,苍术,PRE,CONTAINS,HER_02062,芡实,HER,3
PRE_02480,苍术,PRE,CONTAINS,HER_01951,太子参,HER,2
HER_01857,白术,HER,HAS_EFFECT,EFF_01276,温肾,EFF,4
HER_02073,姜黄,HER,HAS_EFFECT,EFF_01264,补血,EFF,2
HER_02073,姜黄,HER,HAS_EFFECT,EFF_01303,益气养血,EFF,2
HER_02073,姜黄,HER,HAS_EFFECT,EFF_01436,祛瘀化湿,EFF,2
HER_01866,川芎,HER,HAS_EFFECT,EFF_01264,补血,EFF,4
HER_01866,川芎,HER,HAS_EFFECT,EFF_01303,益气养血,EFF,2
HER_01866,川芎,HER,HAS_EFFECT,EFF_01436,祛瘀化湿,EFF,2
HER_01899,苡仁,HER,HAS_EFFECT,EFF_01264,补血,EFF,2
HER_01899,苡仁,HER,HAS_EFFECT,EFF_01303,益气养血,EFF,2
HER_01899,苡仁,HER,HAS_EFFECT,EFF_01436,祛瘀化湿,EFF,2
HER_01855,茯苓,HER,HAS_EFFECT,EFF_01303,益气养血,EFF,3
HER_01855,茯苓,HER,HAS_EFFECT,EFF_01436,祛瘀化湿,EFF,2
HER_01884,山药,HER,HAS_EFFECT,EFF_01264,补血,EFF,3
HER_02041,炙黄芪,HER,HAS_EFFECT,EFF_01264,补血,EFF,2
HER_02041,炙黄芪,HER,HAS_EFFECT,EFF_01303,益气养血,EFF,2
HER_02041,炙黄芪,HER,HAS_EFFECT,EFF_01436,祛瘀化湿,EFF,2
HER_02062,芡实,HER,HAS_EFFECT,EFF_01276,温肾,EFF,2
HER_01856,当归,HER,HAS_EFFECT,EFF_01436,祛瘀化湿,EFF,2
HER_01869,大黄,HER,HAS_EFFECT,EFF_01264,补血,EFF,2
HER_01869,大黄,HER,HAS_EFFECT,EFF_01303,益气养血,EFF,2
HER_01869,大黄,HER,HAS_EFFECT,EFF_01436,祛瘀化湿,EFF,2
HER_02024,姜半夏,HER,HAS_EFFECT,EFF_01264,补血,EFF,2
HER_02024,姜半夏,HER,HAS_EFFECT,EFF_01303,益气养血,EFF,2
HER_02024,姜半夏,HER,HAS_EFFECT,EFF_01436,祛瘀化湿,EFF,2
HER_01864,陈皮,HER,HAS_EFFECT,EFF_01436,祛瘀化湿,EFF,2
HER_01951,太子参,HER,HAS_EFFECT,EFF_01264,补血,EFF,2
HER_01951,太子参,HER,HAS_EFFECT,EFF_01303,益气养血,EFF,2
HER_01951,太子参,HER,HAS_EFFECT,EFF_01436,祛瘀化湿,EFF,2
PRE_02502,温胆汤,PRE,CONTAINS,HER_01856,当归,HER,2
PRE_02502,温胆汤,PRE,CONTAINS,HER_01874,枳壳,HER,2
PRE_02502,温胆汤,PRE,CONTAINS,HER_01864,陈皮,HER,4
HER_02041,炙黄芪,HER,HAS_EFFECT,EFF_01256,补肾,EFF,2
HER_01874,枳壳,HER,HAS_EFFECT,EFF_01256,补肾,EFF,2
HER_01864,陈皮,HER,HAS_EFFECT,EFF_01256,补肾,EFF,3
PRE_02480,苍术,PRE,CONTAINS,HER_02016,乳香,HER,3
PRE_02483,四物汤,PRE,CONTAINS,HER_01874,枳壳,HER,2
PRE_02483,四物汤,PRE,CONTAINS,HER_01892,地黄,HER,2
HER_01874,枳壳,HER,HAS_EFFECT,EFF_01259,滋阴,EFF,2
HER_01892,地黄,HER,HAS_EFFECT,EFF_01259,滋阴,EFF,5
PRE_02499,参苓白术散,PRE,CONTAINS,HER_01857,白术,HER,8
PRE_02499,参苓白术散,PRE,CONTAINS,HER_01866,川芎,HER,2
PRE_02499,参苓白术散,PRE,CONTAINS,HER_01899,苡仁,HER,7
PRE_02499,参苓白术散,PRE,CONTAINS,HER_01918,砂仁,HER,4
PRE_02499,参苓白术散,PRE,CONTAINS,HER_01855,茯苓,HER,8
PRE_02499,参苓白术散,PRE,CONTAINS,HER_01884,山药,HER,6
PRE_02499,参苓白术散,PRE,CONTAINS,HER_02030,莲子,HER,6
PRE_02499,参苓白术散,PRE,CONTAINS,HER_02062,芡实,HER,3
HER_01918,砂仁,HER,HAS_EFFECT,EFF_01256,补肾,EFF,2
HER_02062,芡实,HER,HAS_EFFECT,EFF_01255,益气,EFF,2
HER_01951,太子参,HER,HAS_EFFECT,EFF_01255,益气,EFF,6
HER_02080,元胡,HER,HAS_EFFECT,EFF_01253,清热,EFF,2
HER_01860,白芍,HER,RELIEVES,SYM_03408,舌红,SYM,2
CAU_00258,心悸失眠,CAU,CAUSES,SYM_03410,口渴,SYM,2
PRE_02479,补中益气汤,PRE,CONTAINS,HER_01896,玄参,HER,2
PRE_02479,补中益气汤,PRE,CONTAINS,HER_01880,桂枝,HER,2
PRE_02484,五苓散,PRE,CONTAINS,HER_01856,当归,HER,3
HER_01862,黄芪,HER,RELIEVES,SYM_03410,口渴,SYM,5
HER_01873,泽泻,HER,RELIEVES,SYM_03410,口渴,SYM,2
HER_01970,枣仁,HER,RELIEVES,SYM_03410,口渴,SYM,2
HER_01973,莪术,HER,RELIEVES,SYM_03410,口渴,SYM,2
HER_01951,太子参,HER,RELIEVES,SYM_03410,口渴,SYM,3
HER_01857,白术,HER,RELIEVES,SYM_03410,口渴,SYM,5
HER_01856,当归,HER,RELIEVES,SYM_03410,口渴,SYM,3
HER_01922,升麻,HER,RELIEVES,SYM_03410,口渴,SYM,2
HER_01930,猪苓,HER,RELIEVES,SYM_03410,口渴,SYM,2
PRE_02484,五苓散,PRE,CONTAINS,HER_01877,桃仁,HER,4
PRE_02484,五苓散,PRE,CONTAINS,HER_01889,黄柏,HER,3
PRE_02484,五苓散,PRE,CONTAINS,HER_01872,栀子,HER,2
PRE_02484,五苓散,PRE,CONTAINS,HER_01860,白芍,HER,2
PRE_02484,五苓散,PRE,CONTAINS,HER_01869,大黄,HER,3
PRE_02541,承气汤,PRE,CONTAINS,HER_01857,白术,HER,3
PRE_02541,承气汤,PRE,CONTAINS,HER_01880,桂枝,HER,2
PRE_02541,承气汤,PRE,CONTAINS,HER_01877,桃仁,HER,3
PRE_02541,承气汤,PRE,CONTAINS,HER_01889,黄柏,HER,2
PRE_02541,承气汤,PRE,CONTAINS,HER_01872,栀子,HER,4
PRE_02541,承气汤,PRE,CONTAINS,HER_01902,车前子,HER,2
PRE_02541,承气汤,PRE,CONTAINS,HER_01860,白芍,HER,2
PRE_02541,承气汤,PRE,CONTAINS,HER_01873,泽泻,HER,2
PRE_02541,承气汤,PRE,CONTAINS,HER_01930,猪苓,HER,2
HER_01858,黄芩,HER,HAS_EFFECT,EFF_01279,疏肝解郁,EFF,2
PRE_02516,玉屏风散,PRE,CONTAINS,HER_02047,浮小麦,HER,3
PRE_02516,玉屏风散,PRE,CONTAINS,HER_01955,仙鹤草,HER,2
PRE_02495,四君子汤,PRE,CONTAINS,HER_01955,仙鹤草,HER,2
HER_02047,浮小麦,HER,HAS_EFFECT,EFF_01266,益气养阴,EFF,2
HER_02047,浮小麦,HER,HAS_EFFECT,EFF_01259,滋阴,EFF,2
HER_01955,仙鹤草,HER,HAS_EFFECT,EFF_01253,清热,EFF,2
PRE_02504,桂枝汤,PRE,CONTAINS,HER_01910,牡蛎,HER,2
PRE_02504,桂枝汤,PRE,CONTAINS,HER_01860,白芍,HER,2
PRE_02504,桂枝汤,PRE,CONTAINS,HER_01944,龙骨,HER,2
PRE_02504,桂枝汤,PRE,CONTAINS,HER_01898,生姜,HER,2
PRE_02504,桂枝汤,PRE,CONTAINS,HER_01955,仙鹤草,HER,2
PRE_02535,金匮肾气丸,PRE,CONTAINS,HER_01875,附子,HER,2
PRE_02535,金匮肾气丸,PRE,CONTAINS,HER_02038,山萸肉,HER,2
PRE_02535,金匮肾气丸,PRE,CONTAINS,HER_01912,肉桂,HER,3
HER_01922,升麻,HER,HAS_EFFECT,EFF_01282,温补脾肾,EFF,2
HER_02041,炙黄芪,HER,HAS_EFFECT,EFF_01282,温补脾肾,EFF,2
PRE_02802,五子衍宗丸,PRE,CONTAINS,HER_01938,菟丝子,HER,2
PRE_02802,五子衍宗丸,PRE,CONTAINS,HER_01866,川芎,HER,2
PRE_02802,五子衍宗丸,PRE,CONTAINS,HER_01925,枸杞子,HER,2
PRE_02802,五子衍宗丸,PRE,CONTAINS,HER_01856,当归,HER,2
PRE_02483,四物汤,PRE,CONTAINS,HER_01938,菟丝子,HER,2
HER_01897,红花,HER,HAS_EFFECT,EFF_01256,补肾,EFF,4
HER_01877,桃仁,HER,HAS_EFFECT,EFF_01256,补肾,EFF,4
HER_02010,桃红,HER,HAS_EFFECT,EFF_01256,补肾,EFF,2
HER_02087,覆盆子,HER,HAS_EFFECT,EFF_01256,补肾,EFF,4
HER_02036,何首乌,HER,HAS_EFFECT,EFF_01256,补肾,EFF,3
PRE_02487,龙胆泻肝汤,PRE,CONTAINS,HER_01872,栀子,HER,6
PRE_02487,龙胆泻肝汤,PRE,CONTAINS,HER_01859,柴胡,HER,5
PRE_02487,龙胆泻肝汤,PRE,CONTAINS,HER_01861,黄连,HER,2
PRE_02487,龙胆泻肝汤,PRE,CONTAINS,HER_01873,泽泻,HER,6
PRE_02487,龙胆泻肝汤,PRE,CONTAINS,HER_01856,当归,HER,4
PRE_02487,龙胆泻肝汤,PRE,CONTAINS,HER_01869,大黄,HER,5
PRE_02487,龙胆泻肝汤,PRE,CONTAINS,HER_01858,黄芩,HER,6
PRE_02487,龙胆泻肝汤,PRE,CONTAINS,HER_01883,生地,HER,3
PRE_02487,龙胆泻肝汤,PRE,CONTAINS,HER_01945,夏枯草,HER,3
PRE_02487,龙胆泻肝汤,PRE,CONTAINS,HER_02015,龙胆草,HER,3
PRE_02492,泻心汤,PRE,CONTAINS,HER_01859,柴胡,HER,2
PRE_02492,泻心汤,PRE,CONTAINS,HER_01873,泽泻,HER,2
PRE_02492,泻心汤,PRE,CONTAINS,HER_01856,当归,HER,2
PRE_02492,泻心汤,PRE,CONTAINS,HER_01945,夏枯草,HER,2
HER_01938,菟丝子,HER,HAS_EFFECT,EFF_01283,滋补肝肾,EFF,3
HER_01913,沙参,HER,HAS_EFFECT,EFF_01283,滋补肝肾,EFF,2
HER_01984,熟地,HER,HAS_EFFECT,EFF_01283,滋补肝肾,EFF,3
HER_01983,杜仲,HER,HAS_EFFECT,EFF_01283,滋补肝肾,EFF,2
HER_02142,鹿角,HER,HAS_EFFECT,EFF_01283,滋补肝肾,EFF,2
HER_01911,生地黄,HER,HAS_EFFECT,EFF_01283,滋补肝肾,EFF,3
PRE_02602,补阳还五汤,PRE,CONTAINS,HER_01888,牛膝,HER,3
PRE_02602,补阳还五汤,PRE,CONTAINS,HER_01990,地龙,HER,4
PRE_02602,补阳还五汤,PRE,CONTAINS,HER_01862,黄芪,HER,3
HER_01888,牛膝,HER,HAS_EFFECT,EFF_01257,活血化瘀,EFF,5
HER_01990,地龙,HER,HAS_EFFECT,EFF_01260,补气,EFF,2
HER_01903,五味子,HER,HAS_EFFECT,EFF_01367,温肾健脾,EFF,2
HER_01979,豆蔻,HER,HAS_EFFECT,EFF_01367,温肾健脾,EFF,2
HER_01950,吴茱萸,HER,HAS_EFFECT,EFF_01367,温肾健脾,EFF,2
PRE_02499,参苓白术散,PRE,CONTAINS,HER_02027,白扁豆,HER,6
PRE_02499,参苓白术散,PRE,CONTAINS,HER_01863,人参,HER,4
PRE_02499,参苓白术散,PRE,CONTAINS,HER_01882,桔梗,HER,5
PRE_02499,参苓白术散,PRE,CONTAINS,HER_01854,甘草,HER,5
HER_01878,知母,HER,HAS_EFFECT,EFF_01266,益气养阴,EFF,3
HER_01878,知母,HER,HAS_EFFECT,EFF_01255,益气,EFF,3
HER_01886,丹参,HER,HAS_EFFECT,EFF_01296,化瘀通络,EFF,2
PRE_02489,六味地黄丸,PRE,CONTAINS,HER_01937,天花粉,HER,2
HER_01937,天花粉,HER,HAS_EFFECT,EFF_01255,益气,EFF,2
HER_02047,浮小麦,HER,HAS_EFFECT,EFF_01280,养心安神,EFF,2
HER_01903,五味子,HER,RELIEVES,SYM_03410,口渴,SYM,2
HER_01896,玄参,HER,HAS_EFFECT,EFF_01255,益气,EFF,3
PRE_02602,补阳还五汤,PRE,CONTAINS,HER_01880,桂枝,HER,2
PRE_02602,补阳还五汤,PRE,CONTAINS,HER_01886,丹参,HER,2
HER_01901,木,HER,HAS_EFFECT,EFF_01256,补肾,EFF,3
HER_01866,川芎,HER,HAS_EFFECT,EFF_01266,益气养阴,EFF,3
HER_01869,大黄,HER,HAS_EFFECT,EFF_01289,活血通络,EFF,2
PRE_02709,大柴胡汤,PRE,CONTAINS,HER_01868,半夏,HER,2
PRE_02709,大柴胡汤,PRE,CONTAINS,HER_01869,大黄,HER,2
PRE_02709,大柴胡汤,PRE,CONTAINS,HER_01858,黄芩,HER,2
PRE_02709,大柴胡汤,PRE,CONTAINS,HER_01898,生姜,HER,2
PRE_02519,白虎汤,PRE,CONTAINS,HER_01937,天花粉,HER,2
PRE_02519,白虎汤,PRE,CONTAINS,HER_01854,甘草,HER,5
PRE_02519,白虎汤,PRE,CONTAINS,HER_01881,石膏,HER,4
PRE_02519,白虎汤,PRE,CONTAINS,HER_01861,黄连,HER,2
PRE_02519,白虎汤,PRE,CONTAINS,HER_01911,生地黄,HER,2
PRE_02519,白虎汤,PRE,CONTAINS,HER_01878,知母,HER,5
PRE_02511,知柏地黄丸,PRE,CONTAINS,HER_02038,山萸肉,HER,2
PRE_02511,知柏地黄丸,PRE,CONTAINS,HER_01937,天花粉,HER,2
PRE_02511,知柏地黄丸,PRE,CONTAINS,HER_01861,黄连,HER,2
HER_02038,山萸肉,HER,HAS_EFFECT,EFF_01274,滋阴降火,EFF,2
HER_01854,甘草,HER,HAS_EFFECT,EFF_01274,滋阴降火,EFF,2
HER_01861,黄连,HER,HAS_EFFECT,EFF_01274,滋阴降火,EFF,2
HER_01911,生地黄,HER,HAS_EFFECT,EFF_01274,滋阴降火,EFF,2
PRE_02605,麦门冬,PRE,CONTAINS,HER_02029,茯神,HER,2
PRE_02605,麦门冬,PRE,CONTAINS,HER_01929,竹叶,HER,2
HER_02018,白虎,HER,HAS_EFFECT,EFF_01265,养阴,EFF,2
PRE_02605,麦门冬,PRE,CONTAINS,HER_01903,五味子,HER,2
PRE_02605,麦门冬,PRE,CONTAINS,HER_01925,枸杞子,HER,2
PRE_02605,麦门冬,PRE,CONTAINS,HER_01991,桑白皮,HER,2
PRE_02496,八味丸,PRE,CONTAINS,HER_01875,附子,HER,3
PRE_02485,逍遥散,PRE,CONTAINS,HER_01885,牡丹皮,HER,5
PRE_02485,逍遥散,PRE,CONTAINS,HER_01887,枳实,HER,2
PRE_02485,逍遥散,PRE,CONTAINS,HER_01857,白术,HER,7
PRE_02485,逍遥散,PRE,CONTAINS,HER_01924,钩藤,HER,2
PRE_02485,逍遥散,PRE,CONTAINS,HER_01854,甘草,HER,9
PRE_02485,逍遥散,PRE,CONTAINS,HER_01855,茯苓,HER,6
PRE_02485,逍遥散,PRE,CONTAINS,HER_01872,栀子,HER,5
PRE_02528,柴胡疏肝散,PRE,CONTAINS,HER_02044,延胡索,HER,2
PRE_02528,柴胡疏肝散,PRE,CONTAINS,HER_01924,钩藤,HER,2
PRE_02528,柴胡疏肝散,PRE,CONTAINS,HER_01872,栀子,HER,2
PRE_02485,逍遥散,PRE,TREATS,SYM_03449,便溏,SYM,2
HER_01885,牡丹皮,HER,HAS_EFFECT,EFF_01272,解郁,EFF,2
HER_01885,牡丹皮,HER,HAS_EFFECT,EFF_01270,疏肝理气,EFF,2
HER_02044,延胡索,HER,HAS_EFFECT,EFF_01270,疏肝理气,EFF,2
HER_02009,川楝子,HER,HAS_EFFECT,EFF_01270,疏肝理气,EFF,2
HER_01924,钩藤,HER,HAS_EFFECT,EFF_01272,解郁,EFF,2
HER_01924,钩藤,HER,HAS_EFFECT,EFF_01253,清热,EFF,7
HER_01890,薄荷,HER,HAS_EFFECT,EFF_01272,解郁,EFF,2
HER_01854,甘草,HER,HAS_EFFECT,EFF_01272,解郁,EFF,4
HER_01860,白芍,HER,HAS_EFFECT,EFF_01272,解郁,EFF,6
HER_01855,茯苓,HER,HAS_EFFECT,EFF_01272,解郁,EFF,2
HER_01872,栀子,HER,HAS_EFFECT,EFF_01270,疏肝理气,EFF,3
HER_02044,延胡索,HER,RELIEVES,SYM_03409,头痛,SYM,2
HER_02009,川楝子,HER,RELIEVES,SYM_03409,头痛,SYM,3
HER_01887,枳实,HER,RELIEVES,SYM_03449,便溏,SYM,2
HER_01887,枳实,HER,RELIEVES,SYM_03409,头痛,SYM,2
HER_02027,白扁豆,HER,RELIEVES,SYM_03449,便溏,SYM,4
HER_01890,薄荷,HER,RELIEVES,SYM_03409,头痛,SYM,4
HER_01891,郁金,HER,RELIEVES,SYM_03409,头痛,SYM,2
HER_01872,栀子,HER,RELIEVES,SYM_03449,便溏,SYM,3
HER_01926,菊花,HER,RELIEVES,SYM_03409,头痛,SYM,4
HER_01859,柴胡,HER,RELIEVES,SYM_03409,头痛,SYM,2
PRE_02500,血府逐瘀汤,PRE,CONTAINS,HER_01872,栀子,HER,2
HER_01888,牛膝,HER,HAS_EFFECT,EFF_01281,清肝泻火,EFF,2
HER_01866,川芎,HER,HAS_EFFECT,EFF_01281,清肝泻火,EFF,2
HER_01872,栀子,HER,HAS_EFFECT,EFF_01281,清肝泻火,EFF,6
HER_01854,甘草,HER,HAS_EFFECT,EFF_01281,清肝泻火,EFF,5
HER_01885,牡丹皮,HER,HAS_EFFECT,EFF_01281,清肝泻火,EFF,5
HER_01859,柴胡,HER,HAS_EFFECT,EFF_01281,清肝泻火,EFF,4
HER_01871,赤芍,HER,HAS_EFFECT,EFF_01270,疏肝理气,EFF,2
HER_01856,当归,HER,HAS_EFFECT,EFF_01281,清肝泻火,EFF,5
HER_01968,青皮,HER,HAS_EFFECT,EFF_01281,清肝泻火,EFF,2
HER_01911,生地黄,HER,HAS_EFFECT,EFF_01270,疏肝理气,EFF,2
HER_01886,丹参,HER,HAS_EFFECT,EFF_01270,疏肝理气,EFF,2
PRE_02481,六君子汤,PRE,CONTAINS,HER_01874,枳壳,HER,5
HER_01870,杏仁,HER,HAS_EFFECT,EFF_01254,健脾,EFF,3
HER_01979,豆蔻,HER,RELIEVES,SYM_03426,胸闷,SYM,3
HER_01873,泽泻,HER,RELIEVES,SYM_03426,胸闷,SYM,2
HER_01879,党参,HER,RELIEVES,SYM_03426,胸闷,SYM,3
HER_01870,杏仁,HER,RELIEVES,SYM_03426,胸闷,SYM,4
CAU_00012,阴虚,CAU,CAUSES,SYM_03477,大便干结,SYM,2
PRE_02503,地黄汤,PRE,CONTAINS,HER_01924,钩藤,HER,2
PRE_02503,地黄汤,PRE,CONTAINS,HER_01926,菊花,HER,3
PRE_02503,地黄汤,PRE,TREATS,SYM_03477,大便干结,SYM,2
HER_01889,黄柏,HER,HAS_EFFECT,EFF_01259,滋阴,EFF,3
HER_01889,黄柏,HER,HAS_EFFECT,EFF_01256,补肾,EFF,3
HER_01903,五味子,HER,HAS_EFFECT,EFF_01259,滋阴,EFF,3
HER_01926,菊花,HER,HAS_EFFECT,EFF_01259,滋阴,EFF,4
HER_01926,菊花,HER,HAS_EFFECT,EFF_01256,补肾,EFF,3
HER_01889,黄柏,HER,RELIEVES,SYM_03409,头痛,SYM,2
HER_01885,牡丹皮,HER,RELIEVES,SYM_03477,大便干结,SYM,3
HER_01924,钩藤,HER,RELIEVES,SYM_03477,大便干结,SYM,2
HER_02059,火麻仁,HER,RELIEVES,SYM_03409,头痛,SYM,2
HER_01990,地龙,HER,HAS_EFFECT,EFF_01253,清热,EFF,5
HER_02017,全蝎,HER,HAS_EFFECT,EFF_01253,清热,EFF,2
HER_02140,蜈蚣,HER,HAS_EFFECT,EFF_01253,清热,EFF,2
HER_01854,甘草,HER,HAS_EFFECT,EFF_01358,散寒通络,EFF,2
HER_01854,甘草,HER,HAS_EFFECT,EFF_01306,祛风除湿,EFF,4
HER_01856,当归,HER,HAS_EFFECT,EFF_01358,散寒通络,EFF,2
HER_01856,当归,HER,HAS_EFFECT,EFF_01306,祛风除湿,EFF,3
HER_01921,麻黄,HER,HAS_EFFECT,EFF_01358,散寒通络,EFF,2
HER_01921,麻黄,HER,HAS_EFFECT,EFF_01306,祛风除湿,EFF,3
PRE_02498,五味消毒饮,PRE,CONTAINS,HER_01889,黄柏,HER,6
PRE_02498,五味消毒饮,PRE,CONTAINS,HER_01885,牡丹皮,HER,4
PRE_02498,五味消毒饮,PRE,CONTAINS,HER_01890,薄荷,HER,2
PRE_02498,五味消毒饮,PRE,CONTAINS,HER_02018,白虎,HER,2
PRE_02498,五味消毒饮,PRE,CONTAINS,HER_01941,荆芥,HER,3
PRE_02498,五味消毒饮,PRE,CONTAINS,HER_01881,石膏,HER,3
PRE_02498,五味消毒饮,PRE,CONTAINS,HER_01867,麦冬,HER,2
PRE_02498,五味消毒饮,PRE,CONTAINS,HER_01878,知母,HER,2
PRE_02498,五味消毒饮,PRE,TREATS,SYM_03408,舌红,SYM,3
HER_01896,玄参,HER,HAS_EFFECT,EFF_01271,滋阴清热,EFF,2
HER_01974,防己,HER,HAS_EFFECT,EFF_01253,清热,EFF,2
HER_01880,桂枝,HER,HAS_EFFECT,EFF_01306,祛风除湿,EFF,3
HER_01941,荆芥,HER,HAS_EFFECT,EFF_01253,清热,EFF,8
HER_02066,赤小豆,HER,HAS_EFFECT,EFF_01253,清热,EFF,2
HER_01878,知母,HER,HAS_EFFECT,EFF_01306,祛风除湿,EFF,2
HER_01889,黄柏,HER,RELIEVES,SYM_03410,口渴,SYM,2
HER_01871,赤芍,HER,RELIEVES,SYM_03408,舌红,SYM,2
HER_01890,薄荷,HER,RELIEVES,SYM_03410,口渴,SYM,2
HER_02018,白虎,HER,RELIEVES,SYM_03408,舌红,SYM,2
HER_01870,杏仁,HER,RELIEVES,SYM_03410,口渴,SYM,3
CAU_00066,气血不足,CAU,CAUSES,SYM_03460,面色苍白,SYM,2
PRE_02947,独活寄生汤,PRE,TREATS,SYM_03460,面色苍白,SYM,2
HER_01893,干姜,HER,HAS_EFFECT,EFF_01264,补血,EFF,2
HER_01888,牛膝,HER,HAS_EFFECT,EFF_01264,补血,EFF,2
HER_02011,续断,HER,HAS_EFFECT,EFF_01264,补血,EFF,2
HER_01907,熟地黄,HER,RELIEVES,SYM_03606,低热,SYM,2
HER_01907,熟地黄,HER,RELIEVES,SYM_03460,面色苍白,SYM,2
HER_01888,牛膝,HER,RELIEVES,SYM_03606,低热,SYM,2
PRE_02480,苍术,PRE,CONTAINS,HER_01921,麻黄,HER,4
PRE_02480,苍术,PRE,CONTAINS,HER_01901,木,HER,2
PRE_02480,苍术,PRE,CONTAINS,HER_01987,胆南星,HER,4
HER_01900,防风,HER,HAS_EFFECT,EFF_01292,燥湿化痰,EFF,2
HER_01900,防风,HER,HAS_EFFECT,EFF_01306,祛风除湿,EFF,2
HER_01899,苡仁,HER,HAS_EFFECT,EFF_01326,祛风散寒,EFF,2
HER_01987,胆南星,HER,HAS_EFFECT,EFF_01292,燥湿化痰,EFF,3
HER_01855,茯苓,HER,HAS_EFFECT,EFF_01306,祛风除湿,EFF,2
HER_01855,茯苓,HER,HAS_EFFECT,EFF_01326,祛风散寒,EFF,3
HER_01873,泽泻,HER,HAS_EFFECT,EFF_01326,祛风散寒,EFF,3
HER_01915,法半夏,HER,HAS_EFFECT,EFF_01292,燥湿化痰,EFF,3
HER_01908,羌活,HER,HAS_EFFECT,EFF_01292,燥湿化痰,EFF,2
HER_01880,桂枝,HER,RELIEVES,SYM_04491,关节肿,SYM,2
HER_01900,防风,HER,RELIEVES,SYM_04491,关节肿,SYM,2
HER_01921,麻黄,HER,RELIEVES,SYM_04491,关节肿,SYM,2
HER_01854,甘草,HER,RELIEVES,SYM_04491,关节肿,SYM,2
HER_01855,茯苓,HER,RELIEVES,SYM_04491,关节肿,SYM,2
HER_01856,当归,HER,RELIEVES,SYM_04491,关节肿,SYM,2
HER_02025,巴戟,HER,HAS_EFFECT,EFF_01276,温肾,EFF,3
HER_01854,甘草,HER,HAS_EFFECT,EFF_01276,温肾,EFF,2
PRE_02785,麻杏石甘汤,PRE,CONTAINS,HER_01870,杏仁,HER,2
PRE_02785,麻杏石甘汤,PRE,CONTAINS,HER_01882,桔梗,HER,2
PRE_02785,麻杏石甘汤,PRE,CONTAINS,HER_01854,甘草,HER,2
PRE_02785,麻杏石甘汤,PRE,CONTAINS,HER_01881,石膏,HER,2
PRE_02785,麻杏石甘汤,PRE,CONTAINS,HER_01921,麻黄,HER,2
HER_02173,瓜蒌皮,HER,HAS_EFFECT,EFF_01253,清热,EFF,4
HER_02101,鱼腥草,HER,HAS_EFFECT,EFF_01253,清热,EFF,4
PRE_02505,生脉散,PRE,CONTAINS,HER_01929,竹叶,HER,2
PRE_02505,生脉散,PRE,CONTAINS,HER_01881,石膏,HER,3
PRE_02481,六君子汤,PRE,CONTAINS,HER_01903,五味子,HER,3
PRE_02481,六君子汤,PRE,CONTAINS,HER_01969,青蒿,HER,2
PRE_02481,六君子汤,PRE,CONTAINS,HER_01867,麦冬,HER,2
PRE_02481,六君子汤,PRE,CONTAINS,HER_01858,黄芩,HER,4
PRE_02517,银翘散,PRE,CONTAINS,HER_01882,桔梗,HER,4
PRE_02517,银翘散,PRE,CONTAINS,HER_01854,甘草,HER,5
HER_01993,银花,HER,HAS_EFFECT,EFF_01258,清热解毒,EFF,2
PRE_02501,小柴胡汤,PRE,CONTAINS,HER_01939,山楂,HER,2
PRE_02501,小柴胡汤,PRE,CONTAINS,HER_01877,桃仁,HER,3
PRE_02501,小柴胡汤,PRE,CONTAINS,HER_01895,丹皮,HER,4
PRE_02501,小柴胡汤,PRE,CONTAINS,HER_01871,赤芍,HER,2
PRE_02493,犀角地黄汤,PRE,CONTAINS,HER_01962,犀角,HER,5
PRE_02519,白虎汤,PRE,CONTAINS,HER_01863,人参,HER,2
HER_01865,连翘,HER,RELIEVES,SYM_03409,头痛,SYM,3
HER_01909,葛根,HER,RELIEVES,SYM_03409,头痛,SYM,4
HER_02040,清营,HER,HAS_EFFECT,EFF_01253,清热,EFF,2
HER_01956,元参,HER,HAS_EFFECT,EFF_01253,清热,EFF,5
HER_01949,菖蒲,HER,HAS_EFFECT,EFF_01253,清热,EFF,5
HER_01860,白芍,HER,HAS_EFFECT,EFF_01285,养阴清热,EFF,2
HER_01883,生地,HER,HAS_EFFECT,EFF_01285,养阴清热,EFF,2
PRE_02519,白虎汤,PRE,CONTAINS,HER_01865,连翘,HER,3
HER_01876,厚朴,HER,RELIEVES,SYM_03409,头痛,SYM,3
HER_01860,白芍,HER,RELIEVES,SYM_03426,胸闷,SYM,3
HER_01858,黄芩,HER,RELIEVES,SYM_03426,胸闷,SYM,6
HER_01909,葛根,HER,RELIEVES,SYM_03426,胸闷,SYM,3
PRE_02510,紫雪丹,PRE,CONTAINS,HER_01929,竹叶,HER,2
PRE_02510,紫雪丹,PRE,CONTAINS,HER_01962,犀角,HER,3
PRE_02510,紫雪丹,PRE,CONTAINS,HER_01883,生地,HER,4
PRE_02493,犀角地黄汤,PRE,CONTAINS,HER_01929,竹叶,HER,3
PRE_02493,犀角地黄汤,PRE,CONTAINS,HER_01865,连翘,HER,5
PRE_02493,犀角地黄汤,PRE,CONTAINS,HER_01956,元参,HER,4
PRE_02493,犀角地黄汤,PRE,CONTAINS,HER_01949,菖蒲,HER,4
PRE_02615,复脉汤,PRE,CONTAINS,HER_01928,阿胶,HER,2
PRE_02615,复脉汤,PRE,CONTAINS,HER_01910,牡蛎,HER,2
PRE_02615,复脉汤,PRE,CONTAINS,HER_01860,白芍,HER,2
HER_01928,阿胶,HER,HAS_EFFECT,EFF_01265,养阴,EFF,2
PRE_02509,玉女煎,PRE,CONTAINS,HER_01881,石膏,HER,2
PRE_02509,玉女煎,PRE,CONTAINS,HER_01956,元参,HER,2
PRE_02509,玉女煎,PRE,CONTAINS,HER_01949,菖蒲,HER,2
PRE_02509,玉女煎,PRE,CONTAINS,HER_01927,石斛,HER,2
PRE_02509,玉女煎,PRE,CONTAINS,HER_01878,知母,HER,2
PRE_02514,凉膈散,PRE,CONTAINS,HER_01865,连翘,HER,4
PRE_02493,犀角地黄汤,PRE,CONTAINS,HER_01927,石斛,HER,3
PRE_02554,至宝丹,PRE,CONTAINS,HER_01865,连翘,HER,4
PRE_02554,至宝丹,PRE,CONTAINS,HER_01895,丹皮,HER,2
PRE_02554,至宝丹,PRE,CONTAINS,HER_01962,犀角,HER,3
PRE_02554,至宝丹,PRE,CONTAINS,HER_01956,元参,HER,3
PRE_02554,至宝丹,PRE,CONTAINS,HER_01949,菖蒲,HER,3
PRE_02554,至宝丹,PRE,CONTAINS,HER_01883,生地,HER,3
PRE_02554,至宝丹,PRE,CONTAINS,HER_01927,石斛,HER,2
HER_01962,犀角,HER,HAS_EFFECT,EFF_01253,清热,EFF,4
PRE_02492,泻心汤,PRE,CONTAINS,HER_01863,人参,HER,2
PRE_02507,香薷饮,PRE,CONTAINS,HER_01865,连翘,HER,3
PRE_02507,香薷饮,PRE,CONTAINS,HER_02007,扁豆,HER,3
PRE_02507,香薷饮,PRE,CONTAINS,HER_01993,银花,HER,3
PRE_02543,清营汤,PRE,CONTAINS,HER_02040,清营,HER,3
PRE_02543,清营汤,PRE,CONTAINS,HER_01929,竹叶,HER,2
PRE_02543,清营汤,PRE,CONTAINS,HER_01865,连翘,HER,5
PRE_02543,清营汤,PRE,CONTAINS,HER_01861,黄连,HER,3
PRE_02543,清营汤,PRE,CONTAINS,HER_01867,麦冬,HER,4
PRE_02543,清营汤,PRE,CONTAINS,HER_01886,丹参,HER,3
PRE_02507,香薷饮,PRE,CONTAINS,HER_01893,干姜,HER,2
PRE_02507,香薷饮,PRE,CONTAINS,HER_01870,杏仁,HER,2
PRE_02510,紫雪丹,PRE,CONTAINS,HER_02001,羚羊角,HER,2
PRE_02510,紫雪丹,PRE,CONTAINS,HER_01931,石菖蒲,HER,2
PRE_02510,紫雪丹,PRE,CONTAINS,HER_01904,金银花,HER,2
PRE_02601,羚角钩藤汤,PRE,CONTAINS,HER_01924,钩藤,HER,4
PRE_02601,羚角钩藤汤,PRE,CONTAINS,HER_01896,玄参,HER,3
PRE_02601,羚角钩藤汤,PRE,CONTAINS,HER_01865,连翘,HER,3
PRE_02601,羚角钩藤汤,PRE,CONTAINS,HER_01926,菊花,HER,3
PRE_02601,羚角钩藤汤,PRE,CONTAINS,HER_01854,甘草,HER,4
PRE_02601,羚角钩藤汤,PRE,CONTAINS,HER_01860,白芍,HER,2
PRE_02601,羚角钩藤汤,PRE,CONTAINS,HER_01904,金银花,HER,2
PRE_02601,羚角钩藤汤,PRE,CONTAINS,HER_02135,羚羊角粉,HER,3
PRE_02601,羚角钩藤汤,PRE,CONTAINS,HER_01965,桑叶,HER,2
PRE_02601,羚角钩藤汤,PRE,TREATS,SYM_03462,抽搐,SYM,2
HER_01924,钩藤,HER,HAS_EFFECT,EFF_01258,清热解毒,EFF,4
HER_02017,全蝎,HER,HAS_EFFECT,EFF_01258,清热解毒,EFF,2
HER_01904,金银花,HER,HAS_EFFECT,EFF_01265,养阴,EFF,2
HER_02135,羚羊角粉,HER,HAS_EFFECT,EFF_01258,清热解毒,EFF,3
HER_02135,羚羊角粉,HER,HAS_EFFECT,EFF_01253,清热,EFF,3
HER_01965,桑叶,HER,HAS_EFFECT,EFF_01265,养阴,EFF,2
HER_01924,钩藤,HER,RELIEVES,SYM_03462,抽搐,SYM,4
HER_01896,玄参,HER,RELIEVES,SYM_03462,抽搐,SYM,2
HER_01990,地龙,HER,RELIEVES,SYM_03462,抽搐,SYM,2
HER_01865,连翘,HER,RELIEVES,SYM_03462,抽搐,SYM,3
HER_01926,菊花,HER,RELIEVES,SYM_03462,抽搐,SYM,2
HER_01860,白芍,HER,RELIEVES,SYM_03462,抽搐,SYM,4
HER_02140,蜈蚣,HER,RELIEVES,SYM_03462,抽搐,SYM,2
HER_01904,金银花,HER,RELIEVES,SYM_03462,抽搐,SYM,3
PRE_02543,清营汤,PRE,CONTAINS,HER_01896,玄参,HER,3
PRE_02543,清营汤,PRE,CONTAINS,HER_01904,金银花,HER,4
PRE_02543,清营汤,PRE,CONTAINS,HER_01869,大黄,HER,2
PRE_02543,清营汤,PRE,CONTAINS,HER_01992,水牛角,HER,3
PRE_02508,安宫牛黄丸,PRE,CONTAINS,HER_01865,连翘,HER,4
PRE_02508,安宫牛黄丸,PRE,CONTAINS,HER_01904,金银花,HER,3
PRE_02510,紫雪丹,PRE,CONTAINS,HER_01867,麦冬,HER,2
PRE_02510,紫雪丹,PRE,TREATS,SYM_03444,大便秘结,SYM,2
HER_01865,连翘,HER,HAS_EFFECT,EFF_01263,开窍,EFF,5
HER_01904,金银花,HER,HAS_EFFECT,EFF_01263,开窍,EFF,4
HER_01867,麦冬,HER,HAS_EFFECT,EFF_01263,开窍,EFF,2
HER_01886,丹参,HER,HAS_EFFECT,EFF_01263,开窍,EFF,2
HER_01867,麦冬,HER,RELIEVES,SYM_03444,大便秘结,SYM,5
HER_01992,水牛角,HER,RELIEVES,SYM_03444,大便秘结,SYM,2
PRE_02519,白虎汤,PRE,CONTAINS,HER_02179,粳米,HER,2
PRE_02480,苍术,PRE,CONTAINS,HER_02012,芒硝,HER,2
PRE_02480,苍术,PRE,CONTAINS,HER_01904,金银花,HER,4
PRE_02480,苍术,PRE,CONTAINS,HER_01878,知母,HER,3
PRE_02480,苍术,PRE,TREATS,SYM_03444,大便秘结,SYM,3
PRE_02480,苍术,PRE,TREATS,SYM_03486,呕恶,SYM,2
HER_02179,粳米,HER,HAS_EFFECT,EFF_01266,益气养阴,EFF,2
HER_01865,连翘,HER,HAS_EFFECT,EFF_01266,益气养阴,EFF,2
HER_01865,连翘,HER,HAS_EFFECT,EFF_01372,芳化湿浊,EFF,2
HER_01881,石膏,HER,HAS_EFFECT,EFF_01266,益气养阴,EFF,2
HER_01904,金银花,HER,HAS_EFFECT,EFF_01266,益气养阴,EFF,4
HER_01904,金银花,HER,HAS_EFFECT,EFF_01372,芳化湿浊,EFF,2
HER_02086,西洋参,HER,HAS_EFFECT,EFF_01266,益气养阴,EFF,3
HER_02186,西瓜翠衣,HER,HAS_EFFECT,EFF_01266,益气养阴,EFF,2
HER_02037,佩兰,HER,RELIEVES,SYM_03444,大便秘结,SYM,2
HER_02037,佩兰,HER,RELIEVES,SYM_03486,呕恶,SYM,3
HER_02071,大青叶,HER,RELIEVES,SYM_03444,大便秘结,SYM,2
HER_01865,连翘,HER,RELIEVES,SYM_03486,呕恶,SYM,2
HER_02012,芒硝,HER,RELIEVES,SYM_03444,大便秘结,SYM,6
HER_01960,广藿香,HER,RELIEVES,SYM_03444,大便秘结,SYM,4
HER_01960,广藿香,HER,RELIEVES,SYM_03486,呕恶,SYM,3
HER_01960,广藿香,HER,RELIEVES,SYM_03480,苔腻,SYM,2
PRE_02505,生脉散,PRE,CONTAINS,HER_01865,连翘,HER,3
PRE_02505,生脉散,PRE,CONTAINS,HER_01904,金银花,HER,3
PRE_02505,生脉散,PRE,CONTAINS,HER_01927,石斛,HER,3
PRE_02505,生脉散,PRE,CONTAINS,HER_02086,西洋参,HER,2
HER_01913,沙参,HER,HAS_EFFECT,EFF_01253,清热,EFF,2
HER_01904,金银花,HER,HAS_EFFECT,EFF_01255,益气,EFF,2
HER_02152,川贝粉,HER,HAS_EFFECT,EFF_01253,清热,EFF,2
PRE_02771,达原饮,PRE,CONTAINS,HER_01876,厚朴,HER,3
PRE_02771,达原饮,PRE,CONTAINS,HER_01960,广藿香,HER,2
PRE_02771,达原饮,PRE,CONTAINS,HER_01931,石菖蒲,HER,2
PRE_02771,达原饮,PRE,CONTAINS,HER_01988,草果,HER,3
PRE_02771,达原饮,PRE,CONTAINS,HER_01934,槟榔,HER,2
HER_01891,郁金,HER,RELIEVES,SYM_03486,呕恶,SYM,3
HER_02110,淡豆豉,HER,RELIEVES,SYM_03426,胸闷,SYM,2
HER_01876,厚朴,HER,RELIEVES,SYM_03486,呕恶,SYM,3
HER_01899,苡仁,HER,RELIEVES,SYM_03426,胸闷,SYM,5
HER_01916,竹茹,HER,RELIEVES,SYM_03426,胸闷,SYM,2
HER_01988,草果,HER,RELIEVES,SYM_03426,胸闷,SYM,2
HER_01915,法半夏,HER,RELIEVES,SYM_03486,呕恶,SYM,2
HER_01864,陈皮,HER,RELIEVES,SYM_03486,呕恶,SYM,2
HER_01870,杏仁,HER,RELIEVES,SYM_03486,呕恶,SYM,2
HER_02037,佩兰,HER,HAS_EFFECT,EFF_01253,清热,EFF,3
HER_01960,广藿香,HER,HAS_EFFECT,EFF_01253,清热,EFF,7
HER_01861,黄连,HER,RELIEVES,SYM_03486,呕恶,SYM,2
PRE_02549,三仁汤,PRE,CONTAINS,HER_01959,通草,HER,2
CAU_00023,烦躁,CAU,CAUSES,SYM_03429,腹胀,SYM,3
PRE_02517,银翘散,PRE,CONTAINS,HER_01909,葛根,HER,2
PRE_02517,银翘散,PRE,CONTAINS,HER_02110,淡豆豉,HER,3
PRE_02517,银翘散,PRE,CONTAINS,HER_01899,苡仁,HER,2
PRE_02517,银翘散,PRE,CONTAINS,HER_01872,栀子,HER,2
PRE_02517,银翘散,PRE,CONTAINS,HER_01855,茯苓,HER,3
PRE_02517,银翘散,PRE,CONTAINS,HER_01960,广藿香,HER,2
PRE_02517,银翘散,PRE,CONTAINS,HER_01906,滑石,HER,3
PRE_02517,银翘散,PRE,TREATS,SYM_03426,胸闷,SYM,2
PRE_02517,银翘散,PRE,TREATS,SYM_03421,咳嗽,SYM,2
HER_01865,连翘,HER,RELIEVES,SYM_03429,腹胀,SYM,6
HER_01865,连翘,HER,RELIEVES,SYM_03421,咳嗽,SYM,3
HER_01899,苡仁,HER,RELIEVES,SYM_03449,便溏,SYM,6
HER_01899,苡仁,HER,RELIEVES,SYM_03421,咳嗽,SYM,2
HER_01854,甘草,HER,RELIEVES,SYM_03421,咳嗽,SYM,3
HER_01876,厚朴,HER,RELIEVES,SYM_03421,咳嗽,SYM,3
HER_01855,茯苓,HER,RELIEVES,SYM_03421,咳嗽,SYM,3
HER_01960,广藿香,HER,RELIEVES,SYM_03429,腹胀,SYM,6
HER_01904,金银花,HER,RELIEVES,SYM_03426,胸闷,SYM,3
HER_01904,金银花,HER,RELIEVES,SYM_03449,便溏,SYM,3
HER_01904,金银花,HER,RELIEVES,SYM_03421,咳嗽,SYM,3
HER_01915,法半夏,HER,RELIEVES,SYM_03429,腹胀,SYM,2
HER_01915,法半夏,HER,RELIEVES,SYM_03421,咳嗽,SYM,2
HER_01906,滑石,HER,RELIEVES,SYM_03426,胸闷,SYM,2
HER_01906,滑石,HER,RELIEVES,SYM_03449,便溏,SYM,2
HER_01906,滑石,HER,RELIEVES,SYM_03421,咳嗽,SYM,2
HER_01979,豆蔻,HER,RELIEVES,SYM_03449,便溏,SYM,3
HER_01979,豆蔻,HER,RELIEVES,SYM_03429,腹胀,SYM,4
HER_01979,豆蔻,HER,RELIEVES,SYM_03421,咳嗽,SYM,2
HER_01870,杏仁,HER,RELIEVES,SYM_03449,便溏,SYM,2
HER_01870,杏仁,HER,RELIEVES,SYM_03429,腹胀,SYM,3
HER_01870,杏仁,HER,RELIEVES,SYM_03421,咳嗽,SYM,3
PRE_02715,宣清导浊汤,PRE,CONTAINS,HER_01855,茯苓,HER,2
HER_01904,金银花,HER,HAS_EFFECT,EFF_01254,健脾,EFF,2
HER_01858,黄芩,HER,HAS_EFFECT,EFF_01254,健脾,EFF,5
HER_02053,佛手,HER,HAS_EFFECT,EFF_01254,健脾,EFF,3
HER_01899,苡仁,HER,RELIEVES,SYM_03407,发热,SYM,3
HER_01904,金银花,HER,RELIEVES,SYM_03407,发热,SYM,2
HER_01858,黄芩,HER,RELIEVES,SYM_03449,便溏,SYM,3
HER_01858,黄芩,HER,RELIEVES,SYM_03429,腹胀,SYM,3
HER_01858,黄芩,HER,RELIEVES,SYM_03407,发热,SYM,5
HER_02037,佩兰,HER,RELIEVES,SYM_03429,腹胀,SYM,2
HER_02053,佛手,HER,RELIEVES,SYM_03449,便溏,SYM,2
HER_02053,佛手,HER,RELIEVES,SYM_03429,腹胀,SYM,2
HER_01916,竹茹,HER,RELIEVES,SYM_03407,发热,SYM,3
HER_01855,茯苓,HER,RELIEVES,SYM_03407,发热,SYM,2
HER_01864,陈皮,HER,RELIEVES,SYM_03407,发热,SYM,2
HER_01876,厚朴,HER,RELIEVES,SYM_03407,发热,SYM,2
HER_01960,广藿香,HER,RELIEVES,SYM_03407,发热,SYM,2
HER_01870,杏仁,HER,RELIEVES,SYM_03407,发热,SYM,3
PRE_02668,清脾饮,PRE,CONTAINS,HER_01876,厚朴,HER,2
PRE_02668,清脾饮,PRE,CONTAINS,HER_01988,草果,HER,2
PRE_02771,达原饮,PRE,CONTAINS,HER_01868,半夏,HER,2
HER_01981,香薷,HER,RELIEVES,SYM_03409,头痛,SYM,3
HER_01921,麻黄,HER,RELIEVES,SYM_03409,头痛,SYM,2
PRE_02518,六一散,PRE,CONTAINS,HER_01890,薄荷,HER,2
PRE_02554,至宝丹,PRE,CONTAINS,HER_01924,钩藤,HER,2
PRE_02480,苍术,PRE,TREATS,SYM_03409,头痛,SYM,2
HER_01932,神曲,HER,RELIEVES,SYM_03409,头痛,SYM,2
HER_01874,枳壳,HER,RELIEVES,SYM_03409,头痛,SYM,4
PRE_02518,六一散,PRE,CONTAINS,HER_01868,半夏,HER,2
PRE_02518,六一散,PRE,CONTAINS,HER_01876,厚朴,HER,2
PRE_02518,六一散,PRE,CONTAINS,HER_01960,广藿香,HER,2
PRE_02518,六一散,PRE,CONTAINS,HER_01878,知母,HER,2
PRE_02509,玉女煎,PRE,CONTAINS,HER_01867,麦冬,HER,2
PRE_02514,凉膈散,PRE,CONTAINS,HER_01890,薄荷,HER,3
PRE_02514,凉膈散,PRE,CONTAINS,HER_01872,栀子,HER,3
PRE_02514,凉膈散,PRE,CONTAINS,HER_01854,甘草,HER,3
PRE_02514,凉膈散,PRE,CONTAINS,HER_02012,芒硝,HER,2
PRE_02514,凉膈散,PRE,CONTAINS,HER_01869,大黄,HER,3
PRE_02514,凉膈散,PRE,CONTAINS,HER_01858,黄芩,HER,3
PRE_02480,苍术,PRE,CONTAINS,HER_02022,前胡,HER,2
PRE_02480,苍术,PRE,CONTAINS,HER_01917,山栀,HER,2
PRE_02480,苍术,PRE,CONTAINS,HER_01870,杏仁,HER,5
HER_01859,柴胡,HER,RELIEVES,SYM_03436,便秘,SYM,3
HER_01916,竹茹,HER,RELIEVES,SYM_03436,便秘,SYM,2
PRE_02517,银翘散,PRE,CONTAINS,HER_01867,麦冬,HER,2
PRE_02517,银翘散,PRE,CONTAINS,HER_01860,白芍,HER,2
PRE_02509,玉女煎,PRE,CONTAINS,HER_01948,地骨皮,HER,2
HER_01867,麦冬,HER,HAS_EFFECT,EFF_01425,滋养肾阴,EFF,2
PRE_02480,苍术,PRE,CONTAINS,HER_01882,桔梗,HER,3
PRE_02480,苍术,PRE,CONTAINS,HER_01923,白芷,HER,6
HER_01882,桔梗,HER,HAS_EFFECT,EFF_01268,补肺,EFF,3
HER_01858,黄芩,HER,HAS_EFFECT,EFF_01268,补肺,EFF,3
HER_01868,半夏,HER,RELIEVES,SYM_03409,头痛,SYM,3
HER_01946,大枣,HER,RELIEVES,SYM_03409,头痛,SYM,2
HER_01898,生姜,HER,RELIEVES,SYM_03409,头痛,SYM,3
HER_01923,白芷,HER,RELIEVES,SYM_03409,头痛,SYM,2
PRE_02492,泻心汤,PRE,CONTAINS,HER_01878,知母,HER,2
PRE_02524,附子理中汤,PRE,CONTAINS,HER_01855,茯苓,HER,2
PRE_02524,附子理中汤,PRE,CONTAINS,HER_01912,肉桂,HER,2
HER_01875,附子,HER,HAS_EFFECT,EFF_01275,祛湿,EFF,3
HER_01907,熟地黄,HER,HAS_EFFECT,EFF_01329,豁痰开窍,EFF,2
HER_01891,郁金,HER,HAS_EFFECT,EFF_01329,豁痰开窍,EFF,2
HER_01891,郁金,HER,HAS_EFFECT,EFF_01278,安神,EFF,2
HER_01987,胆南星,HER,HAS_EFFECT,EFF_01329,豁痰开窍,EFF,2
HER_01987,胆南星,HER,HAS_EFFECT,EFF_01254,健脾,EFF,2
HER_01987,胆南星,HER,HAS_EFFECT,EFF_01278,安神,EFF,3
HER_01885,牡丹皮,HER,HAS_EFFECT,EFF_01329,豁痰开窍,EFF,2
HER_01854,甘草,HER,HAS_EFFECT,EFF_01329,豁痰开窍,EFF,2
HER_01854,甘草,HER,HAS_EFFECT,EFF_01275,祛湿,EFF,2
HER_02105,合欢,HER,HAS_EFFECT,EFF_01254,健脾,EFF,2
HER_01855,茯苓,HER,HAS_EFFECT,EFF_01329,豁痰开窍,EFF,3
HER_01884,山药,HER,HAS_EFFECT,EFF_01329,豁痰开窍,EFF,2
HER_01931,石菖蒲,HER,HAS_EFFECT,EFF_01329,豁痰开窍,EFF,3
HER_01931,石菖蒲,HER,HAS_EFFECT,EFF_01278,安神,EFF,4
HER_01873,泽泻,HER,HAS_EFFECT,EFF_01329,豁痰开窍,EFF,2
HER_01919,山茱萸,HER,HAS_EFFECT,EFF_01329,豁痰开窍,EFF,2
HER_02130,白头翁,HER,HAS_EFFECT,EFF_01253,清热,EFF,2
HER_02035,白鲜皮,HER,HAS_EFFECT,EFF_01253,清热,EFF,7
HER_02005,蝉蜕,HER,HAS_EFFECT,EFF_01305,祛风止痒,EFF,3
HER_02005,蝉蜕,HER,HAS_EFFECT,EFF_01253,清热,EFF,5
HER_01958,牛蒡子,HER,RELIEVES,SYM_03582,皮肤瘙痒,SYM,2
HER_01890,薄荷,HER,RELIEVES,SYM_03582,皮肤瘙痒,SYM,2
HER_01990,地龙,HER,RELIEVES,SYM_03582,皮肤瘙痒,SYM,2
HER_02101,鱼腥草,HER,RELIEVES,SYM_03582,皮肤瘙痒,SYM,2
HER_01865,连翘,HER,RELIEVES,SYM_03582,皮肤瘙痒,SYM,4
HER_01854,甘草,HER,RELIEVES,SYM_03582,皮肤瘙痒,SYM,3
HER_01861,黄连,HER,RELIEVES,SYM_03582,皮肤瘙痒,SYM,3
HER_01904,金银花,HER,RELIEVES,SYM_03582,皮肤瘙痒,SYM,3
HER_01858,黄芩,HER,RELIEVES,SYM_03582,皮肤瘙痒,SYM,3
HER_02005,蝉蜕,HER,RELIEVES,SYM_03582,皮肤瘙痒,SYM,2
PRE_02489,六味地黄丸,PRE,CONTAINS,HER_01948,地骨皮,HER,2
PRE_02489,六味地黄丸,PRE,CONTAINS,HER_01902,车前子,HER,2
PRE_02489,六味地黄丸,PRE,CONTAINS,HER_01859,柴胡,HER,2
PRE_02489,六味地黄丸,PRE,CONTAINS,HER_01878,知母,HER,5
PRE_02563,独参汤,PRE,CONTAINS,HER_01907,熟地黄,HER,2
PRE_02563,独参汤,PRE,CONTAINS,HER_01855,茯苓,HER,2
HER_01907,熟地黄,HER,HAS_EFFECT,EFF_01261,止血,EFF,6
HER_01948,地骨皮,HER,HAS_EFFECT,EFF_01261,止血,EFF,3
HER_02023,大腹皮,HER,HAS_EFFECT,EFF_01255,益气,EFF,2
PRE_02480,苍术,PRE,TREATS,SYM_03421,咳嗽,SYM,2
HER_01990,地龙,HER,RELIEVES,SYM_03426,胸闷,SYM,2
HER_01871,赤芍,HER,RELIEVES,SYM_03426,胸闷,SYM,3
HER_01871,赤芍,HER,RELIEVES,SYM_03421,咳嗽,SYM,2
PRE_02484,五苓散,PRE,CONTAINS,HER_01894,木香,HER,2
PRE_02484,五苓散,PRE,CONTAINS,HER_01957,沉香,HER,3
PRE_02484,五苓散,PRE,CONTAINS,HER_01874,枳壳,HER,2
PRE_02484,五苓散,PRE,CONTAINS,HER_02009,川楝子,HER,2
HER_01857,白术,HER,HAS_EFFECT,EFF_01296,化瘀通络,EFF,2
HER_01957,沉香,HER,HAS_EFFECT,EFF_01255,益气,EFF,2
HER_01877,桃仁,HER,HAS_EFFECT,EFF_01296,化瘀通络,EFF,2
HER_01862,黄芪,HER,HAS_EFFECT,EFF_01296,化瘀通络,EFF,2
HER_01880,桂枝,HER,RELIEVES,SYM_03429,腹胀,SYM,2
HER_01894,木香,HER,RELIEVES,SYM_03429,腹胀,SYM,5
HER_01877,桃仁,HER,RELIEVES,SYM_03429,腹胀,SYM,2
HER_01862,黄芪,HER,RELIEVES,SYM_03429,腹胀,SYM,3
HER_01978,莱菔子,HER,RELIEVES,SYM_03429,腹胀,SYM,5
HER_01874,枳壳,HER,RELIEVES,SYM_03429,腹胀,SYM,3
PRE_02485,逍遥散,PRE,CONTAINS,HER_01939,山楂,HER,2
PRE_02485,逍遥散,PRE,CONTAINS,HER_01879,党参,HER,2
PRE_02506,荆防败毒散,PRE,CONTAINS,HER_01908,羌活,HER,2
PRE_02489,六味地黄丸,PRE,CONTAINS,HER_01888,牛膝,HER,2
PRE_02661,柴胡清肝汤,PRE,CONTAINS,HER_01958,牛蒡子,HER,2
PRE_02661,柴胡清肝汤,PRE,CONTAINS,HER_01900,防风,HER,2
PRE_02661,柴胡清肝汤,PRE,CONTAINS,HER_01937,天花粉,HER,2
PRE_02661,柴胡清肝汤,PRE,CONTAINS,HER_01866,川芎,HER,2
PRE_02661,柴胡清肝汤,PRE,CONTAINS,HER_01872,栀子,HER,2
PRE_02661,柴胡清肝汤,PRE,CONTAINS,HER_01865,连翘,HER,2
PRE_02661,柴胡清肝汤,PRE,CONTAINS,HER_01859,柴胡,HER,2
PRE_02661,柴胡清肝汤,PRE,CONTAINS,HER_01860,白芍,HER,2
PRE_02661,柴胡清肝汤,PRE,CONTAINS,HER_01856,当归,HER,2
PRE_02661,柴胡清肝汤,PRE,CONTAINS,HER_01858,黄芩,HER,2
HER_01958,牛蒡子,HER,HAS_EFFECT,EFF_01272,解郁,EFF,2
HER_01900,防风,HER,HAS_EFFECT,EFF_01272,解郁,EFF,2
HER_01866,川芎,HER,HAS_EFFECT,EFF_01272,解郁,EFF,3
HER_01865,连翘,HER,HAS_EFFECT,EFF_01272,解郁,EFF,2
HER_01858,黄芩,HER,HAS_EFFECT,EFF_01272,解郁,EFF,3
PRE_02480,苍术,PRE,CONTAINS,HER_01966,皂角,HER,3
PRE_02480,苍术,PRE,CONTAINS,HER_01926,菊花,HER,2
PRE_02480,苍术,PRE,CONTAINS,HER_01888,牛膝,HER,6
HER_01958,牛蒡子,HER,HAS_EFFECT,EFF_01258,清热解毒,EFF,3
HER_01966,皂角,HER,HAS_EFFECT,EFF_01258,清热解毒,EFF,2
HER_02061,穿山甲,HER,HAS_EFFECT,EFF_01258,清热解毒,EFF,2
HER_01888,牛膝,HER,HAS_EFFECT,EFF_01258,清热解毒,EFF,3
HER_01900,防风,HER,HAS_EFFECT,EFF_01258,清热解毒,EFF,3
HER_01999,紫花地丁,HER,HAS_EFFECT,EFF_01253,清热,EFF,5
HER_02061,穿山甲,HER,HAS_EFFECT,EFF_01253,清热,EFF,3
HER_01966,皂角,HER,HAS_EFFECT,EFF_01253,清热,EFF,6
HER_01877,桃仁,HER,HAS_EFFECT,EFF_01334,活血散瘀,EFF,2
HER_01888,牛膝,HER,HAS_EFFECT,EFF_01334,活血散瘀,EFF,2
HER_01871,赤芍,HER,HAS_EFFECT,EFF_01334,活血散瘀,EFF,2
HER_01856,当归,HER,HAS_EFFECT,EFF_01334,活血散瘀,EFF,2
PRE_02540,托里消毒散,PRE,CONTAINS,HER_01966,皂角,HER,2
PRE_02501,小柴胡汤,PRE,CONTAINS,HER_01917,山栀,HER,2
PRE_02487,龙胆泻肝汤,PRE,CONTAINS,HER_01917,山栀,HER,3
PRE_02487,龙胆泻肝汤,PRE,CONTAINS,HER_02001,羚羊角,HER,2
PRE_02495,四君子汤,PRE,CONTAINS,HER_01874,枳壳,HER,2
PRE_02552,活命饮,PRE,CONTAINS,HER_02061,穿山甲,HER,2
PRE_02552,活命饮,PRE,CONTAINS,HER_01963,白茅根,HER,2
PRE_02552,活命饮,PRE,CONTAINS,HER_01937,天花粉,HER,2
PRE_02552,活命饮,PRE,CONTAINS,HER_01923,白芷,HER,2
PRE_02552,活命饮,PRE,CONTAINS,HER_01933,蒲公英,HER,2
PRE_02552,活命饮,PRE,CONTAINS,HER_01871,赤芍,HER,2
PRE_02552,活命饮,PRE,CONTAINS,HER_01856,当归,HER,2
PRE_02552,活命饮,PRE,CONTAINS,HER_01904,金银花,HER,2
PRE_02488,八珍汤,PRE,CONTAINS,HER_01904,金银花,HER,2
HER_01904,金银花,HER,HAS_EFFECT,EFF_01259,滋阴,EFF,2
HER_01961,淡竹叶,HER,HAS_EFFECT,EFF_01259,滋阴,EFF,2
HER_01892,地黄,HER,HAS_EFFECT,EFF_01253,清热,EFF,9
HER_02016,乳香,HER,HAS_EFFECT,EFF_01253,清热,EFF,2
HER_02034,没药,HER,HAS_EFFECT,EFF_01253,清热,EFF,2
PRE_02508,安宫牛黄丸,PRE,CONTAINS,HER_02040,清营,HER,3
HER_02040,清营,HER,HAS_EFFECT,EFF_01286,养阴生津,EFF,2
PRE_02510,紫雪丹,PRE,CONTAINS,HER_01914,贝母,HER,2
PRE_02498,五味消毒饮,PRE,CONTAINS,HER_02040,清营,HER,2
PRE_02498,五味消毒饮,PRE,CONTAINS,HER_01914,贝母,HER,2
PRE_02498,五味消毒饮,PRE,CONTAINS,HER_01937,天花粉,HER,2
PRE_02493,犀角地黄汤,PRE,CONTAINS,HER_02065,藕节,HER,2
HER_02065,藕节,HER,HAS_EFFECT,EFF_01258,清热解毒,EFF,2
HER_02040,清营,HER,HAS_EFFECT,EFF_01258,清热解毒,EFF,2
PRE_02543,清营汤,PRE,CONTAINS,HER_01961,淡竹叶,HER,2
PRE_02543,清营汤,PRE,CONTAINS,HER_01892,地黄,HER,2
PRE_02497,黄连解毒汤,PRE,CONTAINS,HER_01896,玄参,HER,2
PRE_02497,黄连解毒汤,PRE,CONTAINS,HER_01889,黄柏,HER,7
PRE_02497,黄连解毒汤,PRE,CONTAINS,HER_01865,连翘,HER,4
PRE_02497,黄连解毒汤,PRE,CONTAINS,HER_01872,栀子,HER,8
PRE_02497,黄连解毒汤,PRE,CONTAINS,HER_01861,黄连,HER,8
PRE_02497,黄连解毒汤,PRE,CONTAINS,HER_01904,金银花,HER,5
PRE_02497,黄连解毒汤,PRE,CONTAINS,HER_01858,黄芩,HER,8
PRE_02497,黄连解毒汤,PRE,CONTAINS,HER_01886,丹参,HER,2
PRE_02497,黄连解毒汤,PRE,CONTAINS,HER_01992,水牛角,HER,2
PRE_02497,黄连解毒汤,PRE,CONTAINS,HER_01892,地黄,HER,3
HER_01865,连翘,HER,HAS_EFFECT,EFF_01389,凉血解毒,EFF,2
HER_01904,金银花,HER,HAS_EFFECT,EFF_01389,凉血解毒,EFF,2
HER_01961,淡竹叶,HER,HAS_EFFECT,EFF_01263,开窍,EFF,2
HER_01892,地黄,HER,HAS_EFFECT,EFF_01263,开窍,EFF,3
PRE_02505,生脉散,PRE,CONTAINS,HER_01866,川芎,HER,2
PRE_02540,托里消毒散,PRE,CONTAINS,HER_01862,黄芪,HER,2
PRE_02497,黄连解毒汤,PRE,CONTAINS,HER_01999,紫花地丁,HER,4
PRE_02497,黄连解毒汤,PRE,CONTAINS,HER_01926,菊花,HER,5
PRE_02497,黄连解毒汤,PRE,CONTAINS,HER_01885,牡丹皮,HER,3
PRE_02497,黄连解毒汤,PRE,CONTAINS,HER_02137,葵子,HER,4
PRE_02497,黄连解毒汤,PRE,CONTAINS,HER_01933,蒲公英,HER,4
PRE_02497,黄连解毒汤,PRE,CONTAINS,HER_01871,赤芍,HER,4
PRE_02498,五味消毒饮,PRE,CONTAINS,HER_02137,葵子,HER,4
PRE_02498,五味消毒饮,PRE,CONTAINS,HER_01872,栀子,HER,5
PRE_02498,五味消毒饮,PRE,CONTAINS,HER_01861,黄连,HER,4
PRE_02498,五味消毒饮,PRE,CONTAINS,HER_01858,黄芩,HER,5
PRE_02498,五味消毒饮,PRE,CONTAINS,HER_01992,水牛角,HER,2
PRE_02498,五味消毒饮,PRE,CONTAINS,HER_01892,地黄,HER,2
PRE_02493,犀角地黄汤,PRE,CONTAINS,HER_01872,栀子,HER,2
HER_02137,葵子,HER,HAS_EFFECT,EFF_01253,清热,EFF,2
HER_02137,葵子,HER,HAS_EFFECT,EFF_01258,清热解毒,EFF,2
HER_01872,栀子,HER,HAS_EFFECT,EFF_01319,消肿止痛,EFF,2
PRE_02497,黄连解毒汤,PRE,CONTAINS,HER_02061,穿山甲,HER,2
PRE_02497,黄连解毒汤,PRE,CONTAINS,HER_01966,皂角,HER,3
PRE_02498,五味消毒饮,PRE,CONTAINS,HER_02061,穿山甲,HER,2
PRE_02498,五味消毒饮,PRE,CONTAINS,HER_01966,皂角,HER,3
PRE_02547,萆渗湿汤,PRE,CONTAINS,HER_01999,紫花地丁,HER,2
PRE_02547,萆渗湿汤,PRE,CONTAINS,HER_01889,黄柏,HER,2
PRE_02547,萆渗湿汤,PRE,CONTAINS,HER_01855,茯苓,HER,4
PRE_02547,萆渗湿汤,PRE,CONTAINS,HER_01902,车前子,HER,2
PRE_02547,萆渗湿汤,PRE,CONTAINS,HER_01904,金银花,HER,2
PRE_02547,萆渗湿汤,PRE,CONTAINS,HER_01906,滑石,HER,2
PRE_02805,五神汤,PRE,CONTAINS,HER_01902,车前子,HER,2
PRE_02805,五神汤,PRE,CONTAINS,HER_01873,泽泻,HER,2
PRE_02485,逍遥散,PRE,CONTAINS,HER_01863,人参,HER,2
PRE_02485,逍遥散,PRE,CONTAINS,HER_01920,瓜蒌,HER,2
PRE_02483,四物汤,PRE,CONTAINS,HER_01859,柴胡,HER,3
PRE_02482,二陈汤,PRE,CONTAINS,HER_01945,夏枯草,HER,2
PRE_02482,二陈汤,PRE,CONTAINS,HER_01892,地黄,HER,3
HER_01891,郁金,HER,HAS_EFFECT,EFF_01273,化痰散结,EFF,2
HER_01897,红花,HER,HAS_EFFECT,EFF_01273,化痰散结,EFF,2
HER_01877,桃仁,HER,HAS_EFFECT,EFF_01273,化痰散结,EFF,3
HER_01866,川芎,HER,HAS_EFFECT,EFF_01273,化痰散结,EFF,3
HER_01859,柴胡,HER,HAS_EFFECT,EFF_01273,化痰散结,EFF,2
HER_01855,茯苓,HER,HAS_EFFECT,EFF_01273,化痰散结,EFF,4
HER_01864,陈皮,HER,HAS_EFFECT,EFF_01273,化痰散结,EFF,4
PRE_02485,逍遥散,PRE,CONTAINS,HER_01945,夏枯草,HER,2
HER_01885,牡丹皮,HER,HAS_EFFECT,EFF_01279,疏肝解郁,EFF,4
HER_01945,夏枯草,HER,HAS_EFFECT,EFF_01279,疏肝解郁,EFF,3
HER_01945,夏枯草,HER,HAS_EFFECT,EFF_01253,清热,EFF,3
HER_01915,法半夏,HER,HAS_EFFECT,EFF_01273,化痰散结,EFF,2
HER_02094,昆布,HER,HAS_EFFECT,EFF_01273,化痰散结,EFF,2
HER_01945,夏枯草,HER,HAS_EFFECT,EFF_01272,解郁,EFF,3
HER_01874,枳壳,HER,HAS_EFFECT,EFF_01273,化痰散结,EFF,2
HER_01865,连翘,HER,HAS_EFFECT,EFF_01281,清肝泻火,EFF,2
HER_01860,白芍,HER,HAS_EFFECT,EFF_01281,清肝泻火,EFF,3
HER_01858,黄芩,HER,HAS_EFFECT,EFF_01281,清肝泻火,EFF,4
HER_02063,芩连,HER,HAS_EFFECT,EFF_01259,滋阴,EFF,2
PRE_02499,参苓白术散,PRE,CONTAINS,HER_01934,槟榔,HER,3
PRE_02530,蛤粉散,PRE,CONTAINS,HER_01889,黄柏,HER,3
PRE_02530,蛤粉散,PRE,CONTAINS,HER_01881,石膏,HER,3
PRE_02628,真君妙贴散,PRE,CONTAINS,HER_01889,黄柏,HER,3
PRE_02628,真君妙贴散,PRE,CONTAINS,HER_01881,石膏,HER,3
PRE_02555,三黄洗剂,PRE,CONTAINS,HER_02020,青黛,HER,3
PRE_02555,三黄洗剂,PRE,CONTAINS,HER_02077,马齿苋,HER,5
PRE_02555,三黄洗剂,PRE,CONTAINS,HER_01890,薄荷,HER,5
PRE_02555,三黄洗剂,PRE,TREATS,SYM_03921,红斑丘疹,SYM,3
HER_02020,青黛,HER,RELIEVES,SYM_03921,红斑丘疹,SYM,3
HER_02077,马齿苋,HER,RELIEVES,SYM_03921,红斑丘疹,SYM,3
HER_01890,薄荷,HER,RELIEVES,SYM_03921,红斑丘疹,SYM,3
HER_02020,青黛,HER,HAS_EFFECT,EFF_01253,清热,EFF,2
PRE_02653,四物消风饮,PRE,CONTAINS,HER_01856,当归,HER,2
PRE_02512,地黄丸,PRE,CONTAINS,HER_01856,当归,HER,2
PRE_02512,地黄丸,PRE,CONTAINS,HER_01855,茯苓,HER,2
PRE_02613,四妙丸,PRE,CONTAINS,HER_01888,牛膝,HER,4
PRE_02613,四妙丸,PRE,CONTAINS,HER_01902,车前子,HER,2
PRE_02613,四妙丸,PRE,CONTAINS,HER_01856,当归,HER,2
PRE_02613,四妙丸,PRE,CONTAINS,HER_02058,泽兰,HER,2
PRE_02613,四妙丸,PRE,CONTAINS,HER_01886,丹参,HER,3
HER_02058,泽兰,HER,HAS_EFFECT,EFF_01253,清热,EFF,2
HER_01859,柴胡,HER,HAS_EFFECT,EFF_01319,消肿止痛,EFF,2
HER_01855,茯苓,HER,HAS_EFFECT,EFF_01281,清肝泻火,EFF,2
PRE_02479,补中益气汤,PRE,CONTAINS,HER_01860,白芍,HER,2
PRE_02494,十全大补汤,PRE,CONTAINS,HER_01866,川芎,HER,2
HER_02109,槐花,HER,HAS_EFFECT,EFF_01267,凉血止血,EFF,2
PRE_02480,苍术,PRE,CONTAINS,HER_02010,桃红,HER,2
PRE_02483,四物汤,PRE,CONTAINS,HER_01923,白芷,HER,2
PRE_02487,龙胆泻肝汤,PRE,CONTAINS,HER_01854,甘草,HER,3
HER_01901,木,HER,HAS_EFFECT,EFF_01267,凉血止血,EFF,2
HER_01969,青蒿,HER,HAS_EFFECT,EFF_01265,养阴,EFF,2
PRE_02547,萆渗湿汤,PRE,CONTAINS,HER_01857,白术,HER,2
PRE_02653,四物消风饮,PRE,CONTAINS,HER_01900,防风,HER,2
HER_01856,当归,HER,HAS_EFFECT,EFF_01385,养血祛风,EFF,2
HER_01871,赤芍,HER,RELIEVES,SYM_03542,瘙痒,SYM,2
HER_02035,白鲜皮,HER,RELIEVES,SYM_03542,瘙痒,SYM,3
HER_02005,蝉蜕,HER,RELIEVES,SYM_03542,瘙痒,SYM,2
HER_02051,苦参,HER,HAS_EFFECT,EFF_01253,清热,EFF,4
HER_02071,大青叶,HER,HAS_EFFECT,EFF_01253,清热,EFF,5
HER_02055,地肤子,HER,HAS_EFFECT,EFF_01253,清热,EFF,6
HER_02071,大青叶,HER,RELIEVES,SYM_03407,发热,SYM,2
HER_01865,连翘,HER,RELIEVES,SYM_03477,大便干结,SYM,3
HER_01859,柴胡,HER,RELIEVES,SYM_03407,发热,SYM,2
HER_01993,银花,HER,RELIEVES,SYM_03407,发热,SYM,3
HER_02015,龙胆草,HER,RELIEVES,SYM_03477,大便干结,SYM,2
HER_02171,橘核,HER,HAS_EFFECT,EFF_01273,化痰散结,EFF,2
HER_01854,甘草,HER,HAS_EFFECT,EFF_01343,理气活血,EFF,2
HER_01871,赤芍,HER,HAS_EFFECT,EFF_01343,理气活血,EFF,3
HER_01856,当归,HER,HAS_EFFECT,EFF_01343,理气活血,EFF,2
HER_02161,金钱草,HER,HAS_EFFECT,EFF_01376,通淋排石,EFF,2
HER_02161,金钱草,HER,HAS_EFFECT,EFF_01256,补肾,EFF,2
HER_01907,熟地黄,HER,HAS_EFFECT,EFF_01376,通淋排石,EFF,2
HER_01888,牛膝,HER,HAS_EFFECT,EFF_01376,通淋排石,EFF,2
HER_01885,牡丹皮,HER,HAS_EFFECT,EFF_01376,通淋排石,EFF,2
HER_01855,茯苓,HER,HAS_EFFECT,EFF_01376,通淋排石,EFF,2
HER_01884,山药,HER,HAS_EFFECT,EFF_01376,通淋排石,EFF,2
HER_01902,车前子,HER,HAS_EFFECT,EFF_01376,通淋排石,EFF,2
HER_01873,泽泻,HER,HAS_EFFECT,EFF_01376,通淋排石,EFF,2
HER_01919,山茱萸,HER,HAS_EFFECT,EFF_01376,通淋排石,EFF,2
HER_02061,穿山甲,HER,HAS_EFFECT,EFF_01256,补肾,EFF,3
PRE_02483,四物汤,PRE,CONTAINS,HER_01873,泽泻,HER,2
PRE_02483,四物汤,PRE,CONTAINS,HER_01878,知母,HER,2
PRE_02613,四妙丸,PRE,CONTAINS,HER_01855,茯苓,HER,2
PRE_02535,金匮肾气丸,PRE,CONTAINS,HER_01984,熟地,HER,2
PRE_02483,四物汤,PRE,CONTAINS,HER_01984,熟地,HER,3
PRE_02543,清营汤,PRE,CONTAINS,HER_01999,紫花地丁,HER,2
PRE_02543,清营汤,PRE,CONTAINS,HER_01885,牡丹皮,HER,2
PRE_02543,清营汤,PRE,CONTAINS,HER_01871,赤芍,HER,2
PRE_02487,龙胆泻肝汤,PRE,CONTAINS,HER_01885,牡丹皮,HER,2
PRE_02487,龙胆泻肝汤,PRE,CONTAINS,HER_01924,钩藤,HER,2
PRE_02487,龙胆泻肝汤,PRE,CONTAINS,HER_01878,知母,HER,2
HER_01904,金银花,HER,HAS_EFFECT,EFF_01300,泻火解毒,EFF,2
HER_01858,黄芩,HER,HAS_EFFECT,EFF_01300,泻火解毒,EFF,3
HER_01872,栀子,HER,HAS_EFFECT,EFF_01300,泻火解毒,EFF,3
HER_01892,地黄,HER,HAS_EFFECT,EFF_01300,泻火解毒,EFF,2
HER_01881,石膏,HER,HAS_EFFECT,EFF_01300,泻火解毒,EFF,4
PRE_02497,黄连解毒汤,PRE,CONTAINS,HER_01924,钩藤,HER,2
PRE_02497,黄连解毒汤,PRE,CONTAINS,HER_01900,防风,HER,3
HER_01995,射干,HER,HAS_EFFECT,EFF_01258,清热解毒,EFF,3
HER_02005,蝉蜕,HER,HAS_EFFECT,EFF_01258,清热解毒,EFF,2
HER_01857,白术,HER,HAS_EFFECT,EFF_01332,固冲调经,EFF,2
HER_01863,人参,HER,HAS_EFFECT,EFF_01332,固冲调经,EFF,3
HER_01862,黄芪,HER,HAS_EFFECT,EFF_01332,固冲调经,EFF,2
HER_01854,甘草,HER,HAS_EFFECT,EFF_01332,固冲调经,EFF,3
HER_01922,升麻,HER,HAS_EFFECT,EFF_01332,固冲调经,EFF,2
HER_01856,当归,HER,HAS_EFFECT,EFF_01332,固冲调经,EFF,2
HER_01907,熟地黄,HER,HAS_EFFECT,EFF_01332,固冲调经,EFF,2
HER_01980,远志,HER,HAS_EFFECT,EFF_01256,补肾,EFF,3
PRE_02640,两地汤,PRE,CONTAINS,HER_01928,阿胶,HER,2
PRE_02640,两地汤,PRE,CONTAINS,HER_01896,玄参,HER,2
PRE_02640,两地汤,PRE,CONTAINS,HER_01948,地骨皮,HER,2
PRE_02640,两地汤,PRE,CONTAINS,HER_01860,白芍,HER,2
PRE_02640,两地汤,PRE,CONTAINS,HER_01867,麦冬,HER,2
PRE_02640,两地汤,PRE,CONTAINS,HER_01892,地黄,HER,2
HER_01860,白芍,HER,HAS_EFFECT,EFF_01271,滋阴清热,EFF,3
HER_01867,麦冬,HER,HAS_EFFECT,EFF_01261,止血,EFF,2
HER_01892,地黄,HER,HAS_EFFECT,EFF_01261,止血,EFF,6
HER_01889,黄柏,HER,HAS_EFFECT,EFF_01261,止血,EFF,3
HER_01858,黄芩,HER,HAS_EFFECT,EFF_01261,止血,EFF,3
HER_01863,人参,HER,HAS_EFFECT,EFF_01264,补血,EFF,3
HER_01984,熟地,HER,HAS_EFFECT,EFF_01264,补血,EFF,2
PRE_02988,苍附导痰丸,PRE,CONTAINS,HER_01987,胆南星,HER,2
PRE_02988,苍附导痰丸,PRE,CONTAINS,HER_01854,甘草,HER,2
PRE_02988,苍附导痰丸,PRE,CONTAINS,HER_01855,茯苓,HER,2
PRE_02988,苍附导痰丸,PRE,CONTAINS,HER_01874,枳壳,HER,2
PRE_02988,苍附导痰丸,PRE,CONTAINS,HER_01905,香附,HER,2
PRE_02988,苍附导痰丸,PRE,CONTAINS,HER_01864,陈皮,HER,2
PRE_02658,归肾丸,PRE,CONTAINS,HER_01938,菟丝子,HER,2
PRE_02658,归肾丸,PRE,CONTAINS,HER_01984,熟地,HER,2
PRE_02658,归肾丸,PRE,CONTAINS,HER_01983,杜仲,HER,2
PRE_02658,归肾丸,PRE,CONTAINS,HER_01884,山药,HER,2
PRE_02658,归肾丸,PRE,CONTAINS,HER_01855,茯苓,HER,2
PRE_02658,归肾丸,PRE,CONTAINS,HER_01856,当归,HER,2
PRE_02658,归肾丸,PRE,CONTAINS,HER_01925,枸杞子,HER,2
HER_02038,山萸肉,HER,HAS_EFFECT,EFF_01256,补肾,EFF,2
HER_01866,川芎,HER,HAS_EFFECT,EFF_01361,活血调经,EFF,2
HER_01855,茯苓,HER,HAS_EFFECT,EFF_01361,活血调经,EFF,2
HER_01860,白芍,HER,HAS_EFFECT,EFF_01361,活血调经,EFF,2
HER_01856,当归,HER,HAS_EFFECT,EFF_01361,活血调经,EFF,2
HER_02157,淫羊藿,HER,HAS_EFFECT,EFF_01256,补肾,EFF,2
HER_02021,鸡血藤,HER,HAS_EFFECT,EFF_01256,补肾,EFF,3
HER_01908,羌活,HER,HAS_EFFECT,EFF_01256,补肾,EFF,2
PRE_02480,苍术,PRE,CONTAINS,HER_02113,茺蔚子,HER,2
PRE_02480,苍术,PRE,CONTAINS,HER_01925,枸杞子,HER,2
PRE_02482,二陈汤,PRE,CONTAINS,HER_02021,鸡血藤,HER,3
HER_02108,桑寄生,HER,HAS_EFFECT,EFF_01256,补肾,EFF,3
HER_01938,菟丝子,HER,HAS_EFFECT,EFF_01309,养血调经,EFF,3
HER_01984,熟地,HER,HAS_EFFECT,EFF_01309,养血调经,EFF,2
HER_01855,茯苓,HER,HAS_EFFECT,EFF_01309,养血调经,EFF,2
HER_01884,山药,HER,HAS_EFFECT,EFF_01309,养血调经,EFF,2
HER_01983,杜仲,HER,HAS_EFFECT,EFF_01309,养血调经,EFF,2
HER_01925,枸杞子,HER,HAS_EFFECT,EFF_01309,养血调经,EFF,3
HER_01919,山茱萸,HER,HAS_EFFECT,EFF_01309,养血调经,EFF,2
HER_01856,当归,HER,HAS_EFFECT,EFF_01309,养血调经,EFF,4
PRE_02658,归肾丸,PRE,CONTAINS,HER_01888,牛膝,HER,2
PRE_02616,左归丸,PRE,CONTAINS,HER_01938,菟丝子,HER,3
PRE_02616,左归丸,PRE,CONTAINS,HER_01888,牛膝,HER,2
PRE_02616,左归丸,PRE,CONTAINS,HER_01984,熟地,HER,2
PRE_02616,左归丸,PRE,CONTAINS,HER_02236,龟板,HER,2
PRE_02616,左归丸,PRE,CONTAINS,HER_01884,山药,HER,3
PRE_02616,左归丸,PRE,CONTAINS,HER_02142,鹿角,HER,2
PRE_02616,左归丸,PRE,CONTAINS,HER_01919,山茱萸,HER,2
PRE_02616,左归丸,PRE,CONTAINS,HER_01925,枸杞子,HER,2
HER_01888,牛膝,HER,HAS_EFFECT,EFF_01309,养血调经,EFF,2
HER_02236,龟板,HER,HAS_EFFECT,EFF_01283,滋补肝肾,EFF,2
HER_01922,升麻,HER,HAS_EFFECT,EFF_01260,补气,EFF,4
PRE_02873,失笑散,PRE,CONTAINS,HER_02069,五灵脂,HER,2
PRE_02873,失笑散,PRE,CONTAINS,HER_02003,蒲黄,HER,2
HER_01928,阿胶,HER,HAS_EFFECT,EFF_01253,清热,EFF,2
HER_01892,地黄,HER,HAS_EFFECT,EFF_01287,益肾,EFF,2
PRE_02556,二至丸,PRE,CONTAINS,HER_01907,熟地黄,HER,2
HER_01854,甘草,HER,HAS_EFFECT,EFF_01361,活血调经,EFF,2
HER_01874,枳壳,HER,HAS_EFFECT,EFF_01292,燥湿化痰,EFF,2
HER_01905,香附,HER,HAS_EFFECT,EFF_01292,燥湿化痰,EFF,2
PRE_02500,血府逐瘀汤,PRE,CONTAINS,HER_01892,地黄,HER,2
HER_01897,红花,HER,HAS_EFFECT,EFF_01343,理气活血,EFF,2
HER_01877,桃仁,HER,HAS_EFFECT,EFF_01343,理气活血,EFF,2
HER_01866,川芎,HER,HAS_EFFECT,EFF_01343,理气活血,EFF,2
HER_01907,熟地黄,HER,HAS_EFFECT,EFF_01309,养血调经,EFF,2
HER_02112,紫河,HER,HAS_EFFECT,EFF_01256,补肾,EFF,2
PRE_02499,参苓白术散,PRE,CONTAINS,HER_01856,当归,HER,2
PRE_02485,逍遥散,PRE,CONTAINS,HER_02000,紫菀,HER,2
PRE_02485,逍遥散,PRE,CONTAINS,HER_01910,牡蛎,HER,2
PRE_02485,逍遥散,PRE,CONTAINS,HER_02043,川贝,HER,2
PRE_02489,六味地黄丸,PRE,CONTAINS,HER_01882,桔梗,HER,2
PRE_02489,六味地黄丸,PRE,CONTAINS,HER_01914,贝母,HER,2
PRE_02479,补中益气汤,PRE,CONTAINS,HER_01878,知母,HER,2
PRE_02479,补中益气汤,PRE,CONTAINS,HER_01914,贝母,HER,3
PRE_02491,归脾汤,PRE,CONTAINS,HER_01878,知母,HER,2
PRE_02491,归脾汤,PRE,CONTAINS,HER_01882,桔梗,HER,2
PRE_02491,归脾汤,PRE,CONTAINS,HER_01914,贝母,HER,4
PRE_02491,归脾汤,PRE,CONTAINS,HER_01893,干姜,HER,2
HER_01859,柴胡,HER,HAS_EFFECT,EFF_01260,补气,EFF,3
HER_01918,砂仁,HER,HAS_EFFECT,EFF_01272,解郁,EFF,2
HER_01917,山栀,HER,HAS_EFFECT,EFF_01272,解郁,EFF,2
HER_02008,参芪,HER,HAS_EFFECT,EFF_01264,补血,EFF,2
PRE_02483,四物汤,PRE,CONTAINS,HER_02029,茯神,HER,2
PRE_02483,四物汤,PRE,CONTAINS,HER_01905,香附,HER,2
PRE_02488,八珍汤,PRE,CONTAINS,HER_01864,陈皮,HER,2
PRE_02481,六君子汤,PRE,CONTAINS,HER_01856,当归,HER,5
HER_02103,三七,HER,HAS_EFFECT,EFF_01257,活血化瘀,EFF,2
HER_02103,三七,HER,HAS_EFFECT,EFF_01261,止血,EFF,3
HER_01938,菟丝子,HER,HAS_EFFECT,EFF_01261,止血,EFF,2
HER_02068,龟甲,HER,HAS_EFFECT,EFF_01256,补肾,EFF,2
PRE_02619,当归补血汤,PRE,CONTAINS,HER_01857,白术,HER,2
PRE_02619,当归补血汤,PRE,CONTAINS,HER_01862,黄芪,HER,2
PRE_02619,当归补血汤,PRE,CONTAINS,HER_01884,山药,HER,2
PRE_02619,当归补血汤,PRE,CONTAINS,HER_01856,当归,HER,2
HER_02237,三七根,HER,HAS_EFFECT,EFF_01264,补血,EFF,2
HER_02237,三七根,HER,HAS_EFFECT,EFF_01261,止血,EFF,2
HER_02103,三七,HER,HAS_EFFECT,EFF_01264,补血,EFF,2
PRE_02488,八珍汤,PRE,CONTAINS,HER_01998,炮姜,HER,3
PRE_02672,生化汤,PRE,CONTAINS,HER_01877,桃仁,HER,2
PRE_02672,生化汤,PRE,CONTAINS,HER_01866,川芎,HER,2
PRE_02672,生化汤,PRE,CONTAINS,HER_01854,甘草,HER,2
PRE_02672,生化汤,PRE,CONTAINS,HER_01855,茯苓,HER,2
PRE_02672,生化汤,PRE,CONTAINS,HER_01856,当归,HER,2
PRE_02672,生化汤,PRE,CONTAINS,HER_01893,干姜,HER,2
PRE_02672,生化汤,PRE,CONTAINS,HER_02008,参芪,HER,2
HER_01903,五味子,HER,RELIEVES,SYM_03557,汗多,SYM,3
HER_01952,姜汁,HER,RELIEVES,SYM_03682,有痰,SYM,3
HER_01877,桃仁,HER,RELIEVES,SYM_03410,口渴,SYM,2
HER_01863,人参,HER,RELIEVES,SYM_03557,汗多,SYM,4
HER_01862,黄芪,HER,RELIEVES,SYM_03557,汗多,SYM,5
HER_01862,黄芪,HER,RELIEVES,SYM_03682,有痰,SYM,2
HER_01854,甘草,HER,RELIEVES,SYM_03557,汗多,SYM,5
HER_01855,茯苓,HER,RELIEVES,SYM_03557,汗多,SYM,5
HER_01912,肉桂,HER,RELIEVES,SYM_03557,汗多,SYM,2
HER_01867,麦冬,HER,RELIEVES,SYM_03557,汗多,SYM,2
PRE_02485,逍遥散,PRE,CONTAINS,HER_01917,山栀,HER,4
PRE_02491,归脾汤,PRE,CONTAINS,HER_01917,山栀,HER,2
PRE_02485,逍遥散,PRE,CONTAINS,HER_01858,黄芩,HER,2
PRE_02512,地黄丸,PRE,CONTAINS,HER_01907,熟地黄,HER,2
PRE_02512,地黄丸,PRE,CONTAINS,HER_01884,山药,HER,2
PRE_02512,地黄丸,PRE,CONTAINS,HER_01919,山茱萸,HER,2
PRE_02512,地黄丸,PRE,CONTAINS,HER_01925,枸杞子,HER,2
PRE_02565,通窍活血汤,PRE,CONTAINS,HER_02120,麝香,HER,2
PRE_02565,通窍活血汤,PRE,CONTAINS,HER_01898,生姜,HER,2
PRE_02601,羚角钩藤汤,PRE,CONTAINS,HER_01892,地黄,HER,3
PRE_02488,八珍汤,PRE,CONTAINS,HER_01863,人参,HER,4
HER_01857,白术,HER,HAS_EFFECT,EFF_01279,疏肝解郁,EFF,2
PRE_02547,萆渗湿汤,PRE,CONTAINS,HER_01862,黄芪,HER,2
HER_01882,桔梗,HER,RELIEVES,SYM_03421,咳嗽,SYM,2
HER_02021,鸡血藤,HER,HAS_EFFECT,EFF_01255,益气,EFF,2
PRE_02514,凉膈散,PRE,CONTAINS,HER_01961,淡竹叶,HER,2
HER_01892,地黄,HER,HAS_EFFECT,EFF_01281,清肝泻火,EFF,2
HER_01857,白术,HER,HAS_EFFECT,EFF_01396,固涩止泻,EFF,2
HER_01950,吴茱萸,HER,HAS_EFFECT,EFF_01396,固涩止泻,EFF,2
HER_01979,豆蔻,HER,HAS_EFFECT,EFF_01396,固涩止泻,EFF,2
PRE_02485,逍遥散,PRE,CONTAINS,HER_01895,丹皮,HER,2
PRE_02483,四物汤,PRE,CONTAINS,HER_01861,黄连,HER,3
PRE_02483,四物汤,PRE,CONTAINS,HER_02063,芩连,HER,2
PRE_02483,四物汤,PRE,CONTAINS,HER_01858,黄芩,HER,4
HER_01967,益母草,HER,HAS_EFFECT,EFF_01258,清热解毒,EFF,3
PRE_02740,温土毓麟汤,PRE,CONTAINS,HER_01857,白术,HER,2
PRE_02740,温土毓麟汤,PRE,CONTAINS,HER_02025,巴戟,HER,2
PRE_02740,温土毓麟汤,PRE,CONTAINS,HER_01884,山药,HER,2
PRE_02740,温土毓麟汤,PRE,CONTAINS,HER_02087,覆盆子,HER,2
HER_01884,山药,HER,HAS_EFFECT,EFF_01449,补益脾肾,EFF,2
HER_01866,川芎,HER,HAS_EFFECT,EFF_01304,益气活血,EFF,2
PRE_02481,六君子汤,PRE,CONTAINS,HER_01882,桔梗,HER,2
PRE_02481,六君子汤,PRE,CONTAINS,HER_01940,紫苏,HER,4
PRE_02481,六君子汤,PRE,CONTAINS,HER_01917,山栀,HER,5
PRE_02489,六味地黄丸,PRE,CONTAINS,HER_01892,地黄,HER,3
HER_01892,地黄,HER,HAS_EFFECT,EFF_01256,补肾,EFF,3
PRE_02483,四物汤,PRE,CONTAINS,HER_01867,麦冬,HER,3
PRE_02479,补中益气汤,PRE,CONTAINS,HER_01940,紫苏,HER,2
PRE_02479,补中益气汤,PRE,CONTAINS,HER_01917,山栀,HER,3
PRE_02479,补中益气汤,PRE,CONTAINS,HER_01874,枳壳,HER,3
PRE_02479,补中益气汤,PRE,CONTAINS,HER_01858,黄芩,HER,2
PRE_02481,六君子汤,PRE,CONTAINS,HER_02004,蔓荆子,HER,2
PRE_02482,二陈汤,PRE,CONTAINS,HER_02004,蔓荆子,HER,2
PRE_02481,六君子汤,PRE,CONTAINS,HER_01894,木香,HER,3
PRE_02481,六君子汤,PRE,CONTAINS,HER_01998,炮姜,HER,2
HER_01857,白术,HER,RELIEVES,SYM_03407,发热,SYM,2
HER_01918,砂仁,HER,RELIEVES,SYM_03407,发热,SYM,2
HER_01874,枳壳,HER,RELIEVES,SYM_03407,发热,SYM,2
PRE_02488,八珍汤,PRE,CONTAINS,HER_02118,首乌,HER,2
HER_02118,首乌,HER,HAS_EFFECT,EFF_01260,补气,EFF,2
HER_02068,龟甲,HER,HAS_EFFECT,EFF_01347,育阴潜阳,EFF,2
PRE_02495,四君子汤,PRE,CONTAINS,HER_01940,紫苏,HER,2
PRE_02491,归脾汤,PRE,CONTAINS,HER_01872,栀子,HER,2
PRE_02491,归脾汤,PRE,CONTAINS,HER_01859,柴胡,HER,2
PRE_02701,参苏饮,PRE,CONTAINS,HER_01854,甘草,HER,2
PRE_02701,参苏饮,PRE,CONTAINS,HER_01882,桔梗,HER,2
PRE_02701,参苏饮,PRE,CONTAINS,HER_02022,前胡,HER,2
PRE_02701,参苏饮,PRE,CONTAINS,HER_01874,枳壳,HER,2
PRE_02701,参苏饮,PRE,CONTAINS,HER_01864,陈皮,HER,2
HER_01866,川芎,HER,HAS_EFFECT,EFF_01395,和营退热,EFF,2
HER_01854,甘草,HER,HAS_EFFECT,EFF_01395,和营退热,EFF,2
HER_01856,当归,HER,HAS_EFFECT,EFF_01395,和营退热,EFF,2
CAU_00089,脉微欲绝,CAU,CAUSES,SYM_03408,舌红,SYM,2
CAU_00089,脉微欲绝,CAU,CAUSES,SYM_03557,汗多,SYM,2
CAU_00082,四肢厥冷,CAU,CAUSES,SYM_03408,舌红,SYM,2
PRE_02652,参附汤,PRE,CONTAINS,HER_01885,牡丹皮,HER,2
PRE_02652,参附汤,PRE,CONTAINS,HER_01871,赤芍,HER,2
PRE_02652,参附汤,PRE,CONTAINS,HER_01869,大黄,HER,2
PRE_02508,安宫牛黄丸,PRE,CONTAINS,HER_01926,菊花,HER,2
PRE_02508,安宫牛黄丸,PRE,CONTAINS,HER_01933,蒲公英,HER,2
HER_01926,菊花,HER,HAS_EFFECT,EFF_01263,开窍,EFF,2
HER_01967,益母草,HER,HAS_EFFECT,EFF_01314,回阳救逆,EFF,2
HER_01933,蒲公英,HER,HAS_EFFECT,EFF_01263,开窍,EFF,2
HER_01913,沙参,HER,RELIEVES,SYM_03429,腹胀,SYM,3
HER_01863,人参,HER,RELIEVES,SYM_03429,腹胀,SYM,4
HER_01865,连翘,HER,RELIEVES,SYM_03614,高热不退,SYM,2
HER_01881,石膏,HER,RELIEVES,SYM_03614,高热不退,SYM,2
HER_01904,金银花,HER,RELIEVES,SYM_03614,高热不退,SYM,2
HER_01869,大黄,HER,RELIEVES,SYM_03614,高热不退,SYM,2
HER_01927,石斛,HER,RELIEVES,SYM_03429,腹胀,SYM,2
HER_01927,石斛,HER,RELIEVES,SYM_03460,面色苍白,SYM,2
PRE_02553,甘麦大枣汤,PRE,CONTAINS,HER_01854,甘草,HER,2
PRE_02553,甘麦大枣汤,PRE,CONTAINS,HER_01946,大枣,HER,2
HER_01857,白术,HER,HAS_EFFECT,EFF_01374,调补冲任,EFF,2
HER_01938,菟丝子,HER,HAS_EFFECT,EFF_01374,调补冲任,EFF,2
HER_01863,人参,HER,HAS_EFFECT,EFF_01374,调补冲任,EFF,2
HER_01983,杜仲,HER,HAS_EFFECT,EFF_01374,调补冲任,EFF,2
HER_01907,熟地黄,HER,HAS_EFFECT,EFF_01374,调补冲任,EFF,2
HER_01860,白芍,HER,HAS_EFFECT,EFF_01374,调补冲任,EFF,2
HER_01856,当归,HER,HAS_EFFECT,EFF_01374,调补冲任,EFF,2
PRE_02483,四物汤,PRE,CONTAINS,HER_02155,桂附,HER,2
HER_01932,神曲,HER,RELIEVES,SYM_03429,腹胀,SYM,6
HER_01983,杜仲,HER,RELIEVES,SYM_03429,腹胀,SYM,2
HER_01912,肉桂,HER,RELIEVES,SYM_03429,腹胀,SYM,2
PRE_02511,知柏地黄丸,PRE,CONTAINS,HER_01975,麦芽,HER,2
HER_02059,火麻仁,HER,HAS_EFFECT,EFF_01274,滋阴降火,EFF,2
HER_01935,乌梅,HER,HAS_EFFECT,EFF_01274,滋阴降火,EFF,2
HER_02059,火麻仁,HER,RELIEVES,SYM_03436,便秘,SYM,2
HER_01975,麦芽,HER,RELIEVES,SYM_03436,便秘,SYM,2
HER_01889,黄柏,HER,RELIEVES,SYM_03436,便秘,SYM,2
PRE_02931,清热泻脾散,PRE,CONTAINS,HER_01872,栀子,HER,2
PRE_02931,清热泻脾散,PRE,CONTAINS,HER_02209,灯心草,HER,2
PRE_02931,清热泻脾散,PRE,CONTAINS,HER_01881,石膏,HER,2
PRE_02931,清热泻脾散,PRE,CONTAINS,HER_01861,黄连,HER,2
PRE_02931,清热泻脾散,PRE,CONTAINS,HER_01858,黄芩,HER,2
PRE_02931,清热泻脾散,PRE,CONTAINS,HER_01892,地黄,HER,2
HER_01892,地黄,HER,RELIEVES,SYM_03444,大便秘结,SYM,3
PRE_02956,甘露消毒丹,PRE,CONTAINS,HER_01976,茵陈,HER,2
PRE_02956,甘露消毒丹,PRE,CONTAINS,HER_01914,贝母,HER,2
PRE_02956,甘露消毒丹,PRE,CONTAINS,HER_01890,薄荷,HER,2
PRE_02956,甘露消毒丹,PRE,CONTAINS,HER_01865,连翘,HER,2
PRE_02956,甘露消毒丹,PRE,CONTAINS,HER_01995,射干,HER,2
PRE_02956,甘露消毒丹,PRE,CONTAINS,HER_01902,车前子,HER,2
PRE_02956,甘露消毒丹,PRE,CONTAINS,HER_01858,黄芩,HER,2
PRE_02956,甘露消毒丹,PRE,CONTAINS,HER_01906,滑石,HER,2
PRE_02480,苍术,PRE,TREATS,SYM_03436,便秘,SYM,2
HER_02020,青黛,HER,RELIEVES,SYM_03436,便秘,SYM,2
HER_01961,淡竹叶,HER,RELIEVES,SYM_03436,便秘,SYM,2
HER_01872,栀子,HER,HAS_EFFECT,EFF_01337,清心泻火,EFF,2
HER_01861,黄连,HER,HAS_EFFECT,EFF_01337,清心泻火,EFF,2
HER_01961,淡竹叶,HER,HAS_EFFECT,EFF_01337,清心泻火,EFF,2
HER_01892,地黄,HER,HAS_EFFECT,EFF_01337,清心泻火,EFF,2
HER_01953,芦根,HER,RELIEVES,SYM_03410,口渴,SYM,3
HER_01961,淡竹叶,HER,RELIEVES,SYM_03410,口渴,SYM,2
HER_01892,地黄,HER,RELIEVES,SYM_03410,口渴,SYM,2
CAU_00023,烦躁,CAU,CAUSES,SYM_03635,腹胀满,SYM,2
PRE_02544,玄明粉,PRE,CONTAINS,HER_01939,山楂,HER,2
PRE_02544,玄明粉,PRE,CONTAINS,HER_01885,牡丹皮,HER,4
PRE_02544,玄明粉,PRE,CONTAINS,HER_01975,麦芽,HER,2
PRE_02544,玄明粉,PRE,CONTAINS,HER_01892,地黄,HER,3
PRE_02544,玄明粉,PRE,CONTAINS,HER_01937,天花粉,HER,2
PRE_02544,玄明粉,PRE,CONTAINS,HER_01960,广藿香,HER,3
PRE_02544,玄明粉,PRE,CONTAINS,HER_01881,石膏,HER,5
PRE_02544,玄明粉,PRE,CONTAINS,HER_01961,淡竹叶,HER,2
PRE_02544,玄明粉,PRE,TREATS,SYM_03635,腹胀满,SYM,2
HER_01885,牡丹皮,HER,RELIEVES,SYM_03635,腹胀满,SYM,2
HER_01904,金银花,HER,RELIEVES,SYM_03635,腹胀满,SYM,2
HER_01904,金银花,HER,RELIEVES,SYM_03464,小便短赤,SYM,2
HER_01904,金银花,HER,RELIEVES,SYM_03583,舌苔厚腻,SYM,2
HER_01858,黄芩,HER,RELIEVES,SYM_03635,腹胀满,SYM,2
HER_01858,黄芩,HER,RELIEVES,SYM_03464,小便短赤,SYM,2
HER_01890,薄荷,HER,RELIEVES,SYM_03635,腹胀满,SYM,2
HER_01890,薄荷,HER,RELIEVES,SYM_03464,小便短赤,SYM,2
HER_01890,薄荷,HER,RELIEVES,SYM_03583,舌苔厚腻,SYM,2
HER_01865,连翘,HER,RELIEVES,SYM_03635,腹胀满,SYM,2
HER_01865,连翘,HER,RELIEVES,SYM_03464,小便短赤,SYM,2
HER_01865,连翘,HER,RELIEVES,SYM_03583,舌苔厚腻,SYM,2
HER_01854,甘草,HER,RELIEVES,SYM_03464,小便短赤,SYM,2
HER_01869,大黄,HER,RELIEVES,SYM_03583,舌苔厚腻,SYM,2
HER_01906,滑石,HER,RELIEVES,SYM_03464,小便短赤,SYM,2
HER_01892,地黄,HER,RELIEVES,SYM_03635,腹胀满,SYM,2
HER_01960,广藿香,HER,RELIEVES,SYM_03464,小便短赤,SYM,2
HER_01881,石膏,HER,RELIEVES,SYM_03635,腹胀满,SYM,2
HER_01881,石膏,HER,RELIEVES,SYM_03464,小便短赤,SYM,2
HER_01933,蒲公英,HER,RELIEVES,SYM_03583,舌苔厚腻,SYM,2
HER_01961,淡竹叶,HER,RELIEVES,SYM_03635,腹胀满,SYM,2
HER_01961,淡竹叶,HER,RELIEVES,SYM_03464,小便短赤,SYM,2
CAU_00024,阳虚,CAU,CAUSES,SYM_03449,便溏,SYM,2
CAU_00012,阴虚,CAU,CAUSES,SYM_03438,盗汗,SYM,11
PRE_02489,六味地黄丸,PRE,CONTAINS,HER_01889,黄柏,HER,2
PRE_02489,六味地黄丸,PRE,CONTAINS,HER_01912,肉桂,HER,2
PRE_02486,理中汤,PRE,CONTAINS,HER_01857,白术,HER,2
PRE_02489,六味地黄丸,PRE,TREATS,SYM_03606,低热,SYM,2
HER_01912,肉桂,HER,HAS_EFFECT,EFF_01274,滋阴降火,EFF,2
HER_01896,玄参,HER,RELIEVES,SYM_03501,口疮,SYM,4
HER_01896,玄参,HER,RELIEVES,SYM_03606,低热,SYM,2
HER_01896,玄参,HER,RELIEVES,SYM_03438,盗汗,SYM,2
HER_01889,黄柏,HER,RELIEVES,SYM_03501,口疮,SYM,4
HER_01899,苡仁,HER,RELIEVES,SYM_03501,口疮,SYM,2
HER_01885,牡丹皮,HER,RELIEVES,SYM_03647,口舌生疮,SYM,2
HER_01885,牡丹皮,HER,RELIEVES,SYM_03501,口疮,SYM,2
HER_01885,牡丹皮,HER,RELIEVES,SYM_03444,大便秘结,SYM,2
HER_01912,肉桂,HER,RELIEVES,SYM_03501,口疮,SYM,2
HER_01912,肉桂,HER,RELIEVES,SYM_03444,大便秘结,SYM,2
HER_02059,火麻仁,HER,RELIEVES,SYM_03444,大便秘结,SYM,4
HER_01935,乌梅,HER,RELIEVES,SYM_03449,便溏,SYM,2
HER_01879,党参,HER,RELIEVES,SYM_03444,大便秘结,SYM,3
HER_01867,麦冬,HER,RELIEVES,SYM_03647,口舌生疮,SYM,2
PRE_02517,银翘散,PRE,CONTAINS,HER_02067,马勃,HER,2
HER_01890,薄荷,HER,HAS_EFFECT,EFF_01300,泻火解毒,EFF,2
HER_01859,柴胡,HER,HAS_EFFECT,EFF_01300,泻火解毒,EFF,2
HER_01906,滑石,HER,HAS_EFFECT,EFF_01300,泻火解毒,EFF,2
HER_01960,广藿香,HER,HAS_EFFECT,EFF_01300,泻火解毒,EFF,2
HER_01961,淡竹叶,HER,HAS_EFFECT,EFF_01300,泻火解毒,EFF,2
HER_02067,马勃,HER,HAS_EFFECT,EFF_01253,清热,EFF,3
HER_01882,桔梗,HER,RELIEVES,SYM_03864,苔厚腻,SYM,2
HER_01854,甘草,HER,RELIEVES,SYM_03864,苔厚腻,SYM,2
HER_01960,广藿香,HER,RELIEVES,SYM_03864,苔厚腻,SYM,2
PRE_02583,三解散,PRE,CONTAINS,HER_02167,姜枣,HER,2
PRE_02583,三解散,PRE,CONTAINS,HER_02048,牛蒡,HER,2
PRE_02583,三解散,PRE,CONTAINS,HER_01856,当归,HER,2
PRE_02583,三解散,PRE,CONTAINS,HER_01892,地黄,HER,2
PRE_02534,百解散,PRE,CONTAINS,HER_02167,姜枣,HER,2
PRE_02534,百解散,PRE,CONTAINS,HER_02048,牛蒡,HER,2
PRE_02534,百解散,PRE,CONTAINS,HER_01856,当归,HER,2
PRE_02534,百解散,PRE,CONTAINS,HER_01892,地黄,HER,2
PRE_02527,异功散,PRE,CONTAINS,HER_02006,五味,HER,3
PRE_02814,会厌逐瘀汤,PRE,CONTAINS,HER_01896,玄参,HER,2
PRE_02814,会厌逐瘀汤,PRE,CONTAINS,HER_01902,车前子,HER,2
PRE_02814,会厌逐瘀汤,PRE,CONTAINS,HER_01871,赤芍,HER,2
PRE_02814,会厌逐瘀汤,PRE,CONTAINS,HER_01858,黄芩,HER,2
PRE_02814,会厌逐瘀汤,PRE,CONTAINS,HER_01915,法半夏,HER,2
PRE_02814,会厌逐瘀汤,PRE,CONTAINS,HER_01973,莪术,HER,2
PRE_02814,会厌逐瘀汤,PRE,CONTAINS,HER_01877,桃仁,HER,2
PRE_02814,会厌逐瘀汤,PRE,CONTAINS,HER_01882,桔梗,HER,2
PRE_02814,会厌逐瘀汤,PRE,CONTAINS,HER_01854,甘草,HER,2
PRE_02814,会厌逐瘀汤,PRE,CONTAINS,HER_01855,茯苓,HER,2
PRE_02814,会厌逐瘀汤,PRE,CONTAINS,HER_01898,生姜,HER,2
PRE_02814,会厌逐瘀汤,PRE,CONTAINS,HER_01897,红花,HER,2
PRE_02814,会厌逐瘀汤,PRE,CONTAINS,HER_01859,柴胡,HER,2
PRE_02814,会厌逐瘀汤,PRE,CONTAINS,HER_01874,枳壳,HER,2
PRE_02814,会厌逐瘀汤,PRE,CONTAINS,HER_01856,当归,HER,2
PRE_02814,会厌逐瘀汤,PRE,CONTAINS,HER_01864,陈皮,HER,2
PRE_02814,会厌逐瘀汤,PRE,CONTAINS,HER_01892,地黄,HER,2
PRE_02814,会厌逐瘀汤,PRE,CONTAINS,HER_01933,蒲公英,HER,2
PRE_02814,会厌逐瘀汤,PRE,CONTAINS,HER_02094,昆布,HER,2
PRE_02482,二陈汤,PRE,CONTAINS,HER_01896,玄参,HER,2
PRE_02482,二陈汤,PRE,CONTAINS,HER_01902,车前子,HER,2
PRE_02482,二陈汤,PRE,CONTAINS,HER_01973,莪术,HER,2
PRE_02482,二陈汤,PRE,CONTAINS,HER_01933,蒲公英,HER,2
PRE_02482,二陈汤,PRE,CONTAINS,HER_02094,昆布,HER,2
HER_01896,玄参,HER,HAS_EFFECT,EFF_01330,利咽散结,EFF,4
HER_01854,甘草,HER,HAS_EFFECT,EFF_01330,利咽散结,EFF,4
HER_01855,茯苓,HER,HAS_EFFECT,EFF_01330,利咽散结,EFF,4
HER_01892,地黄,HER,HAS_EFFECT,EFF_01274,滋阴降火,EFF,2
HER_01892,地黄,HER,HAS_EFFECT,EFF_01330,利咽散结,EFF,2
HER_01884,山药,HER,HAS_EFFECT,EFF_01330,利咽散结,EFF,3
HER_01933,蒲公英,HER,HAS_EFFECT,EFF_01330,利咽散结,EFF,2
PRE_02516,玉屏风散,PRE,CONTAINS,HER_01896,玄参,HER,2
PRE_02516,玉屏风散,PRE,CONTAINS,HER_01858,黄芩,HER,2
PRE_02516,玉屏风散,PRE,CONTAINS,HER_02115,谷芽,HER,2
PRE_02516,玉屏风散,PRE,CONTAINS,HER_02091,南星,HER,2
PRE_02516,玉屏风散,PRE,CONTAINS,HER_02027,白扁豆,HER,2
PRE_02516,玉屏风散,PRE,CONTAINS,HER_01882,桔梗,HER,2
PRE_02516,玉屏风散,PRE,CONTAINS,HER_02045,板蓝根,HER,2
PRE_02516,玉屏风散,PRE,CONTAINS,HER_02030,莲子,HER,2
PRE_02516,玉屏风散,PRE,CONTAINS,HER_02062,芡实,HER,2
PRE_02516,玉屏风散,PRE,CONTAINS,HER_01989,鸡内金,HER,2
PRE_02516,玉屏风散,PRE,CONTAINS,HER_01944,龙骨,HER,2
PRE_02499,参苓白术散,PRE,CONTAINS,HER_01939,山楂,HER,2
PRE_02499,参苓白术散,PRE,CONTAINS,HER_01896,玄参,HER,2
PRE_02499,参苓白术散,PRE,CONTAINS,HER_01862,黄芪,HER,3
PRE_02499,参苓白术散,PRE,CONTAINS,HER_01858,黄芩,HER,2
PRE_02499,参苓白术散,PRE,CONTAINS,HER_01915,法半夏,HER,2
PRE_02499,参苓白术散,PRE,CONTAINS,HER_02115,谷芽,HER,2
PRE_02499,参苓白术散,PRE,CONTAINS,HER_02091,南星,HER,2
PRE_02499,参苓白术散,PRE,CONTAINS,HER_02045,板蓝根,HER,2
PRE_02499,参苓白术散,PRE,CONTAINS,HER_01879,党参,HER,3
PRE_02499,参苓白术散,PRE,CONTAINS,HER_01864,陈皮,HER,2
PRE_02499,参苓白术散,PRE,CONTAINS,HER_01900,防风,HER,3
PRE_02499,参苓白术散,PRE,CONTAINS,HER_02047,浮小麦,HER,2
PRE_02499,参苓白术散,PRE,CONTAINS,HER_01989,鸡内金,HER,2
PRE_02499,参苓白术散,PRE,CONTAINS,HER_01944,龙骨,HER,2
PRE_02516,玉屏风散,PRE,TREATS,SYM_03557,汗多,SYM,2
PRE_02516,玉屏风散,PRE,TREATS,SYM_03449,便溏,SYM,2
PRE_02499,参苓白术散,PRE,TREATS,SYM_03557,汗多,SYM,2
PRE_02499,参苓白术散,PRE,TREATS,SYM_03449,便溏,SYM,3
HER_01939,山楂,HER,HAS_EFFECT,EFF_01330,利咽散结,EFF,2
HER_01939,山楂,HER,HAS_EFFECT,EFF_01268,补肺,EFF,2
HER_01896,玄参,HER,HAS_EFFECT,EFF_01268,补肺,EFF,2
HER_01896,玄参,HER,HAS_EFFECT,EFF_01254,健脾,EFF,3
HER_01862,黄芪,HER,HAS_EFFECT,EFF_01330,利咽散结,EFF,2
HER_01899,苡仁,HER,HAS_EFFECT,EFF_01330,利咽散结,EFF,2
HER_01899,苡仁,HER,HAS_EFFECT,EFF_01268,补肺,EFF,2
HER_01858,黄芩,HER,HAS_EFFECT,EFF_01330,利咽散结,EFF,3
HER_01915,法半夏,HER,HAS_EFFECT,EFF_01330,利咽散结,EFF,3
HER_01915,法半夏,HER,HAS_EFFECT,EFF_01268,补肺,EFF,2
HER_02115,谷芽,HER,HAS_EFFECT,EFF_01330,利咽散结,EFF,2
HER_02115,谷芽,HER,HAS_EFFECT,EFF_01268,补肺,EFF,2
HER_02091,南星,HER,HAS_EFFECT,EFF_01330,利咽散结,EFF,2
HER_02091,南星,HER,HAS_EFFECT,EFF_01268,补肺,EFF,2
HER_02091,南星,HER,HAS_EFFECT,EFF_01254,健脾,EFF,4
HER_01857,白术,HER,HAS_EFFECT,EFF_01330,利咽散结,EFF,2
HER_02027,白扁豆,HER,HAS_EFFECT,EFF_01330,利咽散结,EFF,2
HER_02027,白扁豆,HER,HAS_EFFECT,EFF_01268,补肺,EFF,2
HER_01882,桔梗,HER,HAS_EFFECT,EFF_01330,利咽散结,EFF,3
HER_02045,板蓝根,HER,HAS_EFFECT,EFF_01330,利咽散结,EFF,2
HER_02045,板蓝根,HER,HAS_EFFECT,EFF_01268,补肺,EFF,2
HER_02045,板蓝根,HER,HAS_EFFECT,EFF_01254,健脾,EFF,2
HER_02030,莲子,HER,HAS_EFFECT,EFF_01330,利咽散结,EFF,2
HER_02030,莲子,HER,HAS_EFFECT,EFF_01268,补肺,EFF,2
HER_02062,芡实,HER,HAS_EFFECT,EFF_01330,利咽散结,EFF,2
HER_02062,芡实,HER,HAS_EFFECT,EFF_01268,补肺,EFF,2
HER_02062,芡实,HER,HAS_EFFECT,EFF_01254,健脾,EFF,2
HER_01879,党参,HER,HAS_EFFECT,EFF_01330,利咽散结,EFF,2
HER_01864,陈皮,HER,HAS_EFFECT,EFF_01330,利咽散结,EFF,3
HER_01900,防风,HER,HAS_EFFECT,EFF_01330,利咽散结,EFF,2
HER_02047,浮小麦,HER,HAS_EFFECT,EFF_01330,利咽散结,EFF,2
HER_02047,浮小麦,HER,HAS_EFFECT,EFF_01268,补肺,EFF,2
HER_02047,浮小麦,HER,HAS_EFFECT,EFF_01254,健脾,EFF,2
HER_01884,山药,HER,HAS_EFFECT,EFF_01268,补肺,EFF,3
HER_01989,鸡内金,HER,HAS_EFFECT,EFF_01330,利咽散结,EFF,2
HER_01989,鸡内金,HER,HAS_EFFECT,EFF_01268,补肺,EFF,2
HER_01989,鸡内金,HER,HAS_EFFECT,EFF_01254,健脾,EFF,4
HER_01944,龙骨,HER,HAS_EFFECT,EFF_01330,利咽散结,EFF,2
HER_01944,龙骨,HER,HAS_EFFECT,EFF_01268,补肺,EFF,3
HER_01944,龙骨,HER,HAS_EFFECT,EFF_01254,健脾,EFF,3
HER_01939,山楂,HER,RELIEVES,SYM_03557,汗多,SYM,2
HER_01939,山楂,HER,RELIEVES,SYM_03449,便溏,SYM,3
HER_01899,苡仁,HER,RELIEVES,SYM_03557,汗多,SYM,2
HER_01858,黄芩,HER,RELIEVES,SYM_03557,汗多,SYM,2
HER_01915,法半夏,HER,RELIEVES,SYM_03557,汗多,SYM,2
HER_02115,谷芽,HER,RELIEVES,SYM_03557,汗多,SYM,2
HER_02115,谷芽,HER,RELIEVES,SYM_03449,便溏,SYM,3
HER_02091,南星,HER,RELIEVES,SYM_03557,汗多,SYM,2
HER_02091,南星,HER,RELIEVES,SYM_03449,便溏,SYM,2
HER_01857,白术,HER,RELIEVES,SYM_03557,汗多,SYM,4
HER_02027,白扁豆,HER,RELIEVES,SYM_03557,汗多,SYM,2
HER_01882,桔梗,HER,RELIEVES,SYM_03557,汗多,SYM,2
HER_01882,桔梗,HER,RELIEVES,SYM_03449,便溏,SYM,2
HER_02045,板蓝根,HER,RELIEVES,SYM_03557,汗多,SYM,2
HER_02045,板蓝根,HER,RELIEVES,SYM_03449,便溏,SYM,2
HER_02030,莲子,HER,RELIEVES,SYM_03557,汗多,SYM,2
HER_02030,莲子,HER,RELIEVES,SYM_03449,便溏,SYM,2
HER_02062,芡实,HER,RELIEVES,SYM_03557,汗多,SYM,2
HER_02062,芡实,HER,RELIEVES,SYM_03449,便溏,SYM,2
HER_01879,党参,HER,RELIEVES,SYM_03557,汗多,SYM,3
HER_01864,陈皮,HER,RELIEVES,SYM_03557,汗多,SYM,2
HER_01900,防风,HER,RELIEVES,SYM_03557,汗多,SYM,2
HER_02047,浮小麦,HER,RELIEVES,SYM_03557,汗多,SYM,2
HER_02047,浮小麦,HER,RELIEVES,SYM_03449,便溏,SYM,2
HER_01884,山药,HER,RELIEVES,SYM_03557,汗多,SYM,4
HER_01989,鸡内金,HER,RELIEVES,SYM_03557,汗多,SYM,2
HER_01989,鸡内金,HER,RELIEVES,SYM_03449,便溏,SYM,3
HER_01944,龙骨,HER,RELIEVES,SYM_03557,汗多,SYM,4
HER_01944,龙骨,HER,RELIEVES,SYM_03449,便溏,SYM,2
PRE_02542,清咽利膈汤,PRE,CONTAINS,HER_01958,牛蒡子,HER,2
PRE_02542,清咽利膈汤,PRE,CONTAINS,HER_01896,玄参,HER,2
PRE_02542,清咽利膈汤,PRE,CONTAINS,HER_01953,芦根,HER,2
PRE_02542,清咽利膈汤,PRE,CONTAINS,HER_01889,黄柏,HER,2
PRE_02542,清咽利膈汤,PRE,CONTAINS,HER_01904,金银花,HER,2
PRE_02542,清咽利膈汤,PRE,CONTAINS,HER_01858,黄芩,HER,2
PRE_02542,清咽利膈汤,PRE,CONTAINS,HER_01966,皂角,HER,2
PRE_02542,清咽利膈汤,PRE,CONTAINS,HER_01890,薄荷,HER,2
PRE_02542,清咽利膈汤,PRE,CONTAINS,HER_01865,连翘,HER,2
PRE_02542,清咽利膈汤,PRE,CONTAINS,HER_01854,甘草,HER,2
PRE_02542,清咽利膈汤,PRE,CONTAINS,HER_01882,桔梗,HER,2
PRE_02542,清咽利膈汤,PRE,CONTAINS,HER_02151,山豆根,HER,2
PRE_02542,清咽利膈汤,PRE,CONTAINS,HER_01872,栀子,HER,2
PRE_02542,清咽利膈汤,PRE,CONTAINS,HER_01995,射干,HER,3
PRE_02542,清咽利膈汤,PRE,CONTAINS,HER_01861,黄连,HER,2
PRE_02542,清咽利膈汤,PRE,CONTAINS,HER_01869,大黄,HER,2
PRE_02542,清咽利膈汤,PRE,CONTAINS,HER_01937,天花粉,HER,2
PRE_02542,清咽利膈汤,PRE,CONTAINS,HER_01987,胆南星,HER,2
PRE_02542,清咽利膈汤,PRE,CONTAINS,HER_01881,石膏,HER,2
PRE_02542,清咽利膈汤,PRE,CONTAINS,HER_02067,马勃,HER,4
PRE_02542,清咽利膈汤,PRE,TREATS,SYM_03501,口疮,SYM,2
PRE_02542,清咽利膈汤,PRE,TREATS,SYM_04596,喉核表面有脓,SYM,2
HER_01958,牛蒡子,HER,HAS_EFFECT,EFF_01414,清泻肺胃,EFF,2
HER_01896,玄参,HER,HAS_EFFECT,EFF_01311,利咽消肿,EFF,4
HER_01896,玄参,HER,HAS_EFFECT,EFF_01414,清泻肺胃,EFF,2
HER_01953,芦根,HER,HAS_EFFECT,EFF_01311,利咽消肿,EFF,2
HER_01953,芦根,HER,HAS_EFFECT,EFF_01414,清泻肺胃,EFF,2
HER_01889,黄柏,HER,HAS_EFFECT,EFF_01311,利咽消肿,EFF,3
HER_01889,黄柏,HER,HAS_EFFECT,EFF_01414,清泻肺胃,EFF,2
HER_01904,金银花,HER,HAS_EFFECT,EFF_01311,利咽消肿,EFF,4
HER_01904,金银花,HER,HAS_EFFECT,EFF_01414,清泻肺胃,EFF,2
HER_01858,黄芩,HER,HAS_EFFECT,EFF_01311,利咽消肿,EFF,3
HER_01858,黄芩,HER,HAS_EFFECT,EFF_01414,清泻肺胃,EFF,2
HER_01966,皂角,HER,HAS_EFFECT,EFF_01311,利咽消肿,EFF,2
HER_01966,皂角,HER,HAS_EFFECT,EFF_01414,清泻肺胃,EFF,2
HER_01890,薄荷,HER,HAS_EFFECT,EFF_01311,利咽消肿,EFF,3
HER_01890,薄荷,HER,HAS_EFFECT,EFF_01414,清泻肺胃,EFF,2
HER_01865,连翘,HER,HAS_EFFECT,EFF_01311,利咽消肿,EFF,3
HER_01865,连翘,HER,HAS_EFFECT,EFF_01414,清泻肺胃,EFF,2
HER_01854,甘草,HER,HAS_EFFECT,EFF_01311,利咽消肿,EFF,3
HER_01854,甘草,HER,HAS_EFFECT,EFF_01414,清泻肺胃,EFF,2
HER_01882,桔梗,HER,HAS_EFFECT,EFF_01414,清泻肺胃,EFF,2
HER_02151,山豆根,HER,HAS_EFFECT,EFF_01311,利咽消肿,EFF,3
HER_02151,山豆根,HER,HAS_EFFECT,EFF_01414,清泻肺胃,EFF,2
HER_01872,栀子,HER,HAS_EFFECT,EFF_01311,利咽消肿,EFF,2
HER_01872,栀子,HER,HAS_EFFECT,EFF_01414,清泻肺胃,EFF,2
HER_01995,射干,HER,HAS_EFFECT,EFF_01414,清泻肺胃,EFF,2
HER_01861,黄连,HER,HAS_EFFECT,EFF_01311,利咽消肿,EFF,3
HER_01861,黄连,HER,HAS_EFFECT,EFF_01414,清泻肺胃,EFF,2
HER_01869,大黄,HER,HAS_EFFECT,EFF_01311,利咽消肿,EFF,3
HER_01869,大黄,HER,HAS_EFFECT,EFF_01414,清泻肺胃,EFF,2
HER_01937,天花粉,HER,HAS_EFFECT,EFF_01311,利咽消肿,EFF,2
HER_01937,天花粉,HER,HAS_EFFECT,EFF_01414,清泻肺胃,EFF,2
HER_01987,胆南星,HER,HAS_EFFECT,EFF_01311,利咽消肿,EFF,4
HER_01987,胆南星,HER,HAS_EFFECT,EFF_01414,清泻肺胃,EFF,2
HER_01881,石膏,HER,HAS_EFFECT,EFF_01311,利咽消肿,EFF,2
HER_01881,石膏,HER,HAS_EFFECT,EFF_01414,清泻肺胃,EFF,2
HER_01950,吴茱萸,HER,HAS_EFFECT,EFF_01311,利咽消肿,EFF,2
HER_02067,马勃,HER,HAS_EFFECT,EFF_01311,利咽消肿,EFF,3
HER_02067,马勃,HER,HAS_EFFECT,EFF_01414,清泻肺胃,EFF,2
HER_01958,牛蒡子,HER,RELIEVES,SYM_03501,口疮,SYM,3
HER_01958,牛蒡子,HER,RELIEVES,SYM_04596,喉核表面有脓,SYM,2
HER_01896,玄参,HER,RELIEVES,SYM_04596,喉核表面有脓,SYM,2
HER_01953,芦根,HER,RELIEVES,SYM_03501,口疮,SYM,2
HER_01953,芦根,HER,RELIEVES,SYM_04596,喉核表面有脓,SYM,2
HER_01889,黄柏,HER,RELIEVES,SYM_04596,喉核表面有脓,SYM,2
HER_01904,金银花,HER,RELIEVES,SYM_03501,口疮,SYM,3
HER_01904,金银花,HER,RELIEVES,SYM_04596,喉核表面有脓,SYM,2
HER_01858,黄芩,HER,RELIEVES,SYM_03501,口疮,SYM,3
HER_01858,黄芩,HER,RELIEVES,SYM_04596,喉核表面有脓,SYM,2
HER_01966,皂角,HER,RELIEVES,SYM_03501,口疮,SYM,2
HER_01966,皂角,HER,RELIEVES,SYM_04596,喉核表面有脓,SYM,2
HER_01890,薄荷,HER,RELIEVES,SYM_03501,口疮,SYM,3
HER_01890,薄荷,HER,RELIEVES,SYM_04596,喉核表面有脓,SYM,2
HER_01865,连翘,HER,RELIEVES,SYM_03501,口疮,SYM,3
HER_01865,连翘,HER,RELIEVES,SYM_04596,喉核表面有脓,SYM,2
HER_01854,甘草,HER,RELIEVES,SYM_03501,口疮,SYM,2
HER_01854,甘草,HER,RELIEVES,SYM_04596,喉核表面有脓,SYM,2
HER_01882,桔梗,HER,RELIEVES,SYM_03501,口疮,SYM,3
HER_01882,桔梗,HER,RELIEVES,SYM_04596,喉核表面有脓,SYM,2
HER_02151,山豆根,HER,RELIEVES,SYM_03501,口疮,SYM,3
HER_02151,山豆根,HER,RELIEVES,SYM_04596,喉核表面有脓,SYM,2
HER_01872,栀子,HER,RELIEVES,SYM_03501,口疮,SYM,2
HER_01872,栀子,HER,RELIEVES,SYM_04596,喉核表面有脓,SYM,2
HER_01995,射干,HER,RELIEVES,SYM_03501,口疮,SYM,3
HER_01995,射干,HER,RELIEVES,SYM_04596,喉核表面有脓,SYM,2
HER_01861,黄连,HER,RELIEVES,SYM_03501,口疮,SYM,3
HER_01861,黄连,HER,RELIEVES,SYM_04596,喉核表面有脓,SYM,2
HER_01869,大黄,HER,RELIEVES,SYM_03501,口疮,SYM,3
HER_01869,大黄,HER,RELIEVES,SYM_04596,喉核表面有脓,SYM,2
HER_01937,天花粉,HER,RELIEVES,SYM_03501,口疮,SYM,2
HER_01937,天花粉,HER,RELIEVES,SYM_04596,喉核表面有脓,SYM,2
HER_01987,胆南星,HER,RELIEVES,SYM_03501,口疮,SYM,3
HER_01987,胆南星,HER,RELIEVES,SYM_04596,喉核表面有脓,SYM,2
HER_01881,石膏,HER,RELIEVES,SYM_03501,口疮,SYM,2
HER_01881,石膏,HER,RELIEVES,SYM_04596,喉核表面有脓,SYM,2
HER_01950,吴茱萸,HER,RELIEVES,SYM_03501,口疮,SYM,2
HER_02067,马勃,HER,RELIEVES,SYM_03501,口疮,SYM,3
HER_02067,马勃,HER,RELIEVES,SYM_04596,喉核表面有脓,SYM,2
HER_02045,板蓝根,HER,HAS_EFFECT,EFF_01311,利咽消肿,EFF,2
HER_01914,贝母,HER,HAS_EFFECT,EFF_01311,利咽消肿,EFF,2
HER_02151,山豆根,HER,HAS_EFFECT,EFF_01253,清热,EFF,2
HER_01889,黄柏,HER,RELIEVES,SYM_03583,舌苔厚腻,SYM,2
HER_01890,薄荷,HER,RELIEVES,SYM_03407,发热,SYM,3
HER_02188,银翘,HER,RELIEVES,SYM_03407,发热,SYM,2
HER_02067,马勃,HER,RELIEVES,SYM_03407,发热,SYM,2
PRE_02490,六味汤,PRE,CONTAINS,HER_01972,苏叶,HER,14
PRE_02490,六味汤,PRE,CONTAINS,HER_01908,羌活,HER,10
PRE_02490,六味汤,PRE,CONTAINS,HER_01864,陈皮,HER,2
PRE_02490,六味汤,PRE,CONTAINS,HER_02208,海浮石,HER,2
PRE_02490,六味汤,PRE,CONTAINS,HER_01901,木,HER,8
PRE_02490,六味汤,PRE,CONTAINS,HER_01917,山栀,HER,7
PRE_02490,六味汤,PRE,CONTAINS,HER_01871,赤芍,HER,6
PRE_02490,六味汤,PRE,CONTAINS,HER_01858,黄芩,HER,8
PRE_02490,六味汤,PRE,CONTAINS,HER_01971,花粉,HER,7
PRE_02490,六味汤,PRE,CONTAINS,HER_01909,葛根,HER,8
PRE_02490,六味汤,PRE,CONTAINS,HER_01896,玄参,HER,4
PRE_02490,六味汤,PRE,CONTAINS,HER_02207,浮石,HER,2
PRE_02490,六味汤,PRE,CONTAINS,HER_01895,丹皮,HER,4
PRE_02490,六味汤,PRE,CONTAINS,HER_01883,生地,HER,4
PRE_02568,八仙散,PRE,CONTAINS,HER_01972,苏叶,HER,3
PRE_02568,八仙散,PRE,CONTAINS,HER_01909,葛根,HER,3
PRE_02568,八仙散,PRE,CONTAINS,HER_01896,玄参,HER,2
PRE_02568,八仙散,PRE,CONTAINS,HER_01901,木,HER,2
PRE_02568,八仙散,PRE,CONTAINS,HER_01917,山栀,HER,2
PRE_02568,八仙散,PRE,CONTAINS,HER_01858,黄芩,HER,3
PRE_02568,八仙散,PRE,CONTAINS,HER_01971,花粉,HER,3
PRE_02490,六味汤,PRE,CONTAINS,HER_02076,薄荷叶,HER,2
PRE_02490,六味汤,PRE,CONTAINS,HER_02048,牛蒡,HER,3
PRE_02490,六味汤,PRE,CONTAINS,HER_01854,甘草,HER,3
PRE_02490,六味汤,PRE,CONTAINS,HER_01882,桔梗,HER,2
PRE_02490,六味汤,PRE,CONTAINS,HER_01867,麦冬,HER,2
PRE_02490,六味汤,PRE,CONTAINS,HER_02043,川贝,HER,2
PRE_02518,六一散,PRE,CONTAINS,HER_01898,生姜,HER,3
PRE_02486,理中汤,PRE,CONTAINS,HER_01947,藿香,HER,2
PRE_02499,参苓白术散,PRE,CONTAINS,HER_01894,木香,HER,2
PRE_02499,参苓白术散,PRE,CONTAINS,HER_01957,沉香,HER,2
PRE_02499,参苓白术散,PRE,CONTAINS,HER_01973,莪术,HER,2
PRE_02523,醒脾散,PRE,CONTAINS,HER_01957,沉香,HER,3
PRE_02523,醒脾散,PRE,CONTAINS,HER_01934,槟榔,HER,3
PRE_02538,保和丸,PRE,CONTAINS,HER_01894,木香,HER,2
PRE_02538,保和丸,PRE,CONTAINS,HER_01960,广藿香,HER,2
PRE_02538,保和丸,PRE,CONTAINS,HER_01989,鸡内金,HER,2
PRE_02538,保和丸,PRE,CONTAINS,HER_02024,姜半夏,HER,2
PRE_02538,保和丸,PRE,CONTAINS,HER_01934,槟榔,HER,2
PRE_02538,保和丸,PRE,TREATS,SYM_03429,腹胀,SYM,2
HER_01939,山楂,HER,HAS_EFFECT,EFF_01320,消食化滞,EFF,2
HER_01855,茯苓,HER,HAS_EFFECT,EFF_01320,消食化滞,EFF,2
HER_01939,山楂,HER,RELIEVES,SYM_03429,腹胀,SYM,5
HER_01989,鸡内金,HER,RELIEVES,SYM_03429,腹胀,SYM,6
HER_01898,生姜,HER,RELIEVES,SYM_03429,腹胀,SYM,3
HER_01934,槟榔,HER,RELIEVES,SYM_03429,腹胀,SYM,3
PRE_02524,附子理中汤,PRE,CONTAINS,HER_01939,山楂,HER,2
PRE_02480,苍术,PRE,CONTAINS,HER_02181,紫苏叶,HER,2
PRE_02480,苍术,PRE,CONTAINS,HER_01989,鸡内金,HER,3
PRE_02480,苍术,PRE,TREATS,SYM_03429,腹胀,SYM,3
HER_01900,防风,HER,RELIEVES,SYM_03429,腹胀,SYM,4
HER_01855,茯苓,HER,RELIEVES,SYM_03480,苔腻,SYM,2
HER_02181,紫苏叶,HER,RELIEVES,SYM_03429,腹胀,SYM,2
HER_01864,陈皮,HER,RELIEVES,SYM_03480,苔腻,SYM,2
HER_01893,干姜,HER,RELIEVES,SYM_03429,腹胀,SYM,2
PRE_02850,参附龙牡救逆汤,PRE,CONTAINS,HER_01854,甘草,HER,2
PRE_02850,参附龙牡救逆汤,PRE,CONTAINS,HER_01860,白芍,HER,2
PRE_02518,六一散,PRE,CONTAINS,HER_01854,甘草,HER,2
PRE_02518,六一散,PRE,CONTAINS,HER_01861,黄连,HER,3
PRE_02518,六一散,PRE,CONTAINS,HER_01869,大黄,HER,2
PRE_02518,六一散,PRE,CONTAINS,HER_01858,黄芩,HER,2
PRE_02484,五苓散,PRE,CONTAINS,HER_01952,姜汁,HER,2
PRE_02484,五苓散,PRE,CONTAINS,HER_01861,黄连,HER,2
HER_01943,芍药,HER,RELIEVES,SYM_03409,头痛,SYM,2
PRE_02480,苍术,PRE,CONTAINS,HER_02090,三棱,HER,2
HER_02090,三棱,HER,HAS_EFFECT,EFF_01254,健脾,EFF,2
HER_01894,木香,HER,RELIEVES,SYM_03449,便溏,SYM,3
HER_01998,炮姜,HER,RELIEVES,SYM_03429,腹胀,SYM,2
HER_01918,砂仁,HER,RELIEVES,SYM_03449,便溏,SYM,4
HER_01918,砂仁,HER,RELIEVES,SYM_03429,腹胀,SYM,6
HER_01879,党参,HER,RELIEVES,SYM_03429,腹胀,SYM,2
HER_02090,三棱,HER,RELIEVES,SYM_03429,腹胀,SYM,2
HER_01924,钩藤,HER,HAS_EFFECT,EFF_01254,健脾,EFF,2
CAU_00023,烦躁,CAU,CAUSES,SYM_03477,大便干结,SYM,2
CAU_00023,烦躁,CAU,CAUSES,SYM_03410,口渴,SYM,3
HER_01939,山楂,HER,RELIEVES,SYM_03410,口渴,SYM,2
HER_02059,火麻仁,HER,RELIEVES,SYM_03410,口渴,SYM,2
HER_01975,麦芽,HER,RELIEVES,SYM_03410,口渴,SYM,2
HER_02064,莲子心,HER,RELIEVES,SYM_03410,口渴,SYM,3
PRE_03017,软金丸,PRE,CONTAINS,HER_01957,沉香,HER,2
PRE_03017,软金丸,PRE,CONTAINS,HER_01934,槟榔,HER,2
PRE_02584,乌犀丸,PRE,CONTAINS,HER_01957,沉香,HER,3
PRE_02584,乌犀丸,PRE,CONTAINS,HER_01934,槟榔,HER,3
PRE_02583,三解散,PRE,CONTAINS,HER_01957,沉香,HER,2
PRE_02583,三解散,PRE,CONTAINS,HER_01934,槟榔,HER,2
PRE_02484,五苓散,PRE,CONTAINS,HER_01934,槟榔,HER,2
PRE_02629,紫金丸,PRE,CONTAINS,HER_01957,沉香,HER,2
PRE_02629,紫金丸,PRE,CONTAINS,HER_01934,槟榔,HER,2
PRE_02584,乌犀丸,PRE,CONTAINS,HER_01856,当归,HER,2
PRE_02714,夺命散,PRE,CONTAINS,HER_01985,牛黄,HER,2
PRE_02523,醒脾散,PRE,CONTAINS,HER_01985,牛黄,HER,2
PRE_02655,天竺黄散,PRE,CONTAINS,HER_01985,牛黄,HER,2
CAU_00023,烦躁,CAU,CAUSES,SYM_03444,大便秘结,SYM,5
PRE_02544,玄明粉,PRE,CONTAINS,HER_02064,莲子心,HER,2
PRE_02544,玄明粉,PRE,CONTAINS,HER_01920,瓜蒌,HER,3
PRE_02544,玄明粉,PRE,CONTAINS,HER_01876,厚朴,HER,3
PRE_02480,苍术,PRE,CONTAINS,HER_02115,谷芽,HER,2
HER_01939,山楂,HER,HAS_EFFECT,EFF_01418,清补脾,EFF,2
HER_01899,苡仁,HER,HAS_EFFECT,EFF_01418,清补脾,EFF,2
HER_01857,白术,HER,HAS_EFFECT,EFF_01418,清补脾,EFF,2
HER_01975,麦芽,HER,HAS_EFFECT,EFF_01418,清补脾,EFF,2
HER_01932,神曲,HER,HAS_EFFECT,EFF_01418,清补脾,EFF,2
HER_01855,茯苓,HER,HAS_EFFECT,EFF_01418,清补脾,EFF,2
HER_01876,厚朴,HER,HAS_EFFECT,EFF_01418,清补脾,EFF,2
HER_01960,广藿香,HER,HAS_EFFECT,EFF_01418,清补脾,EFF,2
HER_01918,砂仁,HER,HAS_EFFECT,EFF_01418,清补脾,EFF,2
HER_01881,石膏,HER,HAS_EFFECT,EFF_01254,健脾,EFF,2
HER_01989,鸡内金,HER,HAS_EFFECT,EFF_01418,清补脾,EFF,2
HER_02115,谷芽,HER,RELIEVES,SYM_03444,大便秘结,SYM,2
HER_01877,桃仁,HER,RELIEVES,SYM_03444,大便秘结,SYM,2
HER_01877,桃仁,HER,RELIEVES,SYM_03407,发热,SYM,2
HER_01975,麦芽,HER,RELIEVES,SYM_03429,腹胀,SYM,3
HER_01898,生姜,HER,RELIEVES,SYM_03444,大便秘结,SYM,2
HER_02064,莲子心,HER,RELIEVES,SYM_03444,大便秘结,SYM,3
HER_02064,莲子心,HER,RELIEVES,SYM_03429,腹胀,SYM,2
HER_01978,莱菔子,HER,RELIEVES,SYM_03444,大便秘结,SYM,3
HER_01934,槟榔,HER,RELIEVES,SYM_03444,大便秘结,SYM,3
HER_01920,瓜蒌,HER,RELIEVES,SYM_03444,大便秘结,SYM,5
HER_01918,砂仁,HER,RELIEVES,SYM_03444,大便秘结,SYM,2
HER_01989,鸡内金,HER,RELIEVES,SYM_03444,大便秘结,SYM,3
PRE_02685,鼻疳散,PRE,CONTAINS,HER_01936,虫,HER,2
PRE_03002,蒋氏化毒丹,PRE,CONTAINS,HER_01936,虫,HER,2
PRE_02936,清金散,PRE,CONTAINS,HER_01936,虫,HER,2
PRE_02546,肥儿丸,PRE,CONTAINS,HER_02098,芦荟,HER,2
PRE_02546,肥儿丸,PRE,CONTAINS,HER_01936,虫,HER,2
PRE_02512,地黄丸,PRE,CONTAINS,HER_01892,地黄,HER,3
HER_01945,夏枯草,HER,HAS_EFFECT,EFF_01259,滋阴,EFF,2
PRE_02531,导赤散,PRE,CONTAINS,HER_02209,灯心草,HER,2
PRE_02531,导赤散,PRE,CONTAINS,HER_01861,黄连,HER,2
PRE_02531,导赤散,PRE,CONTAINS,HER_01867,麦冬,HER,2
PRE_02531,导赤散,PRE,CONTAINS,HER_01961,淡竹叶,HER,2
PRE_02531,导赤散,PRE,CONTAINS,HER_01892,地黄,HER,3
HER_01861,黄连,HER,HAS_EFFECT,EFF_01259,滋阴,EFF,2
HER_01924,钩藤,HER,RELIEVES,SYM_03444,大便秘结,SYM,3
HER_02059,火麻仁,HER,RELIEVES,SYM_03429,腹胀,SYM,2
HER_02030,莲子,HER,RELIEVES,SYM_03444,大便秘结,SYM,2
HER_01932,神曲,HER,RELIEVES,SYM_03410,口渴,SYM,4
PRE_02493,犀角地黄汤,PRE,CONTAINS,HER_02033,小蓟,HER,2
HER_02033,小蓟,HER,HAS_EFFECT,EFF_01258,清热解毒,EFF,2
HER_02033,小蓟,HER,RELIEVES,SYM_04343,皮肤紫斑多,SYM,2
HER_02033,小蓟,HER,RELIEVES,SYM_03825,关节肿痛,SYM,2
HER_01888,牛膝,HER,RELIEVES,SYM_03825,关节肿痛,SYM,2
PRE_02517,银翘散,PRE,CONTAINS,HER_02055,地肤子,HER,2
HER_01871,赤芍,HER,HAS_EFFECT,EFF_01296,化瘀通络,EFF,2
HER_02082,独活,HER,HAS_EFFECT,EFF_01253,清热,EFF,2
HER_02033,小蓟,HER,HAS_EFFECT,EFF_01257,活血化瘀,EFF,3
HER_02166,墨旱莲,HER,HAS_EFFECT,EFF_01257,活血化瘀,EFF,2
HER_02033,小蓟,HER,RELIEVES,SYM_03517,便血,SYM,3
HER_01885,牡丹皮,HER,RELIEVES,SYM_03517,便血,SYM,2
HER_01955,仙鹤草,HER,RELIEVES,SYM_03517,便血,SYM,2
HER_02166,墨旱莲,HER,RELIEVES,SYM_03438,盗汗,SYM,2
HER_02166,墨旱莲,HER,RELIEVES,SYM_03517,便血,SYM,2
HER_01859,柴胡,HER,RELIEVES,SYM_03517,便血,SYM,2
HER_01892,地黄,HER,RELIEVES,SYM_03517,便血,SYM,3
HER_01963,白茅根,HER,RELIEVES,SYM_03517,便血,SYM,3
HER_01878,知母,HER,RELIEVES,SYM_03517,便血,SYM,2
HER_02109,槐花,HER,RELIEVES,SYM_03517,便血,SYM,2
HER_02246,地榆,HER,HAS_EFFECT,EFF_01257,活血化瘀,EFF,2
HER_02065,藕节,HER,HAS_EFFECT,EFF_01257,活血化瘀,EFF,2
HER_01858,黄芩,HER,RELIEVES,SYM_03411,腹痛,SYM,3
HER_01858,黄芩,HER,RELIEVES,SYM_03517,便血,SYM,2
HER_01865,连翘,HER,RELIEVES,SYM_03517,便血,SYM,2
HER_01854,甘草,HER,RELIEVES,SYM_03411,腹痛,SYM,2
HER_01854,甘草,HER,RELIEVES,SYM_03517,便血,SYM,2
HER_01860,白芍,HER,RELIEVES,SYM_03411,腹痛,SYM,3
HER_01894,木香,HER,RELIEVES,SYM_03411,腹痛,SYM,2
HER_02022,前胡,HER,RELIEVES,SYM_03582,皮肤瘙痒,SYM,2
HER_02246,地榆,HER,RELIEVES,SYM_03517,便血,SYM,2
HER_01861,黄连,HER,RELIEVES,SYM_03411,腹痛,SYM,2
HER_02065,藕节,HER,RELIEVES,SYM_03517,便血,SYM,2
PRE_02493,犀角地黄汤,PRE,CONTAINS,HER_02003,蒲黄,HER,2
PRE_02493,犀角地黄汤,PRE,TREATS,SYM_03577,鼻衄,SYM,2
HER_01858,黄芩,HER,RELIEVES,SYM_03577,鼻衄,SYM,2
HER_01854,甘草,HER,RELIEVES,SYM_03577,鼻衄,SYM,2
HER_02003,蒲黄,HER,RELIEVES,SYM_03577,鼻衄,SYM,2
PRE_02605,麦门冬,PRE,CONTAINS,HER_02117,辰砂,HER,2
PRE_02605,麦门冬,PRE,CONTAINS,HER_01854,甘草,HER,3
PRE_02605,麦门冬,PRE,CONTAINS,HER_01901,木,HER,2
PRE_02531,导赤散,PRE,CONTAINS,HER_01890,薄荷,HER,2
PRE_02531,导赤散,PRE,CONTAINS,HER_01952,姜汁,HER,2
PRE_02725,星香全蝎散,PRE,CONTAINS,HER_01957,沉香,HER,2
PRE_02702,四圣散,PRE,CONTAINS,HER_01957,沉香,HER,2
PRE_02495,四君子汤,PRE,CONTAINS,HER_01957,沉香,HER,2
PRE_02504,桂枝汤,PRE,CONTAINS,HER_01909,葛根,HER,2
HER_01855,茯苓,HER,RELIEVES,SYM_03462,抽搐,SYM,2
HER_01994,天麻,HER,RELIEVES,SYM_03462,抽搐,SYM,2
HER_01910,牡蛎,HER,HAS_EFFECT,EFF_01314,回阳救逆,EFF,2
HER_01855,茯苓,HER,HAS_EFFECT,EFF_01314,回阳救逆,EFF,2
HER_01910,牡蛎,HER,RELIEVES,SYM_03557,汗多,SYM,2
HER_01862,黄芪,HER,RELIEVES,SYM_03462,抽搐,SYM,2
HER_01903,五味子,HER,RELIEVES,SYM_03462,抽搐,SYM,2
HER_01892,地黄,HER,RELIEVES,SYM_03462,抽搐,SYM,3
HER_01954,鳖甲,HER,RELIEVES,SYM_03462,抽搐,SYM,2
HER_01924,钩藤,HER,HAS_EFFECT,EFF_01278,安神,EFF,2
HER_01980,远志,HER,HAS_EFFECT,EFF_01299,平肝息风,EFF,2
HER_01980,远志,HER,HAS_EFFECT,EFF_01278,安神,EFF,3
HER_01987,胆南星,HER,HAS_EFFECT,EFF_01299,平肝息风,EFF,2
HER_02017,全蝎,HER,HAS_EFFECT,EFF_01299,平肝息风,EFF,2
HER_01855,茯苓,HER,HAS_EFFECT,EFF_01299,平肝息风,EFF,2
HER_01931,石菖蒲,HER,HAS_EFFECT,EFF_01299,平肝息风,EFF,2
HER_01970,枣仁,HER,HAS_EFFECT,EFF_01299,平肝息风,EFF,2
PRE_02595,玉枢丹,PRE,CONTAINS,HER_01861,黄连,HER,2
PRE_02595,玉枢丹,PRE,CONTAINS,HER_01869,大黄,HER,2
PRE_02595,玉枢丹,PRE,CONTAINS,HER_01858,黄芩,HER,3
PRE_02497,黄连解毒汤,PRE,CONTAINS,HER_01869,大黄,HER,2
PRE_02497,黄连解毒汤,PRE,TREATS,SYM_03411,腹痛,SYM,2
HER_02077,马齿苋,HER,HAS_EFFECT,EFF_01253,清热,EFF,2
CAU_00125,神昏,CAU,CAUSES,SYM_03462,抽搐,SYM,2
PRE_02517,银翘散,PRE,CONTAINS,HER_02005,蝉蜕,HER,2
PRE_02517,银翘散,PRE,TREATS,SYM_03731,咽喉肿痛,SYM,2
HER_02106,天竺黄,HER,HAS_EFFECT,EFF_01253,清热,EFF,2
HER_01958,牛蒡子,HER,RELIEVES,SYM_04134,痰鸣,SYM,2
HER_01958,牛蒡子,HER,RELIEVES,SYM_03444,大便秘结,SYM,3
HER_01958,牛蒡子,HER,RELIEVES,SYM_03731,咽喉肿痛,SYM,2
HER_01890,薄荷,HER,RELIEVES,SYM_03731,咽喉肿痛,SYM,2
HER_01865,连翘,HER,RELIEVES,SYM_03731,咽喉肿痛,SYM,2
HER_01920,瓜蒌,HER,RELIEVES,SYM_04134,痰鸣,SYM,2
HER_01881,石膏,HER,RELIEVES,SYM_03462,抽搐,SYM,2
HER_01858,黄芩,HER,RELIEVES,SYM_03462,抽搐,SYM,2
HER_01904,金银花,HER,RELIEVES,SYM_04134,痰鸣,SYM,2
HER_01904,金银花,HER,RELIEVES,SYM_03731,咽喉肿痛,SYM,2
HER_02106,天竺黄,HER,RELIEVES,SYM_04134,痰鸣,SYM,2
HER_02106,天竺黄,HER,RELIEVES,SYM_03444,大便秘结,SYM,2
HER_02005,蝉蜕,HER,RELIEVES,SYM_03462,抽搐,SYM,2
HER_02005,蝉蜕,HER,RELIEVES,SYM_03444,大便秘结,SYM,2
HER_02005,蝉蜕,HER,RELIEVES,SYM_03731,咽喉肿痛,SYM,2
HER_01914,贝母,HER,RELIEVES,SYM_03444,大便秘结,SYM,3
HER_02098,芦荟,HER,RELIEVES,SYM_03444,大便秘结,SYM,2
PRE_02496,八味丸,PRE,CONTAINS,HER_01867,麦冬,HER,2
HER_02027,白扁豆,HER,RELIEVES,SYM_03704,大便稀薄,SYM,2
HER_01855,茯苓,HER,RELIEVES,SYM_03704,大便稀薄,SYM,2
HER_01884,山药,HER,RELIEVES,SYM_03704,大便稀薄,SYM,2
HER_01863,人参,HER,RELIEVES,SYM_03411,腹痛,SYM,2
HER_01987,胆南星,HER,RELIEVES,SYM_03409,头痛,SYM,2
HER_01855,茯苓,HER,RELIEVES,SYM_03411,腹痛,SYM,2
HER_01931,石菖蒲,HER,RELIEVES,SYM_03409,头痛,SYM,2
HER_02129,琥珀,HER,RELIEVES,SYM_03409,头痛,SYM,2
HER_02106,天竺黄,HER,RELIEVES,SYM_03409,头痛,SYM,2
PRE_02534,百解散,PRE,CONTAINS,HER_01868,半夏,HER,2
PRE_02512,地黄丸,PRE,CONTAINS,HER_02112,紫河,HER,2
HER_01880,桂枝,HER,RELIEVES,SYM_03426,胸闷,SYM,2
HER_01920,瓜蒌,HER,RELIEVES,SYM_03426,胸闷,SYM,2
HER_02139,薤白,HER,RELIEVES,SYM_03426,胸闷,SYM,2
HER_01867,麦冬,HER,RELIEVES,SYM_03426,胸闷,SYM,2
HER_01911,生地黄,HER,RELIEVES,SYM_03426,胸闷,SYM,2
PRE_02491,归脾汤,PRE,CONTAINS,HER_01970,枣仁,HER,2
PRE_02491,归脾汤,PRE,CONTAINS,HER_02235,龙眼肉,HER,2
HER_01980,远志,HER,HAS_EFFECT,EFF_01262,健脾益气,EFF,2
HER_01980,远志,HER,HAS_EFFECT,EFF_01254,健脾,EFF,2
HER_01970,枣仁,HER,HAS_EFFECT,EFF_01280,养心安神,EFF,3
HER_01970,枣仁,HER,HAS_EFFECT,EFF_01254,健脾,EFF,2
HER_02235,龙眼肉,HER,HAS_EFFECT,EFF_01262,健脾益气,EFF,2
PRE_02500,血府逐瘀汤,PRE,CONTAINS,HER_01858,黄芩,HER,2
HER_01891,郁金,HER,HAS_EFFECT,EFF_01294,化瘀,EFF,2
HER_01897,红花,HER,HAS_EFFECT,EFF_01294,化瘀,EFF,2
HER_01866,川芎,HER,HAS_EFFECT,EFF_01294,化瘀,EFF,2
HER_01855,茯苓,HER,HAS_EFFECT,EFF_01294,化瘀,EFF,2
HER_01859,柴胡,HER,HAS_EFFECT,EFF_01294,化瘀,EFF,3
HER_01874,枳壳,HER,HAS_EFFECT,EFF_01294,化瘀,EFF,2
HER_01871,赤芍,HER,HAS_EFFECT,EFF_01294,化瘀,EFF,3
HER_01856,当归,HER,HAS_EFFECT,EFF_01294,化瘀,EFF,2
HER_01858,黄芩,HER,HAS_EFFECT,EFF_01294,化瘀,EFF,3
HER_01858,黄芩,HER,HAS_EFFECT,EFF_01270,疏肝理气,EFF,2
HER_01864,陈皮,HER,HAS_EFFECT,EFF_01294,化瘀,EFF,2
HER_02026,柏子仁,HER,HAS_EFFECT,EFF_01254,健脾,EFF,2
HER_01894,木香,HER,RELIEVES,SYM_03426,胸闷,SYM,2
HER_01877,桃仁,HER,RELIEVES,SYM_03426,胸闷,SYM,3
HER_01982,女贞子,HER,HAS_EFFECT,EFF_01280,养心安神,EFF,2
HER_01944,龙骨,HER,HAS_EFFECT,EFF_01278,安神,EFF,2
HER_01944,龙骨,HER,HAS_EFFECT,EFF_01280,养心安神,EFF,2
HER_02083,珍珠母,HER,HAS_EFFECT,EFF_01278,安神,EFF,2
HER_02083,珍珠母,HER,HAS_EFFECT,EFF_01280,养心安神,EFF,2
HER_02148,决明子,HER,HAS_EFFECT,EFF_01272,解郁,EFF,2
HER_01968,青皮,HER,RELIEVES,SYM_03436,便秘,SYM,2
HER_01874,枳壳,HER,RELIEVES,SYM_03449,便溏,SYM,3
HER_01874,枳壳,HER,RELIEVES,SYM_03436,便秘,SYM,2
HER_02148,决明子,HER,RELIEVES,SYM_03436,便秘,SYM,2
HER_01856,当归,HER,RELIEVES,SYM_03436,便秘,SYM,2
HER_01879,党参,HER,RELIEVES,SYM_03436,便秘,SYM,2
HER_01944,龙骨,HER,HAS_EFFECT,EFF_01262,健脾益气,EFF,2
HER_01858,黄芩,HER,RELIEVES,SYM_03647,口舌生疮,SYM,2
HER_01865,连翘,HER,RELIEVES,SYM_03647,口舌生疮,SYM,2
HER_01872,栀子,HER,RELIEVES,SYM_03647,口舌生疮,SYM,2
HER_01869,大黄,HER,RELIEVES,SYM_03647,口舌生疮,SYM,2
HER_01949,菖蒲,HER,HAS_EFFECT,EFF_01254,健脾,EFF,2
PRE_02511,知柏地黄丸,PRE,CONTAINS,HER_01966,皂角,HER,2
HER_02150,山慈菇,HER,HAS_EFFECT,EFF_01253,清热,EFF,2
HER_01899,苡仁,HER,RELIEVES,SYM_03542,瘙痒,SYM,2
HER_01885,牡丹皮,HER,RELIEVES,SYM_03542,瘙痒,SYM,2
HER_01858,黄芩,HER,RELIEVES,SYM_03542,瘙痒,SYM,2
HER_02055,地肤子,HER,RELIEVES,SYM_03542,瘙痒,SYM,2
HER_01878,知母,HER,RELIEVES,SYM_03542,瘙痒,SYM,2
PRE_02610,丹栀逍遥散,PRE,CONTAINS,HER_01891,郁金,HER,2
PRE_02610,丹栀逍遥散,PRE,CONTAINS,HER_02148,决明子,HER,2
PRE_02610,丹栀逍遥散,PRE,CONTAINS,HER_01945,夏枯草,HER,2
HER_02148,决明子,HER,HAS_EFFECT,EFF_01279,疏肝解郁,EFF,2
HER_01945,夏枯草,HER,HAS_EFFECT,EFF_01281,清肝泻火,EFF,2
HER_01861,黄连,HER,RELIEVES,SYM_03436,便秘,SYM,2
PRE_02511,知柏地黄丸,PRE,CONTAINS,HER_01970,枣仁,HER,2
PRE_02511,知柏地黄丸,PRE,CONTAINS,HER_01892,地黄,HER,2
PRE_02511,知柏地黄丸,PRE,CONTAINS,HER_01945,夏枯草,HER,2
HER_01945,夏枯草,HER,HAS_EFFECT,EFF_01256,补肾,EFF,2
HER_01868,半夏,HER,HAS_EFFECT,EFF_01277,化痰,EFF,3
HER_01855,茯苓,HER,HAS_EFFECT,EFF_01277,化痰,EFF,3
HER_02114,葶苈子,HER,HAS_EFFECT,EFF_01258,清热解毒,EFF,2
HER_02045,板蓝根,HER,HAS_EFFECT,EFF_01258,清热解毒,EFF,2
HER_02106,天竺黄,HER,HAS_EFFECT,EFF_01258,清热解毒,EFF,2
HER_01991,桑白皮,HER,HAS_EFFECT,EFF_01258,清热解毒,EFF,2
PRE_02518,六一散,PRE,CONTAINS,HER_01865,连翘,HER,2
PRE_02518,六一散,PRE,CONTAINS,HER_01862,黄芪,HER,2
PRE_02518,六一散,PRE,CONTAINS,HER_01899,苡仁,HER,2
PRE_02518,六一散,PRE,CONTAINS,HER_02055,地肤子,HER,2
PRE_02518,六一散,PRE,CONTAINS,HER_01904,金银花,HER,2
PRE_02518,六一散,PRE,CONTAINS,HER_02035,白鲜皮,HER,2
PRE_02518,六一散,PRE,CONTAINS,HER_02005,蝉蜕,HER,2
HER_01914,贝母,HER,RELIEVES,SYM_03421,咳嗽,SYM,2
HER_02067,马勃,HER,RELIEVES,SYM_03421,咳嗽,SYM,3
PRE_02544,玄明粉,PRE,CONTAINS,HER_01953,芦根,HER,2
PRE_02544,玄明粉,PRE,CONTAINS,HER_01964,紫草,HER,2
PRE_02544,玄明粉,PRE,CONTAINS,HER_01861,黄连,HER,3
PRE_02544,玄明粉,PRE,CONTAINS,HER_01867,麦冬,HER,2
HER_01953,芦根,HER,HAS_EFFECT,EFF_01364,清气凉营,EFF,2
HER_01953,芦根,HER,HAS_EFFECT,EFF_01373,解毒化湿,EFF,2
HER_01865,连翘,HER,HAS_EFFECT,EFF_01364,清气凉营,EFF,2
HER_01872,栀子,HER,HAS_EFFECT,EFF_01364,清气凉营,EFF,2
HER_01872,栀子,HER,HAS_EFFECT,EFF_01373,解毒化湿,EFF,2
HER_01885,牡丹皮,HER,HAS_EFFECT,EFF_01364,清气凉营,EFF,2
HER_01885,牡丹皮,HER,HAS_EFFECT,EFF_01373,解毒化湿,EFF,2
HER_01881,石膏,HER,HAS_EFFECT,EFF_01364,清气凉营,EFF,2
HER_01881,石膏,HER,HAS_EFFECT,EFF_01373,解毒化湿,EFF,2
HER_01861,黄连,HER,HAS_EFFECT,EFF_01364,清气凉营,EFF,2
HER_01861,黄连,HER,HAS_EFFECT,EFF_01373,解毒化湿,EFF,2
HER_01871,赤芍,HER,HAS_EFFECT,EFF_01364,清气凉营,EFF,2
HER_01869,大黄,HER,HAS_EFFECT,EFF_01364,清气凉营,EFF,2
HER_01858,黄芩,HER,HAS_EFFECT,EFF_01364,清气凉营,EFF,2
HER_01858,黄芩,HER,HAS_EFFECT,EFF_01373,解毒化湿,EFF,2
HER_01867,麦冬,HER,HAS_EFFECT,EFF_01364,清气凉营,EFF,2
HER_01867,麦冬,HER,HAS_EFFECT,EFF_01373,解毒化湿,EFF,2
HER_01892,地黄,HER,HAS_EFFECT,EFF_01364,清气凉营,EFF,2
HER_01892,地黄,HER,HAS_EFFECT,EFF_01373,解毒化湿,EFF,2
PRE_02508,安宫牛黄丸,PRE,CONTAINS,HER_01924,钩藤,HER,2
PRE_02508,安宫牛黄丸,PRE,CONTAINS,HER_01892,地黄,HER,2
PRE_02594,清瘟败毒饮,PRE,CONTAINS,HER_01924,钩藤,HER,2
PRE_02594,清瘟败毒饮,PRE,CONTAINS,HER_02135,羚羊角粉,HER,2
PRE_02594,清瘟败毒饮,PRE,CONTAINS,HER_01896,玄参,HER,3
PRE_02594,清瘟败毒饮,PRE,CONTAINS,HER_01865,连翘,HER,3
PRE_02594,清瘟败毒饮,PRE,CONTAINS,HER_01872,栀子,HER,3
PRE_02594,清瘟败毒饮,PRE,CONTAINS,HER_01885,牡丹皮,HER,3
PRE_02594,清瘟败毒饮,PRE,CONTAINS,HER_01854,甘草,HER,2
PRE_02594,清瘟败毒饮,PRE,CONTAINS,HER_01881,石膏,HER,3
PRE_02594,清瘟败毒饮,PRE,CONTAINS,HER_01861,黄连,HER,3
PRE_02594,清瘟败毒饮,PRE,CONTAINS,HER_01871,赤芍,HER,3
PRE_02594,清瘟败毒饮,PRE,CONTAINS,HER_01858,黄芩,HER,3
PRE_02594,清瘟败毒饮,PRE,CONTAINS,HER_01878,知母,HER,3
PRE_02594,清瘟败毒饮,PRE,CONTAINS,HER_01992,水牛角,HER,3
PRE_02594,清瘟败毒饮,PRE,CONTAINS,HER_01892,地黄,HER,3
PRE_02601,羚角钩藤汤,PRE,CONTAINS,HER_01872,栀子,HER,2
PRE_02601,羚角钩藤汤,PRE,CONTAINS,HER_01885,牡丹皮,HER,2
PRE_02601,羚角钩藤汤,PRE,CONTAINS,HER_01881,石膏,HER,2
PRE_02601,羚角钩藤汤,PRE,CONTAINS,HER_01861,黄连,HER,2
PRE_02601,羚角钩藤汤,PRE,CONTAINS,HER_01871,赤芍,HER,2
PRE_02601,羚角钩藤汤,PRE,CONTAINS,HER_01858,黄芩,HER,2
PRE_02601,羚角钩藤汤,PRE,CONTAINS,HER_01878,知母,HER,2
PRE_02601,羚角钩藤汤,PRE,CONTAINS,HER_01992,水牛角,HER,2
HER_01924,钩藤,HER,HAS_EFFECT,EFF_01263,开窍,EFF,2
PRE_02544,玄明粉,PRE,CONTAINS,HER_01878,知母,HER,2
HER_01897,红花,HER,RELIEVES,SYM_03426,胸闷,SYM,2
HER_01888,牛膝,HER,RELIEVES,SYM_03426,胸闷,SYM,2
PRE_02666,清开灵注射液,PRE,CONTAINS,HER_01953,芦根,HER,3
PRE_02666,清开灵注射液,PRE,CONTAINS,HER_01899,苡仁,HER,2
PRE_02666,清开灵注射液,PRE,CONTAINS,HER_01862,黄芪,HER,3
PRE_02666,清开灵注射液,PRE,CONTAINS,HER_01871,赤芍,HER,3
PRE_02666,清开灵注射液,PRE,CONTAINS,HER_01904,金银花,HER,3
PRE_02666,清开灵注射液,PRE,CONTAINS,HER_02071,大青叶,HER,3
PRE_02666,清开灵注射液,PRE,CONTAINS,HER_01865,连翘,HER,3
PRE_02666,清开灵注射液,PRE,CONTAINS,HER_02035,白鲜皮,HER,2
PRE_02666,清开灵注射液,PRE,CONTAINS,HER_02005,蝉蜕,HER,3
PRE_02666,清开灵注射液,PRE,CONTAINS,HER_01960,广藿香,HER,2
PRE_02666,清开灵注射液,PRE,CONTAINS,HER_01933,蒲公英,HER,3
PRE_02594,清瘟败毒饮,PRE,CONTAINS,HER_01953,芦根,HER,2
PRE_02594,清瘟败毒饮,PRE,CONTAINS,HER_01862,黄芪,HER,2
PRE_02594,清瘟败毒饮,PRE,CONTAINS,HER_01904,金银花,HER,2
PRE_02594,清瘟败毒饮,PRE,CONTAINS,HER_02071,大青叶,HER,2
PRE_02594,清瘟败毒饮,PRE,CONTAINS,HER_01869,大黄,HER,2
PRE_02594,清瘟败毒饮,PRE,CONTAINS,HER_02005,蝉蜕,HER,2
PRE_02594,清瘟败毒饮,PRE,CONTAINS,HER_01933,蒲公英,HER,2
PRE_02594,清瘟败毒饮,PRE,CONTAINS,HER_01961,淡竹叶,HER,2
PRE_02666,清开灵注射液,PRE,CONTAINS,HER_01896,玄参,HER,2
PRE_02666,清开灵注射液,PRE,CONTAINS,HER_01885,牡丹皮,HER,2
PRE_02666,清开灵注射液,PRE,CONTAINS,HER_01872,栀子,HER,2
PRE_02666,清开灵注射液,PRE,CONTAINS,HER_01992,水牛角,HER,2
PRE_02666,清开灵注射液,PRE,CONTAINS,HER_01892,地黄,HER,2
PRE_02666,清开灵注射液,PRE,CONTAINS,HER_01881,石膏,HER,2
PRE_02666,清开灵注射液,PRE,CONTAINS,HER_01878,知母,HER,2
PRE_02666,清开灵注射液,PRE,CONTAINS,HER_01961,淡竹叶,HER,2
PRE_02594,清瘟败毒饮,PRE,TREATS,SYM_03444,大便秘结,SYM,2
HER_01862,黄芪,HER,RELIEVES,SYM_03444,大便秘结,SYM,2
HER_02071,大青叶,HER,HAS_EFFECT,EFF_01258,清热解毒,EFF,3
HER_02055,地肤子,HER,HAS_EFFECT,EFF_01305,祛风止痒,EFF,2
HER_02055,地肤子,HER,HAS_EFFECT,EFF_01350,养血润燥,EFF,2
HER_02051,苦参,HER,HAS_EFFECT,EFF_01350,养血润燥,EFF,2
HER_02005,蝉蜕,HER,HAS_EFFECT,EFF_01350,养血润燥,EFF,2
HER_01892,地黄,HER,HAS_EFFECT,EFF_01305,祛风止痒,EFF,2
HER_01892,地黄,HER,HAS_EFFECT,EFF_01350,养血润燥,EFF,3
HER_02004,蔓荆子,HER,HAS_EFFECT,EFF_01253,清热,EFF,2
HER_01882,桔梗,HER,HAS_EFFECT,EFF_01256,补肾,EFF,2
PRE_02497,黄连解毒汤,PRE,CONTAINS,HER_01895,丹皮,HER,2
PRE_02497,黄连解毒汤,PRE,CONTAINS,HER_01941,荆芥,HER,2
PRE_02498,五味消毒饮,PRE,CONTAINS,HER_01900,防风,HER,2
PRE_02498,五味消毒饮,PRE,CONTAINS,HER_01895,丹皮,HER,2
PRE_02497,黄连解毒汤,PRE,TREATS,SYM_03407,发热,SYM,2
PRE_02498,五味消毒饮,PRE,TREATS,SYM_03407,发热,SYM,2
HER_01966,皂角,HER,RELIEVES,SYM_03407,发热,SYM,2
HER_01900,防风,HER,RELIEVES,SYM_03407,发热,SYM,2
HER_01895,丹皮,HER,RELIEVES,SYM_03407,发热,SYM,3
HER_01941,荆芥,HER,RELIEVES,SYM_03407,发热,SYM,2
HER_01861,黄连,HER,HAS_EFFECT,EFF_01370,疏风散邪,EFF,2
HER_01869,大黄,HER,HAS_EFFECT,EFF_01370,疏风散邪,EFF,2
HER_01858,黄芩,HER,HAS_EFFECT,EFF_01370,疏风散邪,EFF,2
HER_01900,防风,HER,HAS_EFFECT,EFF_01384,养血息风,EFF,2
HER_02118,首乌,HER,HAS_EFFECT,EFF_01259,滋阴,EFF,2
PRE_02479,补中益气汤,PRE,TREATS,SYM_03449,便溏,SYM,2
PRE_02479,补中益气汤,PRE,TREATS,SYM_03429,腹胀,SYM,2
PRE_02492,泻心汤,PRE,CONTAINS,HER_02003,蒲黄,HER,2
PRE_02509,玉女煎,PRE,CONTAINS,HER_02003,蒲黄,HER,4
HER_01877,桃仁,HER,HAS_EFFECT,EFF_01294,化瘀,EFF,2
HER_02094,昆布,HER,HAS_EFFECT,EFF_01294,化瘀,EFF,2
PRE_02490,六味汤,PRE,CONTAINS,HER_01859,柴胡,HER,3
PRE_02490,六味汤,PRE,CONTAINS,HER_01869,大黄,HER,2
PRE_02490,六味汤,PRE,CONTAINS,HER_02092,归尾,HER,4
PRE_02490,六味汤,PRE,CONTAINS,HER_02206,河车,HER,3
PRE_02542,清咽利膈汤,PRE,CONTAINS,HER_02071,大青叶,HER,2
PRE_02542,清咽利膈汤,PRE,CONTAINS,HER_01920,瓜蒌,HER,4
PRE_02542,清咽利膈汤,PRE,CONTAINS,HER_01933,蒲公英,HER,2
PRE_02542,清咽利膈汤,PRE,CONTAINS,HER_01945,夏枯草,HER,2
PRE_02542,清咽利膈汤,PRE,TREATS,SYM_03421,咳嗽,SYM,2
HER_02071,大青叶,HER,RELIEVES,SYM_03421,咳嗽,SYM,2
HER_01920,瓜蒌,HER,RELIEVES,SYM_03421,咳嗽,SYM,2
HER_01933,蒲公英,HER,RELIEVES,SYM_03421,咳嗽,SYM,2
HER_01945,夏枯草,HER,RELIEVES,SYM_03421,咳嗽,SYM,2
PRE_02496,八味丸,PRE,CONTAINS,HER_02155,桂附,HER,2
HER_01947,藿香,HER,RELIEVES,SYM_03429,腹胀,SYM,2
PRE_02490,六味汤,PRE,CONTAINS,HER_02254,山甲,HER,2
PRE_02490,六味汤,PRE,CONTAINS,HER_02016,乳香,HER,2
PRE_02490,六味汤,PRE,CONTAINS,HER_02294,角刺,HER,2
PRE_02568,八仙散,PRE,CONTAINS,HER_01908,羌活,HER,2
PRE_02483,四物汤,PRE,CONTAINS,HER_01896,玄参,HER,2
PRE_02542,清咽利膈汤,PRE,CONTAINS,HER_02132,百部,HER,2
PRE_02542,清咽利膈汤,PRE,CONTAINS,HER_02022,前胡,HER,2
PRE_02542,清咽利膈汤,PRE,CONTAINS,HER_01914,贝母,HER,2
HER_02132,百部,HER,HAS_EFFECT,EFF_01328,解毒消肿,EFF,2
HER_02132,百部,HER,HAS_EFFECT,EFF_01277,化痰,EFF,2
HER_02132,百部,HER,HAS_EFFECT,EFF_01253,清热,EFF,2
HER_01920,瓜蒌,HER,HAS_EFFECT,EFF_01328,解毒消肿,EFF,2
HER_01920,瓜蒌,HER,HAS_EFFECT,EFF_01277,化痰,EFF,2
HER_02022,前胡,HER,HAS_EFFECT,EFF_01328,解毒消肿,EFF,2
HER_02022,前胡,HER,HAS_EFFECT,EFF_01277,化痰,EFF,2
HER_01914,贝母,HER,HAS_EFFECT,EFF_01277,化痰,EFF,3
PRE_02490,六味汤,PRE,CONTAINS,HER_01875,附子,HER,3
PRE_02490,六味汤,PRE,CONTAINS,HER_01880,桂枝,HER,5
PRE_02490,六味汤,PRE,CONTAINS,HER_01868,半夏,HER,3
PRE_02490,六味汤,PRE,CONTAINS,HER_02100,蝉衣,HER,3
PRE_02490,六味汤,PRE,CONTAINS,HER_01855,茯苓,HER,3
PRE_02490,六味汤,PRE,CONTAINS,HER_01873,泽泻,HER,3
PRE_02490,六味汤,PRE,CONTAINS,HER_02091,南星,HER,2
HER_01875,附子,HER,HAS_EFFECT,EFF_01430,疏散风寒,EFF,2
HER_01875,附子,HER,HAS_EFFECT,EFF_01277,化痰,EFF,2
HER_01875,附子,HER,HAS_EFFECT,EFF_01326,祛风散寒,EFF,2
HER_01972,苏叶,HER,HAS_EFFECT,EFF_01254,健脾,EFF,2
HER_01972,苏叶,HER,HAS_EFFECT,EFF_01275,祛湿,EFF,2
HER_01972,苏叶,HER,HAS_EFFECT,EFF_01430,疏散风寒,EFF,2
HER_01972,苏叶,HER,HAS_EFFECT,EFF_01277,化痰,EFF,2
HER_01972,苏叶,HER,HAS_EFFECT,EFF_01326,祛风散寒,EFF,2
HER_01880,桂枝,HER,HAS_EFFECT,EFF_01430,疏散风寒,EFF,2
HER_01880,桂枝,HER,HAS_EFFECT,EFF_01277,化痰,EFF,2
HER_01868,半夏,HER,HAS_EFFECT,EFF_01275,祛湿,EFF,2
HER_01868,半夏,HER,HAS_EFFECT,EFF_01430,疏散风寒,EFF,2
HER_01868,半夏,HER,HAS_EFFECT,EFF_01326,祛风散寒,EFF,2
HER_02100,蝉衣,HER,HAS_EFFECT,EFF_01254,健脾,EFF,2
HER_02100,蝉衣,HER,HAS_EFFECT,EFF_01275,祛湿,EFF,2
HER_02100,蝉衣,HER,HAS_EFFECT,EFF_01430,疏散风寒,EFF,2
HER_02100,蝉衣,HER,HAS_EFFECT,EFF_01277,化痰,EFF,2
HER_02100,蝉衣,HER,HAS_EFFECT,EFF_01326,祛风散寒,EFF,2
HER_01855,茯苓,HER,HAS_EFFECT,EFF_01430,疏散风寒,EFF,2
HER_01873,泽泻,HER,HAS_EFFECT,EFF_01430,疏散风寒,EFF,2
HER_01873,泽泻,HER,HAS_EFFECT,EFF_01277,化痰,EFF,2
HER_02091,南星,HER,HAS_EFFECT,EFF_01275,祛湿,EFF,2
HER_02091,南星,HER,HAS_EFFECT,EFF_01430,疏散风寒,EFF,2
HER_02091,南星,HER,HAS_EFFECT,EFF_01277,化痰,EFF,2
HER_02091,南星,HER,HAS_EFFECT,EFF_01326,祛风散寒,EFF,2
PRE_02490,六味汤,PRE,CONTAINS,HER_01865,连翘,HER,3
PRE_02482,二陈汤,PRE,CONTAINS,HER_01862,黄芪,HER,2
PRE_02482,二陈汤,PRE,TREATS,SYM_03428,舌质淡,SYM,2
PRE_02482,二陈汤,PRE,TREATS,SYM_05037,胸胁不舒,SYM,2
HER_01868,半夏,HER,RELIEVES,SYM_03428,舌质淡,SYM,2
HER_01868,半夏,HER,RELIEVES,SYM_05037,胸胁不舒,SYM,2
HER_01920,瓜蒌,HER,RELIEVES,SYM_03428,舌质淡,SYM,2
HER_01920,瓜蒌,HER,RELIEVES,SYM_05037,胸胁不舒,SYM,2
HER_01862,黄芪,HER,RELIEVES,SYM_03428,舌质淡,SYM,2
HER_01862,黄芪,HER,RELIEVES,SYM_05037,胸胁不舒,SYM,2
HER_01859,柴胡,HER,RELIEVES,SYM_03428,舌质淡,SYM,2
HER_01859,柴胡,HER,RELIEVES,SYM_05037,胸胁不舒,SYM,2
HER_01874,枳壳,HER,RELIEVES,SYM_03428,舌质淡,SYM,2
HER_01874,枳壳,HER,RELIEVES,SYM_05037,胸胁不舒,SYM,2
HER_02021,鸡血藤,HER,RELIEVES,SYM_03428,舌质淡,SYM,2
HER_02021,鸡血藤,HER,RELIEVES,SYM_05037,胸胁不舒,SYM,2
HER_01882,桔梗,HER,HAS_EFFECT,EFF_01360,泻热通腑,EFF,2
PRE_02605,麦门冬,PRE,CONTAINS,HER_01926,菊花,HER,2
PRE_02592,泻肝散,PRE,CONTAINS,HER_01882,桔梗,HER,2
PRE_02503,地黄汤,PRE,CONTAINS,HER_01942,细辛,HER,2
HER_02054,僵蚕,HER,HAS_EFFECT,EFF_01277,化痰,EFF,2
PRE_02924,洗肝散,PRE,CONTAINS,HER_02004,蔓荆子,HER,2
PRE_02924,洗肝散,PRE,CONTAINS,HER_01942,细辛,HER,2
PRE_02924,洗肝散,PRE,CONTAINS,HER_01872,栀子,HER,2
PRE_02924,洗肝散,PRE,CONTAINS,HER_01885,牡丹皮,HER,2
PRE_02924,洗肝散,PRE,CONTAINS,HER_01858,黄芩,HER,2
PRE_02924,洗肝散,PRE,CONTAINS,HER_01945,夏枯草,HER,2
PRE_02924,洗肝散,PRE,CONTAINS,HER_01923,白芷,HER,2
PRE_02894,平肝清火汤,PRE,CONTAINS,HER_01982,女贞子,HER,2
PRE_02894,平肝清火汤,PRE,CONTAINS,HER_01867,麦冬,HER,2
HER_01982,女贞子,HER,HAS_EFFECT,EFF_01299,平肝息风,EFF,2
CAU_00061,内伤,CAU,CAUSES,SYM_03421,咳嗽,SYM,2
HER_01948,地骨皮,HER,RELIEVES,SYM_03434,身热,SYM,2
HER_01948,地骨皮,HER,RELIEVES,SYM_03775,面肿,SYM,2
HER_01854,甘草,HER,RELIEVES,SYM_03434,身热,SYM,4
HER_01854,甘草,HER,RELIEVES,SYM_03775,面肿,SYM,2
HER_02057,桑皮,HER,RELIEVES,SYM_03434,身热,SYM,2
HER_02057,桑皮,HER,RELIEVES,SYM_03775,面肿,SYM,2
CAU_00129,肾阳虚,CAU,CAUSES,SYM_04829,水泛为痰,SYM,2
CAU_00323,肺经火郁气分,CAU,CAUSES,SYM_03648,喘嗽,SYM,2
CAU_00175,外寒郁遏肺火,CAU,CAUSES,SYM_03648,喘嗽,SYM,2
HER_01870,杏仁,HER,RELIEVES,SYM_03648,喘嗽,SYM,2
HER_01921,麻黄,HER,RELIEVES,SYM_03648,喘嗽,SYM,2
CAU_00001,脉细数,CAU,CAUSES,SYM_03423,神疲,SYM,14
CAU_00001,脉细数,CAU,CAUSES,SYM_04021,舌质红少苔,SYM,2
CAU_00001,脉细数,CAU,CAUSES,SYM_03950,午后潮热,SYM,3
CAU_00001,脉细数,CAU,CAUSES,SYM_03472,颧红,SYM,30
CAU_00001,脉细数,CAU,CAUSES,SYM_03521,口干咽燥,SYM,2
CAU_00001,脉细数,CAU,CAUSES,SYM_03438,盗汗,SYM,35
CAU_00121,水气,CAU,CAUSES,SYM_03470,小便不利,SYM,2
CAU_00121,水气,CAU,CAUSES,SYM_03421,咳嗽,SYM,2
PRE_02513,真武汤,PRE,TREATS,SYM_03789,四肢沉重,SYM,2
HER_01981,香薷,HER,RELIEVES,SYM_03434,身热,SYM,2
CAU_00043,肺虚,CAU,CAUSES,SYM_04598,喉燥,SYM,2
CAU_00134,脉紧,CAU,CAUSES,SYM_03777,鼻流清涕,SYM,2
CAU_00008,脉浮,CAU,CAUSES,SYM_03777,鼻流清涕,SYM,4
CAU_00008,脉浮,CAU,CAUSES,SYM_03708,感风,SYM,3
PRE_02504,桂枝汤,PRE,TREATS,SYM_03708,感风,SYM,2
HER_01942,细辛,HER,RELIEVES,SYM_03708,感风,SYM,2
HER_01867,麦冬,HER,RELIEVES,SYM_03839,大枣,SYM,2
CAU_00319,肺寒,CAU,CAUSES,SYM_03487,面白,SYM,2
HER_01870,杏仁,HER,RELIEVES,SYM_03434,身热,SYM,2
HER_01870,杏仁,HER,RELIEVES,SYM_03483,无汗,SYM,3
HER_01854,甘草,HER,RELIEVES,SYM_03648,喘嗽,SYM,2
HER_01854,甘草,HER,RELIEVES,SYM_03483,无汗,SYM,4
HER_01861,黄连,HER,RELIEVES,SYM_03434,身热,SYM,2
HER_01858,黄芩,HER,RELIEVES,SYM_03434,身热,SYM,2
HER_01921,麻黄,HER,RELIEVES,SYM_03483,无汗,SYM,2
CAU_00003,脉滑数,CAU,CAUSES,SYM_03488,便干,SYM,5
CAU_00003,脉滑数,CAU,CAUSES,SYM_03484,舌苔黄,SYM,8
CAU_00003,脉滑数,CAU,CAUSES,SYM_03410,口渴,SYM,37
CAU_00003,脉滑数,CAU,CAUSES,SYM_03530,尿黄,SYM,5
CAU_00003,脉滑数,CAU,CAUSES,SYM_03586,黄腻,SYM,6
CAU_00003,脉滑数,CAU,CAUSES,SYM_03421,咳嗽,SYM,5
CAU_00003,脉滑数,CAU,CAUSES,SYM_03419,烦躁,SYM,14
CAU_00003,脉滑数,CAU,CAUSES,SYM_03412,舌质红,SYM,37
CAU_00357,脉沉细虚,CAU,CAUSES,SYM_03421,咳嗽,SYM,2
CAU_00052,结代,CAU,CAUSES,SYM_03433,腰膝酸软,SYM,2
CAU_00052,结代,CAU,CAUSES,SYM_03421,咳嗽,SYM,4
PRE_02495,四君子汤,PRE,CONTAINS,HER_01862,黄芪,HER,2
CAU_00008,脉浮,CAU,CAUSES,SYM_03419,烦躁,SYM,5
CAU_00135,脉象虚数,CAU,CAUSES,SYM_03465,手足心热,SYM,2
CAU_00135,脉象虚数,CAU,CAUSES,SYM_03433,腰膝酸软,SYM,2
CAU_00135,脉象虚数,CAU,CAUSES,SYM_04133,痰中带有血丝,SYM,4
CAU_00135,脉象虚数,CAU,CAUSES,SYM_04166,舌红质干,SYM,4
CAU_00135,脉象虚数,CAU,CAUSES,SYM_03955,咳吐浊唾涎沫,SYM,3
CAU_00135,脉象虚数,CAU,CAUSES,SYM_03469,潮热,SYM,2
CAU_00135,脉象虚数,CAU,CAUSES,SYM_04066,咳声不扬,SYM,4
CAU_00135,脉象虚数,CAU,CAUSES,SYM_04136,皮毛干枯,SYM,4
CAU_00135,脉象虚数,CAU,CAUSES,SYM_03499,形体消瘦,SYM,4
CAU_00135,脉象虚数,CAU,CAUSES,SYM_03956,咽干而燥,SYM,3
CAU_00334,肾阴亏损,CAU,CAUSES,SYM_03465,手足心热,SYM,2
CAU_00334,肾阴亏损,CAU,CAUSES,SYM_03433,腰膝酸软,SYM,2
CAU_00334,肾阴亏损,CAU,CAUSES,SYM_04133,痰中带有血丝,SYM,2
CAU_00334,肾阴亏损,CAU,CAUSES,SYM_04166,舌红质干,SYM,2
CAU_00334,肾阴亏损,CAU,CAUSES,SYM_03469,潮热,SYM,2
CAU_00334,肾阴亏损,CAU,CAUSES,SYM_04066,咳声不扬,SYM,2
CAU_00334,肾阴亏损,CAU,CAUSES,SYM_04136,皮毛干枯,SYM,2
CAU_00334,肾阴亏损,CAU,CAUSES,SYM_03499,形体消瘦,SYM,2
CAU_00184,心阴不足,CAU,CAUSES,SYM_03539,健忘,SYM,2
CAU_00184,心阴不足,CAU,CAUSES,SYM_03540,少寐,SYM,2
CAU_00184,心阴不足,CAU,CAUSES,SYM_03437,失眠,SYM,2
CAU_00131,脉弦滑或滑数,CAU,CAUSES,SYM_03442,口苦,SYM,3
CAU_00131,脉弦滑或滑数,CAU,CAUSES,SYM_03467,痰多,SYM,3
CAU_00131,脉弦滑或滑数,CAU,CAUSES,SYM_03444,大便秘结,SYM,3
CAU_00131,脉弦滑或滑数,CAU,CAUSES,SYM_03418,心烦,SYM,3
CAU_00051,脉沉细无力,CAU,CAUSES,SYM_03423,神疲,SYM,3
CAU_00051,脉沉细无力,CAU,CAUSES,SYM_03433,腰膝酸软,SYM,6
CAU_00051,脉沉细无力,CAU,CAUSES,SYM_03451,少苔,SYM,3
CAU_00051,脉沉细无力,CAU,CAUSES,SYM_03408,舌红,SYM,2
CAU_00051,脉沉细无力,CAU,CAUSES,SYM_03418,心烦,SYM,2
CAU_00111,脉沉细或涩,CAU,CAUSES,SYM_04509,口唇爪甲紫暗,SYM,2
CAU_00111,脉沉细或涩,CAU,CAUSES,SYM_03594,舌质暗,SYM,3
CAU_00111,脉沉细或涩,CAU,CAUSES,SYM_03691,肌肤甲错,SYM,2
CAU_00111,脉沉细或涩,CAU,CAUSES,SYM_03531,干咳,SYM,2
CAU_00049,肺热,CAU,CAUSES,SYM_03941,鼻出血,SYM,2
CAU_00049,肺热,CAU,CAUSES,SYM_04194,鼻腔干燥,SYM,2
CAU_00154,肝火偏旺,CAU,CAUSES,SYM_03941,鼻出血,SYM,2
CAU_00154,肝火偏旺,CAU,CAUSES,SYM_04194,鼻腔干燥,SYM,2
CAU_00031,胃热,CAU,CAUSES,SYM_03941,鼻出血,SYM,2
CAU_00031,胃热,CAU,CAUSES,SYM_04194,鼻腔干燥,SYM,2
CAU_00352,脉数或浮数,CAU,CAUSES,SYM_03415,苔薄白,SYM,2
CAU_00352,脉数或浮数,CAU,CAUSES,SYM_03434,身热,SYM,2
CAU_00352,脉数或浮数,CAU,CAUSES,SYM_03421,咳嗽,SYM,2
CAU_00352,脉数或浮数,CAU,CAUSES,SYM_04037,鼻中出血,SYM,2
CAU_00352,脉数或浮数,CAU,CAUSES,SYM_05236,鼻塞涕黄,SYM,2
CAU_00352,脉数或浮数,CAU,CAUSES,SYM_04194,鼻腔干燥,SYM,2
CAU_00352,脉数或浮数,CAU,CAUSES,SYM_03412,舌质红,SYM,2
CAU_00203,肺经风热,CAU,CAUSES,SYM_03415,苔薄白,SYM,2
CAU_00203,肺经风热,CAU,CAUSES,SYM_03434,身热,SYM,2
CAU_00203,肺经风热,CAU,CAUSES,SYM_03421,咳嗽,SYM,2
CAU_00203,肺经风热,CAU,CAUSES,SYM_04037,鼻中出血,SYM,2
CAU_00203,肺经风热,CAU,CAUSES,SYM_05236,鼻塞涕黄,SYM,2
CAU_00203,肺经风热,CAU,CAUSES,SYM_04194,鼻腔干燥,SYM,2
CAU_00203,肺经风热,CAU,CAUSES,SYM_03412,舌质红,SYM,2
CAU_00031,胃热,CAU,CAUSES,SYM_03410,口渴,SYM,5
CAU_00031,胃热,CAU,CAUSES,SYM_03408,舌红,SYM,4
CAU_00031,胃热,CAU,CAUSES,SYM_03419,烦躁,SYM,2
CAU_00031,胃热,CAU,CAUSES,SYM_03416,苔黄,SYM,5
CAU_00004,脉弦数,CAU,CAUSES,SYM_03442,口苦,SYM,19
CAU_00004,脉弦数,CAU,CAUSES,SYM_04193,鼻粘膜色深红,SYM,4
CAU_00004,脉弦数,CAU,CAUSES,SYM_03441,咽干,SYM,13
CAU_00004,脉弦数,CAU,CAUSES,SYM_03450,易怒,SYM,22
CAU_00004,脉弦数,CAU,CAUSES,SYM_03419,烦躁,SYM,19
CAU_00004,脉弦数,CAU,CAUSES,SYM_03724,面红目赤,SYM,3
CAU_00004,脉弦数,CAU,CAUSES,SYM_03409,头痛,SYM,12
CAU_00004,脉弦数,CAU,CAUSES,SYM_03520,头晕耳鸣,SYM,2
CAU_00004,脉弦数,CAU,CAUSES,SYM_03416,苔黄,SYM,38
CAU_00004,脉弦数,CAU,CAUSES,SYM_03412,舌质红,SYM,18
CAU_00159,胸胁苦满,CAU,CAUSES,SYM_03442,口苦,SYM,3
CAU_00159,胸胁苦满,CAU,CAUSES,SYM_04193,鼻粘膜色深红,SYM,2
CAU_00159,胸胁苦满,CAU,CAUSES,SYM_03441,咽干,SYM,2
CAU_00159,胸胁苦满,CAU,CAUSES,SYM_03450,易怒,SYM,2
CAU_00159,胸胁苦满,CAU,CAUSES,SYM_03419,烦躁,SYM,2
CAU_00159,胸胁苦满,CAU,CAUSES,SYM_03724,面红目赤,SYM,2
CAU_00159,胸胁苦满,CAU,CAUSES,SYM_03409,头痛,SYM,2
CAU_00159,胸胁苦满,CAU,CAUSES,SYM_03520,头晕耳鸣,SYM,2
CAU_00159,胸胁苦满,CAU,CAUSES,SYM_03416,苔黄,SYM,2
CAU_00159,胸胁苦满,CAU,CAUSES,SYM_03412,舌质红,SYM,2
CAU_00260,心火亢盛,CAU,CAUSES,SYM_03647,口舌生疮,SYM,2
CAU_00260,心火亢盛,CAU,CAUSES,SYM_03416,苔黄,SYM,2
CAU_00260,心火亢盛,CAU,CAUSES,SYM_04441,鼻粘膜红赤,SYM,2
CAU_00260,心火亢盛,CAU,CAUSES,SYM_03410,口渴,SYM,2
CAU_00260,心火亢盛,CAU,CAUSES,SYM_03482,小便黄赤,SYM,2
CAU_00260,心火亢盛,CAU,CAUSES,SYM_03575,舌尖红,SYM,2
CAU_00260,心火亢盛,CAU,CAUSES,SYM_03434,身热,SYM,2
CAU_00260,心火亢盛,CAU,CAUSES,SYM_04195,鼻血外涌,SYM,2
CAU_00260,心火亢盛,CAU,CAUSES,SYM_03444,大便秘结,SYM,2
CAU_00260,心火亢盛,CAU,CAUSES,SYM_03437,失眠,SYM,2
CAU_00260,心火亢盛,CAU,CAUSES,SYM_03695,血色鲜红,SYM,2
CAU_00260,心火亢盛,CAU,CAUSES,SYM_03447,面赤,SYM,2
CAU_00260,心火亢盛,CAU,CAUSES,SYM_03418,心烦,SYM,2
CAU_00007,脉数,CAU,CAUSES,SYM_03647,口舌生疮,SYM,3
CAU_00007,脉数,CAU,CAUSES,SYM_03416,苔黄,SYM,23
CAU_00007,脉数,CAU,CAUSES,SYM_04441,鼻粘膜红赤,SYM,3
CAU_00007,脉数,CAU,CAUSES,SYM_03410,口渴,SYM,23
CAU_00007,脉数,CAU,CAUSES,SYM_03482,小便黄赤,SYM,10
CAU_00007,脉数,CAU,CAUSES,SYM_03575,舌尖红,SYM,7
CAU_00007,脉数,CAU,CAUSES,SYM_03434,身热,SYM,7
CAU_00007,脉数,CAU,CAUSES,SYM_04195,鼻血外涌,SYM,3
CAU_00007,脉数,CAU,CAUSES,SYM_03444,大便秘结,SYM,9
CAU_00007,脉数,CAU,CAUSES,SYM_03437,失眠,SYM,6
CAU_00007,脉数,CAU,CAUSES,SYM_03695,血色鲜红,SYM,6
CAU_00007,脉数,CAU,CAUSES,SYM_03447,面赤,SYM,11
CAU_00007,脉数,CAU,CAUSES,SYM_03418,心烦,SYM,12
CAU_00001,脉细数,CAU,CAUSES,SYM_03430,耳鸣,SYM,19
CAU_00001,脉细数,CAU,CAUSES,SYM_03539,健忘,SYM,3
CAU_00001,脉细数,CAU,CAUSES,SYM_03655,头晕眼花,SYM,3
CAU_00001,脉细数,CAU,CAUSES,SYM_03420,口干,SYM,22
CAU_00001,脉细数,CAU,CAUSES,SYM_03433,腰膝酸软,SYM,20
CAU_00001,脉细数,CAU,CAUSES,SYM_03451,少苔,SYM,31
CAU_00001,脉细数,CAU,CAUSES,SYM_03408,舌红,SYM,55
CAU_00001,脉细数,CAU,CAUSES,SYM_04192,鼻粘膜色淡红而干嫩,SYM,3
CAU_00001,脉细数,CAU,CAUSES,SYM_03437,失眠,SYM,21
CAU_00001,脉细数,CAU,CAUSES,SYM_03418,心烦,SYM,27
CAU_00001,脉细数,CAU,CAUSES,SYM_03473,少津,SYM,22
CAU_00029,肾阴虚,CAU,CAUSES,SYM_03430,耳鸣,SYM,5
CAU_00029,肾阴虚,CAU,CAUSES,SYM_03539,健忘,SYM,2
CAU_00029,肾阴虚,CAU,CAUSES,SYM_03655,头晕眼花,SYM,2
CAU_00029,肾阴虚,CAU,CAUSES,SYM_03420,口干,SYM,3
CAU_00029,肾阴虚,CAU,CAUSES,SYM_03433,腰膝酸软,SYM,6
CAU_00029,肾阴虚,CAU,CAUSES,SYM_03451,少苔,SYM,2
CAU_00029,肾阴虚,CAU,CAUSES,SYM_03408,舌红,SYM,9
CAU_00029,肾阴虚,CAU,CAUSES,SYM_04192,鼻粘膜色淡红而干嫩,SYM,2
CAU_00029,肾阴虚,CAU,CAUSES,SYM_03438,盗汗,SYM,6
CAU_00029,肾阴虚,CAU,CAUSES,SYM_03437,失眠,SYM,5
CAU_00029,肾阴虚,CAU,CAUSES,SYM_03418,心烦,SYM,7
CAU_00029,肾阴虚,CAU,CAUSES,SYM_03473,少津,SYM,4
CAU_00029,肾阴虚,CAU,CAUSES,SYM_03472,颧红,SYM,5
CAU_00021,脉弱,CAU,CAUSES,SYM_03509,舌质紫暗,SYM,2
CAU_00021,脉弱,CAU,CAUSES,SYM_04621,声低气短,SYM,2
CAU_00021,脉弱,CAU,CAUSES,SYM_04510,口唇爪甲紫绀,SYM,2
CAU_00021,脉弱,CAU,CAUSES,SYM_04294,持续喘哮,SYM,2
CAU_00002,脉沉细,CAU,CAUSES,SYM_03430,耳鸣,SYM,11
CAU_00002,脉沉细,CAU,CAUSES,SYM_03603,腰酸腿软,SYM,8
CAU_00002,脉沉细,CAU,CAUSES,SYM_03413,舌淡,SYM,27
CAU_00002,脉沉细,CAU,CAUSES,SYM_05061,脑转,SYM,2
CAU_00002,脉沉细,CAU,CAUSES,SYM_04148,耐劳累,SYM,2
CAU_00002,脉沉细,CAU,CAUSES,SYM_03544,小便清长,SYM,9
CAU_00008,脉浮,CAU,CAUSES,SYM_03414,苔白,SYM,3
CAU_00008,脉浮,CAU,CAUSES,SYM_03413,舌淡,SYM,2
CAU_00008,脉浮,CAU,CAUSES,SYM_03421,咳嗽,SYM,17
CAU_00008,脉浮,CAU,CAUSES,SYM_03650,喷嚏,SYM,3
CAU_00008,脉浮,CAU,CAUSES,SYM_03959,喉中哮鸣有声,SYM,3
CAU_00008,脉浮,CAU,CAUSES,SYM_03491,身痛,SYM,3
CAU_00008,脉浮,CAU,CAUSES,SYM_04183,面色晦滞,SYM,2
CAU_00008,脉浮,CAU,CAUSES,SYM_03428,舌质淡,SYM,2
CAU_00008,脉浮,CAU,CAUSES,SYM_03424,恶寒,SYM,20
CAU_00008,脉浮,CAU,CAUSES,SYM_03555,苔白滑,SYM,3
CAU_00008,脉浮,CAU,CAUSES,SYM_03407,发热,SYM,41
CAU_00210,胸膈烦闷,CAU,CAUSES,SYM_03407,发热,SYM,2
CAU_00003,脉滑数,CAU,CAUSES,SYM_03675,面红,SYM,5
CAU_00003,脉滑数,CAU,CAUSES,SYM_03416,苔黄,SYM,37
CAU_00003,脉滑数,CAU,CAUSES,SYM_03418,心烦,SYM,10
CAU_00003,脉滑数,CAU,CAUSES,SYM_03407,发热,SYM,27
CAU_00010,脉细弱,CAU,CAUSES,SYM_03414,苔白,SYM,15
CAU_00010,脉细弱,CAU,CAUSES,SYM_04103,怕风,SYM,2
CAU_00010,脉细弱,CAU,CAUSES,SYM_03467,痰多,SYM,2
CAU_00010,脉细弱,CAU,CAUSES,SYM_03872,食少便溏,SYM,3
CAU_00010,脉细弱,CAU,CAUSES,SYM_04305,气短声低,SYM,2
CAU_00010,脉细弱,CAU,CAUSES,SYM_03431,自汗,SYM,10
CAU_00010,脉细弱,CAU,CAUSES,SYM_03513,倦怠乏力,SYM,8
CAU_00346,脉弦紧或浮紧,CAU,CAUSES,SYM_03432,肢冷,SYM,2
CAU_00346,脉弦紧或浮紧,CAU,CAUSES,SYM_03467,痰多,SYM,2
CAU_00346,脉弦紧或浮紧,CAU,CAUSES,SYM_03785,呼吸急促,SYM,2
CAU_00346,脉弦紧或浮紧,CAU,CAUSES,SYM_05188,面色青晦,SYM,2
CAU_00346,脉弦紧或浮紧,CAU,CAUSES,SYM_04115,易咯,SYM,2
CAU_00346,脉弦紧或浮紧,CAU,CAUSES,SYM_03555,苔白滑,SYM,2
CAU_00346,脉弦紧或浮紧,CAU,CAUSES,SYM_03424,恶寒,SYM,2
CAU_00056,脉滑实,CAU,CAUSES,SYM_05111,舌苔厚浊,SYM,2
CAU_00056,脉滑实,CAU,CAUSES,SYM_03632,流涕,SYM,2
CAU_00056,脉滑实,CAU,CAUSES,SYM_04405,色青黯,SYM,2
CAU_00056,脉滑实,CAU,CAUSES,SYM_03650,喷嚏,SYM,2
CAU_00056,脉滑实,CAU,CAUSES,SYM_03649,喘急,SYM,2
CAU_00056,脉滑实,CAU,CAUSES,SYM_04250,声如拽锯,SYM,2
CAU_00056,脉滑实,CAU,CAUSES,SYM_03456,鼻塞,SYM,2
CAU_00001,脉细数,CAU,CAUSES,SYM_03445,汗出,SYM,11
CAU_00001,脉细数,CAU,CAUSES,SYM_03419,烦躁,SYM,8
CAU_00001,脉细数,CAU,CAUSES,SYM_03603,腰酸腿软,SYM,5
CAU_00001,脉细数,CAU,CAUSES,SYM_03432,肢冷,SYM,4
CAU_00001,脉细数,CAU,CAUSES,SYM_03459,畏寒,SYM,3
CAU_00002,脉沉细,CAU,CAUSES,SYM_03899,心慌,SYM,2
CAU_00002,脉沉细,CAU,CAUSES,SYM_03420,口干,SYM,10
CAU_00002,脉沉细,CAU,CAUSES,SYM_04937,短气息促,SYM,2
CAU_00002,脉沉细,CAU,CAUSES,SYM_04398,舌苔淡白,SYM,2
CAU_00002,脉沉细,CAU,CAUSES,SYM_04021,舌质红少苔,SYM,2
CAU_00002,脉沉细,CAU,CAUSES,SYM_03432,肢冷,SYM,37
CAU_00002,脉沉细,CAU,CAUSES,SYM_03459,畏寒,SYM,17
CAU_00002,脉沉细,CAU,CAUSES,SYM_04534,吸气不利,SYM,2
CAU_00002,脉沉细,CAU,CAUSES,SYM_03460,面色苍白,SYM,6
CAU_00002,脉沉细,CAU,CAUSES,SYM_03418,心烦,SYM,8
CAU_00002,脉沉细,CAU,CAUSES,SYM_03472,颧红,SYM,3
CAU_00078,脉弦紧,CAU,CAUSES,SYM_04074,大便偏干,SYM,2
CAU_00078,脉弦紧,CAU,CAUSES,SYM_03414,苔白,SYM,3
CAU_00078,脉弦紧,CAU,CAUSES,SYM_04896,痰黏色黄,SYM,2
CAU_00078,脉弦紧,CAU,CAUSES,SYM_03491,身痛,SYM,2
CAU_00078,脉弦紧,CAU,CAUSES,SYM_05095,舌尖边红,SYM,2
CAU_00078,脉弦紧,CAU,CAUSES,SYM_03785,呼吸急促,SYM,2
CAU_00078,脉弦紧,CAU,CAUSES,SYM_03419,烦躁,SYM,2
CAU_00078,脉弦紧,CAU,CAUSES,SYM_03483,无汗,SYM,3
CAU_00078,脉弦紧,CAU,CAUSES,SYM_03732,喘咳,SYM,2
CAU_00078,脉弦紧,CAU,CAUSES,SYM_03959,喉中哮鸣有声,SYM,2
CAU_00078,脉弦紧,CAU,CAUSES,SYM_03424,恶寒,SYM,3
CAU_00078,脉弦紧,CAU,CAUSES,SYM_03407,发热,SYM,2
CAU_00002,脉沉细,CAU,CAUSES,SYM_03410,口渴,SYM,5
CAU_00002,脉沉细,CAU,CAUSES,SYM_03792,声低,SYM,2
CAU_00002,脉沉细,CAU,CAUSES,SYM_03441,咽干,SYM,4
CAU_00002,脉沉细,CAU,CAUSES,SYM_03428,舌质淡,SYM,18
CAU_00052,结代,CAU,CAUSES,SYM_03413,舌淡,SYM,2
CAU_00052,结代,CAU,CAUSES,SYM_03432,肢冷,SYM,4
CAU_00052,结代,CAU,CAUSES,SYM_03458,恶心呕吐,SYM,2
CAU_00052,结代,CAU,CAUSES,SYM_03427,心悸,SYM,11
CAU_00345,脉弦滑或沉细,CAU,CAUSES,SYM_03875,下肢浮肿,SYM,2
CAU_00345,脉弦滑或沉细,CAU,CAUSES,SYM_03545,小便短少,SYM,2
CAU_00345,脉弦滑或沉细,CAU,CAUSES,SYM_03413,舌淡,SYM,2
CAU_00345,脉弦滑或沉细,CAU,CAUSES,SYM_04022,苔滑,SYM,2
CAU_00345,脉弦滑或沉细,CAU,CAUSES,SYM_03432,肢冷,SYM,2
CAU_00345,脉弦滑或沉细,CAU,CAUSES,SYM_05049,胸闷痞满,SYM,2
CAU_00345,脉弦滑或沉细,CAU,CAUSES,SYM_03458,恶心呕吐,SYM,2
CAU_00345,脉弦滑或沉细,CAU,CAUSES,SYM_03425,头晕,SYM,2
CAU_00345,脉弦滑或沉细,CAU,CAUSES,SYM_03427,心悸,SYM,2
HER_01857,白术,HER,RELIEVES,SYM_03839,大枣,SYM,2
HER_01854,甘草,HER,RELIEVES,SYM_03839,大枣,SYM,3
HER_01860,白芍,HER,RELIEVES,SYM_03839,大枣,SYM,2
HER_01855,茯苓,HER,RELIEVES,SYM_03839,大枣,SYM,2
CAU_00001,脉细数,CAU,CAUSES,SYM_03415,苔薄白,SYM,3
CAU_00001,脉细数,CAU,CAUSES,SYM_03540,少寐,SYM,4
CAU_00001,脉细数,CAU,CAUSES,SYM_03585,食少纳呆,SYM,3
CAU_00001,脉细数,CAU,CAUSES,SYM_03427,心悸,SYM,11
CAU_00039,脉细弦,CAU,CAUSES,SYM_03426,胸闷,SYM,5
PRE_02828,养荣汤,PRE,CONTAINS,HER_01863,人参,HER,2
CAU_00052,结代,CAU,CAUSES,SYM_03417,乏力,SYM,5
CAU_00052,结代,CAU,CAUSES,SYM_03414,苔白,SYM,2
CAU_00052,结代,CAU,CAUSES,SYM_03423,神疲,SYM,3
CAU_00052,结代,CAU,CAUSES,SYM_03428,舌质淡,SYM,5
CAU_00052,结代,CAU,CAUSES,SYM_03670,胸闷气短,SYM,2
CAU_00354,脉沉无力,CAU,CAUSES,SYM_03432,肢冷,SYM,2
CAU_00354,脉沉无力,CAU,CAUSES,SYM_03428,舌质淡,SYM,2
CAU_00354,脉沉无力,CAU,CAUSES,SYM_03427,心悸,SYM,2
CAU_00188,气虚血瘀,CAU,CAUSES,SYM_03415,苔薄白,SYM,3
CAU_00188,气虚血瘀,CAU,CAUSES,SYM_03427,心悸,SYM,2
CAU_00089,脉微欲绝,CAU,CAUSES,SYM_03493,烦躁不安,SYM,2
CAU_00089,脉微欲绝,CAU,CAUSES,SYM_03529,四肢厥冷,SYM,2
PRE_02744,点汤盐,PRE,CONTAINS,HER_01966,皂角,HER,3
PRE_02723,控涎丹,PRE,CONTAINS,HER_01966,皂角,HER,3
CAU_00342,脉伏或沉弦,CAU,CAUSES,SYM_03415,苔薄白,SYM,2
CAU_00342,脉伏或沉弦,CAU,CAUSES,SYM_04221,呼吸气粗,SYM,2
CAU_00342,脉伏或沉弦,CAU,CAUSES,SYM_04513,口噤握拳,SYM,2
CAU_00342,脉伏或沉弦,CAU,CAUSES,SYM_03529,四肢厥冷,SYM,2
HER_02212,甘麦,HER,RELIEVES,SYM_03839,大枣,SYM,3
CAU_00006,脉沉,CAU,CAUSES,SYM_05157,足蜷卧,SYM,2
CAU_00006,脉沉,CAU,CAUSES,SYM_04573,唇口青,SYM,2
CAU_00340,脉乍紧者,CAU,CAUSES,SYM_03844,手足厥冷,SYM,2
CAU_00019,脉弦滑,CAU,CAUSES,SYM_03426,胸闷,SYM,6
CAU_00019,脉弦滑,CAU,CAUSES,SYM_03681,形体肥胖,SYM,2
CAU_00019,脉弦滑,CAU,CAUSES,SYM_04132,痛引肩背,SYM,2
CAU_00019,脉弦滑,CAU,CAUSES,SYM_03594,舌质暗,SYM,3
CAU_00019,脉弦滑,CAU,CAUSES,SYM_05116,舌苔浊腻,SYM,2
CAU_00019,脉弦滑,CAU,CAUSES,SYM_03467,痰多,SYM,4
CAU_00019,脉弦滑,CAU,CAUSES,SYM_05007,肢体沉重,SYM,2
CAU_00002,脉沉细,CAU,CAUSES,SYM_03426,胸闷,SYM,7
CAU_00002,脉沉细,CAU,CAUSES,SYM_03417,乏力,SYM,27
CAU_00002,脉沉细,CAU,CAUSES,SYM_03465,手足心热,SYM,5
CAU_00002,脉沉细,CAU,CAUSES,SYM_03423,神疲,SYM,28
CAU_00002,脉沉细,CAU,CAUSES,SYM_03474,腰酸,SYM,12
CAU_00002,脉沉细,CAU,CAUSES,SYM_03438,盗汗,SYM,5
CAU_00002,脉沉细,CAU,CAUSES,SYM_03427,心悸,SYM,15
CAU_00002,脉沉细,CAU,CAUSES,SYM_03431,自汗,SYM,16
CAU_00001,脉细数,CAU,CAUSES,SYM_03426,胸闷,SYM,3
CAU_00001,脉细数,CAU,CAUSES,SYM_03417,乏力,SYM,17
CAU_00001,脉细数,CAU,CAUSES,SYM_03465,手足心热,SYM,24
CAU_00001,脉细数,CAU,CAUSES,SYM_03413,舌淡,SYM,4
CAU_00001,脉细数,CAU,CAUSES,SYM_03474,腰酸,SYM,5
CAU_00001,脉细数,CAU,CAUSES,SYM_03428,舌质淡,SYM,4
CAU_00001,脉细数,CAU,CAUSES,SYM_03431,自汗,SYM,7
CAU_00052,结代,CAU,CAUSES,SYM_03426,胸闷,SYM,5
CAU_00052,结代,CAU,CAUSES,SYM_03474,腰酸,SYM,2
CAU_00052,结代,CAU,CAUSES,SYM_03431,自汗,SYM,2
CAU_00052,结代,CAU,CAUSES,SYM_03460,面色苍白,SYM,3
CAU_00052,结代,CAU,CAUSES,SYM_03440,气短,SYM,2
CAU_00052,结代,CAU,CAUSES,SYM_03492,尿少,SYM,2
CAU_00111,脉沉细或涩,CAU,CAUSES,SYM_03426,胸闷,SYM,2
CAU_00111,脉沉细或涩,CAU,CAUSES,SYM_03431,自汗,SYM,2
CAU_00111,脉沉细或涩,CAU,CAUSES,SYM_03414,苔白,SYM,2
CAU_00111,脉沉细或涩,CAU,CAUSES,SYM_03432,肢冷,SYM,2
CAU_00111,脉沉细或涩,CAU,CAUSES,SYM_03421,咳嗽,SYM,2
CAU_00111,脉沉细或涩,CAU,CAUSES,SYM_03445,汗出,SYM,2
CAU_00111,脉沉细或涩,CAU,CAUSES,SYM_04548,咯稀白痰,SYM,2
CAU_00111,脉沉细或涩,CAU,CAUSES,SYM_03427,心悸,SYM,2
CAU_00111,脉沉细或涩,CAU,CAUSES,SYM_03492,尿少,SYM,2
CAU_00052,结代,CAU,CAUSES,SYM_03455,舌淡红,SYM,2
CAU_00051,脉沉细无力,CAU,CAUSES,SYM_03553,四肢不温,SYM,2
CAU_00051,脉沉细无力,CAU,CAUSES,SYM_03440,气短,SYM,2
CAU_00051,脉沉细无力,CAU,CAUSES,SYM_03455,舌淡红,SYM,3
CAU_00051,脉沉细无力,CAU,CAUSES,SYM_03520,头晕耳鸣,SYM,2
CAU_00051,脉沉细无力,CAU,CAUSES,SYM_03427,心悸,SYM,4
CAU_00010,脉细弱,CAU,CAUSES,SYM_05024,胃痞胀满,SYM,2
CAU_00010,脉细弱,CAU,CAUSES,SYM_04007,胃脘隐痛,SYM,2
CAU_00010,脉细弱,CAU,CAUSES,SYM_03683,欲不振,SYM,2
CAU_00010,脉细弱,CAU,CAUSES,SYM_03496,大便溏薄,SYM,7
CAU_00010,脉细弱,CAU,CAUSES,SYM_04247,嗳气反流,SYM,2
CAU_00000,脉弦,CAU,CAUSES,SYM_03516,脘腹胀满,SYM,2
CAU_00000,脉弦,CAU,CAUSES,SYM_03408,舌红,SYM,15
CAU_00000,脉弦,CAU,CAUSES,SYM_03450,易怒,SYM,21
CAU_00000,脉弦,CAU,CAUSES,SYM_03416,苔黄,SYM,11
CAU_00000,脉弦,CAU,CAUSES,SYM_03418,心烦,SYM,11
CAU_00019,脉弦滑,CAU,CAUSES,SYM_03442,口苦,SYM,3
CAU_00019,脉弦滑,CAU,CAUSES,SYM_03416,苔黄,SYM,10
CAU_00019,脉弦滑,CAU,CAUSES,SYM_03441,咽干,SYM,2
CAU_00019,脉弦滑,CAU,CAUSES,SYM_03408,舌红,SYM,8
CAU_00019,脉弦滑,CAU,CAUSES,SYM_03437,失眠,SYM,2
CAU_00019,脉弦滑,CAU,CAUSES,SYM_03418,心烦,SYM,4
CAU_00019,脉弦滑,CAU,CAUSES,SYM_03481,嗳气,SYM,4
CAU_00019,脉弦滑,CAU,CAUSES,SYM_03414,苔白,SYM,8
CAU_00019,脉弦滑,CAU,CAUSES,SYM_03682,有痰,SYM,2
CAU_00019,脉弦滑,CAU,CAUSES,SYM_04499,反流,SYM,2
CAU_00019,脉弦滑,CAU,CAUSES,SYM_03615,吞咽困难,SYM,2
CAU_00038,脉涩,CAU,CAUSES,SYM_03481,嗳气,SYM,2
CAU_00038,脉涩,CAU,CAUSES,SYM_03509,舌质紫暗,SYM,6
CAU_00038,脉涩,CAU,CAUSES,SYM_03952,反酸,SYM,2
CAU_00038,脉涩,CAU,CAUSES,SYM_04007,胃脘隐痛,SYM,2
CAU_00038,脉涩,CAU,CAUSES,SYM_04128,烧心,SYM,2
CAU_00006,脉沉,CAU,CAUSES,SYM_03553,四肢不温,SYM,4
CAU_00006,脉沉,CAU,CAUSES,SYM_03414,苔白,SYM,16
CAU_00006,脉沉,CAU,CAUSES,SYM_03413,舌淡,SYM,22
CAU_00006,脉沉,CAU,CAUSES,SYM_04256,大便溏泻,SYM,2
CAU_00004,脉弦数,CAU,CAUSES,SYM_03420,口干,SYM,9
CAU_00004,脉弦数,CAU,CAUSES,SYM_03410,口渴,SYM,5
CAU_00004,脉弦数,CAU,CAUSES,SYM_04046,两胁胀满,SYM,2
CAU_00004,脉弦数,CAU,CAUSES,SYM_03408,舌红,SYM,32
CAU_00004,脉弦数,CAU,CAUSES,SYM_03418,心烦,SYM,11
CAU_00006,脉沉,CAU,CAUSES,SYM_03525,舌质淡红,SYM,2
CAU_00006,脉沉,CAU,CAUSES,SYM_03410,口渴,SYM,2
CAU_00006,脉沉,CAU,CAUSES,SYM_03418,心烦,SYM,3
CAU_00001,脉细数,CAU,CAUSES,SYM_03488,便干,SYM,13
CAU_00001,脉细数,CAU,CAUSES,SYM_03452,苔少,SYM,26
CAU_00001,脉细数,CAU,CAUSES,SYM_03527,口燥咽干,SYM,6
CAU_00001,脉细数,CAU,CAUSES,SYM_03412,舌质红,SYM,22
CAU_00019,脉弦滑,CAU,CAUSES,SYM_03525,舌质淡红,SYM,2
CAU_00019,脉弦滑,CAU,CAUSES,SYM_03834,嗳腐吞酸,SYM,2
CAU_00019,脉弦滑,CAU,CAUSES,SYM_03458,恶心呕吐,SYM,2
CAU_00000,脉弦,CAU,CAUSES,SYM_03481,嗳气,SYM,15
CAU_00000,脉弦,CAU,CAUSES,SYM_03525,舌质淡红,SYM,5
CAU_00000,脉弦,CAU,CAUSES,SYM_03415,苔薄白,SYM,33
CAU_00003,脉滑数,CAU,CAUSES,SYM_03444,大便秘结,SYM,17
CAU_00056,脉滑实,CAU,CAUSES,SYM_03879,吐酸,SYM,2
CAU_00056,脉滑实,CAU,CAUSES,SYM_03481,嗳气,SYM,6
CAU_00010,脉细弱,CAU,CAUSES,SYM_03553,四肢不温,SYM,4
CAU_00008,脉浮,CAU,CAUSES,SYM_03415,苔薄白,SYM,14
CAU_00008,脉浮,CAU,CAUSES,SYM_03880,周身酸楚,SYM,3
PRE_02502,温胆汤,PRE,CONTAINS,HER_01861,黄连,HER,2
HER_01868,半夏,HER,RELIEVES,SYM_03986,生姜,SYM,2
HER_01861,黄连,HER,RELIEVES,SYM_03986,生姜,SYM,2
CAU_00000,脉弦,CAU,CAUSES,SYM_03414,苔白,SYM,11
CAU_00000,脉弦,CAU,CAUSES,SYM_03575,舌尖红,SYM,2
CAU_00000,脉弦,CAU,CAUSES,SYM_03424,恶寒,SYM,9
CAU_00000,脉弦,CAU,CAUSES,SYM_03407,发热,SYM,9
CAU_00011,脉濡,CAU,CAUSES,SYM_03414,苔白,SYM,17
CAU_00011,脉濡,CAU,CAUSES,SYM_03410,口渴,SYM,5
CAU_00011,脉濡,CAU,CAUSES,SYM_03586,黄腻,SYM,3
CAU_00011,脉濡,CAU,CAUSES,SYM_03458,恶心呕吐,SYM,3
CAU_00011,脉濡,CAU,CAUSES,SYM_03445,汗出,SYM,2
CAU_00011,脉濡,CAU,CAUSES,SYM_03412,舌质红,SYM,13
CAU_00011,脉濡,CAU,CAUSES,SYM_03407,发热,SYM,9
CAU_00011,脉濡,CAU,CAUSES,SYM_03424,恶寒,SYM,5
CAU_00011,脉濡,CAU,CAUSES,SYM_03553,四肢不温,SYM,2
CAU_00011,脉濡,CAU,CAUSES,SYM_03420,口干,SYM,9
CAU_00011,脉濡,CAU,CAUSES,SYM_03428,舌质淡,SYM,13
CAU_00011,脉濡,CAU,CAUSES,SYM_03496,大便溏薄,SYM,5
CAU_00056,脉滑实,CAU,CAUSES,SYM_03516,脘腹胀满,SYM,4
CAU_00056,脉滑实,CAU,CAUSES,SYM_03583,舌苔厚腻,SYM,4
CAU_00056,脉滑实,CAU,CAUSES,SYM_03729,厌食,SYM,3
HER_02165,吴茱,HER,RELIEVES,SYM_03409,头痛,SYM,2
HER_02085,萸,HER,RELIEVES,SYM_03409,头痛,SYM,2
CAU_00079,脉微,CAU,CAUSES,SYM_03432,肢冷,SYM,2
PRE_02486,理中汤,PRE,TREATS,SYM_03432,肢冷,SYM,2
PRE_02482,二陈汤,PRE,TREATS,SYM_03443,呕吐,SYM,2
CAU_00215,脉必洪数,CAU,CAUSES,SYM_03419,烦躁,SYM,2
HER_01861,黄连,HER,RELIEVES,SYM_03419,烦躁,SYM,2
HER_01887,枳实,HER,RELIEVES,SYM_03424,恶寒,SYM,2
CAU_00030,脉细涩,CAU,CAUSES,SYM_03509,舌质紫暗,SYM,9
CAU_00030,脉细涩,CAU,CAUSES,SYM_04636,大便坚如羊屎,SYM,2
CAU_00030,脉细涩,CAU,CAUSES,SYM_04184,面色暗黑,SYM,2
CAU_00030,脉细涩,CAU,CAUSES,SYM_04526,吐出物如赤豆汁,SYM,2
CAU_00030,脉细涩,CAU,CAUSES,SYM_03517,便血,SYM,2
CAU_00030,脉细涩,CAU,CAUSES,SYM_04533,吞咽梗阻,SYM,2
CAU_00030,脉细涩,CAU,CAUSES,SYM_04990,肌肤枯燥,SYM,2
CAU_00030,脉细涩,CAU,CAUSES,SYM_03473,少津,SYM,2
CAU_00030,脉细涩,CAU,CAUSES,SYM_03412,舌质红,SYM,3
CAU_00030,脉细涩,CAU,CAUSES,SYM_03499,形体消瘦,SYM,2
CAU_00030,脉细涩,CAU,CAUSES,SYM_03940,食入即吐,SYM,2
CAU_00010,脉细弱,CAU,CAUSES,SYM_03972,形寒气短,SYM,2
CAU_00010,脉细弱,CAU,CAUSES,SYM_03819,足肿,SYM,2
CAU_00010,脉细弱,CAU,CAUSES,SYM_03449,便溏,SYM,8
CAU_00010,脉细弱,CAU,CAUSES,SYM_04308,泛吐清涎,SYM,2
CAU_00010,脉细弱,CAU,CAUSES,SYM_03584,面浮,SYM,4
CAU_00019,脉弦滑,CAU,CAUSES,SYM_05044,胸膈痞满,SYM,2
CAU_00019,脉弦滑,CAU,CAUSES,SYM_04644,大便艰涩,SYM,2
CAU_00019,脉弦滑,CAU,CAUSES,SYM_03455,舌淡红,SYM,3
CAU_00019,脉弦滑,CAU,CAUSES,SYM_03443,呕吐,SYM,3
CAU_00019,脉弦滑,CAU,CAUSES,SYM_03521,口干咽燥,SYM,2
CAU_00019,脉弦滑,CAU,CAUSES,SYM_03439,苔薄,SYM,3
CAU_00019,脉弦滑,CAU,CAUSES,SYM_05211,食道梗塞不舒,SYM,2
PRE_02495,四君子汤,PRE,TREATS,SYM_03443,呕吐,SYM,2
PRE_02495,四君子汤,PRE,TREATS,SYM_03467,痰多,SYM,2
PRE_02483,四物汤,PRE,CONTAINS,HER_02217,童便,HER,2
HER_01855,茯苓,HER,RELIEVES,SYM_03443,呕吐,SYM,2
CAU_00056,脉滑实,CAU,CAUSES,SYM_03834,嗳腐吞酸,SYM,2
CAU_00056,脉滑实,CAU,CAUSES,SYM_03659,恶食,SYM,2
CAU_00056,脉滑实,CAU,CAUSES,SYM_04397,舌苔垢腻,SYM,3
CAU_00003,脉滑数,CAU,CAUSES,SYM_03464,小便短赤,SYM,5
CAU_00003,脉滑数,CAU,CAUSES,SYM_03411,腹痛,SYM,13
CAU_00003,脉滑数,CAU,CAUSES,SYM_03431,自汗,SYM,3
CAU_00002,脉沉细,CAU,CAUSES,SYM_03414,苔白,SYM,28
CAU_00002,脉沉细,CAU,CAUSES,SYM_03411,腹痛,SYM,9
CAU_00002,脉沉细,CAU,CAUSES,SYM_03496,大便溏薄,SYM,7
CAU_00002,脉沉细,CAU,CAUSES,SYM_03440,气短,SYM,20
CAU_00000,脉弦,CAU,CAUSES,SYM_03426,胸闷,SYM,18
CAU_00006,脉沉,CAU,CAUSES,SYM_03411,腹痛,SYM,6
CAU_00006,脉沉,CAU,CAUSES,SYM_04292,手足冷,SYM,2
CAU_00006,脉沉,CAU,CAUSES,SYM_03432,肢冷,SYM,18
CAU_00014,脉滑,CAU,CAUSES,SYM_03516,脘腹胀满,SYM,2
CAU_00014,脉滑,CAU,CAUSES,SYM_03444,大便秘结,SYM,4
CAU_00014,脉滑,CAU,CAUSES,SYM_03659,恶食,SYM,3
CAU_00030,脉细涩,CAU,CAUSES,SYM_03411,腹痛,SYM,3
CAU_00011,脉濡,CAU,CAUSES,SYM_04309,泻下急迫,SYM,2
CAU_00011,脉濡,CAU,CAUSES,SYM_03505,烦热,SYM,2
CAU_00011,脉濡,CAU,CAUSES,SYM_04151,肛门灼热,SYM,2
CAU_00011,脉濡,CAU,CAUSES,SYM_03464,小便短赤,SYM,4
CAU_00011,脉濡,CAU,CAUSES,SYM_04839,泻如水注,SYM,2
CAU_00011,脉濡,CAU,CAUSES,SYM_03411,腹痛,SYM,10
CAU_00011,脉濡,CAU,CAUSES,SYM_04311,泻而不爽,SYM,2
CAU_00011,脉濡,CAU,CAUSES,SYM_03416,苔黄,SYM,6
CAU_00014,脉滑,CAU,CAUSES,SYM_04953,粪便臭如败卵,SYM,2
CAU_00014,脉滑,CAU,CAUSES,SYM_04610,嗳腐酸臭,SYM,2
CAU_00014,脉滑,CAU,CAUSES,SYM_05113,舌苔垢浊或厚腻,SYM,2
CAU_00014,脉滑,CAU,CAUSES,SYM_03490,肠鸣,SYM,4
CAU_00010,脉细弱,CAU,CAUSES,SYM_03611,肢倦,SYM,4
CAU_00010,脉细弱,CAU,CAUSES,SYM_03497,面色少华,SYM,10
CAU_00010,脉细弱,CAU,CAUSES,SYM_03734,完谷不化,SYM,3
CAU_00039,脉细弦,CAU,CAUSES,SYM_03481,嗳气,SYM,2
CAU_00039,脉细弦,CAU,CAUSES,SYM_03446,泄泻,SYM,2
CAU_00039,脉细弦,CAU,CAUSES,SYM_03411,腹痛,SYM,2
CAU_00011,脉濡,CAU,CAUSES,SYM_03415,苔薄白,SYM,7
CAU_00011,脉濡,CAU,CAUSES,SYM_03490,肠鸣,SYM,4
CAU_00011,脉濡,CAU,CAUSES,SYM_03456,鼻塞,SYM,2
CAU_00011,脉濡,CAU,CAUSES,SYM_03409,头痛,SYM,4
CAU_00002,脉沉细,CAU,CAUSES,SYM_03490,肠鸣,SYM,3
CAU_00002,脉沉细,CAU,CAUSES,SYM_03433,腰膝酸软,SYM,23
CAU_00002,脉沉细,CAU,CAUSES,SYM_03446,泄泻,SYM,3
CAU_00002,脉沉细,CAU,CAUSES,SYM_03734,完谷不化,SYM,2
CAU_00002,脉沉细,CAU,CAUSES,SYM_05090,腹部冷痛,SYM,2
CAU_00002,脉沉细,CAU,CAUSES,SYM_03621,腹泻,SYM,4
CAU_00002,脉沉细,CAU,CAUSES,SYM_03555,苔白滑,SYM,4
CAU_00071,脉虚弱,CAU,CAUSES,SYM_03414,苔白,SYM,2
CAU_00071,脉虚弱,CAU,CAUSES,SYM_03413,舌淡,SYM,2
CAU_00071,脉虚弱,CAU,CAUSES,SYM_03835,四肢倦怠,SYM,2
CAU_00071,脉虚弱,CAU,CAUSES,SYM_03423,神疲,SYM,2
CAU_00071,脉虚弱,CAU,CAUSES,SYM_03643,边有齿痕,SYM,2
CAU_00071,脉虚弱,CAU,CAUSES,SYM_03411,腹痛,SYM,2
CAU_00000,脉弦,CAU,CAUSES,SYM_03490,肠鸣,SYM,3
CAU_00000,脉弦,CAU,CAUSES,SYM_03446,泄泻,SYM,4
CAU_00000,脉弦,CAU,CAUSES,SYM_03411,腹痛,SYM,9
CAU_00000,脉弦,CAU,CAUSES,SYM_04169,舌边红,SYM,4
CAU_00000,脉弦,CAU,CAUSES,SYM_03631,泻后痛减,SYM,3
CAU_00011,脉濡,CAU,CAUSES,SYM_03446,泄泻,SYM,2
CAU_00061,内伤,CAU,CAUSES,SYM_03446,泄泻,SYM,2
PRE_02486,理中汤,PRE,TREATS,SYM_03446,泄泻,SYM,2
CAU_00000,脉弦,CAU,CAUSES,SYM_03734,完谷不化,SYM,2
HER_01874,枳壳,HER,RELIEVES,SYM_03504,烦渴,SYM,2
HER_01909,葛根,HER,RELIEVES,SYM_03504,烦渴,SYM,2
CAU_00003,脉滑数,CAU,CAUSES,SYM_03505,烦热,SYM,2
CAU_00003,脉滑数,CAU,CAUSES,SYM_03446,泄泻,SYM,4
CAU_00003,脉滑数,CAU,CAUSES,SYM_03735,小便短黄,SYM,4
CAU_00014,脉滑,CAU,CAUSES,SYM_03411,腹痛,SYM,5
CAU_00014,脉滑,CAU,CAUSES,SYM_03631,泻后痛减,SYM,3
CAU_00362,脉虚而细,CAU,CAUSES,SYM_03411,腹痛,SYM,2
CAU_00362,脉虚而细,CAU,CAUSES,SYM_04120,泄利不止,SYM,2
CAU_00362,脉虚而细,CAU,CAUSES,SYM_03420,口干,SYM,2
HER_01857,白术,HER,RELIEVES,SYM_03411,腹痛,SYM,3
CAU_00011,脉濡,CAU,CAUSES,SYM_04056,口淡乏味,SYM,3
CAU_00369,脉象濡弱,CAU,CAUSES,SYM_03411,腹痛,SYM,2
CAU_00367,脉象沉伏,CAU,CAUSES,SYM_04823,欲泻不得泻,SYM,2
CAU_00367,脉象沉伏,CAU,CAUSES,SYM_05078,腹中纹痛,SYM,2
CAU_00367,脉象沉伏,CAU,CAUSES,SYM_03419,烦躁,SYM,2
CAU_00367,脉象沉伏,CAU,CAUSES,SYM_05189,面色青苍,SYM,2
CAU_00367,脉象沉伏,CAU,CAUSES,SYM_04822,欲吐不得吐,SYM,2
CAU_00367,脉象沉伏,CAU,CAUSES,SYM_03529,四肢厥冷,SYM,2
CAU_00006,脉沉,CAU,CAUSES,SYM_03428,舌质淡,SYM,10
CAU_00006,脉沉,CAU,CAUSES,SYM_03460,面色苍白,SYM,5
CAU_00003,脉滑数,CAU,CAUSES,SYM_03458,恶心呕吐,SYM,3
CAU_00003,脉滑数,CAU,CAUSES,SYM_03408,舌红,SYM,32
CAU_00003,脉滑数,CAU,CAUSES,SYM_04798,昏迷痉厥,SYM,2
CAU_00003,脉滑数,CAU,CAUSES,SYM_04885,痢下鲜紫脓血,SYM,2
CAU_00003,脉滑数,CAU,CAUSES,SYM_03409,头痛,SYM,10
CAU_00008,脉浮,CAU,CAUSES,SYM_03571,吐血,SYM,2
HER_01863,人参,HER,RELIEVES,SYM_03407,发热,SYM,2
HER_01921,麻黄,HER,RELIEVES,SYM_03424,恶寒,SYM,2
CAU_00005,脉细,CAU,CAUSES,SYM_03452,苔少,SYM,15
CAU_00005,脉细,CAU,CAUSES,SYM_03866,血色淡红,SYM,3
CAU_00005,脉细,CAU,CAUSES,SYM_03412,舌质红,SYM,4
CAU_00001,脉细数,CAU,CAUSES,SYM_04057,口燥龈糜,SYM,4
CAU_00208,胃中虚火,CAU,CAUSES,SYM_04057,口燥龈糜,SYM,2
PRE_02509,玉女煎,PRE,CONTAINS,HER_02158,甘露,HER,3
PRE_02509,玉女煎,PRE,TREATS,SYM_04057,口燥龈糜,SYM,2
HER_02003,蒲黄,HER,HAS_EFFECT,EFF_01386,兼滋其阴,EFF,2
HER_02158,甘露,HER,HAS_EFFECT,EFF_01386,兼滋其阴,EFF,2
HER_02003,蒲黄,HER,RELIEVES,SYM_04057,口燥龈糜,SYM,2
HER_02158,甘露,HER,RELIEVES,SYM_04057,口燥龈糜,SYM,2
CAU_00022,脉洪数,CAU,CAUSES,SYM_03476,口臭,SYM,4
CAU_00022,脉洪数,CAU,CAUSES,SYM_03408,舌红,SYM,8
CAU_00022,脉洪数,CAU,CAUSES,SYM_03409,头痛,SYM,8
CAU_00022,脉洪数,CAU,CAUSES,SYM_03416,苔黄,SYM,10
CAU_00130,胃火内炽,CAU,CAUSES,SYM_03416,苔黄,SYM,2
CAU_00007,脉数,CAU,CAUSES,SYM_03420,口干,SYM,10
CAU_00007,脉数,CAU,CAUSES,SYM_03517,便血,SYM,6
CAU_00007,脉数,CAU,CAUSES,SYM_03412,舌质红,SYM,24
CAU_00007,脉数,CAU,CAUSES,SYM_03407,发热,SYM,25
CAU_00007,脉数,CAU,CAUSES,SYM_03408,舌红,SYM,17
CAU_00007,脉数,CAU,CAUSES,SYM_03411,腹痛,SYM,2
CAU_00007,脉数,CAU,CAUSES,SYM_03436,便秘,SYM,11
CAU_00001,脉细数,CAU,CAUSES,SYM_03505,烦热,SYM,4
CAU_00001,脉细数,CAU,CAUSES,SYM_03441,咽干,SYM,28
CAU_00003,脉滑数,CAU,CAUSES,SYM_03517,便血,SYM,4
CAU_00003,脉滑数,CAU,CAUSES,SYM_03910,渴不欲饮,SYM,2
CAU_00003,脉滑数,CAU,CAUSES,SYM_03789,四肢沉重,SYM,5
CAU_00257,弦细数,CAU,CAUSES,SYM_03410,口渴,SYM,2
CAU_00257,弦细数,CAU,CAUSES,SYM_03450,易怒,SYM,2
CAU_00257,弦细数,CAU,CAUSES,SYM_03419,烦躁,SYM,2
CAU_00257,弦细数,CAU,CAUSES,SYM_03498,高热,SYM,2
CAU_00257,弦细数,CAU,CAUSES,SYM_03416,苔黄,SYM,2
CAU_00039,脉细弦,CAU,CAUSES,SYM_03410,口渴,SYM,4
CAU_00039,脉细弦,CAU,CAUSES,SYM_03450,易怒,SYM,3
CAU_00039,脉细弦,CAU,CAUSES,SYM_03419,烦躁,SYM,9
CAU_00039,脉细弦,CAU,CAUSES,SYM_03498,高热,SYM,2
CAU_00039,脉细弦,CAU,CAUSES,SYM_03416,苔黄,SYM,4
CAU_00039,脉细弦,CAU,CAUSES,SYM_03412,舌质红,SYM,4
CAU_00011,脉濡,CAU,CAUSES,SYM_03753,口淡不渴,SYM,3
CAU_00004,脉弦数,CAU,CAUSES,SYM_03504,烦渴,SYM,3
CAU_00004,脉弦数,CAU,CAUSES,SYM_03407,发热,SYM,19
CAU_00004,脉弦数,CAU,CAUSES,SYM_04028,身目发黄,SYM,2
CAU_00004,脉弦数,CAU,CAUSES,SYM_04635,大便呈陶土色,SYM,2
CAU_00004,脉弦数,CAU,CAUSES,SYM_03458,恶心呕吐,SYM,4
CAU_00004,脉弦数,CAU,CAUSES,SYM_03443,呕吐,SYM,4
CAU_00004,脉弦数,CAU,CAUSES,SYM_03580,怕冷,SYM,2
CAU_00004,脉弦数,CAU,CAUSES,SYM_04695,小便色赤,SYM,2
CAU_00002,脉沉细,CAU,CAUSES,SYM_03551,面色晦暗,SYM,4
CAU_00006,脉沉,CAU,CAUSES,SYM_03417,乏力,SYM,5
CAU_00006,脉沉,CAU,CAUSES,SYM_03423,神疲,SYM,6
CAU_00006,脉沉,CAU,CAUSES,SYM_03555,苔白滑,SYM,6
CAU_00011,脉濡,CAU,CAUSES,SYM_04006,胁肋隐痛,SYM,2
CAU_00011,脉濡,CAU,CAUSES,SYM_03645,饮食减少,SYM,2
CAU_00011,脉濡,CAU,CAUSES,SYM_03480,苔腻,SYM,7
CAU_00011,脉濡,CAU,CAUSES,SYM_03482,小便黄赤,SYM,6
CAU_00011,脉濡,CAU,CAUSES,SYM_04502,口中干苦,SYM,2
CAU_00038,脉涩,CAU,CAUSES,SYM_04155,胁下结块,SYM,2
CAU_00038,脉涩,CAU,CAUSES,SYM_03769,胸胁胀闷,SYM,2
CAU_00019,脉弦滑,CAU,CAUSES,SYM_04028,身目发黄,SYM,2
CAU_00019,脉弦滑,CAU,CAUSES,SYM_03434,身热,SYM,3
CAU_00019,脉弦滑,CAU,CAUSES,SYM_03530,尿黄,SYM,3
CAU_00019,脉弦滑,CAU,CAUSES,SYM_03436,便秘,SYM,5
CAU_00019,脉弦滑,CAU,CAUSES,SYM_03410,口渴,SYM,3
CAU_00019,脉弦滑,CAU,CAUSES,SYM_03517,便血,SYM,2
CAU_00019,脉弦滑,CAU,CAUSES,SYM_03582,皮肤瘙痒,SYM,2
CAU_00019,脉弦滑,CAU,CAUSES,SYM_03419,烦躁,SYM,2
CAU_00019,脉弦滑,CAU,CAUSES,SYM_03498,高热,SYM,3
CAU_00019,脉弦滑,CAU,CAUSES,SYM_03412,舌质红,SYM,2
CAU_00011,脉濡,CAU,CAUSES,SYM_03413,舌淡,SYM,4
CAU_00011,脉濡,CAU,CAUSES,SYM_03423,神疲,SYM,6
CAU_00011,脉濡,CAU,CAUSES,SYM_03459,畏寒,SYM,2
CAU_00034,脾肾,CAU,CAUSES,SYM_03431,自汗,SYM,2
CAU_00006,脉沉,CAU,CAUSES,SYM_03431,自汗,SYM,3
CAU_00001,脉细数,CAU,CAUSES,SYM_04987,肌肉瘦削,SYM,2
CAU_00001,脉细数,CAU,CAUSES,SYM_04207,光剥无苔,SYM,2
CAU_00075,弦细,CAU,CAUSES,SYM_03417,乏力,SYM,2
CAU_00075,弦细,CAU,CAUSES,SYM_04987,肌肉瘦削,SYM,2
CAU_00075,弦细,CAU,CAUSES,SYM_04207,光剥无苔,SYM,2
CAU_00075,弦细,CAU,CAUSES,SYM_03428,舌质淡,SYM,3
CAU_00019,脉弦滑,CAU,CAUSES,SYM_03480,苔腻,SYM,2
CAU_00000,脉弦,CAU,CAUSES,SYM_03439,苔薄,SYM,13
CAU_00000,脉弦,CAU,CAUSES,SYM_05065,脘胁胀闷不适,SYM,2
CAU_00005,脉细,CAU,CAUSES,SYM_03430,耳鸣,SYM,11
CAU_00005,脉细,CAU,CAUSES,SYM_03488,便干,SYM,4
CAU_00005,脉细,CAU,CAUSES,SYM_03655,头晕眼花,SYM,2
CAU_00005,脉细,CAU,CAUSES,SYM_03451,少苔,SYM,2
CAU_00005,脉细,CAU,CAUSES,SYM_03408,舌红,SYM,13
CAU_00005,脉细,CAU,CAUSES,SYM_03918,眼干涩,SYM,2
CAU_00131,脉弦滑或滑数,CAU,CAUSES,SYM_03532,恶心,SYM,4
CAU_00131,脉弦滑或滑数,CAU,CAUSES,SYM_03420,口干,SYM,2
CAU_00131,脉弦滑或滑数,CAU,CAUSES,SYM_03429,腹胀,SYM,2
CAU_00131,脉弦滑或滑数,CAU,CAUSES,SYM_03476,口臭,SYM,2
CAU_00131,脉弦滑或滑数,CAU,CAUSES,SYM_03917,目黄,SYM,2
CAU_00131,脉弦滑或滑数,CAU,CAUSES,SYM_03554,脘闷,SYM,2
CAU_00131,脉弦滑或滑数,CAU,CAUSES,SYM_03482,小便黄赤,SYM,2
CAU_00000,脉弦,CAU,CAUSES,SYM_03442,口苦,SYM,10
CAU_00000,脉弦,CAU,CAUSES,SYM_03420,口干,SYM,4
CAU_00000,脉弦,CAU,CAUSES,SYM_03429,腹胀,SYM,14
CAU_00000,脉弦,CAU,CAUSES,SYM_03449,便溏,SYM,3
CAU_00000,脉弦,CAU,CAUSES,SYM_04606,喜太息,SYM,2
CAU_00000,脉弦,CAU,CAUSES,SYM_03545,小便短少,SYM,3
CAU_00000,脉弦,CAU,CAUSES,SYM_03437,失眠,SYM,6
CAU_00000,脉弦,CAU,CAUSES,SYM_03473,少津,SYM,2
CAU_00051,脉沉细无力,CAU,CAUSES,SYM_03414,苔白,SYM,4
CAU_00051,脉沉细无力,CAU,CAUSES,SYM_03432,肢冷,SYM,2
CAU_00051,脉沉细无力,CAU,CAUSES,SYM_03459,畏寒,SYM,3
CAU_00030,脉细涩,CAU,CAUSES,SYM_04078,大便色黑,SYM,2
CAU_00030,脉细涩,CAU,CAUSES,SYM_03420,口干,SYM,2
CAU_00030,脉细涩,CAU,CAUSES,SYM_03551,面色晦暗,SYM,5
CAU_00032,脉缓,CAU,CAUSES,SYM_03875,下肢浮肿,SYM,3
CAU_00032,脉缓,CAU,CAUSES,SYM_04356,精神困倦,SYM,3
CAU_00032,脉缓,CAU,CAUSES,SYM_03414,苔白,SYM,7
CAU_00032,脉缓,CAU,CAUSES,SYM_04083,小便少,SYM,3
CAU_00032,脉缓,CAU,CAUSES,SYM_03449,便溏,SYM,3
CAU_00032,脉缓,CAU,CAUSES,SYM_03459,畏寒,SYM,2
CAU_00032,脉缓,CAU,CAUSES,SYM_04011,脘腹痞胀,SYM,3
CAU_00005,脉细,CAU,CAUSES,SYM_03417,乏力,SYM,20
CAU_00005,脉细,CAU,CAUSES,SYM_03429,腹胀,SYM,3
CAU_00005,脉细,CAU,CAUSES,SYM_03423,神疲,SYM,10
CAU_00005,脉细,CAU,CAUSES,SYM_03415,苔薄白,SYM,12
CAU_00005,脉细,CAU,CAUSES,SYM_03604,舌紫暗,SYM,2
CAU_00005,脉细,CAU,CAUSES,SYM_03409,头痛,SYM,3
CAU_00042,细涩,CAU,CAUSES,SYM_03415,苔薄白,SYM,2
CAU_00042,细涩,CAU,CAUSES,SYM_03604,舌紫暗,SYM,2
CAU_00042,细涩,CAU,CAUSES,SYM_03409,头痛,SYM,2
CAU_00010,脉细弱,CAU,CAUSES,SYM_03409,头痛,SYM,3
CAU_00003,脉滑数,CAU,CAUSES,SYM_03426,胸闷,SYM,3
CAU_00003,脉滑数,CAU,CAUSES,SYM_03442,口苦,SYM,8
CAU_00003,脉滑数,CAU,CAUSES,SYM_03436,便秘,SYM,5
HER_01876,厚朴,HER,RELIEVES,SYM_03442,口苦,SYM,2
HER_01858,黄芩,HER,RELIEVES,SYM_03442,口苦,SYM,2
HER_01898,生姜,HER,RELIEVES,SYM_03839,大枣,SYM,2
CAU_00006,脉沉,CAU,CAUSES,SYM_03430,耳鸣,SYM,3
CAU_00006,脉沉,CAU,CAUSES,SYM_03439,苔薄,SYM,3
CAU_00006,脉沉,CAU,CAUSES,SYM_03450,易怒,SYM,2
CAU_00002,脉沉细,CAU,CAUSES,SYM_03415,苔薄白,SYM,22
CAU_00002,脉沉细,CAU,CAUSES,SYM_03475,面色白,SYM,12
CAU_00002,脉沉细,CAU,CAUSES,SYM_03455,舌淡红,SYM,10
CAU_00002,脉沉细,CAU,CAUSES,SYM_03409,头痛,SYM,4
CAU_00039,脉细弦,CAU,CAUSES,SYM_03644,遗精,SYM,2
CAU_00039,脉细弦,CAU,CAUSES,SYM_03451,少苔,SYM,2
CAU_00039,脉细弦,CAU,CAUSES,SYM_03408,舌红,SYM,3
CAU_00039,脉细弦,CAU,CAUSES,SYM_04748,性欲亢进,SYM,2
CAU_00039,脉细弦,CAU,CAUSES,SYM_03438,盗汗,SYM,3
CAU_00039,脉细弦,CAU,CAUSES,SYM_03469,潮热,SYM,2
CAU_00039,脉细弦,CAU,CAUSES,SYM_03409,头痛,SYM,4
CAU_00039,脉细弦,CAU,CAUSES,SYM_03437,失眠,SYM,6
CAU_00039,脉细弦,CAU,CAUSES,SYM_03418,心烦,SYM,2
CAU_00039,脉细弦,CAU,CAUSES,SYM_03472,颧红,SYM,2
CAU_00193,细弦数,CAU,CAUSES,SYM_03644,遗精,SYM,2
CAU_00193,细弦数,CAU,CAUSES,SYM_03451,少苔,SYM,2
CAU_00193,细弦数,CAU,CAUSES,SYM_03408,舌红,SYM,3
CAU_00193,细弦数,CAU,CAUSES,SYM_04748,性欲亢进,SYM,2
CAU_00193,细弦数,CAU,CAUSES,SYM_03419,烦躁,SYM,2
CAU_00193,细弦数,CAU,CAUSES,SYM_03438,盗汗,SYM,2
CAU_00193,细弦数,CAU,CAUSES,SYM_03469,潮热,SYM,2
CAU_00193,细弦数,CAU,CAUSES,SYM_03409,头痛,SYM,2
CAU_00193,细弦数,CAU,CAUSES,SYM_03437,失眠,SYM,2
CAU_00193,细弦数,CAU,CAUSES,SYM_03418,心烦,SYM,2
CAU_00193,细弦数,CAU,CAUSES,SYM_03472,颧红,SYM,2
CAU_00004,脉弦数,CAU,CAUSES,SYM_03675,面红,SYM,2
PRE_02519,白虎汤,PRE,TREATS,SYM_03407,发热,SYM,2
CAU_00018,血虚,CAU,CAUSES,SYM_03437,失眠,SYM,2
CAU_00010,脉细弱,CAU,CAUSES,SYM_03437,失眠,SYM,6
CAU_00000,脉弦,CAU,CAUSES,SYM_03419,烦躁,SYM,16
CAU_00109,脉大,CAU,CAUSES,SYM_03409,头痛,SYM,2
CAU_00348,脉必弦微,CAU,CAUSES,SYM_03440,气短,SYM,2
CAU_00348,脉必弦微,CAU,CAUSES,SYM_03409,头痛,SYM,2
CAU_00010,脉细弱,CAU,CAUSES,SYM_03500,眩,SYM,3
CAU_00010,脉细弱,CAU,CAUSES,SYM_03540,少寐,SYM,4
CAU_00038,脉涩,CAU,CAUSES,SYM_03426,胸闷,SYM,2
CAU_00038,脉涩,CAU,CAUSES,SYM_03480,苔腻,SYM,2
CAU_00014,脉滑,CAU,CAUSES,SYM_03426,胸闷,SYM,13
CAU_00014,脉滑,CAU,CAUSES,SYM_03509,舌质紫暗,SYM,2
CAU_00014,脉滑,CAU,CAUSES,SYM_03480,苔腻,SYM,6
CAU_00014,脉滑,CAU,CAUSES,SYM_03522,痰涎,SYM,3
CAU_00008,脉浮,CAU,CAUSES,SYM_03431,自汗,SYM,3
CAU_00000,脉弦,CAU,CAUSES,SYM_03430,耳鸣,SYM,6
CAU_00000,脉弦,CAU,CAUSES,SYM_03500,眩,SYM,2
CAU_00000,脉弦,CAU,CAUSES,SYM_03425,头晕,SYM,8
CAU_00000,脉弦,CAU,CAUSES,SYM_03409,头痛,SYM,13
CAU_00000,脉弦,CAU,CAUSES,SYM_04767,手足重滞,SYM,2
CAU_00000,脉弦,CAU,CAUSES,SYM_03412,舌质红,SYM,14
CAU_00008,脉浮,CAU,CAUSES,SYM_03557,汗多,SYM,2
CAU_00029,肾阴虚,CAU,CAUSES,SYM_03474,腰酸,SYM,4
CAU_00029,肾阴虚,CAU,CAUSES,SYM_03520,头晕耳鸣,SYM,5
CAU_00029,肾阴虚,CAU,CAUSES,SYM_03412,舌质红,SYM,2
CAU_00000,脉弦,CAU,CAUSES,SYM_03474,腰酸,SYM,3
CAU_00000,脉弦,CAU,CAUSES,SYM_03728,半身不遂,SYM,2
CAU_00000,脉弦,CAU,CAUSES,SYM_03829,口眼歪斜,SYM,2
CAU_00000,脉弦,CAU,CAUSES,SYM_03480,苔腻,SYM,4
CAU_00000,脉弦,CAU,CAUSES,SYM_03520,头晕耳鸣,SYM,4
HER_01875,附子,HER,RELIEVES,SYM_03556,有汗,SYM,3
HER_01854,甘草,HER,RELIEVES,SYM_03556,有汗,SYM,3
HER_01875,附子,HER,RELIEVES,SYM_03483,无汗,SYM,2
HER_01893,干姜,HER,RELIEVES,SYM_03483,无汗,SYM,2
HER_01880,桂枝,HER,RELIEVES,SYM_03556,有汗,SYM,4
CAU_00019,脉弦滑,CAU,CAUSES,SYM_03568,肢体麻木,SYM,2
CAU_00019,脉弦滑,CAU,CAUSES,SYM_03746,舌暗,SYM,2
CAU_00019,脉弦滑,CAU,CAUSES,SYM_03728,半身不遂,SYM,3
CAU_00019,脉弦滑,CAU,CAUSES,SYM_03829,口眼歪斜,SYM,2
CAU_00030,脉细涩,CAU,CAUSES,SYM_03415,苔薄白,SYM,7
CAU_00030,脉细涩,CAU,CAUSES,SYM_03428,舌质淡,SYM,5
PRE_02520,续命汤,PRE,TREATS,SYM_03483,无汗,SYM,2
PRE_02520,续命汤,PRE,TREATS,SYM_03556,有汗,SYM,3
HER_01870,杏仁,HER,RELIEVES,SYM_03556,有汗,SYM,2
HER_01868,半夏,HER,RELIEVES,SYM_03697,不省人事,SYM,2
HER_01898,生姜,HER,RELIEVES,SYM_03697,不省人事,SYM,2
CAU_00010,脉细弱,CAU,CAUSES,SYM_05102,舌痿,SYM,2
CAU_00010,脉细弱,CAU,CAUSES,SYM_03432,肢冷,SYM,3
CAU_00010,脉细弱,CAU,CAUSES,SYM_04914,目合口张,SYM,2
CAU_00010,脉细弱,CAU,CAUSES,SYM_03697,不省人事,SYM,2
CAU_00010,脉细弱,CAU,CAUSES,SYM_05242,鼻鼾息微,SYM,2
CAU_00010,脉细弱,CAU,CAUSES,SYM_03557,汗多,SYM,2
CAU_00010,脉细弱,CAU,CAUSES,SYM_05008,肢体软瘫,SYM,2
CAU_00019,脉弦滑,CAU,CAUSES,SYM_03429,腹胀,SYM,3
CAU_00019,脉弦滑,CAU,CAUSES,SYM_03409,头痛,SYM,3
CAU_00008,脉浮,CAU,CAUSES,SYM_03447,面赤,SYM,3
CAU_00008,脉浮,CAU,CAUSES,SYM_03420,口干,SYM,3
CAU_00162,脉沉滑,CAU,CAUSES,SYM_03553,四肢不温,SYM,2
CAU_00162,脉沉滑,CAU,CAUSES,SYM_03414,苔白,SYM,4
CAU_00000,脉弦,CAU,CAUSES,SYM_05009,肢体颤抖,SYM,2
CAU_00000,脉弦,CAU,CAUSES,SYM_03995,眼球运动障碍,SYM,2
CAU_00000,脉弦,CAU,CAUSES,SYM_03996,眼胀涩,SYM,2
CAU_00000,脉弦,CAU,CAUSES,SYM_03730,双眼突出,SYM,4
CAU_00004,脉弦数,CAU,CAUSES,SYM_03426,胸闷,SYM,6
CAU_00004,脉弦数,CAU,CAUSES,SYM_03415,苔薄白,SYM,4
CAU_00004,脉弦数,CAU,CAUSES,SYM_03730,双眼突出,SYM,2
CAU_00005,脉细,CAU,CAUSES,SYM_03899,心慌,SYM,2
CAU_00005,脉细,CAU,CAUSES,SYM_03539,健忘,SYM,6
CAU_00005,脉细,CAU,CAUSES,SYM_03433,腰膝酸软,SYM,13
CAU_00005,脉细,CAU,CAUSES,SYM_03995,眼球运动障碍,SYM,2
CAU_00005,脉细,CAU,CAUSES,SYM_03425,头晕,SYM,12
CAU_00005,脉细,CAU,CAUSES,SYM_03445,汗出,SYM,3
CAU_00005,脉细,CAU,CAUSES,SYM_03996,眼胀涩,SYM,2
CAU_00005,脉细,CAU,CAUSES,SYM_03437,失眠,SYM,8
CAU_00005,脉细,CAU,CAUSES,SYM_03730,双眼突出,SYM,2
CAU_00005,脉细,CAU,CAUSES,SYM_03508,多梦,SYM,4
CAU_00000,脉弦,CAU,CAUSES,SYM_04433,颈前肿大,SYM,2
CAU_00000,脉弦,CAU,CAUSES,SYM_03454,纳呆,SYM,3
CAU_00004,脉弦数,CAU,CAUSES,SYM_03427,心悸,SYM,8
CAU_00004,脉弦数,CAU,CAUSES,SYM_03500,眩,SYM,3
CAU_00004,脉弦数,CAU,CAUSES,SYM_03445,汗出,SYM,2
CAU_00004,脉弦数,CAU,CAUSES,SYM_03425,头晕,SYM,11
CAU_00004,脉弦数,CAU,CAUSES,SYM_03444,大便秘结,SYM,3
CAU_00004,脉弦数,CAU,CAUSES,SYM_03437,失眠,SYM,7
CAU_00005,脉细,CAU,CAUSES,SYM_03466,面色萎黄,SYM,12
CAU_00005,脉细,CAU,CAUSES,SYM_03428,舌质淡,SYM,11
CAU_00005,脉细,CAU,CAUSES,SYM_03461,懒言,SYM,4
CAU_00022,脉洪数,CAU,CAUSES,SYM_03504,烦渴,SYM,2
CAU_00022,脉洪数,CAU,CAUSES,SYM_03447,面赤,SYM,4
CAU_00022,脉洪数,CAU,CAUSES,SYM_03573,神昏谵语,SYM,5
CAU_00030,脉细涩,CAU,CAUSES,SYM_04155,胁下结块,SYM,2
CAU_00030,脉细涩,CAU,CAUSES,SYM_03855,胁肋胀痛,SYM,2
CAU_00000,脉弦,CAU,CAUSES,SYM_03417,乏力,SYM,2
CAU_00000,脉弦,CAU,CAUSES,SYM_03410,口渴,SYM,6
CAU_00000,脉弦,CAU,CAUSES,SYM_03445,汗出,SYM,3
HER_01906,滑石,HER,RELIEVES,SYM_03554,脘闷,SYM,2
HER_01906,滑石,HER,RELIEVES,SYM_03409,头痛,SYM,2
HER_01870,杏仁,HER,RELIEVES,SYM_03554,脘闷,SYM,2
CAU_00365,脉象举按俱弦,CAU,CAUSES,SYM_03431,自汗,SYM,2
CAU_00365,脉象举按俱弦,CAU,CAUSES,SYM_05216,饮食并减,SYM,2
CAU_00014,脉滑,CAU,CAUSES,SYM_03429,腹胀,SYM,5
CAU_00010,脉细弱,CAU,CAUSES,SYM_03525,舌质淡红,SYM,3
CAU_00010,脉细弱,CAU,CAUSES,SYM_03440,气短,SYM,17
CAU_00002,脉沉细,CAU,CAUSES,SYM_05162,身体肿胀,SYM,2
CAU_00002,脉沉细,CAU,CAUSES,SYM_03584,面浮,SYM,3
CAU_00002,脉沉细,CAU,CAUSES,SYM_03529,四肢厥冷,SYM,5
CAU_00002,脉沉细,CAU,CAUSES,SYM_03502,气促,SYM,4
CAU_00008,脉浮,CAU,CAUSES,SYM_04616,四肢及全身皆肿,SYM,2
CAU_00008,脉浮,CAU,CAUSES,SYM_03470,小便不利,SYM,4
CAU_00008,脉浮,CAU,CAUSES,SYM_03851,眼睑浮肿,SYM,2
CAU_00008,脉浮,CAU,CAUSES,SYM_03478,恶风,SYM,22
CAU_00008,脉浮,CAU,CAUSES,SYM_03412,舌质红,SYM,13
CAU_00008,脉浮,CAU,CAUSES,SYM_03439,苔薄,SYM,11
CAU_00008,脉浮,CAU,CAUSES,SYM_03915,皮肤光亮,SYM,3
CAU_00008,脉浮,CAU,CAUSES,SYM_03492,尿少,SYM,3
CAU_00002,脉沉细,CAU,CAUSES,SYM_03576,血尿,SYM,3
CAU_00010,脉细弱,CAU,CAUSES,SYM_03644,遗精,SYM,3
CAU_00010,脉细弱,CAU,CAUSES,SYM_03410,口渴,SYM,3
CAU_00010,脉细弱,CAU,CAUSES,SYM_03408,舌红,SYM,4
CAU_00010,脉细弱,CAU,CAUSES,SYM_03418,心烦,SYM,2
CAU_00029,肾阴虚,CAU,CAUSES,SYM_03423,神疲,SYM,4
CAU_00076,肾阴亏虚,CAU,CAUSES,SYM_03408,舌红,SYM,2
CAU_00010,脉细弱,CAU,CAUSES,SYM_03480,苔腻,SYM,2
CAU_00001,脉细数,CAU,CAUSES,SYM_03455,舌淡红,SYM,4
CAU_00001,脉细数,CAU,CAUSES,SYM_03968,尿色淡红,SYM,4
CAU_00011,脉濡,CAU,CAUSES,SYM_03484,舌苔黄,SYM,3
CAU_00011,脉濡,CAU,CAUSES,SYM_03442,口苦,SYM,3
CAU_00011,脉濡,CAU,CAUSES,SYM_03616,小便频数,SYM,2
CAU_00011,脉濡,CAU,CAUSES,SYM_03486,呕恶,SYM,3
CAU_00011,脉濡,CAU,CAUSES,SYM_03436,便秘,SYM,2
CAU_00000,脉弦,CAU,CAUSES,SYM_04694,小便艰涩,SYM,2
CAU_00144,内生虚热,CAU,CAUSES,SYM_03909,淋沥不已,SYM,2
CAU_00144,内生虚热,CAU,CAUSES,SYM_03411,腹痛,SYM,2
HER_01938,菟丝子,HER,RELIEVES,SYM_03909,淋沥不已,SYM,2
HER_01938,菟丝子,HER,RELIEVES,SYM_03411,腹痛,SYM,2
CAU_00005,脉细,CAU,CAUSES,SYM_04049,余沥难尽,SYM,4
CAU_00005,脉细,CAU,CAUSES,SYM_03413,舌淡,SYM,27
CAU_00005,脉细,CAU,CAUSES,SYM_03475,面色白,SYM,4
CAU_00005,脉细,CAU,CAUSES,SYM_04148,耐劳累,SYM,2
CAU_00005,脉细,CAU,CAUSES,SYM_04093,尿频涩滞,SYM,4
PRE_02479,补中益气汤,PRE,TREATS,SYM_04049,余沥难尽,SYM,2
PRE_02479,补中益气汤,PRE,TREATS,SYM_03413,舌淡,SYM,2
PRE_02479,补中益气汤,PRE,TREATS,SYM_03475,面色白,SYM,2
PRE_02479,补中益气汤,PRE,TREATS,SYM_04148,耐劳累,SYM,2
PRE_02479,补中益气汤,PRE,TREATS,SYM_04093,尿频涩滞,SYM,2
PRE_02479,补中益气汤,PRE,TREATS,SYM_03461,懒言,SYM,2
PRE_02590,威喜丸,PRE,CONTAINS,HER_02117,辰砂,HER,2
PRE_02560,妙香散,PRE,CONTAINS,HER_02117,辰砂,HER,2
PRE_02491,归脾汤,PRE,CONTAINS,HER_02117,辰砂,HER,2
CAU_00011,脉濡,CAU,CAUSES,SYM_04408,血液血块,SYM,2
CAU_00011,脉濡,CAU,CAUSES,SYM_04275,尿道热涩疼痛,SYM,2
CAU_00011,脉濡,CAU,CAUSES,SYM_04091,尿时阻塞不畅,SYM,4
CAU_00011,脉濡,CAU,CAUSES,SYM_03794,小便浑浊,SYM,6
CAU_00005,脉细,CAU,CAUSES,SYM_03739,消瘦,SYM,4
CAU_00005,脉细,CAU,CAUSES,SYM_03480,苔腻,SYM,6
CAU_00014,脉滑,CAU,CAUSES,SYM_03416,苔黄,SYM,4
CAU_00014,脉滑,CAU,CAUSES,SYM_03418,心烦,SYM,5
CAU_00006,脉沉,CAU,CAUSES,SYM_05184,面色枯白,SYM,2
CAU_00005,脉细,CAU,CAUSES,SYM_03589,大便稀溏,SYM,2
CAU_00021,脉弱,CAU,CAUSES,SYM_03413,舌淡,SYM,13
CAU_00021,脉弱,CAU,CAUSES,SYM_03423,神疲,SYM,17
CAU_00021,脉弱,CAU,CAUSES,SYM_03792,声低,SYM,2
CAU_00021,脉弱,CAU,CAUSES,SYM_03439,苔薄,SYM,5
CAU_00021,脉弱,CAU,CAUSES,SYM_03705,小腹坠胀,SYM,2
CAU_00021,脉弱,CAU,CAUSES,SYM_03440,气短,SYM,2
CAU_00007,脉数,CAU,CAUSES,SYM_03421,咳嗽,SYM,6
CAU_00007,脉数,CAU,CAUSES,SYM_03439,苔薄,SYM,7
CAU_00007,脉数,CAU,CAUSES,SYM_03504,烦渴,SYM,2
CAU_00034,脾肾,CAU,CAUSES,SYM_03534,水肿,SYM,2
CAU_00010,脉细弱,CAU,CAUSES,SYM_03466,面色萎黄,SYM,8
CAU_00003,脉滑数,CAU,CAUSES,SYM_03486,呕恶,SYM,4
CAU_00000,脉弦,CAU,CAUSES,SYM_04705,尿中带血,SYM,2
CAU_00001,脉细数,CAU,CAUSES,SYM_03739,消瘦,SYM,4
CAU_00001,脉细数,CAU,CAUSES,SYM_03520,头晕耳鸣,SYM,7
CAU_00001,脉细数,CAU,CAUSES,SYM_03592,精神萎靡,SYM,4
CAU_00002,脉沉细,CAU,CAUSES,SYM_03525,舌质淡红,SYM,8
CAU_00002,脉沉细,CAU,CAUSES,SYM_03505,烦热,SYM,4
CAU_00002,脉沉细,CAU,CAUSES,SYM_03756,尿浊,SYM,3
CAU_00002,脉沉细,CAU,CAUSES,SYM_03739,消瘦,SYM,2
CAU_00002,脉沉细,CAU,CAUSES,SYM_03520,头晕耳鸣,SYM,8
CAU_00002,脉沉细,CAU,CAUSES,SYM_03592,精神萎靡,SYM,5
CAU_00002,脉沉细,CAU,CAUSES,SYM_03412,舌质红,SYM,4
CAU_00002,脉沉细,CAU,CAUSES,SYM_03521,口干咽燥,SYM,8
CAU_00002,脉沉细,CAU,CAUSES,SYM_03866,血色淡红,SYM,2
CAU_00002,脉沉细,CAU,CAUSES,SYM_03643,边有齿痕,SYM,2
CAU_00002,脉沉细,CAU,CAUSES,SYM_03538,面色无华,SYM,7
CAU_00001,脉细数,CAU,CAUSES,SYM_03576,血尿,SYM,4
CAU_00001,脉细数,CAU,CAUSES,SYM_03746,舌暗,SYM,2
CAU_00001,脉细数,CAU,CAUSES,SYM_03439,苔薄,SYM,14
CAU_00001,脉细数,CAU,CAUSES,SYM_03881,咽喉干,SYM,2
CAU_00001,脉细数,CAU,CAUSES,SYM_03469,潮热,SYM,24
CAU_00011,脉濡,CAU,CAUSES,SYM_03454,纳呆,SYM,8
CAU_00011,脉濡,CAU,CAUSES,SYM_03962,大便不畅,SYM,2
CAU_00011,脉濡,CAU,CAUSES,SYM_03554,脘闷,SYM,5
CAU_00002,脉沉细,CAU,CAUSES,SYM_03513,倦怠乏力,SYM,6
CAU_00006,脉沉,CAU,CAUSES,SYM_03474,腰酸,SYM,2
CAU_00006,脉沉,CAU,CAUSES,SYM_03459,畏寒,SYM,6
CAU_00006,脉沉,CAU,CAUSES,SYM_03461,懒言,SYM,2
CAU_00006,脉沉,CAU,CAUSES,SYM_03440,气短,SYM,6
CAU_00006,脉沉,CAU,CAUSES,SYM_03513,倦怠乏力,SYM,2
CAU_00002,脉沉细,CAU,CAUSES,SYM_03516,脘腹胀满,SYM,3
CAU_00002,脉沉细,CAU,CAUSES,SYM_03753,口淡不渴,SYM,2
CAU_00002,脉沉细,CAU,CAUSES,SYM_03733,大便不实,SYM,2
CAU_00002,脉沉细,CAU,CAUSES,SYM_03585,食少纳呆,SYM,5
CAU_00002,脉沉细,CAU,CAUSES,SYM_03461,懒言,SYM,9
CAU_00002,脉沉细,CAU,CAUSES,SYM_03488,便干,SYM,4
CAU_00042,细涩,CAU,CAUSES,SYM_03568,肢体麻木,SYM,4
CAU_00042,细涩,CAU,CAUSES,SYM_03509,舌质紫暗,SYM,2
CAU_00042,细涩,CAU,CAUSES,SYM_03551,面色晦暗,SYM,2
CAU_00042,细涩,CAU,CAUSES,SYM_03691,肌肤甲错,SYM,2
CAU_00042,细涩,CAU,CAUSES,SYM_03602,腰痛,SYM,2
CAU_00038,脉涩,CAU,CAUSES,SYM_03568,肢体麻木,SYM,2
CAU_00038,脉涩,CAU,CAUSES,SYM_03551,面色晦暗,SYM,4
CAU_00038,脉涩,CAU,CAUSES,SYM_03691,肌肤甲错,SYM,3
CAU_00038,脉涩,CAU,CAUSES,SYM_03602,腰痛,SYM,2
CAU_00006,脉沉,CAU,CAUSES,SYM_03445,汗出,SYM,2
CAU_00006,脉沉,CAU,CAUSES,SYM_03492,尿少,SYM,3
CAU_00003,脉滑数,CAU,CAUSES,SYM_03420,口干,SYM,14
CAU_00003,脉滑数,CAU,CAUSES,SYM_03492,尿少,SYM,4
CAU_00007,脉数,CAU,CAUSES,SYM_03491,身痛,SYM,3
CAU_00007,脉数,CAU,CAUSES,SYM_03493,烦躁不安,SYM,3
CAU_00007,脉数,CAU,CAUSES,SYM_03409,头痛,SYM,10
CAU_00001,脉细数,CAU,CAUSES,SYM_05123,舌质紫绛,SYM,2
CAU_00001,脉细数,CAU,CAUSES,SYM_04712,尿点滴难出,SYM,2
CAU_00001,脉细数,CAU,CAUSES,SYM_03571,吐血,SYM,4
CAU_00001,脉细数,CAU,CAUSES,SYM_03498,高热,SYM,5
CAU_00001,脉细数,CAU,CAUSES,SYM_03416,苔黄,SYM,3
CAU_00005,脉细,CAU,CAUSES,SYM_03474,腰酸,SYM,2
CAU_00005,脉细,CAU,CAUSES,SYM_03441,咽干,SYM,3
CAU_00005,脉细,CAU,CAUSES,SYM_03473,少津,SYM,3
CAU_00006,脉沉,CAU,CAUSES,SYM_03436,便秘,SYM,2
CAU_00006,脉沉,CAU,CAUSES,SYM_03480,苔腻,SYM,2
CAU_00004,脉弦数,CAU,CAUSES,SYM_03599,气急,SYM,3
CAU_00004,脉弦数,CAU,CAUSES,SYM_03424,恶寒,SYM,4
CAU_00044,内热,CAU,CAUSES,SYM_03438,盗汗,SYM,2
CAU_00044,内热,CAU,CAUSES,SYM_03418,心烦,SYM,4
CAU_00044,内热,CAU,CAUSES,SYM_03472,颧红,SYM,2
CAU_00078,脉弦紧,CAU,CAUSES,SYM_03426,胸闷,SYM,2
CAU_00002,脉沉细,CAU,CAUSES,SYM_03626,喘促,SYM,4
CAU_00002,脉沉细,CAU,CAUSES,SYM_03470,小便不利,SYM,3
CAU_00002,脉沉细,CAU,CAUSES,SYM_03448,食少,SYM,8
CAU_00002,脉沉细,CAU,CAUSES,SYM_03671,舌体胖大,SYM,7
CAU_00002,脉沉细,CAU,CAUSES,SYM_03830,吐涎沫,SYM,3
CAU_00002,脉沉细,CAU,CAUSES,SYM_03467,痰多,SYM,3
CAU_00002,脉沉细,CAU,CAUSES,SYM_03672,苔白润,SYM,3
CAU_00034,脾肾,CAU,CAUSES,SYM_03423,神疲,SYM,2
CAU_00034,脾肾,CAU,CAUSES,SYM_03432,肢冷,SYM,4
CAU_00034,脾肾,CAU,CAUSES,SYM_03427,心悸,SYM,2
PRE_02484,五苓散,PRE,TREATS,SYM_03665,短气,SYM,2
HER_01873,泽泻,HER,RELIEVES,SYM_03665,短气,SYM,2
PRE_02482,二陈汤,PRE,CONTAINS,HER_02013,苓,HER,2
PRE_02482,二陈汤,PRE,TREATS,SYM_05034,胸前胀满,SYM,2
HER_01857,白术,HER,RELIEVES,SYM_05034,胸前胀满,SYM,2
HER_01914,贝母,HER,RELIEVES,SYM_05034,胸前胀满,SYM,2
HER_01899,苡仁,HER,RELIEVES,SYM_05034,胸前胀满,SYM,2
HER_01882,桔梗,HER,RELIEVES,SYM_05034,胸前胀满,SYM,2
HER_01854,甘草,HER,RELIEVES,SYM_05034,胸前胀满,SYM,2
HER_02013,苓,HER,RELIEVES,SYM_05034,胸前胀满,SYM,2
HER_01874,枳壳,HER,RELIEVES,SYM_05034,胸前胀满,SYM,2
HER_01864,陈皮,HER,RELIEVES,SYM_05034,胸前胀满,SYM,2
HER_01898,生姜,HER,RELIEVES,SYM_05034,胸前胀满,SYM,2
HER_02002,苏子,HER,RELIEVES,SYM_05034,胸前胀满,SYM,2
CAU_00006,脉沉,CAU,CAUSES,SYM_03750,面色黧黑,SYM,3
HER_01974,防己,HER,RELIEVES,SYM_03750,面色黧黑,SYM,3
HER_02012,芒硝,HER,RELIEVES,SYM_03750,面色黧黑,SYM,2
HER_01855,茯苓,HER,RELIEVES,SYM_03750,面色黧黑,SYM,2
CAU_00001,脉细数,CAU,CAUSES,SYM_03568,肢体麻木,SYM,2
CAU_00001,脉细数,CAU,CAUSES,SYM_03741,皮肤干燥,SYM,6
CAU_00001,脉细数,CAU,CAUSES,SYM_03436,便秘,SYM,5
CAU_00001,脉细数,CAU,CAUSES,SYM_03508,多梦,SYM,7
CAU_00042,细涩,CAU,CAUSES,SYM_03420,口干,SYM,2
CAU_00042,细涩,CAU,CAUSES,SYM_03433,腰膝酸软,SYM,2
CAU_00042,细涩,CAU,CAUSES,SYM_03741,皮肤干燥,SYM,2
CAU_00042,细涩,CAU,CAUSES,SYM_03436,便秘,SYM,2
CAU_00042,细涩,CAU,CAUSES,SYM_03437,失眠,SYM,2
CAU_00042,细涩,CAU,CAUSES,SYM_03508,多梦,SYM,2
CAU_00042,细涩,CAU,CAUSES,SYM_03473,少津,SYM,2
CAU_00051,脉沉细无力,CAU,CAUSES,SYM_03723,阳痿,SYM,3
CAU_00051,脉沉细无力,CAU,CAUSES,SYM_03428,舌质淡,SYM,2
CAU_00003,脉滑数,CAU,CAUSES,SYM_03652,大便不爽,SYM,4
CAU_00003,脉滑数,CAU,CAUSES,SYM_03429,腹胀,SYM,4
CAU_00003,脉滑数,CAU,CAUSES,SYM_03969,尿频尿急,SYM,2
CAU_00042,细涩,CAU,CAUSES,SYM_03652,大便不爽,SYM,2
CAU_00042,细涩,CAU,CAUSES,SYM_03442,口苦,SYM,2
CAU_00042,细涩,CAU,CAUSES,SYM_03429,腹胀,SYM,4
CAU_00042,细涩,CAU,CAUSES,SYM_03969,尿频尿急,SYM,2
CAU_00042,细涩,CAU,CAUSES,SYM_03412,舌质红,SYM,3
CAU_00051,脉沉细无力,CAU,CAUSES,SYM_03488,便干,SYM,3
CAU_00051,脉沉细无力,CAU,CAUSES,SYM_03627,夜尿频多,SYM,2
CAU_00051,脉沉细无力,CAU,CAUSES,SYM_03671,舌体胖大,SYM,2
CAU_00051,脉沉细无力,CAU,CAUSES,SYM_03437,失眠,SYM,3
CAU_00002,脉沉细,CAU,CAUSES,SYM_03451,少苔,SYM,4
CAU_00002,脉沉细,CAU,CAUSES,SYM_03719,视物模糊,SYM,3
CAU_00002,脉沉细,CAU,CAUSES,SYM_03705,小腹坠胀,SYM,2
CAU_00002,脉沉细,CAU,CAUSES,SYM_04790,时欲小便,SYM,2
HER_01859,柴胡,HER,RELIEVES,SYM_03442,口苦,SYM,2
CAU_00019,脉弦滑,CAU,CAUSES,SYM_03420,口干,SYM,3
CAU_00006,脉沉,CAU,CAUSES,SYM_03512,倦怠,SYM,2
CAU_00006,脉沉,CAU,CAUSES,SYM_03429,腹胀,SYM,3
CAU_00006,脉沉,CAU,CAUSES,SYM_03454,纳呆,SYM,4
CAU_00006,脉沉,CAU,CAUSES,SYM_03449,便溏,SYM,8
CAU_00111,脉沉细或涩,CAU,CAUSES,SYM_03568,肢体麻木,SYM,2
CAU_00111,脉沉细或涩,CAU,CAUSES,SYM_03433,腰膝酸软,SYM,2
CAU_00111,脉沉细或涩,CAU,CAUSES,SYM_04062,呆钝少言,SYM,2
CAU_00111,脉沉细或涩,CAU,CAUSES,SYM_03428,舌质淡,SYM,2
CAU_00111,脉沉细或涩,CAU,CAUSES,SYM_03513,倦怠乏力,SYM,2
CAU_00000,脉弦,CAU,CAUSES,SYM_03433,腰膝酸软,SYM,6
CAU_00000,脉弦,CAU,CAUSES,SYM_03506,眩晕,SYM,3
CAU_00000,脉弦,CAU,CAUSES,SYM_03451,少苔,SYM,3
CAU_00030,脉细涩,CAU,CAUSES,SYM_03568,肢体麻木,SYM,2
CAU_00030,脉细涩,CAU,CAUSES,SYM_03417,乏力,SYM,2
CAU_00030,脉细涩,CAU,CAUSES,SYM_03512,倦怠,SYM,2
CAU_00030,脉细涩,CAU,CAUSES,SYM_03431,自汗,SYM,2
CAU_00030,脉细涩,CAU,CAUSES,SYM_03423,神疲,SYM,2
CAU_00030,脉细涩,CAU,CAUSES,SYM_03440,气短,SYM,4
CAU_00002,脉沉细,CAU,CAUSES,SYM_03568,肢体麻木,SYM,2
CAU_00002,脉沉细,CAU,CAUSES,SYM_04092,尿清,SYM,2
CAU_00002,脉沉细,CAU,CAUSES,SYM_03449,便溏,SYM,7
CAU_00002,脉沉细,CAU,CAUSES,SYM_03580,怕冷,SYM,5
CAU_00002,脉沉细,CAU,CAUSES,SYM_03492,尿少,SYM,7
CAU_00002,脉沉细,CAU,CAUSES,SYM_03512,倦怠,SYM,4
CAU_00002,脉沉细,CAU,CAUSES,SYM_03558,泄,SYM,3
CAU_00002,脉沉细,CAU,CAUSES,SYM_03631,泻后痛减,SYM,2
CAU_00011,脉濡,CAU,CAUSES,SYM_03417,乏力,SYM,8
CAU_00011,脉濡,CAU,CAUSES,SYM_03448,食少,SYM,7
CAU_00011,脉濡,CAU,CAUSES,SYM_03562,腹满,SYM,2
CAU_00000,脉弦,CAU,CAUSES,SYM_03448,食少,SYM,8
CAU_00000,脉弦,CAU,CAUSES,SYM_03769,胸胁胀闷,SYM,2
CAU_00000,脉弦,CAU,CAUSES,SYM_03455,舌淡红,SYM,11
CAU_00000,脉弦,CAU,CAUSES,SYM_04288,恼怒,SYM,2
CAU_00000,脉弦,CAU,CAUSES,SYM_05079,腹中雷鸣,SYM,2
CAU_00051,脉沉细无力,CAU,CAUSES,SYM_03417,乏力,SYM,5
CAU_00051,脉沉细无力,CAU,CAUSES,SYM_03461,懒言,SYM,2
CAU_00051,脉沉细无力,CAU,CAUSES,SYM_03420,口干,SYM,2
CAU_00051,脉沉细无力,CAU,CAUSES,SYM_03425,头晕,SYM,2
CAU_00051,脉沉细无力,CAU,CAUSES,SYM_03861,舌胖质暗,SYM,2
CAU_00051,脉沉细无力,CAU,CAUSES,SYM_03415,苔薄白,SYM,2
CAU_00019,脉弦滑,CAU,CAUSES,SYM_03488,便干,SYM,2
CAU_00019,脉弦滑,CAU,CAUSES,SYM_03425,头晕,SYM,5
CAU_00000,脉弦,CAU,CAUSES,SYM_03539,健忘,SYM,2
CAU_00000,脉弦,CAU,CAUSES,SYM_03427,心悸,SYM,2
CAU_00000,脉弦,CAU,CAUSES,SYM_03594,舌质暗,SYM,4
CAU_00000,脉弦,CAU,CAUSES,SYM_03716,背痛,SYM,3
CAU_00000,脉弦,CAU,CAUSES,SYM_03536,胁痛,SYM,5
CAU_00000,脉弦,CAU,CAUSES,SYM_03602,腰痛,SYM,3
CAU_00014,脉滑,CAU,CAUSES,SYM_03652,大便不爽,SYM,2
CAU_00014,脉滑,CAU,CAUSES,SYM_03835,四肢倦怠,SYM,3
CAU_00014,脉滑,CAU,CAUSES,SYM_03408,舌红,SYM,3
CAU_00014,脉滑,CAU,CAUSES,SYM_03482,小便黄赤,SYM,2
CAU_00003,脉滑数,CAU,CAUSES,SYM_03516,脘腹胀满,SYM,7
CAU_00003,脉滑数,CAU,CAUSES,SYM_03804,牙龈出血,SYM,2
CAU_00003,脉滑数,CAU,CAUSES,SYM_03476,口臭,SYM,13
CAU_00003,脉滑数,CAU,CAUSES,SYM_05092,舌下络脉青紫,SYM,2
CAU_00004,脉弦数,CAU,CAUSES,SYM_03488,便干,SYM,4
CAU_00004,脉弦数,CAU,CAUSES,SYM_05187,面色红赤,SYM,2
CAU_00004,脉弦数,CAU,CAUSES,SYM_03769,胸胁胀闷,SYM,4
CAU_00007,脉数,CAU,CAUSES,SYM_03417,乏力,SYM,3
CAU_00007,脉数,CAU,CAUSES,SYM_03616,小便频数,SYM,4
HER_01862,黄芪,HER,RELIEVES,SYM_03417,乏力,SYM,2
CAU_00022,脉洪数,CAU,CAUSES,SYM_03410,口渴,SYM,14
PRE_03025,金花汤,PRE,CONTAINS,HER_01872,栀子,HER,2
PRE_03025,金花汤,PRE,CONTAINS,HER_01862,黄芪,HER,2
PRE_03025,金花汤,PRE,CONTAINS,HER_01858,黄芩,HER,2
PRE_02541,承气汤,PRE,CONTAINS,HER_01862,黄芪,HER,2
PRE_02541,承气汤,PRE,CONTAINS,HER_01858,黄芩,HER,2
CAU_00049,肺热,CAU,CAUSES,SYM_03436,便秘,SYM,2
CAU_00076,肾阴亏虚,CAU,CAUSES,SYM_03420,口干,SYM,2
CAU_00076,肾阴亏虚,CAU,CAUSES,SYM_03433,腰膝酸软,SYM,2
CAU_00076,肾阴亏虚,CAU,CAUSES,SYM_03452,苔少,SYM,2
HER_01857,白术,HER,HAS_EFFECT,EFF_01434,益气健脾,EFF,2
HER_01862,黄芪,HER,HAS_EFFECT,EFF_01434,益气健脾,EFF,2
HER_01854,甘草,HER,HAS_EFFECT,EFF_01434,益气健脾,EFF,2
HER_01855,茯苓,HER,HAS_EFFECT,EFF_01434,益气健脾,EFF,2
HER_01860,白芍,HER,HAS_EFFECT,EFF_01434,益气健脾,EFF,2
HER_01879,党参,HER,HAS_EFFECT,EFF_01434,益气健脾,EFF,2
CAU_00014,脉滑,CAU,CAUSES,SYM_05013,肢重怠惰,SYM,2
CAU_00014,脉滑,CAU,CAUSES,SYM_03681,形体肥胖,SYM,6
CAU_00014,脉滑,CAU,CAUSES,SYM_03410,口渴,SYM,5
CAU_00014,脉滑,CAU,CAUSES,SYM_03506,眩晕,SYM,2
CAU_00014,脉滑,CAU,CAUSES,SYM_03412,舌质红,SYM,3
CAU_00002,脉沉细,CAU,CAUSES,SYM_04131,疲乏无力,SYM,3
CAU_00002,脉沉细,CAU,CAUSES,SYM_03723,阳痿,SYM,6
CAU_00002,脉沉细,CAU,CAUSES,SYM_03425,头晕,SYM,12
CAU_00039,脉细弦,CAU,CAUSES,SYM_03563,月经不调,SYM,3
CAU_00039,脉细弦,CAU,CAUSES,SYM_03485,闭经,SYM,3
CAU_00039,脉细弦,CAU,CAUSES,SYM_03569,舌质暗红,SYM,4
CAU_00039,脉细弦,CAU,CAUSES,SYM_03508,多梦,SYM,2
CAU_00004,脉弦数,CAU,CAUSES,SYM_03508,多梦,SYM,2
CAU_00002,脉沉细,CAU,CAUSES,SYM_03743,肢体困重,SYM,3
CAU_00000,脉弦,CAU,CAUSES,SYM_03509,舌质紫暗,SYM,4
CAU_00078,脉弦紧,CAU,CAUSES,SYM_03428,舌质淡,SYM,2
CAU_00003,脉滑数,CAU,CAUSES,SYM_03493,烦躁不安,SYM,11
CAU_00003,脉滑数,CAU,CAUSES,SYM_03445,汗出,SYM,4
CAU_00003,脉滑数,CAU,CAUSES,SYM_03478,恶风,SYM,3
CAU_00002,脉沉细,CAU,CAUSES,SYM_03644,遗精,SYM,3
CAU_00002,脉沉细,CAU,CAUSES,SYM_03499,形体消瘦,SYM,5
CAU_00002,脉沉细,CAU,CAUSES,SYM_03473,少津,SYM,2
CAU_00128,肾亏,CAU,CAUSES,SYM_03520,头晕耳鸣,SYM,2
CAU_00008,脉浮,CAU,CAUSES,SYM_03942,鼻塞流涕,SYM,3
CAU_00007,脉数,CAU,CAUSES,SYM_03489,壮热,SYM,6
CAU_00007,脉数,CAU,CAUSES,SYM_03435,寒热,SYM,3
CAU_00007,脉数,CAU,CAUSES,SYM_03419,烦躁,SYM,9
CAU_00049,肺热,CAU,CAUSES,SYM_03421,咳嗽,SYM,2
CAU_00008,脉浮,CAU,CAUSES,SYM_03456,鼻塞,SYM,7
CAU_00008,脉浮,CAU,CAUSES,SYM_03410,口渴,SYM,5
CAU_00008,脉浮,CAU,CAUSES,SYM_03483,无汗,SYM,7
CAU_00007,脉数,CAU,CAUSES,SYM_03505,烦热,SYM,2
CAU_00079,脉微,CAU,CAUSES,SYM_03419,烦躁,SYM,2
CAU_00014,脉滑,CAU,CAUSES,SYM_03486,呕恶,SYM,8
CAU_00014,脉滑,CAU,CAUSES,SYM_03424,恶寒,SYM,2
CAU_00014,脉滑,CAU,CAUSES,SYM_03407,发热,SYM,2
CAU_00038,脉涩,CAU,CAUSES,SYM_03495,咽痛,SYM,2
CAU_00038,脉涩,CAU,CAUSES,SYM_03519,多汗,SYM,2
CAU_00038,脉涩,CAU,CAUSES,SYM_03593,胸满,SYM,2
CAU_00014,脉滑,CAU,CAUSES,SYM_05039,胸脘痞满,SYM,2
CAU_00011,脉濡,CAU,CAUSES,SYM_03776,面色淡黄,SYM,2
CAU_00041,脉虚,CAU,CAUSES,SYM_03410,口渴,SYM,4
CAU_00041,脉虚,CAU,CAUSES,SYM_03434,身热,SYM,3
CAU_00041,脉虚,CAU,CAUSES,SYM_03418,心烦,SYM,3
CAU_00041,脉虚,CAU,CAUSES,SYM_03431,自汗,SYM,5
CAU_00011,脉濡,CAU,CAUSES,SYM_03426,胸闷,SYM,8
CAU_00011,脉濡,CAU,CAUSES,SYM_03421,咳嗽,SYM,3
CAU_00011,脉濡,CAU,CAUSES,SYM_03408,舌红,SYM,2
CAU_00011,脉濡,CAU,CAUSES,SYM_03418,心烦,SYM,2
CAU_00041,脉虚,CAU,CAUSES,SYM_03504,烦渴,SYM,2
CAU_00000,脉弦,CAU,CAUSES,SYM_03435,寒热,SYM,8
CAU_00000,脉弦,CAU,CAUSES,SYM_03776,面色淡黄,SYM,2
CAU_00011,脉濡,CAU,CAUSES,SYM_03447,面赤,SYM,2
CAU_00004,脉弦数,CAU,CAUSES,SYM_03573,神昏谵语,SYM,2
CAU_00004,脉弦数,CAU,CAUSES,SYM_03489,壮热,SYM,3
CAU_00063,脉洪,CAU,CAUSES,SYM_04085,小便短,SYM,2
CAU_00063,脉洪,CAU,CAUSES,SYM_03434,身热,SYM,2
CAU_00063,脉洪,CAU,CAUSES,SYM_03892,大便闭,SYM,2
CAU_00063,脉洪,CAU,CAUSES,SYM_04099,得水则呕,SYM,2
CAU_00063,脉洪,CAU,CAUSES,SYM_03447,面赤,SYM,2
CAU_00003,脉滑数,CAU,CAUSES,SYM_03512,倦怠,SYM,3
CAU_00003,脉滑数,CAU,CAUSES,SYM_03449,便溏,SYM,2
CAU_00003,脉滑数,CAU,CAUSES,SYM_03443,呕吐,SYM,16
CAU_00003,脉滑数,CAU,CAUSES,SYM_03480,苔腻,SYM,3
CAU_00019,脉弦滑,CAU,CAUSES,SYM_03685,牙关紧闭,SYM,2
CAU_00001,脉细数,CAU,CAUSES,SYM_03434,身热,SYM,5
CAU_00001,脉细数,CAU,CAUSES,SYM_03677,夜寐不安,SYM,2
CAU_00001,脉细数,CAU,CAUSES,SYM_03766,肢厥,SYM,2
HER_01890,薄荷,HER,RELIEVES,SYM_03483,无汗,SYM,2
CAU_00032,脉缓,CAU,CAUSES,SYM_03491,身痛,SYM,3
CAU_00032,脉缓,CAU,CAUSES,SYM_03407,发热,SYM,2
CAU_00000,脉弦,CAU,CAUSES,SYM_03434,身热,SYM,3
HER_01932,神曲,HER,RELIEVES,SYM_03434,身热,SYM,3
HER_01906,滑石,HER,RELIEVES,SYM_03434,身热,SYM,2
HER_01906,滑石,HER,RELIEVES,SYM_03445,汗出,SYM,2
HER_02136,萆,HER,RELIEVES,SYM_03410,口渴,SYM,2
HER_02136,萆,HER,RELIEVES,SYM_03434,身热,SYM,2
CAU_00041,脉虚,CAU,CAUSES,SYM_03889,四肢困倦,SYM,2
HER_01867,麦冬,HER,RELIEVES,SYM_03434,身热,SYM,2
HER_02153,广皮,HER,RELIEVES,SYM_03410,口渴,SYM,2
HER_02153,广皮,HER,RELIEVES,SYM_03434,身热,SYM,2
CAU_00001,脉细数,CAU,CAUSES,SYM_03617,干呕,SYM,2
CAU_00032,脉缓,CAU,CAUSES,SYM_03445,汗出,SYM,5
CAU_00032,脉缓,CAU,CAUSES,SYM_03413,舌淡,SYM,10
CAU_00164,脉象沉数,CAU,CAUSES,SYM_03484,舌苔黄,SYM,2
CAU_00164,脉象沉数,CAU,CAUSES,SYM_03892,大便闭,SYM,2
CAU_00221,脉象模糊,CAU,CAUSES,SYM_03548,舌白,SYM,2
CAU_00221,脉象模糊,CAU,CAUSES,SYM_03491,身痛,SYM,2
CAU_00221,脉象模糊,CAU,CAUSES,SYM_03449,便溏,SYM,2
CAU_00221,脉象模糊,CAU,CAUSES,SYM_03554,脘闷,SYM,2
CAU_00014,脉滑,CAU,CAUSES,SYM_03484,舌苔黄,SYM,2
CAU_00014,脉滑,CAU,CAUSES,SYM_03432,肢冷,SYM,2
CAU_00014,脉滑,CAU,CAUSES,SYM_03445,汗出,SYM,2
CAU_00109,脉大,CAU,CAUSES,SYM_03407,发热,SYM,2
CAU_00109,脉大,CAU,CAUSES,SYM_03548,舌白,SYM,2
CAU_00109,脉大,CAU,CAUSES,SYM_03424,恶寒,SYM,2
CAU_00011,脉濡,CAU,CAUSES,SYM_03435,寒热,SYM,5
CAU_00042,细涩,CAU,CAUSES,SYM_03556,有汗,SYM,2
CAU_00042,细涩,CAU,CAUSES,SYM_03435,寒热,SYM,2
CAU_00042,细涩,CAU,CAUSES,SYM_03410,口渴,SYM,2
CAU_00042,细涩,CAU,CAUSES,SYM_03548,舌白,SYM,2
CAU_00002,脉沉细,CAU,CAUSES,SYM_03487,面白,SYM,4
CAU_00002,脉沉细,CAU,CAUSES,SYM_03660,无苔,SYM,5
CAU_00002,脉沉细,CAU,CAUSES,SYM_04233,唇淡,SYM,2
CAU_00002,脉沉细,CAU,CAUSES,SYM_03766,肢厥,SYM,3
CAU_00025,气血两虚,CAU,CAUSES,SYM_03455,舌淡红,SYM,2
CAU_00030,脉细涩,CAU,CAUSES,SYM_03414,苔白,SYM,3
CAU_00030,脉细涩,CAU,CAUSES,SYM_03491,身痛,SYM,2
CAU_00030,脉细涩,CAU,CAUSES,SYM_03432,肢冷,SYM,2
CAU_00030,脉细涩,CAU,CAUSES,SYM_03441,咽干,SYM,2
CAU_00030,脉细涩,CAU,CAUSES,SYM_03611,肢倦,SYM,2
CAU_00030,脉细涩,CAU,CAUSES,SYM_04550,咳呛不爽,SYM,2
CAU_00030,脉细涩,CAU,CAUSES,SYM_04702,小溲赤涩,SYM,2
CAU_00030,脉细涩,CAU,CAUSES,SYM_03424,恶寒,SYM,2
CAU_00030,脉细涩,CAU,CAUSES,SYM_03407,发热,SYM,2
CAU_00041,脉虚,CAU,CAUSES,SYM_03445,汗出,SYM,5
CAU_00041,脉虚,CAU,CAUSES,SYM_03478,恶风,SYM,2
CAU_00041,脉虚,CAU,CAUSES,SYM_05014,肤冷,SYM,2
CAU_00004,脉弦数,CAU,CAUSES,SYM_04998,肛门热痛,SYM,2
CAU_00004,脉弦数,CAU,CAUSES,SYM_05084,腹时痛,SYM,2
CAU_00344,脉左关弦数,CAU,CAUSES,SYM_04536,呕酸水,SYM,2
CAU_00344,脉左关弦数,CAU,CAUSES,SYM_03536,胁痛,SYM,2
CAU_00164,脉象沉数,CAU,CAUSES,SYM_03434,身热,SYM,2
CAU_00164,脉象沉数,CAU,CAUSES,SYM_03408,舌红,SYM,2
CAU_00007,脉数,CAU,CAUSES,SYM_03748,舌赤,SYM,2
CAU_00000,脉弦,CAU,CAUSES,SYM_03483,无汗,SYM,3
CAU_00000,脉弦,CAU,CAUSES,SYM_03421,咳嗽,SYM,3
CAU_00032,脉缓,CAU,CAUSES,SYM_03429,腹胀,SYM,2
CAU_00004,脉弦数,CAU,CAUSES,SYM_03490,肠鸣,SYM,2
CAU_00004,脉弦数,CAU,CAUSES,SYM_05174,阵发性脐腹剧烈疼痛,SYM,2
CAU_00004,脉弦数,CAU,CAUSES,SYM_03436,便秘,SYM,4
CAU_00004,脉弦数,CAU,CAUSES,SYM_03411,腹痛,SYM,2
CAU_00000,脉弦,CAU,CAUSES,SYM_03499,形体消瘦,SYM,3
CAU_00000,脉弦,CAU,CAUSES,SYM_05190,面色黄滞,SYM,2
CAU_00000,脉弦,CAU,CAUSES,SYM_04483,便下蛔虫,SYM,2
CAU_00000,脉弦,CAU,CAUSES,SYM_05025,胃脘嘈杂,SYM,2
CAU_00000,脉弦,CAU,CAUSES,SYM_03578,不思饮食,SYM,3
CAU_00002,脉沉细,CAU,CAUSES,SYM_03429,腹胀,SYM,4
CAU_00002,脉沉细,CAU,CAUSES,SYM_03454,纳呆,SYM,3
CAU_00002,脉沉细,CAU,CAUSES,SYM_03716,背痛,SYM,2
CAU_00002,脉沉细,CAU,CAUSES,SYM_05132,色苍老,SYM,2
CAU_00002,脉沉细,CAU,CAUSES,SYM_04747,性器官发育不全,SYM,2
CAU_00008,脉浮,CAU,CAUSES,SYM_03459,畏寒,SYM,2
CAU_00008,脉浮,CAU,CAUSES,SYM_03445,汗出,SYM,3
CAU_00001,脉细数,CAU,CAUSES,SYM_04401,舌质绛,SYM,2
CAU_00001,脉细数,CAU,CAUSES,SYM_05133,苔光剥,SYM,2
CAU_00001,脉细数,CAU,CAUSES,SYM_03429,腹胀,SYM,2
CAU_00001,脉细数,CAU,CAUSES,SYM_03514,口燥,SYM,15
CAU_00001,脉细数,CAU,CAUSES,SYM_03716,背痛,SYM,2
CAU_00001,脉细数,CAU,CAUSES,SYM_03536,胁痛,SYM,2
CAU_00001,脉细数,CAU,CAUSES,SYM_04713,尿短赤,SYM,2
CAU_00011,脉濡,CAU,CAUSES,SYM_03429,腹胀,SYM,8
CAU_00011,脉濡,CAU,CAUSES,SYM_03750,面色黧黑,SYM,2
CAU_00011,脉濡,CAU,CAUSES,SYM_05206,食后胀甚,SYM,2
CAU_00011,脉濡,CAU,CAUSES,SYM_04162,腹大如鼓,SYM,2
CAU_00025,气血两虚,CAU,CAUSES,SYM_03417,乏力,SYM,2
CAU_00025,气血两虚,CAU,CAUSES,SYM_03538,面色无华,SYM,3
CAU_00025,气血两虚,CAU,CAUSES,SYM_03423,神疲,SYM,2
CAU_00000,脉弦,CAU,CAUSES,SYM_04981,耳中肿胀,SYM,2
CAU_00012,阴虚,CAU,CAUSES,SYM_03527,口燥咽干,SYM,2
CAU_00012,阴虚,CAU,CAUSES,SYM_03431,自汗,SYM,5
CAU_00038,脉涩,CAU,CAUSES,SYM_03421,咳嗽,SYM,2
CAU_00022,脉洪数,CAU,CAUSES,SYM_03754,咯吐脓血,SYM,2
CAU_00022,脉洪数,CAU,CAUSES,SYM_03820,身皮甲错,SYM,2
CAU_00022,脉洪数,CAU,CAUSES,SYM_03421,咳嗽,SYM,4
CAU_00202,肺气亏虚,CAU,CAUSES,SYM_03572,气喘,SYM,2
CAU_00166,脉迟紧,CAU,CAUSES,SYM_03564,瘀血,SYM,2
CAU_00012,阴虚,CAU,CAUSES,SYM_03420,口干,SYM,5
CAU_00012,阴虚,CAU,CAUSES,SYM_03412,舌质红,SYM,4
CAU_00039,脉细弦,CAU,CAUSES,SYM_03464,小便短赤,SYM,3
CAU_00004,脉弦数,CAU,CAUSES,SYM_03482,小便黄赤,SYM,3
CAU_00005,脉细,CAU,CAUSES,SYM_03410,口渴,SYM,3
CAU_00353,脉来弦硬,CAU,CAUSES,SYM_03444,大便秘结,SYM,2
CAU_00353,脉来弦硬,CAU,CAUSES,SYM_04352,神识昏蒙,SYM,2
PRE_02503,地黄汤,PRE,CONTAINS,HER_02177,竹沥,HER,2
PRE_02503,地黄汤,PRE,CONTAINS,HER_01962,犀角,HER,3
CAU_00001,脉细数,CAU,CAUSES,SYM_03493,烦躁不安,SYM,5
CAU_00001,脉细数,CAU,CAUSES,SYM_03607,呼吸困难,SYM,2
CAU_00001,脉细数,CAU,CAUSES,SYM_03573,神昏谵语,SYM,5
CAU_00165,脉象细数,CAU,CAUSES,SYM_03420,口干,SYM,2
CAU_00034,脾肾,CAU,CAUSES,SYM_03420,口干,SYM,2
CAU_00034,脾肾,CAU,CAUSES,SYM_03415,苔薄白,SYM,2
CAU_00034,脾肾,CAU,CAUSES,SYM_03558,泄,SYM,2
CAU_00022,脉洪数,CAU,CAUSES,SYM_03484,舌苔黄,SYM,3
CAU_00022,脉洪数,CAU,CAUSES,SYM_03420,口干,SYM,2
CAU_00022,脉洪数,CAU,CAUSES,SYM_03493,烦躁不安,SYM,3
CAU_00022,脉洪数,CAU,CAUSES,SYM_03436,便秘,SYM,5
CAU_00022,脉洪数,CAU,CAUSES,SYM_03412,舌质红,SYM,8
CAU_00001,脉细数,CAU,CAUSES,SYM_03442,口苦,SYM,2
CAU_00001,脉细数,CAU,CAUSES,SYM_03683,欲不振,SYM,2
CAU_00001,脉细数,CAU,CAUSES,SYM_03407,发热,SYM,5
CAU_00002,脉沉细,CAU,CAUSES,SYM_03452,苔少,SYM,8
CAU_00025,气血两虚,CAU,CAUSES,SYM_03452,苔少,SYM,2
CAU_00004,脉弦数,CAU,CAUSES,SYM_03525,舌质淡红,SYM,2
CAU_00004,脉弦数,CAU,CAUSES,SYM_03439,苔薄,SYM,3
CAU_00022,脉洪数,CAU,CAUSES,SYM_03486,呕恶,SYM,2
CAU_00022,脉洪数,CAU,CAUSES,SYM_03498,高热,SYM,5
CAU_00152,火毒炽盛,CAU,CAUSES,SYM_03409,头痛,SYM,2
CAU_00152,火毒炽盛,CAU,CAUSES,SYM_03436,便秘,SYM,2
CAU_00007,脉数,CAU,CAUSES,SYM_03484,舌苔黄,SYM,6
CAU_00007,脉数,CAU,CAUSES,SYM_03459,畏寒,SYM,2
CAU_00011,脉濡,CAU,CAUSES,SYM_03439,苔薄,SYM,3
CAU_00011,脉濡,CAU,CAUSES,SYM_03497,面色少华,SYM,3
CAU_00000,脉弦,CAU,CAUSES,SYM_03569,舌质暗红,SYM,6
CAU_00000,脉弦,CAU,CAUSES,SYM_03563,月经不调,SYM,5
CAU_00000,脉弦,CAU,CAUSES,SYM_03508,多梦,SYM,2
CAU_00031,胃热,CAU,CAUSES,SYM_03407,发热,SYM,2
CAU_00157,肝郁脾虚,CAU,CAUSES,SYM_03417,乏力,SYM,2
CAU_00157,肝郁脾虚,CAU,CAUSES,SYM_03429,腹胀,SYM,2
CAU_00157,肝郁脾虚,CAU,CAUSES,SYM_03448,食少,SYM,2
CAU_00011,脉濡,CAU,CAUSES,SYM_03440,气短,SYM,3
CAU_00025,气血两虚,CAU,CAUSES,SYM_03610,瘿,SYM,2
CAU_00001,脉细数,CAU,CAUSES,SYM_03563,月经不调,SYM,2
CAU_00001,脉细数,CAU,CAUSES,SYM_03450,易怒,SYM,2
CAU_00001,脉细数,CAU,CAUSES,SYM_03499,形体消瘦,SYM,2
CAU_00008,脉浮,CAU,CAUSES,SYM_03441,咽干,SYM,2
CAU_00008,脉浮,CAU,CAUSES,SYM_03495,咽痛,SYM,6
CAU_00006,脉沉,CAU,CAUSES,SYM_03415,苔薄白,SYM,10
CAU_00006,脉沉,CAU,CAUSES,SYM_04449,下肢沉着,SYM,2
CAU_00006,脉沉,CAU,CAUSES,SYM_03544,小便清长,SYM,6
CAU_00004,脉弦数,CAU,CAUSES,SYM_04752,情绪易于激动,SYM,2
CAU_00004,脉弦数,CAU,CAUSES,SYM_03451,少苔,SYM,4
CAU_00004,脉弦数,CAU,CAUSES,SYM_04434,颈部肿块,SYM,2
CAU_00004,脉弦数,CAU,CAUSES,SYM_03519,多汗,SYM,3
CAU_00028,肾虚,CAU,CAUSES,SYM_04190,骨瘤,SYM,2
CAU_00004,脉弦数,CAU,CAUSES,SYM_03414,苔白,SYM,2
CAU_00002,脉沉细,CAU,CAUSES,SYM_03408,舌红,SYM,4
HER_02035,白鲜皮,HER,HAS_EFFECT,EFF_01437,祛风燥湿,EFF,2
HER_02035,白鲜皮,HER,HAS_EFFECT,EFF_01288,解毒,EFF,2
CAU_00003,脉滑数,CAU,CAUSES,SYM_03482,小便黄赤,SYM,8
CAU_00312,肝胆湿热,CAU,CAUSES,SYM_03407,发热,SYM,2
CAU_00004,脉弦数,CAU,CAUSES,SYM_03452,苔少,SYM,2
PRE_03044,青黛散油膏,PRE,CONTAINS,HER_02077,马齿苋,HER,2
PRE_03044,青黛散油膏,PRE,CONTAINS,HER_01890,薄荷,HER,2
CAU_00018,血虚,CAU,CAUSES,SYM_03439,苔薄,SYM,2
CAU_00084,湿热蕴结,CAU,CAUSES,SYM_03420,口干,SYM,3
CAU_00084,湿热蕴结,CAU,CAUSES,SYM_03408,舌红,SYM,2
CAU_00001,脉细数,CAU,CAUSES,SYM_03542,瘙痒,SYM,2
CAU_00001,脉细数,CAU,CAUSES,SYM_03511,血虚,SYM,2
CAU_00098,肝旺,CAU,CAUSES,SYM_03408,舌红,SYM,3
CAU_00098,肝旺,CAU,CAUSES,SYM_03439,苔薄,SYM,2
CAU_00098,肝旺,CAU,CAUSES,SYM_03437,失眠,SYM,3
CAU_00011,脉濡,CAU,CAUSES,SYM_04341,皮损呈淡褐色片状,SYM,2
CAU_00002,脉沉细,CAU,CAUSES,SYM_03539,健忘,SYM,2
CAU_00002,脉沉细,CAU,CAUSES,SYM_03563,月经不调,SYM,5
CAU_00002,脉沉细,CAU,CAUSES,SYM_03437,失眠,SYM,5
CAU_00237,风燥,CAU,CAUSES,SYM_03437,失眠,SYM,2
CAU_00237,风燥,CAU,CAUSES,SYM_03511,血虚,SYM,2
CAU_00019,脉弦滑,CAU,CAUSES,SYM_03407,发热,SYM,3
CAU_00002,脉沉细,CAU,CAUSES,SYM_04906,皮疹暗红,SYM,2
CAU_00002,脉沉细,CAU,CAUSES,SYM_03727,关节痛,SYM,2
CAU_00044,内热,CAU,CAUSES,SYM_03511,血虚,SYM,2
CAU_00002,脉沉细,CAU,CAUSES,SYM_03856,胸胁疼痛,SYM,2
CAU_00010,脉细弱,CAU,CAUSES,SYM_04825,毛发稀疏枯槁,SYM,2
CAU_00048,肝肾不足,CAU,CAUSES,SYM_03500,眩,SYM,2
CAU_00006,脉沉,CAU,CAUSES,SYM_03727,关节痛,SYM,2
CAU_00006,脉沉,CAU,CAUSES,SYM_04253,大便不干,SYM,2
CAU_00022,脉洪数,CAU,CAUSES,SYM_03464,小便短赤,SYM,4
CAU_00022,脉洪数,CAU,CAUSES,SYM_03462,抽搐,SYM,2
CAU_00022,脉洪数,CAU,CAUSES,SYM_03419,烦躁,SYM,5
CAU_00022,脉洪数,CAU,CAUSES,SYM_03824,关节肌肉疼痛,SYM,2
CAU_00001,脉细数,CAU,CAUSES,SYM_03485,闭经,SYM,3
CAU_00001,脉细数,CAU,CAUSES,SYM_03710,月经量少,SYM,5
CAU_00002,脉沉细,CAU,CAUSES,SYM_03922,红蝴蝶疮,SYM,2
CAU_00034,脾肾,CAU,CAUSES,SYM_03433,腰膝酸软,SYM,3
CAU_00034,脾肾,CAU,CAUSES,SYM_03413,舌淡,SYM,5
CAU_00034,脾肾,CAU,CAUSES,SYM_03452,苔少,SYM,2
CAU_00034,脾肾,CAU,CAUSES,SYM_03492,尿少,SYM,2
CAU_00015,脾虚,CAU,CAUSES,SYM_03485,闭经,SYM,2
CAU_00039,脉细弦,CAU,CAUSES,SYM_03430,耳鸣,SYM,2
CAU_00039,脉细弦,CAU,CAUSES,SYM_03604,舌紫暗,SYM,2
CAU_00039,脉细弦,CAU,CAUSES,SYM_03429,腹胀,SYM,4
CAU_00039,脉细弦,CAU,CAUSES,SYM_03687,皮肤紫斑,SYM,2
CAU_00039,脉细弦,CAU,CAUSES,SYM_03620,胸胁胀满,SYM,2
CAU_00039,脉细弦,CAU,CAUSES,SYM_03454,纳呆,SYM,3
CAU_00098,肝旺,CAU,CAUSES,SYM_03430,耳鸣,SYM,2
CAU_00002,脉沉细,CAU,CAUSES,SYM_04911,皮肤萎缩,SYM,2
CAU_00020,气滞血瘀,CAU,CAUSES,SYM_03414,苔白,SYM,2
CAU_00012,阴虚,CAU,CAUSES,SYM_03452,苔少,SYM,4
CAU_00012,阴虚,CAU,CAUSES,SYM_03418,心烦,SYM,7
CAU_00001,脉细数,CAU,CAUSES,SYM_03448,食少,SYM,2
CAU_00001,脉细数,CAU,CAUSES,SYM_04082,小便不畅,SYM,2
CAU_00014,脉滑,CAU,CAUSES,SYM_03454,纳呆,SYM,5
CAU_00014,脉滑,CAU,CAUSES,SYM_04395,舌胖润,SYM,2
CAU_00014,脉滑,CAU,CAUSES,SYM_03872,食少便溏,SYM,2
CAU_00014,脉滑,CAU,CAUSES,SYM_04344,皮色褐暗,SYM,2
CAU_00001,脉细数,CAU,CAUSES,SYM_03512,倦怠,SYM,2
CAU_00001,脉细数,CAU,CAUSES,SYM_03410,口渴,SYM,16
CAU_00020,气滞血瘀,CAU,CAUSES,SYM_03662,有瘀斑,SYM,2
CAU_00147,毒盛,CAU,CAUSES,SYM_03581,溃疡,SYM,2
CAU_00403,风伤肠络,CAU,CAUSES,SYM_04075,大便带血,SYM,2
CAU_00403,风伤肠络,CAU,CAUSES,SYM_03444,大便秘结,SYM,2
CAU_00403,风伤肠络,CAU,CAUSES,SYM_03695,血色鲜红,SYM,2
CAU_00007,脉数,CAU,CAUSES,SYM_04075,大便带血,SYM,3
CAU_00000,脉弦,CAU,CAUSES,SYM_03534,水肿,SYM,3
CAU_00055,湿热下注,CAU,CAUSES,SYM_03416,苔黄,SYM,2
CAU_00055,湿热下注,CAU,CAUSES,SYM_03412,舌质红,SYM,3
CAU_00036,热毒炽盛,CAU,CAUSES,SYM_03424,恶寒,SYM,2
CAU_00036,热毒炽盛,CAU,CAUSES,SYM_03407,发热,SYM,2
CAU_00001,脉细数,CAU,CAUSES,SYM_03596,不寐,SYM,5
CAU_00001,脉细数,CAU,CAUSES,SYM_03660,无苔,SYM,5
CAU_00055,湿热下注,CAU,CAUSES,SYM_03652,大便不爽,SYM,2
CAU_00003,脉滑数,CAU,CAUSES,SYM_04994,肛周有溃口,SYM,2
CAU_00003,脉滑数,CAU,CAUSES,SYM_03454,纳呆,SYM,10
CAU_00011,脉濡,CAU,CAUSES,SYM_03449,便溏,SYM,2
CAU_00011,脉濡,CAU,CAUSES,SYM_03699,丘疹,SYM,2
CAU_00011,脉濡,CAU,CAUSES,SYM_04014,自觉瘙痒,SYM,2
CAU_00002,脉沉细,CAU,CAUSES,SYM_04137,皮肤增厚,SYM,2
CAU_00002,脉沉细,CAU,CAUSES,SYM_03497,面色少华,SYM,2
CAU_00028,肾虚,CAU,CAUSES,SYM_03414,苔白,SYM,5
CAU_00004,脉弦数,CAU,CAUSES,SYM_03484,舌苔黄,SYM,3
CAU_00004,脉弦数,CAU,CAUSES,SYM_03895,尿急,SYM,2
CAU_00004,脉弦数,CAU,CAUSES,SYM_03576,血尿,SYM,2
CAU_00004,脉弦数,CAU,CAUSES,SYM_03706,尿频,SYM,2
CAU_00004,脉弦数,CAU,CAUSES,SYM_03795,尿痛,SYM,2
CAU_00004,脉弦数,CAU,CAUSES,SYM_04688,小便浑赤,SYM,2
CAU_00004,脉弦数,CAU,CAUSES,SYM_03602,腰痛,SYM,2
CAU_00000,脉弦,CAU,CAUSES,SYM_03895,尿急,SYM,2
CAU_00000,脉弦,CAU,CAUSES,SYM_03706,尿频,SYM,2
CAU_00000,脉弦,CAU,CAUSES,SYM_03662,有瘀斑,SYM,6
CAU_00000,脉弦,CAU,CAUSES,SYM_03795,尿痛,SYM,2
CAU_00001,脉细数,CAU,CAUSES,SYM_05077,腰腹隐痛,SYM,2
CAU_00001,脉细数,CAU,CAUSES,SYM_03500,眩,SYM,3
CAU_00001,脉细数,CAU,CAUSES,SYM_03425,头晕,SYM,11
CAU_00001,脉细数,CAU,CAUSES,SYM_03492,尿少,SYM,3
CAU_00055,湿热下注,CAU,CAUSES,SYM_03410,口渴,SYM,3
CAU_00055,湿热下注,CAU,CAUSES,SYM_03586,黄腻,SYM,2
CAU_00055,湿热下注,CAU,CAUSES,SYM_03407,发热,SYM,2
CAU_00004,脉弦数,CAU,CAUSES,SYM_03464,小便短赤,SYM,5
CAU_00004,脉弦数,CAU,CAUSES,SYM_03630,水疱,SYM,4
CAU_00004,脉弦数,CAU,CAUSES,SYM_03719,视物模糊,SYM,4
CAU_00004,脉弦数,CAU,CAUSES,SYM_03462,抽搐,SYM,5
CAU_00004,脉弦数,CAU,CAUSES,SYM_04143,神志模糊,SYM,4
CAU_00004,脉弦数,CAU,CAUSES,SYM_04024,血疱,SYM,3
CAU_00001,脉细数,CAU,CAUSES,SYM_03462,抽搐,SYM,5
CAU_00004,脉弦数,CAU,CAUSES,SYM_04934,眼睑下垂,SYM,2
CAU_00004,脉弦数,CAU,CAUSES,SYM_04096,张口困难,SYM,2
CAU_00004,脉弦数,CAU,CAUSES,SYM_03607,呼吸困难,SYM,2
CAU_00004,脉弦数,CAU,CAUSES,SYM_03651,嗜睡,SYM,3
CAU_00004,脉弦数,CAU,CAUSES,SYM_04249,四肢麻痹,SYM,2
CAU_00003,脉滑数,CAU,CAUSES,SYM_03855,胁肋胀痛,SYM,2
CAU_00003,脉滑数,CAU,CAUSES,SYM_03630,水疱,SYM,2
CAU_00003,脉滑数,CAU,CAUSES,SYM_03441,咽干,SYM,3
CAU_00003,脉滑数,CAU,CAUSES,SYM_03679,尿血,SYM,4
CAU_00003,脉滑数,CAU,CAUSES,SYM_04718,局部组织坏死,SYM,2
CAU_00003,脉滑数,CAU,CAUSES,SYM_03427,心悸,SYM,2
CAU_00003,脉滑数,CAU,CAUSES,SYM_04024,血疱,SYM,2
CAU_00003,脉滑数,CAU,CAUSES,SYM_03424,恶寒,SYM,4
CAU_00004,脉弦数,CAU,CAUSES,SYM_03591,眼花,SYM,4
CAU_00004,脉弦数,CAU,CAUSES,SYM_03453,瘀斑,SYM,2
CAU_00004,脉弦数,CAU,CAUSES,SYM_03479,瘀点,SYM,2
CAU_00004,脉弦数,CAU,CAUSES,SYM_03429,腹胀,SYM,2
CAU_00003,脉滑数,CAU,CAUSES,SYM_03960,喜冷饮,SYM,3
CAU_00003,脉滑数,CAU,CAUSES,SYM_04580,唇赤,SYM,2
CAU_00004,脉弦数,CAU,CAUSES,SYM_03620,胸胁胀满,SYM,2
CAU_00004,脉弦数,CAU,CAUSES,SYM_03906,月经周期提前,SYM,2
CAU_00004,脉弦数,CAU,CAUSES,SYM_04238,善太息,SYM,2
CAU_00057,脾气虚,CAU,CAUSES,SYM_03423,神疲,SYM,4
CAU_00057,脾气虚,CAU,CAUSES,SYM_03792,声低,SYM,2
CAU_00057,脾气虚,CAU,CAUSES,SYM_03413,舌淡,SYM,4
CAU_00057,脾气虚,CAU,CAUSES,SYM_03461,懒言,SYM,3
CAU_00057,脾气虚,CAU,CAUSES,SYM_03440,气短,SYM,2
CAU_00032,脉缓,CAU,CAUSES,SYM_03466,面色萎黄,SYM,6
CAU_00032,脉缓,CAU,CAUSES,SYM_03415,苔薄白,SYM,7
CAU_00032,脉缓,CAU,CAUSES,SYM_03417,乏力,SYM,3
CAU_00032,脉缓,CAU,CAUSES,SYM_03423,神疲,SYM,6
CAU_00032,脉缓,CAU,CAUSES,SYM_03755,小腹空坠,SYM,2
CAU_00032,脉缓,CAU,CAUSES,SYM_03643,边有齿痕,SYM,3
CAU_00032,脉缓,CAU,CAUSES,SYM_03461,懒言,SYM,5
CAU_00032,脉缓,CAU,CAUSES,SYM_03440,气短,SYM,4
CAU_00028,肾虚,CAU,CAUSES,SYM_04117,月经先后无定期,SYM,2
CAU_00000,脉弦,CAU,CAUSES,SYM_04117,月经先后无定期,SYM,3
CAU_00000,脉弦,CAU,CAUSES,SYM_03413,舌淡,SYM,4
CAU_00000,脉弦,CAU,CAUSES,SYM_03423,神疲,SYM,7
CAU_00000,脉弦,CAU,CAUSES,SYM_03597,乳房胀痛,SYM,8
CAU_00000,脉弦,CAU,CAUSES,SYM_03554,脘闷,SYM,2
CAU_00028,肾虚,CAU,CAUSES,SYM_03520,头晕耳鸣,SYM,4
CAU_00026,血瘀,CAU,CAUSES,SYM_03509,舌质紫暗,SYM,2
CAU_00026,血瘀,CAU,CAUSES,SYM_03620,胸胁胀满,SYM,2
CAU_00026,血瘀,CAU,CAUSES,SYM_03546,小腹疼痛,SYM,4
CAU_00026,血瘀,CAU,CAUSES,SYM_03422,疼痛,SYM,2
CAU_00026,血瘀,CAU,CAUSES,SYM_03479,瘀点,SYM,6
CAU_00000,脉弦,CAU,CAUSES,SYM_03453,瘀斑,SYM,4
CAU_00000,脉弦,CAU,CAUSES,SYM_03620,胸胁胀满,SYM,3
CAU_00000,脉弦,CAU,CAUSES,SYM_03546,小腹疼痛,SYM,4
CAU_00000,脉弦,CAU,CAUSES,SYM_03422,疼痛,SYM,11
CAU_00000,脉弦,CAU,CAUSES,SYM_03479,瘀点,SYM,7
CAU_00001,脉细数,CAU,CAUSES,SYM_03464,小便短赤,SYM,2
CAU_00003,脉滑数,CAU,CAUSES,SYM_03447,面赤,SYM,7
CAU_00005,脉细,CAU,CAUSES,SYM_03427,心悸,SYM,4
CAU_00005,脉细,CAU,CAUSES,SYM_03511,血虚,SYM,3
CAU_00026,血瘀,CAU,CAUSES,SYM_03604,舌紫暗,SYM,3
CAU_00000,脉弦,CAU,CAUSES,SYM_03604,舌紫暗,SYM,2
CAU_00000,脉弦,CAU,CAUSES,SYM_03768,胸胁胀痛,SYM,6
CAU_00096,痰湿,CAU,CAUSES,SYM_03681,形体肥胖,SYM,4
CAU_00096,痰湿,CAU,CAUSES,SYM_03414,苔白,SYM,4
CAU_00096,痰湿,CAU,CAUSES,SYM_03413,舌淡,SYM,3
CAU_00096,痰湿,CAU,CAUSES,SYM_03486,呕恶,SYM,3
CAU_00014,脉滑,CAU,CAUSES,SYM_03414,苔白,SYM,8
CAU_00014,脉滑,CAU,CAUSES,SYM_03857,胸脘满闷,SYM,2
CAU_00014,脉滑,CAU,CAUSES,SYM_03413,舌淡,SYM,2
CAU_00014,脉滑,CAU,CAUSES,SYM_03467,痰多,SYM,4
CAU_00026,血瘀,CAU,CAUSES,SYM_03415,苔薄白,SYM,2
CAU_00026,血瘀,CAU,CAUSES,SYM_03742,经量少,SYM,2
CAU_00026,血瘀,CAU,CAUSES,SYM_03662,有瘀斑,SYM,4
CAU_00006,脉沉,CAU,CAUSES,SYM_03433,腰膝酸软,SYM,8
CAU_00006,脉沉,CAU,CAUSES,SYM_03742,经量少,SYM,3
CAU_00006,脉沉,CAU,CAUSES,SYM_03662,有瘀斑,SYM,2
CAU_00006,脉沉,CAU,CAUSES,SYM_03980,月经过少,SYM,2
CAU_00006,脉沉,CAU,CAUSES,SYM_03520,头晕耳鸣,SYM,4
CAU_00006,脉沉,CAU,CAUSES,SYM_03479,瘀点,SYM,3
CAU_00028,肾虚,CAU,CAUSES,SYM_03980,月经过少,SYM,2
CAU_00069,肝郁,CAU,CAUSES,SYM_03415,苔薄白,SYM,2
CAU_00069,肝郁,CAU,CAUSES,SYM_03429,腹胀,SYM,2
CAU_00069,肝郁,CAU,CAUSES,SYM_03597,乳房胀痛,SYM,3
CAU_00000,脉弦,CAU,CAUSES,SYM_03980,月经过少,SYM,2
CAU_00006,脉沉,CAU,CAUSES,SYM_03426,胸闷,SYM,4
CAU_00006,脉沉,CAU,CAUSES,SYM_03681,形体肥胖,SYM,2
CAU_00006,脉沉,CAU,CAUSES,SYM_03486,呕恶,SYM,3
CAU_00096,痰湿,CAU,CAUSES,SYM_03426,胸闷,SYM,3
CAU_00010,脉细弱,CAU,CAUSES,SYM_03655,头晕眼花,SYM,3
CAU_00010,脉细弱,CAU,CAUSES,SYM_03448,食少,SYM,4
CAU_00010,脉细弱,CAU,CAUSES,SYM_03755,小腹空坠,SYM,5
CAU_00000,脉弦,CAU,CAUSES,SYM_03646,两目干涩,SYM,2
CAU_00032,脉缓,CAU,CAUSES,SYM_03475,面色白,SYM,3
CAU_00009,气虚,CAU,CAUSES,SYM_03440,气短,SYM,2
CAU_00026,血瘀,CAU,CAUSES,SYM_03551,面色晦暗,SYM,2
CAU_00012,阴虚,CAU,CAUSES,SYM_03579,大便燥结,SYM,2
CAU_00012,阴虚,CAU,CAUSES,SYM_03514,口燥,SYM,2
CAU_00012,阴虚,CAU,CAUSES,SYM_03451,少苔,SYM,4
CAU_00012,阴虚,CAU,CAUSES,SYM_03441,咽干,SYM,7
CAU_00012,阴虚,CAU,CAUSES,SYM_03469,潮热,SYM,2
CAU_00012,阴虚,CAU,CAUSES,SYM_03473,少津,SYM,3
CAU_00012,阴虚,CAU,CAUSES,SYM_03472,颧红,SYM,3
CAU_00001,脉细数,CAU,CAUSES,SYM_03579,大便燥结,SYM,4
CAU_00001,脉细数,CAU,CAUSES,SYM_04176,行经时间延长,SYM,2
CAU_00141,血热,CAU,CAUSES,SYM_03441,咽干,SYM,2
CAU_00141,血热,CAU,CAUSES,SYM_03412,舌质红,SYM,4
CAU_00013,湿热,CAU,CAUSES,SYM_03426,胸闷,SYM,2
CAU_00013,湿热,CAU,CAUSES,SYM_03417,乏力,SYM,2
CAU_00013,湿热,CAU,CAUSES,SYM_03416,苔黄,SYM,11
CAU_00013,湿热,CAU,CAUSES,SYM_03419,烦躁,SYM,2
CAU_00013,湿热,CAU,CAUSES,SYM_03412,舌质红,SYM,6
CAU_00039,脉细弦,CAU,CAUSES,SYM_03417,乏力,SYM,3
CAU_00039,脉细弦,CAU,CAUSES,SYM_03423,神疲,SYM,2
CAU_00039,脉细弦,CAU,CAUSES,SYM_04967,纳食较差,SYM,2
CAU_00039,脉细弦,CAU,CAUSES,SYM_03880,周身酸楚,SYM,2
CAU_00001,脉细数,CAU,CAUSES,SYM_03747,舌质偏红,SYM,4
CAU_00001,脉细数,CAU,CAUSES,SYM_04631,夜寐不宁,SYM,2
CAU_00029,肾阴虚,CAU,CAUSES,SYM_03747,舌质偏红,SYM,2
CAU_00026,血瘀,CAU,CAUSES,SYM_03429,腹胀,SYM,2
CAU_00039,脉细弦,CAU,CAUSES,SYM_03479,瘀点,SYM,2
CAU_00029,肾阴虚,CAU,CAUSES,SYM_03646,两目干涩,SYM,2
CAU_00000,脉弦,CAU,CAUSES,SYM_03746,舌暗,SYM,4
CAU_00026,血瘀,CAU,CAUSES,SYM_03485,闭经,SYM,2
CAU_00006,脉沉,CAU,CAUSES,SYM_03604,舌紫暗,SYM,2
CAU_00006,脉沉,CAU,CAUSES,SYM_03759,月经停闭,SYM,3
CAU_00006,脉沉,CAU,CAUSES,SYM_03485,闭经,SYM,4
CAU_00096,痰湿,CAU,CAUSES,SYM_03423,神疲,SYM,2
CAU_00096,痰湿,CAU,CAUSES,SYM_03500,眩,SYM,2
CAU_00096,痰湿,CAU,CAUSES,SYM_03425,头晕,SYM,2
CAU_00014,脉滑,CAU,CAUSES,SYM_03423,神疲,SYM,3
CAU_00014,脉滑,CAU,CAUSES,SYM_03500,眩,SYM,2
CAU_00014,脉滑,CAU,CAUSES,SYM_03425,头晕,SYM,4
CAU_00014,脉滑,CAU,CAUSES,SYM_03427,心悸,SYM,5
CAU_00014,脉滑,CAU,CAUSES,SYM_03440,气短,SYM,3
CAU_00020,气滞血瘀,CAU,CAUSES,SYM_03450,易怒,SYM,2
CAU_00020,气滞血瘀,CAU,CAUSES,SYM_03479,瘀点,SYM,3
CAU_00006,脉沉,CAU,CAUSES,SYM_03481,嗳气,SYM,2
CAU_00006,脉沉,CAU,CAUSES,SYM_03627,夜尿频多,SYM,3
CAU_00006,脉沉,CAU,CAUSES,SYM_03551,面色晦暗,SYM,3
CAU_00006,脉沉,CAU,CAUSES,SYM_03466,面色萎黄,SYM,3
CAU_00006,脉沉,CAU,CAUSES,SYM_03427,心悸,SYM,4
CAU_00006,脉沉,CAU,CAUSES,SYM_03611,肢倦,SYM,2
CAU_00006,脉沉,CAU,CAUSES,SYM_04808,月经周期延迟,SYM,2
CAU_00012,阴虚,CAU,CAUSES,SYM_03702,唇干,SYM,2
CAU_00012,阴虚,CAU,CAUSES,SYM_03421,咳嗽,SYM,3
CAU_00012,阴虚,CAU,CAUSES,SYM_03485,闭经,SYM,3
CAU_00001,脉细数,CAU,CAUSES,SYM_03531,干咳,SYM,7
CAU_00001,脉细数,CAU,CAUSES,SYM_03702,唇干,SYM,3
CAU_00001,脉细数,CAU,CAUSES,SYM_03742,经量少,SYM,2
CAU_00001,脉细数,CAU,CAUSES,SYM_03421,咳嗽,SYM,5
CAU_00032,脉缓,CAU,CAUSES,SYM_03683,欲不振,SYM,2
CAU_00032,脉缓,CAU,CAUSES,SYM_03496,大便溏薄,SYM,5
CAU_00001,脉细数,CAU,CAUSES,SYM_03466,面色萎黄,SYM,4
CAU_00001,脉细数,CAU,CAUSES,SYM_05172,阴道干涩,SYM,2
CAU_00001,脉细数,CAU,CAUSES,SYM_04826,毛发脱落,SYM,2
CAU_00042,细涩,CAU,CAUSES,SYM_03466,面色萎黄,SYM,2
CAU_00042,细涩,CAU,CAUSES,SYM_03465,手足心热,SYM,2
CAU_00042,细涩,CAU,CAUSES,SYM_03452,苔少,SYM,2
CAU_00042,细涩,CAU,CAUSES,SYM_05172,阴道干涩,SYM,2
CAU_00042,细涩,CAU,CAUSES,SYM_03408,舌红,SYM,2
CAU_00042,细涩,CAU,CAUSES,SYM_03425,头晕,SYM,3
CAU_00042,细涩,CAU,CAUSES,SYM_04826,毛发脱落,SYM,2
CAU_00007,脉数,CAU,CAUSES,SYM_04969,经少渐闭,SYM,2
PRE_02491,归脾汤,PRE,TREATS,SYM_03485,闭经,SYM,2
CAU_00022,脉洪数,CAU,CAUSES,SYM_04696,小便虽清不利,SYM,2
CAU_00022,脉洪数,CAU,CAUSES,SYM_03963,大便秘涩,SYM,2
CAU_00022,脉洪数,CAU,CAUSES,SYM_04972,经水闭绝不行,SYM,2
CAU_00015,脾虚,CAU,CAUSES,SYM_03415,苔薄白,SYM,2
CAU_00015,脾虚,CAU,CAUSES,SYM_03475,面色白,SYM,2
CAU_00015,脾虚,CAU,CAUSES,SYM_03643,边有齿痕,SYM,2
CAU_00015,脾虚,CAU,CAUSES,SYM_03584,面浮,SYM,2
CAU_00015,脾虚,CAU,CAUSES,SYM_03461,懒言,SYM,3
CAU_00015,脾虚,CAU,CAUSES,SYM_03440,气短,SYM,3
CAU_00010,脉细弱,CAU,CAUSES,SYM_03643,边有齿痕,SYM,2
CAU_00010,脉细弱,CAU,CAUSES,SYM_03946,倦怠嗜卧,SYM,2
CAU_00129,肾阳虚,CAU,CAUSES,SYM_03433,腰膝酸软,SYM,2
CAU_00129,肾阳虚,CAU,CAUSES,SYM_03627,夜尿频多,SYM,2
CAU_00129,肾阳虚,CAU,CAUSES,SYM_03432,肢冷,SYM,2
CAU_00129,肾阳虚,CAU,CAUSES,SYM_03551,面色晦暗,SYM,2
CAU_00006,脉沉,CAU,CAUSES,SYM_03688,精神不振,SYM,2
CAU_00006,脉沉,CAU,CAUSES,SYM_03672,苔白润,SYM,2
CAU_00001,脉细数,CAU,CAUSES,SYM_04001,经乱无期,SYM,2
CAU_00072,虚热,CAU,CAUSES,SYM_03514,口燥,SYM,7
CAU_00038,脉涩,CAU,CAUSES,SYM_03620,胸胁胀满,SYM,2
CAU_00038,脉涩,CAU,CAUSES,SYM_04001,经乱无期,SYM,2
CAU_00206,肾气虚,CAU,CAUSES,SYM_03413,舌淡,SYM,2
CAU_00206,肾气虚,CAU,CAUSES,SYM_03433,腰膝酸软,SYM,2
CAU_00206,肾气虚,CAU,CAUSES,SYM_03551,面色晦暗,SYM,2
CAU_00206,肾气虚,CAU,CAUSES,SYM_03520,头晕耳鸣,SYM,2
CAU_00094,气血亏虚,CAU,CAUSES,SYM_03407,发热,SYM,2
CAU_00063,脉洪,CAU,CAUSES,SYM_03511,血虚,SYM,2
CAU_00063,脉洪,CAU,CAUSES,SYM_03407,发热,SYM,2
CAU_00034,脾肾,CAU,CAUSES,SYM_03459,畏寒,SYM,2
CAU_00087,肝郁气滞,CAU,CAUSES,SYM_03422,疼痛,SYM,2
CAU_00000,脉弦,CAU,CAUSES,SYM_04047,乳头痒痛,SYM,2
CAU_00000,脉弦,CAU,CAUSES,SYM_03945,乳房胀满,SYM,2
CAU_00001,脉细数,CAU,CAUSES,SYM_03646,两目干涩,SYM,4
CAU_00001,脉细数,CAU,CAUSES,SYM_03597,乳房胀痛,SYM,2
CAU_00029,肾阴虚,CAU,CAUSES,SYM_03514,口燥,SYM,2
CAU_00029,肾阴虚,CAU,CAUSES,SYM_03441,咽干,SYM,3
CAU_00029,肾阴虚,CAU,CAUSES,SYM_03439,苔薄,SYM,2
CAU_00069,肝郁,CAU,CAUSES,SYM_03418,心烦,SYM,3
CAU_00004,脉弦数,CAU,CAUSES,SYM_03530,尿黄,SYM,5
CAU_00004,脉弦数,CAU,CAUSES,SYM_03597,乳房胀痛,SYM,2
CAU_00062,肝气郁结,CAU,CAUSES,SYM_03597,乳房胀痛,SYM,2
CAU_00041,脉虚,CAU,CAUSES,SYM_03413,舌淡,SYM,4
CAU_00041,脉虚,CAU,CAUSES,SYM_03423,神疲,SYM,2
CAU_00041,脉虚,CAU,CAUSES,SYM_03672,苔白润,SYM,2
CAU_00041,脉虚,CAU,CAUSES,SYM_03407,发热,SYM,2
CAU_00006,脉沉,CAU,CAUSES,SYM_03407,发热,SYM,2
CAU_00072,虚热,CAU,CAUSES,SYM_03418,心烦,SYM,7
CAU_00072,虚热,CAU,CAUSES,SYM_03489,壮热,SYM,4
CAU_00072,虚热,CAU,CAUSES,SYM_03407,发热,SYM,4
CAU_00380,脾胃伏火,CAU,CAUSES,SYM_03489,壮热,SYM,2
CAU_00044,内热,CAU,CAUSES,SYM_03514,口燥,SYM,2
CAU_00040,胃虚,CAU,CAUSES,SYM_03418,心烦,SYM,2
CAU_00010,脉细弱,CAU,CAUSES,SYM_03511,血虚,SYM,5
CAU_00069,肝郁,CAU,CAUSES,SYM_03408,舌红,SYM,2
CAU_00069,肝郁,CAU,CAUSES,SYM_03416,苔黄,SYM,2
CAU_00004,脉弦数,CAU,CAUSES,SYM_03587,便结,SYM,5
CAU_00086,肝火,CAU,CAUSES,SYM_03442,口苦,SYM,2
CAU_00086,肝火,CAU,CAUSES,SYM_03441,咽干,SYM,2
CAU_00086,肝火,CAU,CAUSES,SYM_03450,易怒,SYM,2
CAU_00086,肝火,CAU,CAUSES,SYM_03419,烦躁,SYM,2
CAU_00086,肝火,CAU,CAUSES,SYM_03409,头痛,SYM,2
CAU_00086,肝火,CAU,CAUSES,SYM_03412,舌质红,SYM,2
CAU_00000,脉弦,CAU,CAUSES,SYM_03441,咽干,SYM,6
CAU_00000,脉弦,CAU,CAUSES,SYM_03611,肢倦,SYM,2
CAU_00000,脉弦,CAU,CAUSES,SYM_03461,懒言,SYM,2
CAU_00000,脉弦,CAU,CAUSES,SYM_03440,气短,SYM,2
CAU_00029,肾阴虚,CAU,CAUSES,SYM_03452,苔少,SYM,6
CAU_00029,肾阴虚,CAU,CAUSES,SYM_03469,潮热,SYM,4
CAU_00006,脉沉,CAU,CAUSES,SYM_03422,疼痛,SYM,2
CAU_00031,胃热,CAU,CAUSES,SYM_03444,大便秘结,SYM,2
CAU_00004,脉弦数,CAU,CAUSES,SYM_03571,吐血,SYM,2
CAU_00004,脉弦数,CAU,CAUSES,SYM_03768,胸胁胀痛,SYM,2
CAU_00004,脉弦数,CAU,CAUSES,SYM_04663,头昏目胀,SYM,2
CAU_00029,肾阴虚,CAU,CAUSES,SYM_03531,干咳,SYM,3
CAU_00029,肾阴虚,CAU,CAUSES,SYM_03465,手足心热,SYM,3
CAU_00157,肝郁脾虚,CAU,CAUSES,SYM_03455,舌淡红,SYM,2
CAU_00157,肝郁脾虚,CAU,CAUSES,SYM_03411,腹痛,SYM,2
CAU_00044,内热,CAU,CAUSES,SYM_03446,泄泻,SYM,2
CAU_00000,脉弦,CAU,CAUSES,SYM_03619,胁胀,SYM,2
CAU_00141,血热,CAU,CAUSES,SYM_03416,苔黄,SYM,2
CAU_00141,血热,CAU,CAUSES,SYM_03418,心烦,SYM,3
CAU_00003,脉滑数,CAU,CAUSES,SYM_03474,腰酸,SYM,2
CAU_00003,脉滑数,CAU,CAUSES,SYM_03587,便结,SYM,3
CAU_00021,脉弱,CAU,CAUSES,SYM_03414,苔白,SYM,9
CAU_00021,脉弱,CAU,CAUSES,SYM_03474,腰酸,SYM,2
CAU_00021,脉弱,CAU,CAUSES,SYM_03411,腹痛,SYM,2
CAU_00013,湿热,CAU,CAUSES,SYM_03411,腹痛,SYM,5
CAU_00014,脉滑,CAU,CAUSES,SYM_03705,小腹坠胀,SYM,2
CAU_00014,脉滑,CAU,CAUSES,SYM_03460,面色苍白,SYM,2
CAU_00014,脉滑,CAU,CAUSES,SYM_03546,小腹疼痛,SYM,2
CAU_00014,脉滑,CAU,CAUSES,SYM_03422,疼痛,SYM,4
CAU_00034,脾肾,CAU,CAUSES,SYM_03414,苔白,SYM,5
CAU_00034,脾肾,CAU,CAUSES,SYM_03903,手足不温,SYM,2
CAU_00034,脾肾,CAU,CAUSES,SYM_03449,便溏,SYM,3
CAU_00034,脾肾,CAU,CAUSES,SYM_03428,舌质淡,SYM,3
CAU_00006,脉沉,CAU,CAUSES,SYM_03903,手足不温,SYM,2
CAU_00024,阳虚,CAU,CAUSES,SYM_03414,苔白,SYM,3
CAU_00010,脉细弱,CAU,CAUSES,SYM_03452,苔少,SYM,2
CAU_00030,脉细涩,CAU,CAUSES,SYM_03433,腰膝酸软,SYM,2
CAU_00030,脉细涩,CAU,CAUSES,SYM_03425,头晕,SYM,2
CAU_00030,脉细涩,CAU,CAUSES,SYM_03460,面色苍白,SYM,4
CAU_00030,脉细涩,CAU,CAUSES,SYM_03427,心悸,SYM,4
CAU_00030,脉细涩,CAU,CAUSES,SYM_03479,瘀点,SYM,3
CAU_00030,脉细涩,CAU,CAUSES,SYM_03696,阴道流血,SYM,2
CAU_00030,脉细涩,CAU,CAUSES,SYM_03546,小腹疼痛,SYM,2
CAU_00020,气滞血瘀,CAU,CAUSES,SYM_03415,苔薄白,SYM,3
CAU_00006,脉沉,CAU,CAUSES,SYM_04512,口唇色青,SYM,2
CAU_00006,脉沉,CAU,CAUSES,SYM_03696,阴道流血,SYM,2
CAU_00006,脉沉,CAU,CAUSES,SYM_04167,舌质紫黯,SYM,2
CAU_00006,脉沉,CAU,CAUSES,SYM_03546,小腹疼痛,SYM,2
CAU_00006,脉沉,CAU,CAUSES,SYM_04518,口气恶臭,SYM,2
CAU_00004,脉弦数,CAU,CAUSES,SYM_03447,面赤,SYM,2
CAU_00019,脉弦滑,CAU,CAUSES,SYM_03619,胁胀,SYM,2
CAU_00032,脉缓,CAU,CAUSES,SYM_03516,脘腹胀满,SYM,2
CAU_00032,脉缓,CAU,CAUSES,SYM_03545,小便短少,SYM,2
CAU_00009,气虚,CAU,CAUSES,SYM_03443,呕吐,SYM,2
CAU_00012,阴虚,CAU,CAUSES,SYM_03465,手足心热,SYM,7
CAU_00012,阴虚,CAU,CAUSES,SYM_03500,眩,SYM,2
CAU_00012,阴虚,CAU,CAUSES,SYM_03425,头晕,SYM,2
CAU_00012,阴虚,CAU,CAUSES,SYM_03437,失眠,SYM,2
CAU_00004,脉弦数,CAU,CAUSES,SYM_03430,耳鸣,SYM,6
CAU_00004,脉弦数,CAU,CAUSES,SYM_03465,手足心热,SYM,2
CAU_00004,脉弦数,CAU,CAUSES,SYM_03521,口干咽燥,SYM,2
CAU_00004,脉弦数,CAU,CAUSES,SYM_03939,颜面潮红,SYM,2
CAU_00098,肝旺,CAU,CAUSES,SYM_03500,眩,SYM,2
CAU_00098,肝旺,CAU,CAUSES,SYM_03425,头晕,SYM,2
CAU_00015,脾虚,CAU,CAUSES,SYM_03512,倦怠,SYM,2
CAU_00019,脉弦滑,CAU,CAUSES,SYM_03500,眩,SYM,2
CAU_00019,脉弦滑,CAU,CAUSES,SYM_03462,抽搐,SYM,2
CAU_00399,阴火炎上,CAU,CAUSES,SYM_03697,不省人事,SYM,2
CAU_00337,胎动不安,CAU,CAUSES,SYM_03421,咳嗽,SYM,2
CAU_00003,脉滑数,CAU,CAUSES,SYM_03522,痰涎,SYM,2
CAU_00011,脉濡,CAU,CAUSES,SYM_03467,痰多,SYM,4
CAU_00011,脉濡,CAU,CAUSES,SYM_04600,喘不得卧,SYM,2
CAU_00011,脉濡,CAU,CAUSES,SYM_03502,气促,SYM,2
CAU_00000,脉弦,CAU,CAUSES,SYM_03863,舌黯红,SYM,2
CAU_00000,脉弦,CAU,CAUSES,SYM_03486,呕恶,SYM,2
CAU_00004,脉弦数,CAU,CAUSES,SYM_04201,两胁胀痛,SYM,2
CAU_00189,气阴两伤,CAU,CAUSES,SYM_03418,心烦,SYM,2
CAU_00001,脉细数,CAU,CAUSES,SYM_04185,面色潮红,SYM,3
CAU_00008,脉浮,CAU,CAUSES,SYM_03422,疼痛,SYM,7
CAU_00003,脉滑数,CAU,CAUSES,SYM_03498,高热,SYM,5
CAU_00008,脉浮,CAU,CAUSES,SYM_03408,舌红,SYM,4
CAU_00004,脉弦数,CAU,CAUSES,SYM_03604,舌紫暗,SYM,2
CAU_00004,脉弦数,CAU,CAUSES,SYM_03579,大便燥结,SYM,2
CAU_00004,脉弦数,CAU,CAUSES,SYM_04354,秽臭如脓,SYM,2
CAU_00000,脉弦,CAU,CAUSES,SYM_04907,皮肤发白,SYM,2
CAU_00001,脉细数,CAU,CAUSES,SYM_03506,眩晕,SYM,2
CAU_00001,脉细数,CAU,CAUSES,SYM_04910,皮肤粗糙,SYM,2
CAU_00045,热毒,CAU,CAUSES,SYM_04031,阴疮,SYM,2
CAU_00045,热毒,CAU,CAUSES,SYM_03434,身热,SYM,2
CAU_00045,热毒,CAU,CAUSES,SYM_03436,便秘,SYM,2
CAU_00002,脉沉细,CAU,CAUSES,SYM_03688,精神不振,SYM,2
CAU_00002,脉沉细,CAU,CAUSES,SYM_03422,疼痛,SYM,4
CAU_00045,热毒,CAU,CAUSES,SYM_03416,苔黄,SYM,3
CAU_00045,热毒,CAU,CAUSES,SYM_03410,口渴,SYM,2
CAU_00045,热毒,CAU,CAUSES,SYM_03408,舌红,SYM,2
CAU_00114,脏躁,CAU,CAUSES,SYM_03839,大枣,SYM,2
CAU_00000,脉弦,CAU,CAUSES,SYM_03853,精神抑郁,SYM,2
CAU_00000,脉弦,CAU,CAUSES,SYM_05023,胁肋胀满,SYM,2
CAU_00002,脉沉细,CAU,CAUSES,SYM_03964,婚久不孕,SYM,3
CAU_00002,脉沉细,CAU,CAUSES,SYM_03627,夜尿频多,SYM,7
CAU_00002,脉沉细,CAU,CAUSES,SYM_03900,性欲淡漠,SYM,3
CAU_00002,脉沉细,CAU,CAUSES,SYM_04095,带下量多,SYM,2
CAU_00096,痰湿,CAU,CAUSES,SYM_03417,乏力,SYM,2
CAU_00014,脉滑,CAU,CAUSES,SYM_03417,乏力,SYM,2
CAU_00014,脉滑,CAU,CAUSES,SYM_03563,月经不调,SYM,2
CAU_00014,脉滑,CAU,CAUSES,SYM_04182,面目虚浮,SYM,2
CAU_00002,脉沉细,CAU,CAUSES,SYM_03591,眼花,SYM,2
CAU_00002,脉沉细,CAU,CAUSES,SYM_03508,多梦,SYM,3
CAU_00040,胃虚,CAU,CAUSES,SYM_03448,食少,SYM,2
CAU_00005,脉细,CAU,CAUSES,SYM_03465,手足心热,SYM,3
CAU_00005,脉细,CAU,CAUSES,SYM_03420,口干,SYM,4
CAU_00059,虚火上炎,CAU,CAUSES,SYM_03465,手足心热,SYM,2
CAU_00059,虚火上炎,CAU,CAUSES,SYM_03501,口疮,SYM,3
CAU_00001,脉细数,CAU,CAUSES,SYM_03548,舌白,SYM,2
CAU_00001,脉细数,CAU,CAUSES,SYM_04061,吮乳多啼,SYM,2
CAU_00001,脉细数,CAU,CAUSES,SYM_03501,口疮,SYM,2
CAU_00001,脉细数,CAU,CAUSES,SYM_03904,指纹紫红,SYM,2
CAU_00001,脉细数,CAU,CAUSES,SYM_03589,大便稀溏,SYM,2
CAU_00001,脉细数,CAU,CAUSES,SYM_03443,呕吐,SYM,2
CAU_00266,心脾积热,CAU,CAUSES,SYM_03410,口渴,SYM,2
CAU_00266,心脾积热,CAU,CAUSES,SYM_03439,苔薄,SYM,2
CAU_00266,心脾积热,CAU,CAUSES,SYM_03482,小便黄赤,SYM,2
CAU_00266,心脾积热,CAU,CAUSES,SYM_03407,发热,SYM,2
CAU_00003,脉滑数,CAU,CAUSES,SYM_04219,呛奶,SYM,2
CAU_00003,脉滑数,CAU,CAUSES,SYM_03465,手足心热,SYM,4
CAU_00003,脉滑数,CAU,CAUSES,SYM_03548,舌白,SYM,2
CAU_00003,脉滑数,CAU,CAUSES,SYM_03501,口疮,SYM,2
CAU_00003,脉滑数,CAU,CAUSES,SYM_03904,指纹紫红,SYM,4
CAU_00003,脉滑数,CAU,CAUSES,SYM_03439,苔薄,SYM,2
CAU_00003,脉滑数,CAU,CAUSES,SYM_04061,吮乳多啼,SYM,2
CAU_00003,脉滑数,CAU,CAUSES,SYM_04564,咽肿,SYM,2
CAU_00013,湿热,CAU,CAUSES,SYM_03454,纳呆,SYM,2
CAU_00013,湿热,CAU,CAUSES,SYM_03446,泄泻,SYM,4
CAU_00013,湿热,CAU,CAUSES,SYM_03443,呕吐,SYM,3
CAU_00013,湿热,CAU,CAUSES,SYM_03408,舌红,SYM,5
CAU_00007,脉数,CAU,CAUSES,SYM_03581,溃疡,SYM,3
CAU_00007,脉数,CAU,CAUSES,SYM_03464,小便短赤,SYM,3
CAU_00007,脉数,CAU,CAUSES,SYM_03476,口臭,SYM,2
CAU_00007,脉数,CAU,CAUSES,SYM_03422,疼痛,SYM,7
CAU_00001,脉细数,CAU,CAUSES,SYM_04074,大便偏干,SYM,2
CAU_00001,脉细数,CAU,CAUSES,SYM_04113,指纹淡紫,SYM,2
CAU_00001,脉细数,CAU,CAUSES,SYM_04941,神气困乏,SYM,2
CAU_00001,脉细数,CAU,CAUSES,SYM_03422,疼痛,SYM,6
CAU_00040,胃虚,CAU,CAUSES,SYM_03501,口疮,SYM,2
CAU_00022,脉洪数,CAU,CAUSES,SYM_03501,口疮,SYM,2
CAU_00022,脉洪数,CAU,CAUSES,SYM_03407,发热,SYM,6
CAU_00042,细涩,CAU,CAUSES,SYM_03594,舌质暗,SYM,3
CAU_00042,细涩,CAU,CAUSES,SYM_03441,咽干,SYM,3
CAU_00042,细涩,CAU,CAUSES,SYM_04594,喉核肿大暗红,SYM,2
CAU_00042,细涩,CAU,CAUSES,SYM_03662,有瘀斑,SYM,2
CAU_00042,细涩,CAU,CAUSES,SYM_03495,咽痛,SYM,2
CAU_00042,细涩,CAU,CAUSES,SYM_05134,苔或腻,SYM,2
CAU_00042,细涩,CAU,CAUSES,SYM_04216,吞咽不畅,SYM,3
CAU_00042,细涩,CAU,CAUSES,SYM_03821,颌下淋巴结肿大压痛,SYM,3
CAU_00085,痰瘀互结,CAU,CAUSES,SYM_03594,舌质暗,SYM,2
CAU_00085,痰瘀互结,CAU,CAUSES,SYM_03441,咽干,SYM,2
CAU_00085,痰瘀互结,CAU,CAUSES,SYM_04594,喉核肿大暗红,SYM,2
CAU_00085,痰瘀互结,CAU,CAUSES,SYM_03662,有瘀斑,SYM,2
CAU_00085,痰瘀互结,CAU,CAUSES,SYM_03495,咽痛,SYM,2
CAU_00085,痰瘀互结,CAU,CAUSES,SYM_05134,苔或腻,SYM,2
CAU_00085,痰瘀互结,CAU,CAUSES,SYM_04216,吞咽不畅,SYM,2
CAU_00085,痰瘀互结,CAU,CAUSES,SYM_03821,颌下淋巴结肿大压痛,SYM,2
CAU_00000,脉弦,CAU,CAUSES,SYM_04594,喉核肿大暗红,SYM,2
CAU_00000,脉弦,CAU,CAUSES,SYM_03495,咽痛,SYM,2
CAU_00000,脉弦,CAU,CAUSES,SYM_05134,苔或腻,SYM,2
CAU_00000,脉弦,CAU,CAUSES,SYM_04216,吞咽不畅,SYM,3
CAU_00000,脉弦,CAU,CAUSES,SYM_03821,颌下淋巴结肿大压痛,SYM,3
CAU_00001,脉细数,CAU,CAUSES,SYM_03882,咽痒,SYM,3
CAU_00001,脉细数,CAU,CAUSES,SYM_03608,小便黄,SYM,2
CAU_00001,脉细数,CAU,CAUSES,SYM_04566,咽部干燥灼热,SYM,2
CAU_00001,脉细数,CAU,CAUSES,SYM_03678,少痰,SYM,4
CAU_00029,肾阴虚,CAU,CAUSES,SYM_03488,便干,SYM,2
CAU_00029,肾阴虚,CAU,CAUSES,SYM_03417,乏力,SYM,3
CAU_00029,肾阴虚,CAU,CAUSES,SYM_03882,咽痒,SYM,2
CAU_00029,肾阴虚,CAU,CAUSES,SYM_03608,小便黄,SYM,2
CAU_00029,肾阴虚,CAU,CAUSES,SYM_04566,咽部干燥灼热,SYM,2
CAU_00029,肾阴虚,CAU,CAUSES,SYM_03678,少痰,SYM,2
CAU_00057,脾气虚,CAU,CAUSES,SYM_04232,咽部不适,SYM,2
CAU_00057,脾气虚,CAU,CAUSES,SYM_03455,舌淡红,SYM,3
CAU_00057,脾气虚,CAU,CAUSES,SYM_03497,面色少华,SYM,4
CAU_00057,脾气虚,CAU,CAUSES,SYM_03496,大便溏薄,SYM,3
CAU_00010,脉细弱,CAU,CAUSES,SYM_04232,咽部不适,SYM,3
CAU_00008,脉浮,CAU,CAUSES,SYM_04118,气塞不通,SYM,2
CAU_00008,脉浮,CAU,CAUSES,SYM_04658,头不能下视,SYM,2
CAU_00405,风寒袭肺,CAU,CAUSES,SYM_04118,气塞不通,SYM,2
CAU_00405,风寒袭肺,CAU,CAUSES,SYM_04658,头不能下视,SYM,2
CAU_00008,脉浮,CAU,CAUSES,SYM_03434,身热,SYM,2
CAU_00000,脉弦,CAU,CAUSES,SYM_04960,精神郁闷,SYM,2
CAU_00000,脉弦,CAU,CAUSES,SYM_03609,指纹紫,SYM,2
CAU_00003,脉滑数,CAU,CAUSES,SYM_03624,不思乳食,SYM,4
CAU_00003,脉滑数,CAU,CAUSES,SYM_03864,苔厚腻,SYM,2
CAU_00003,脉滑数,CAU,CAUSES,SYM_03609,指纹紫,SYM,8
CAU_00003,脉滑数,CAU,CAUSES,SYM_04213,口气臭秽,SYM,2
CAU_00003,脉滑数,CAU,CAUSES,SYM_04838,泻下酸臭,SYM,2
CAU_00003,脉滑数,CAU,CAUSES,SYM_04527,吐后觉舒,SYM,2
CAU_00031,胃热,CAU,CAUSES,SYM_03443,呕吐,SYM,2
CAU_00040,胃虚,CAU,CAUSES,SYM_03411,腹痛,SYM,2
CAU_00031,胃热,CAU,CAUSES,SYM_03447,面赤,SYM,2
CAU_00003,脉滑数,CAU,CAUSES,SYM_03540,少寐,SYM,2
CAU_00003,脉滑数,CAU,CAUSES,SYM_03533,指纹紫滞,SYM,12
CAU_00003,脉滑数,CAU,CAUSES,SYM_03940,食入即吐,SYM,2
CAU_00063,脉洪,CAU,CAUSES,SYM_03858,腹中痛,SYM,2
CAU_00063,脉洪,CAU,CAUSES,SYM_05140,虫痛发作,SYM,2
CAU_00063,脉洪,CAU,CAUSES,SYM_03475,面色白,SYM,2
CAU_00063,脉洪,CAU,CAUSES,SYM_03411,腹痛,SYM,3
CAU_00063,脉洪,CAU,CAUSES,SYM_03828,口吐涎沫,SYM,2
CAU_00387,虫积内扰,CAU,CAUSES,SYM_03858,腹中痛,SYM,2
CAU_00387,虫积内扰,CAU,CAUSES,SYM_05140,虫痛发作,SYM,2
CAU_00387,虫积内扰,CAU,CAUSES,SYM_03475,面色白,SYM,2
CAU_00387,虫积内扰,CAU,CAUSES,SYM_03411,腹痛,SYM,2
CAU_00387,虫积内扰,CAU,CAUSES,SYM_03828,口吐涎沫,SYM,2
CAU_00003,脉滑数,CAU,CAUSES,SYM_03814,腹部胀满,SYM,2
CAU_00003,脉滑数,CAU,CAUSES,SYM_03469,潮热,SYM,2
CAU_00020,气滞血瘀,CAU,CAUSES,SYM_03411,腹痛,SYM,2
CAU_00038,脉涩,CAU,CAUSES,SYM_03411,腹痛,SYM,2
CAU_00038,脉涩,CAU,CAUSES,SYM_03479,瘀点,SYM,5
CAU_00038,脉涩,CAU,CAUSES,SYM_03533,指纹紫滞,SYM,2
CAU_00038,脉涩,CAU,CAUSES,SYM_04016,舌紫黯,SYM,2
PRE_02998,莪术丸,PRE,CONTAINS,HER_01857,白术,HER,2
PRE_02998,莪术丸,PRE,CONTAINS,HER_02013,苓,HER,2
PRE_02998,莪术丸,PRE,TREATS,SYM_03411,腹痛,SYM,2
HER_02013,苓,HER,RELIEVES,SYM_03411,腹痛,SYM,2
CAU_00015,脾虚,CAU,CAUSES,SYM_03411,腹痛,SYM,2
CAU_00368,脉象沉滑,CAU,CAUSES,SYM_03624,不思乳食,SYM,2
CAU_00368,脉象沉滑,CAU,CAUSES,SYM_03516,脘腹胀满,SYM,2
CAU_00368,脉象沉滑,CAU,CAUSES,SYM_04355,粪便秽臭,SYM,2
CAU_00368,脉象沉滑,CAU,CAUSES,SYM_03864,苔厚腻,SYM,2
CAU_00368,脉象沉滑,CAU,CAUSES,SYM_03455,舌淡红,SYM,2
CAU_00368,脉象沉滑,CAU,CAUSES,SYM_03443,呕吐,SYM,2
CAU_00368,脉象沉滑,CAU,CAUSES,SYM_04528,吐物酸馊,SYM,2
CAU_00368,脉象沉滑,CAU,CAUSES,SYM_03411,腹痛,SYM,2
CAU_00368,脉象沉滑,CAU,CAUSES,SYM_03631,泻后痛减,SYM,2
CAU_00368,脉象沉滑,CAU,CAUSES,SYM_03533,指纹紫滞,SYM,2
CAU_00056,脉滑实,CAU,CAUSES,SYM_03624,不思乳食,SYM,2
CAU_00056,脉滑实,CAU,CAUSES,SYM_03589,大便稀溏,SYM,2
CAU_00056,脉滑实,CAU,CAUSES,SYM_03446,泄泻,SYM,2
CAU_00056,脉滑实,CAU,CAUSES,SYM_03443,呕吐,SYM,2
CAU_00056,脉滑实,CAU,CAUSES,SYM_03411,腹痛,SYM,2
CAU_00056,脉滑实,CAU,CAUSES,SYM_03631,泻后痛减,SYM,2
CAU_00003,脉滑数,CAU,CAUSES,SYM_03832,哭闹,SYM,2
CAU_00013,湿热,CAU,CAUSES,SYM_03410,口渴,SYM,4
CAU_00034,脾肾,CAU,CAUSES,SYM_03446,泄泻,SYM,2
CAU_00034,脾肾,CAU,CAUSES,SYM_03487,面白,SYM,2
CAU_00034,脾肾,CAU,CAUSES,SYM_03734,完谷不化,SYM,2
CAU_00024,阳虚,CAU,CAUSES,SYM_03413,舌淡,SYM,2
CAU_00024,阳虚,CAU,CAUSES,SYM_03446,泄泻,SYM,3
CAU_00024,阳虚,CAU,CAUSES,SYM_03734,完谷不化,SYM,2
CAU_00010,脉细弱,CAU,CAUSES,SYM_03592,精神萎靡,SYM,3
CAU_00008,脉浮,CAU,CAUSES,SYM_03411,腹痛,SYM,3
CAU_00016,风寒,CAU,CAUSES,SYM_03490,肠鸣,SYM,2
CAU_00016,风寒,CAU,CAUSES,SYM_03446,泄泻,SYM,2
CAU_00001,脉细数,CAU,CAUSES,SYM_03446,泄泻,SYM,3
CAU_00032,脉缓,CAU,CAUSES,SYM_03512,倦怠,SYM,3
CAU_00034,脾肾,CAU,CAUSES,SYM_03589,大便稀溏,SYM,2
CAU_00024,阳虚,CAU,CAUSES,SYM_03589,大便稀溏,SYM,2
CAU_00011,脉濡,CAU,CAUSES,SYM_03532,恶心,SYM,2
CAU_00011,脉濡,CAU,CAUSES,SYM_04647,大便软溏,SYM,2
CAU_00011,脉濡,CAU,CAUSES,SYM_03455,舌淡红,SYM,2
CAU_00011,脉濡,CAU,CAUSES,SYM_03709,指纹淡,SYM,2
CAU_00005,脉细,CAU,CAUSES,SYM_03442,口苦,SYM,2
CAU_00005,脉细,CAU,CAUSES,SYM_03693,脾虚,SYM,2
CAU_00005,脉细,CAU,CAUSES,SYM_04046,两胁胀满,SYM,2
CAU_00005,脉细,CAU,CAUSES,SYM_03826,厌恶进食,SYM,2
CAU_00005,脉细,CAU,CAUSES,SYM_03439,苔薄,SYM,5
CAU_00005,脉细,CAU,CAUSES,SYM_03450,易怒,SYM,4
CAU_00005,脉细,CAU,CAUSES,SYM_03419,烦躁,SYM,3
CAU_00005,脉细,CAU,CAUSES,SYM_03533,指纹紫滞,SYM,3
CAU_00003,脉滑数,CAU,CAUSES,SYM_03532,恶心,SYM,2
CAU_00003,脉滑数,CAU,CAUSES,SYM_03477,大便干结,SYM,8
CAU_00003,脉滑数,CAU,CAUSES,SYM_03608,小便黄,SYM,7
CAU_00013,湿热,CAU,CAUSES,SYM_04111,拒食,SYM,2
CAU_00013,湿热,CAU,CAUSES,SYM_03586,黄腻,SYM,2
CAU_00013,湿热,CAU,CAUSES,SYM_03477,大便干结,SYM,3
CAU_00013,湿热,CAU,CAUSES,SYM_03608,小便黄,SYM,3
CAU_00013,湿热,CAU,CAUSES,SYM_03533,指纹紫滞,SYM,2
CAU_00003,脉滑数,CAU,CAUSES,SYM_03450,易怒,SYM,3
CAU_00003,脉滑数,CAU,CAUSES,SYM_03677,夜寐不安,SYM,2
CAU_00005,脉细,CAU,CAUSES,SYM_03646,两目干涩,SYM,2
CAU_00006,脉沉,CAU,CAUSES,SYM_03545,小便短少,SYM,5
CAU_00006,脉沉,CAU,CAUSES,SYM_03565,神倦,SYM,3
CAU_00006,脉沉,CAU,CAUSES,SYM_03487,面白,SYM,3
CAU_00002,脉沉细,CAU,CAUSES,SYM_03466,面色萎黄,SYM,2
CAU_00001,脉细数,CAU,CAUSES,SYM_03675,面红,SYM,2
CAU_00001,脉细数,CAU,CAUSES,SYM_03647,口舌生疮,SYM,3
CAU_00001,脉细数,CAU,CAUSES,SYM_03575,舌尖红,SYM,4
CAU_00001,脉细数,CAU,CAUSES,SYM_03476,口臭,SYM,2
CAU_00001,脉细数,CAU,CAUSES,SYM_03832,哭闹,SYM,2
CAU_00001,脉细数,CAU,CAUSES,SYM_03735,小便短黄,SYM,2
CAU_00005,脉细,CAU,CAUSES,SYM_03414,苔白,SYM,11
CAU_00005,脉细,CAU,CAUSES,SYM_03454,纳呆,SYM,4
CAU_00005,脉细,CAU,CAUSES,SYM_03487,面白,SYM,5
CAU_00003,脉滑数,CAU,CAUSES,SYM_03438,盗汗,SYM,2
CAU_00032,脉缓,CAU,CAUSES,SYM_04103,怕风,SYM,2
CAU_00032,脉缓,CAU,CAUSES,SYM_03455,舌淡红,SYM,4
CAU_00032,脉缓,CAU,CAUSES,SYM_03431,自汗,SYM,4
CAU_00327,肺脉按之无力,CAU,CAUSES,SYM_03431,自汗,SYM,2
CAU_00054,气逆,CAU,CAUSES,SYM_03431,自汗,SYM,3
CAU_00030,脉细涩,CAU,CAUSES,SYM_04358,紫斑,SYM,3
CAU_00030,脉细涩,CAU,CAUSES,SYM_03863,舌黯红,SYM,2
CAU_00141,血热,CAU,CAUSES,SYM_03453,瘀斑,SYM,2
CAU_00141,血热,CAU,CAUSES,SYM_03420,口干,SYM,2
CAU_00141,血热,CAU,CAUSES,SYM_03517,便血,SYM,2
CAU_00141,血热,CAU,CAUSES,SYM_03667,紫癜,SYM,2
CAU_00007,脉数,CAU,CAUSES,SYM_03453,瘀斑,SYM,3
CAU_00007,脉数,CAU,CAUSES,SYM_03477,大便干结,SYM,4
CAU_00007,脉数,CAU,CAUSES,SYM_03667,紫癜,SYM,2
CAU_00003,脉滑数,CAU,CAUSES,SYM_03687,皮肤紫斑,SYM,3
CAU_00003,脉滑数,CAU,CAUSES,SYM_03653,大便不调,SYM,3
CAU_00012,阴虚,CAU,CAUSES,SYM_03488,便干,SYM,5
CAU_00012,阴虚,CAU,CAUSES,SYM_03453,瘀斑,SYM,4
CAU_00001,脉细数,CAU,CAUSES,SYM_03453,瘀斑,SYM,6
CAU_00008,脉浮,CAU,CAUSES,SYM_03517,便血,SYM,2
CAU_00008,脉浮,CAU,CAUSES,SYM_03667,紫癜,SYM,2
CAU_00008,脉浮,CAU,CAUSES,SYM_03679,尿血,SYM,4
CAU_00007,脉数,CAU,CAUSES,SYM_03479,瘀点,SYM,2
CAU_00010,脉细弱,CAU,CAUSES,SYM_03565,神倦,SYM,5
CAU_00010,脉细弱,CAU,CAUSES,SYM_03687,皮肤紫斑,SYM,2
CAU_00006,脉沉,CAU,CAUSES,SYM_03462,抽搐,SYM,2
CAU_00332,肾精亏损,CAU,CAUSES,SYM_03413,舌淡,SYM,2
CAU_00002,脉沉细,CAU,CAUSES,SYM_05005,肢体困惫,SYM,2
CAU_00002,脉沉细,CAU,CAUSES,SYM_03566,面黄,SYM,2
CAU_00002,脉沉细,CAU,CAUSES,SYM_04787,时时下利,SYM,2
CAU_00002,脉沉细,CAU,CAUSES,SYM_03434,身热,SYM,3
CAU_00002,脉沉细,CAU,CAUSES,SYM_04108,手足搐搦,SYM,2
CAU_00002,脉沉细,CAU,CAUSES,SYM_04959,精神软弱,SYM,2
CAU_00002,脉沉细,CAU,CAUSES,SYM_03519,多汗,SYM,4
CAU_00341,脉乱不齐,CAU,CAUSES,SYM_03415,苔薄白,SYM,2
CAU_00341,脉乱不齐,CAU,CAUSES,SYM_04755,惊跳惊叫,SYM,2
CAU_00341,脉乱不齐,CAU,CAUSES,SYM_03919,神志不清,SYM,2
CAU_00341,脉乱不齐,CAU,CAUSES,SYM_03529,四肢厥冷,SYM,2
CAU_00007,脉数,CAU,CAUSES,SYM_03432,肢冷,SYM,2
CAU_00007,脉数,CAU,CAUSES,SYM_03614,高热不退,SYM,4
CAU_00007,脉数,CAU,CAUSES,SYM_03462,抽搐,SYM,3
CAU_00007,脉数,CAU,CAUSES,SYM_03628,昏迷,SYM,4
CAU_00075,弦细,CAU,CAUSES,SYM_03466,面色萎黄,SYM,3
CAU_00075,弦细,CAU,CAUSES,SYM_03553,四肢不温,SYM,2
CAU_00075,弦细,CAU,CAUSES,SYM_03414,苔白,SYM,2
CAU_00075,弦细,CAU,CAUSES,SYM_03490,肠鸣,SYM,2
CAU_00075,弦细,CAU,CAUSES,SYM_03449,便溏,SYM,2
CAU_00075,弦细,CAU,CAUSES,SYM_04456,不欲饮食,SYM,2
CAU_00075,弦细,CAU,CAUSES,SYM_03462,抽搐,SYM,2
CAU_00075,弦细,CAU,CAUSES,SYM_03651,嗜睡,SYM,2
CAU_00075,弦细,CAU,CAUSES,SYM_03592,精神萎靡,SYM,2
CAU_00010,脉细弱,CAU,CAUSES,SYM_03490,肠鸣,SYM,2
CAU_00010,脉细弱,CAU,CAUSES,SYM_04456,不欲饮食,SYM,2
CAU_00010,脉细弱,CAU,CAUSES,SYM_03462,抽搐,SYM,2
CAU_00010,脉细弱,CAU,CAUSES,SYM_03651,嗜睡,SYM,2
CAU_00079,脉微,CAU,CAUSES,SYM_03487,面白,SYM,2
CAU_00079,脉微,CAU,CAUSES,SYM_03427,心悸,SYM,2
CAU_00012,阴虚,CAU,CAUSES,SYM_03423,神疲,SYM,5
CAU_00001,脉细数,CAU,CAUSES,SYM_03477,大便干结,SYM,5
CAU_00168,虚烦,CAU,CAUSES,SYM_03465,手足心热,SYM,2
CAU_00168,虚烦,CAU,CAUSES,SYM_03423,神疲,SYM,3
CAU_00168,虚烦,CAU,CAUSES,SYM_03452,苔少,SYM,4
CAU_00168,虚烦,CAU,CAUSES,SYM_03473,少津,SYM,2
CAU_00007,脉数,CAU,CAUSES,SYM_04188,颈项强直,SYM,2
CAU_00007,脉数,CAU,CAUSES,SYM_04110,抽风,SYM,2
CAU_00007,脉数,CAU,CAUSES,SYM_03467,痰多,SYM,2
CAU_00007,脉数,CAU,CAUSES,SYM_03498,高热,SYM,3
CAU_00007,脉数,CAU,CAUSES,SYM_03912,狂躁不安,SYM,2
CAU_00007,脉数,CAU,CAUSES,SYM_03483,无汗,SYM,2
CAU_00003,脉滑数,CAU,CAUSES,SYM_04649,大便黏腻或夹脓血,SYM,2
CAU_00003,脉滑数,CAU,CAUSES,SYM_03462,抽搐,SYM,2
CAU_00003,脉滑数,CAU,CAUSES,SYM_03529,四肢厥冷,SYM,2
CAU_00008,脉浮,CAU,CAUSES,SYM_03632,流涕,SYM,3
CAU_00170,邪陷心肝,CAU,CAUSES,SYM_03462,抽搐,SYM,3
CAU_00170,邪陷心肝,CAU,CAUSES,SYM_03419,烦躁,SYM,3
CAU_00170,邪陷心肝,CAU,CAUSES,SYM_03412,舌质红,SYM,3
CAU_00170,邪陷心肝,CAU,CAUSES,SYM_03416,苔黄,SYM,3
CAU_00170,邪陷心肝,CAU,CAUSES,SYM_03628,昏迷,SYM,3
CAU_00007,脉数,CAU,CAUSES,SYM_03533,指纹紫滞,SYM,3
CAU_00034,脾肾,CAU,CAUSES,SYM_03553,四肢不温,SYM,2
CAU_00005,脉细,CAU,CAUSES,SYM_03704,大便稀薄,SYM,2
CAU_00005,脉细,CAU,CAUSES,SYM_04543,咯吐痰涎,SYM,2
CAU_00005,脉细,CAU,CAUSES,SYM_03462,抽搐,SYM,2
CAU_00005,脉细,CAU,CAUSES,SYM_03538,面色无华,SYM,5
CAU_00005,脉细,CAU,CAUSES,SYM_05209,食欲欠佳,SYM,2
CAU_00005,脉细,CAU,CAUSES,SYM_03709,指纹淡,SYM,3
CAU_00014,脉滑,CAU,CAUSES,SYM_03588,四肢抽搐,SYM,2
CAU_00014,脉滑,CAU,CAUSES,SYM_04072,多痰,SYM,2
CAU_00014,脉滑,CAU,CAUSES,SYM_04058,口黏,SYM,3
CAU_00014,脉滑,CAU,CAUSES,SYM_03455,舌淡红,SYM,4
CAU_00014,脉滑,CAU,CAUSES,SYM_03497,面色少华,SYM,2
CAU_00014,脉滑,CAU,CAUSES,SYM_04239,喉中痰鸣,SYM,2
CAU_00014,脉滑,CAU,CAUSES,SYM_03409,头痛,SYM,4
CAU_00052,结代,CAU,CAUSES,SYM_03797,怔忡,SYM,2
CAU_00051,脉沉细无力,CAU,CAUSES,SYM_03460,面色苍白,SYM,2
CAU_00001,脉细数,CAU,CAUSES,SYM_03491,身痛,SYM,2
CAU_00001,脉细数,CAU,CAUSES,SYM_03411,腹痛,SYM,2
CAU_00001,脉细数,CAU,CAUSES,SYM_03701,咯痰,SYM,2
CAU_00001,脉细数,CAU,CAUSES,SYM_03884,喉痛,SYM,2
CAU_00001,脉细数,CAU,CAUSES,SYM_03670,胸闷气短,SYM,2
CAU_00052,结代,CAU,CAUSES,SYM_03446,泄泻,SYM,2
CAU_00052,结代,CAU,CAUSES,SYM_03411,腹痛,SYM,2
CAU_00052,结代,CAU,CAUSES,SYM_03412,舌质红,SYM,2
CAU_00011,脉濡,CAU,CAUSES,SYM_03427,心悸,SYM,2
CAU_00039,脉细弦,CAU,CAUSES,SYM_03439,苔薄,SYM,2
CAU_00000,脉弦,CAU,CAUSES,SYM_03653,大便不调,SYM,2
CAU_00071,脉虚弱,CAU,CAUSES,SYM_03417,乏力,SYM,2
CAU_00071,脉虚弱,CAU,CAUSES,SYM_03971,形体虚胖,SYM,2
CAU_00071,脉虚弱,CAU,CAUSES,SYM_04025,记忆力差,SYM,2
CAU_00071,脉虚弱,CAU,CAUSES,SYM_03538,面色无华,SYM,2
CAU_00071,脉虚弱,CAU,CAUSES,SYM_03438,盗汗,SYM,2
CAU_00071,脉虚弱,CAU,CAUSES,SYM_03499,形体消瘦,SYM,2
CAU_00265,心脾两虚,CAU,CAUSES,SYM_03423,神疲,SYM,2
CAU_00265,心脾两虚,CAU,CAUSES,SYM_03538,面色无华,SYM,2
CAU_00005,脉细,CAU,CAUSES,SYM_04417,迟钝,SYM,2
CAU_00005,脉细,CAU,CAUSES,SYM_04259,头发生长迟缓,SYM,3
CAU_00005,脉细,CAU,CAUSES,SYM_04248,四肢萎软,SYM,3
CAU_00005,脉细,CAU,CAUSES,SYM_04149,肌肉松弛,SYM,3
CAU_00005,脉细,CAU,CAUSES,SYM_03455,舌淡红,SYM,3
CAU_00005,脉细,CAU,CAUSES,SYM_03905,智力低下,SYM,3
CAU_00005,脉细,CAU,CAUSES,SYM_03848,流涎,SYM,2
CAU_00005,脉细,CAU,CAUSES,SYM_04222,咀嚼吮吸无力,SYM,3
CAU_00264,心脾两亏,CAU,CAUSES,SYM_04417,迟钝,SYM,2
CAU_00264,心脾两亏,CAU,CAUSES,SYM_04259,头发生长迟缓,SYM,2
CAU_00264,心脾两亏,CAU,CAUSES,SYM_03452,苔少,SYM,2
CAU_00264,心脾两亏,CAU,CAUSES,SYM_04248,四肢萎软,SYM,2
CAU_00264,心脾两亏,CAU,CAUSES,SYM_04149,肌肉松弛,SYM,2
CAU_00264,心脾两亏,CAU,CAUSES,SYM_03455,舌淡红,SYM,2
CAU_00264,心脾两亏,CAU,CAUSES,SYM_03905,智力低下,SYM,2
CAU_00264,心脾两亏,CAU,CAUSES,SYM_03848,流涎,SYM,2
CAU_00264,心脾两亏,CAU,CAUSES,SYM_04222,咀嚼吮吸无力,SYM,2
CAU_00048,肝肾不足,CAU,CAUSES,SYM_03439,苔薄,SYM,2
CAU_00048,肝肾不足,CAU,CAUSES,SYM_04189,颈项萎软,SYM,2
CAU_00048,肝肾不足,CAU,CAUSES,SYM_04144,筋骨发育迟缓,SYM,2
CAU_00005,脉细,CAU,CAUSES,SYM_04189,颈项萎软,SYM,3
CAU_00005,脉细,CAU,CAUSES,SYM_04144,筋骨发育迟缓,SYM,3
CAU_00005,脉细,CAU,CAUSES,SYM_04147,纳食欠佳,SYM,2
CAU_00005,脉细,CAU,CAUSES,SYM_04081,头颅方大,SYM,2
CAU_00005,脉细,CAU,CAUSES,SYM_03767,肢软,SYM,2
CAU_00005,脉细,CAU,CAUSES,SYM_04986,肋骨串珠,SYM,2
CAU_00005,脉细,CAU,CAUSES,SYM_04438,鸡胸龟背,SYM,2
CAU_00005,脉细,CAU,CAUSES,SYM_03519,多汗,SYM,3
CAU_00168,虚烦,CAU,CAUSES,SYM_03417,乏力,SYM,2
CAU_00168,虚烦,CAU,CAUSES,SYM_04081,头颅方大,SYM,2
CAU_00168,虚烦,CAU,CAUSES,SYM_03767,肢软,SYM,2
CAU_00168,虚烦,CAU,CAUSES,SYM_03413,舌淡,SYM,2
CAU_00168,虚烦,CAU,CAUSES,SYM_04986,肋骨串珠,SYM,2
CAU_00168,虚烦,CAU,CAUSES,SYM_04438,鸡胸龟背,SYM,2
CAU_00168,虚烦,CAU,CAUSES,SYM_03519,多汗,SYM,2
CAU_00057,脾气虚,CAU,CAUSES,SYM_03454,纳呆,SYM,2
CAU_00057,脾气虚,CAU,CAUSES,SYM_03519,多汗,SYM,2
CAU_00005,脉细,CAU,CAUSES,SYM_03497,面色少华,SYM,3
CAU_00007,脉数,CAU,CAUSES,SYM_04711,尿液淋沥浑浊,SYM,2
CAU_00007,脉数,CAU,CAUSES,SYM_03458,恶心呕吐,SYM,4
CAU_00007,脉数,CAU,CAUSES,SYM_03705,小腹坠胀,SYM,2
CAU_00012,阴虚,CAU,CAUSES,SYM_03410,口渴,SYM,5
CAU_00001,脉细数,CAU,CAUSES,SYM_03616,小便频数,SYM,2
CAU_00002,脉沉细,CAU,CAUSES,SYM_04025,记忆力差,SYM,2
CAU_00003,脉滑数,CAU,CAUSES,SYM_03757,急躁,SYM,2
CAU_00003,脉滑数,CAU,CAUSES,SYM_03896,尿量少,SYM,2
CAU_00003,脉滑数,CAU,CAUSES,SYM_03605,遗尿,SYM,2
CAU_00032,脉缓,CAU,CAUSES,SYM_03454,纳呆,SYM,2
CAU_00032,脉缓,CAU,CAUSES,SYM_03497,面色少华,SYM,2
CAU_00032,脉缓,CAU,CAUSES,SYM_03519,多汗,SYM,2
CAU_00021,脉弱,CAU,CAUSES,SYM_03466,面色萎黄,SYM,2
CAU_00021,脉弱,CAU,CAUSES,SYM_03415,苔薄白,SYM,2
CAU_00021,脉弱,CAU,CAUSES,SYM_03512,倦怠,SYM,2
CAU_00021,脉弱,CAU,CAUSES,SYM_03454,纳呆,SYM,3
CAU_00021,脉弱,CAU,CAUSES,SYM_03455,舌淡红,SYM,2
CAU_00021,脉弱,CAU,CAUSES,SYM_03496,大便溏薄,SYM,2
CAU_00021,脉弱,CAU,CAUSES,SYM_03431,自汗,SYM,8
CAU_00021,脉弱,CAU,CAUSES,SYM_03519,多汗,SYM,2
CAU_00005,脉细,CAU,CAUSES,SYM_03496,大便溏薄,SYM,2
CAU_00005,脉细,CAU,CAUSES,SYM_03570,食欲不振,SYM,3
CAU_00005,脉细,CAU,CAUSES,SYM_03605,遗尿,SYM,4
CAU_00005,脉细,CAU,CAUSES,SYM_03431,自汗,SYM,4
CAU_00005,脉细,CAU,CAUSES,SYM_03432,肢冷,SYM,5
CAU_00005,脉细,CAU,CAUSES,SYM_04161,腰腿酸软,SYM,2
CAU_00005,脉细,CAU,CAUSES,SYM_03544,小便清长,SYM,2
CAU_00008,脉浮,CAU,CAUSES,SYM_04368,肢体酸痛,SYM,2
CAU_00008,脉浮,CAU,CAUSES,SYM_03676,全身浮肿,SYM,2
CAU_00003,脉滑数,CAU,CAUSES,SYM_03576,血尿,SYM,2
CAU_00006,脉沉,CAU,CAUSES,SYM_03534,水肿,SYM,2
CAU_00006,脉沉,CAU,CAUSES,SYM_04174,萎黄,SYM,2
CAU_00006,脉沉,CAU,CAUSES,SYM_03765,肢体浮肿,SYM,2
CAU_00006,脉沉,CAU,CAUSES,SYM_03589,大便稀溏,SYM,2
CAU_00001,脉细数,CAU,CAUSES,SYM_03414,苔白,SYM,5
CAU_00256,尿闭,CAU,CAUSES,SYM_03534,水肿,SYM,2
CAU_00256,尿闭,CAU,CAUSES,SYM_03492,尿少,SYM,2
CAU_00170,邪陷心肝,CAU,CAUSES,SYM_03409,头痛,SYM,2
CAU_00000,脉弦,CAU,CAUSES,SYM_03719,视物模糊,SYM,2
CAU_00000,脉弦,CAU,CAUSES,SYM_03462,抽搐,SYM,2
CAU_00000,脉弦,CAU,CAUSES,SYM_03628,昏迷,SYM,3
CAU_00003,脉滑数,CAU,CAUSES,SYM_03614,高热不退,SYM,4
CAU_00003,脉滑数,CAU,CAUSES,SYM_03570,食欲不振,SYM,3
CAU_00045,热毒,CAU,CAUSES,SYM_04154,肿胀疼痛,SYM,3
CAU_00010,脉细弱,CAU,CAUSES,SYM_03792,声低,SYM,2
CAU_00010,脉细弱,CAU,CAUSES,SYM_03421,咳嗽,SYM,2
CAU_00010,脉细弱,CAU,CAUSES,SYM_03733,大便不实,SYM,2
CAU_00010,脉细弱,CAU,CAUSES,SYM_03438,盗汗,SYM,2
CAU_00003,脉滑数,CAU,CAUSES,SYM_04069,喉间痰鸣,SYM,4
CAU_00003,脉滑数,CAU,CAUSES,SYM_03453,瘀斑,SYM,4
CAU_00003,脉滑数,CAU,CAUSES,SYM_04428,面唇紫绀,SYM,2
CAU_00003,脉滑数,CAU,CAUSES,SYM_03831,咳声重浊,SYM,2
CAU_00003,脉滑数,CAU,CAUSES,SYM_03607,呼吸困难,SYM,2
CAU_00003,脉滑数,CAU,CAUSES,SYM_03731,咽喉肿痛,SYM,2
CAU_00003,脉滑数,CAU,CAUSES,SYM_05051,胸高胁陷,SYM,2
CAU_00003,脉滑数,CAU,CAUSES,SYM_03502,气促,SYM,2
CAU_00022,脉洪数,CAU,CAUSES,SYM_03588,四肢抽搐,SYM,2
CAU_00022,脉洪数,CAU,CAUSES,SYM_03609,指纹紫,SYM,2
CAU_00022,脉洪数,CAU,CAUSES,SYM_03443,呕吐,SYM,3
CAU_00022,脉洪数,CAU,CAUSES,SYM_03937,角弓反张,SYM,2
CAU_00022,脉洪数,CAU,CAUSES,SYM_03997,神识不清,SYM,2
CAU_00022,脉洪数,CAU,CAUSES,SYM_03651,嗜睡,SYM,3
CAU_00022,脉洪数,CAU,CAUSES,SYM_03628,昏迷,SYM,2
CAU_00170,邪陷心肝,CAU,CAUSES,SYM_05193,项强,SYM,2
CAU_00170,邪陷心肝,CAU,CAUSES,SYM_03443,呕吐,SYM,2
CAU_00170,邪陷心肝,CAU,CAUSES,SYM_03651,嗜睡,SYM,2
CAU_00003,脉滑数,CAU,CAUSES,SYM_03626,喘促,SYM,2
CAU_00003,脉滑数,CAU,CAUSES,SYM_03599,气急,SYM,2
CAU_00003,脉滑数,CAU,CAUSES,SYM_04511,口唇紫绀,SYM,2
CAU_00007,脉数,CAU,CAUSES,SYM_03514,口燥,SYM,2
CAU_00007,脉数,CAU,CAUSES,SYM_03702,唇干,SYM,2
CAU_00008,脉浮,CAU,CAUSES,SYM_03764,耳痛,SYM,2
PRE_02487,龙胆泻肝汤,PRE,CONTAINS,HER_02136,萆,HER,2
PRE_02532,消风散,PRE,CONTAINS,HER_02136,萆,HER,2
CAU_00005,脉细,CAU,CAUSES,SYM_03542,瘙痒,SYM,4
HER_01900,防风,HER,RELIEVES,SYM_03422,疼痛,SYM,2
CAU_00012,阴虚,CAU,CAUSES,SYM_03422,疼痛,SYM,2
CAU_00007,脉数,CAU,CAUSES,SYM_05238,鼻气灼热,SYM,2
CAU_00007,脉数,CAU,CAUSES,SYM_03456,鼻塞,SYM,4
CAU_00001,脉细数,CAU,CAUSES,SYM_04038,鼻干,SYM,3
CAU_00001,脉细数,CAU,CAUSES,SYM_04240,喉核暗红肿大,SYM,3
CAU_00010,脉细弱,CAU,CAUSES,SYM_03701,咯痰,SYM,2
CAU_00010,脉细弱,CAU,CAUSES,SYM_03570,食欲不振,SYM,4
CAU_00022,脉洪数,CAU,CAUSES,SYM_04597,喉核表面有黄白色脓点,SYM,2
CAU_00022,脉洪数,CAU,CAUSES,SYM_03821,颌下淋巴结肿大压痛,SYM,2
CAU_00022,脉洪数,CAU,CAUSES,SYM_04591,喉核红肿,SYM,2
CAU_00022,脉洪数,CAU,CAUSES,SYM_04549,咳吐黄痰,SYM,2
CAU_00022,脉洪数,CAU,CAUSES,SYM_03615,吞咽困难,SYM,4
CAU_00022,脉洪数,CAU,CAUSES,SYM_03495,咽痛,SYM,3
CAU_00022,脉洪数,CAU,CAUSES,SYM_03735,小便短黄,SYM,2
CAU_00022,脉洪数,CAU,CAUSES,SYM_03444,大便秘结,SYM,2
CAU_00022,脉洪数,CAU,CAUSES,SYM_04568,咽黏膜深红,SYM,2
CAU_00001,脉细数,CAU,CAUSES,SYM_03495,咽痛,SYM,2
CAU_00001,脉细数,CAU,CAUSES,SYM_03513,倦怠乏力,SYM,3
CAU_00143,风热外袭,CAU,CAUSES,SYM_03607,呼吸困难,SYM,2
CAU_00143,风热外袭,CAU,CAUSES,SYM_04154,肿胀疼痛,SYM,2
CAU_00143,风热外袭,CAU,CAUSES,SYM_03784,吞咽不利,SYM,2
CAU_00143,风热外袭,CAU,CAUSES,SYM_03522,痰涎,SYM,2
CAU_00045,热毒,CAU,CAUSES,SYM_03607,呼吸困难,SYM,2
CAU_00045,热毒,CAU,CAUSES,SYM_03784,吞咽不利,SYM,2
CAU_00045,热毒,CAU,CAUSES,SYM_03522,痰涎,SYM,3
CAU_00328,肺脉独迟,CAU,CAUSES,SYM_03467,痰多,SYM,2
CAU_00003,脉滑数,CAU,CAUSES,SYM_03422,疼痛,SYM,7
CAU_00016,风寒,CAU,CAUSES,SYM_04319,牙痛,SYM,2
CAU_00016,风寒,CAU,CAUSES,SYM_03422,疼痛,SYM,2
CAU_00077,脉实,CAU,CAUSES,SYM_03501,口疮,SYM,3
CAU_00077,脉实,CAU,CAUSES,SYM_04855,满口色红,SYM,2
CAU_00077,脉实,CAU,CAUSES,SYM_03420,口干,SYM,6
CAU_00077,脉实,CAU,CAUSES,SYM_04159,腮舌俱肿,SYM,4
CAU_00077,脉实,CAU,CAUSES,SYM_03745,舌干,SYM,2
CAU_00022,脉洪数,CAU,CAUSES,SYM_03579,大便燥结,SYM,4
CAU_00022,脉洪数,CAU,CAUSES,SYM_03434,身热,SYM,3
CAU_00022,脉洪数,CAU,CAUSES,SYM_03422,疼痛,SYM,4
CAU_00022,脉洪数,CAU,CAUSES,SYM_03418,心烦,SYM,3
CAU_00036,热毒炽盛,CAU,CAUSES,SYM_03579,大便燥结,SYM,2
CAU_00036,热毒炽盛,CAU,CAUSES,SYM_03434,身热,SYM,2
CAU_00036,热毒炽盛,CAU,CAUSES,SYM_03412,舌质红,SYM,2
CAU_00036,热毒炽盛,CAU,CAUSES,SYM_03422,疼痛,SYM,2
CAU_00036,热毒炽盛,CAU,CAUSES,SYM_03418,心烦,SYM,2
CAU_00271,正虚邪留,CAU,CAUSES,SYM_03417,乏力,SYM,2
CAU_00271,正虚邪留,CAU,CAUSES,SYM_03413,舌淡,SYM,2
CAU_00271,正虚邪留,CAU,CAUSES,SYM_03423,神疲,SYM,2
CAU_00271,正虚邪留,CAU,CAUSES,SYM_03475,面色白,SYM,2
CAU_00271,正虚邪留,CAU,CAUSES,SYM_03439,苔薄,SYM,2
CAU_00021,脉弱,CAU,CAUSES,SYM_03417,乏力,SYM,14
CAU_00021,脉弱,CAU,CAUSES,SYM_03475,面色白,SYM,3
CAU_00008,脉浮,CAU,CAUSES,SYM_03436,便秘,SYM,2
CAU_00049,肺热,CAU,CAUSES,SYM_03673,视物不清,SYM,2
CAU_00049,肺热,CAU,CAUSES,SYM_03422,疼痛,SYM,2
CAU_00049,肺热,CAU,CAUSES,SYM_04340,白睛结节大而隆起,SYM,2
CAU_00012,阴虚,CAU,CAUSES,SYM_03806,畏光流泪,SYM,2
CAU_00012,阴虚,CAU,CAUSES,SYM_04139,眼感酸痛,SYM,2
CAU_00012,阴虚,CAU,CAUSES,SYM_04178,视物欠清,SYM,2
CAU_00007,脉数,CAU,CAUSES,SYM_03587,便结,SYM,3
CAU_00007,脉数,CAU,CAUSES,SYM_04008,胞睑红肿,SYM,3
CAU_00131,脉弦滑或滑数,CAU,CAUSES,SYM_03426,胸闷,SYM,2
CAU_00131,脉弦滑或滑数,CAU,CAUSES,SYM_03448,食少,SYM,2
CAU_00131,脉弦滑或滑数,CAU,CAUSES,SYM_03408,舌红,SYM,2
CAU_00131,脉弦滑或滑数,CAU,CAUSES,SYM_03416,苔黄,SYM,2
CAU_00001,脉细数,CAU,CAUSES,SYM_03642,视物昏朦,SYM,2
CAU_00001,脉细数,CAU,CAUSES,SYM_03949,劳倦,SYM,2
CAU_00032,脉缓,CAU,CAUSES,SYM_04177,视物昏花,SYM,2
CAU_00032,脉缓,CAU,CAUSES,SYM_03872,食少便溏,SYM,2
CAU_00012,阴虚,CAU,CAUSES,SYM_03505,烦热,SYM,2
CAU_00011,脉濡,CAU,CAUSES,SYM_03642,视物昏朦,SYM,2
CAU_00011,脉濡,CAU,CAUSES,SYM_03565,神倦,SYM,2
CAU_00011,脉濡,CAU,CAUSES,SYM_04174,萎黄,SYM,2
CAU_00011,脉濡,CAU,CAUSES,SYM_03487,面白,SYM,2
CAU_00005,脉细,CAU,CAUSES,SYM_03642,视物昏朦,SYM,2
CAU_00021,脉弱,CAU,CAUSES,SYM_03448,食少,SYM,4
CAU_00021,脉弱,CAU,CAUSES,SYM_03425,头晕,SYM,3
CAU_00021,脉弱,CAU,CAUSES,SYM_03538,面色无华,SYM,4
CAU_00021,脉弱,CAU,CAUSES,SYM_03427,心悸,SYM,2
CAU_00021,脉弱,CAU,CAUSES,SYM_03487,面白,SYM,2
CAU_00005,脉细,CAU,CAUSES,SYM_03568,肢体麻木,SYM,2
CAU_00005,脉细,CAU,CAUSES,SYM_03728,半身不遂,SYM,2
CAU_00005,脉细,CAU,CAUSES,SYM_03829,口眼歪斜,SYM,2
CAU_00019,脉弦滑,CAU,CAUSES,SYM_03422,疼痛,SYM,3
CAU_00007,脉数,CAU,CAUSES,SYM_04261,头眼剧痛,SYM,2
CAU_00007,脉数,CAU,CAUSES,SYM_03666,神昏,SYM,2
CAU_00008,脉浮,CAU,CAUSES,SYM_03468,咳,SYM,4
CAU_00038,脉涩,CAU,CAUSES,SYM_03453,瘀斑,SYM,5
CAU_00217,脉沉细虚数,CAU,CAUSES,SYM_03669,结代,SYM,3
CAU_00217,脉沉细虚数,CAU,CAUSES,SYM_03421,咳嗽,SYM,2
CAU_00008,脉浮,CAU,CAUSES,SYM_03991,痰稀,SYM,2
CAU_00111,脉沉细或涩,CAU,CAUSES,SYM_03453,瘀斑,SYM,2
CAU_00107,浮数,CAU,CAUSES,SYM_04334,痰少,SYM,2
CAU_00107,浮数,CAU,CAUSES,SYM_03641,色鲜红,SYM,2
CAU_00107,浮数,CAU,CAUSES,SYM_03434,身热,SYM,3
CAU_00107,浮数,CAU,CAUSES,SYM_04037,鼻中出血,SYM,2
CAU_00107,浮数,CAU,CAUSES,SYM_03412,舌质红,SYM,3
CAU_00107,浮数,CAU,CAUSES,SYM_05240,鼻腔干燥灼热感,SYM,2
CAU_00107,浮数,CAU,CAUSES,SYM_04842,涕黄,SYM,2
CAU_00004,脉弦数,CAU,CAUSES,SYM_04373,胸胁苦满,SYM,2
CAU_00004,脉弦数,CAU,CAUSES,SYM_03598,口苦咽干,SYM,9
CAU_00004,脉弦数,CAU,CAUSES,SYM_05144,血色深红,SYM,2
CAU_00010,脉细弱,CAU,CAUSES,SYM_03749,色白,SYM,2
CAU_00054,气逆,CAU,CAUSES,SYM_03785,呼吸急促,SYM,2
CAU_00054,气逆,CAU,CAUSES,SYM_03424,恶寒,SYM,4
CAU_00002,脉沉细,CAU,CAUSES,SYM_05153,质胖,SYM,2
CAU_00054,气逆,CAU,CAUSES,SYM_03491,身痛,SYM,3
CAU_00054,气逆,CAU,CAUSES,SYM_03407,发热,SYM,4
CAU_00014,脉滑,CAU,CAUSES,SYM_04080,头身困重,SYM,3
CAU_00014,脉滑,CAU,CAUSES,SYM_03457,腻,SYM,5
CAU_00041,脉虚,CAU,CAUSES,SYM_03414,苔白,SYM,2
CAU_00041,脉虚,CAU,CAUSES,SYM_03432,肢冷,SYM,2
CAU_00041,脉虚,CAU,CAUSES,SYM_03471,无力,SYM,3
CAU_00185,或细数,CAU,CAUSES,SYM_03432,肢冷,SYM,2
CAU_00002,脉沉细,CAU,CAUSES,SYM_03445,汗出,SYM,3
CAU_00006,脉沉,CAU,CAUSES,SYM_03749,色白,SYM,2
CAU_00004,脉弦数,CAU,CAUSES,SYM_03507,苔薄黄,SYM,2
CAU_00217,脉沉细虚数,CAU,CAUSES,SYM_03426,胸闷,SYM,2
CAU_00217,脉沉细虚数,CAU,CAUSES,SYM_03417,乏力,SYM,2
CAU_00217,脉沉细虚数,CAU,CAUSES,SYM_03453,瘀斑,SYM,2
CAU_00217,脉沉细虚数,CAU,CAUSES,SYM_03572,气喘,SYM,2
CAU_00217,脉沉细虚数,CAU,CAUSES,SYM_03427,心悸,SYM,2
CAU_00006,脉沉,CAU,CAUSES,SYM_03457,腻,SYM,2
CAU_00006,脉沉,CAU,CAUSES,SYM_03468,咳,SYM,2
CAU_00093,弦滑,CAU,CAUSES,SYM_03414,苔白,SYM,2
CAU_00093,弦滑,CAU,CAUSES,SYM_03467,痰多,SYM,2
CAU_00093,弦滑,CAU,CAUSES,SYM_03457,腻,SYM,2
CAU_00093,弦滑,CAU,CAUSES,SYM_03468,咳,SYM,2
CAU_00093,弦滑,CAU,CAUSES,SYM_03407,发热,SYM,2
CAU_00002,脉沉细,CAU,CAUSES,SYM_03553,四肢不温,SYM,2
CAU_00002,脉沉细,CAU,CAUSES,SYM_03471,无力,SYM,11
CAU_00000,脉弦,CAU,CAUSES,SYM_03547,胀满,SYM,6
CAU_00019,脉弦滑,CAU,CAUSES,SYM_03457,腻,SYM,3
CAU_00038,脉涩,CAU,CAUSES,SYM_03552,刺痛,SYM,3
CAU_00014,脉滑,CAU,CAUSES,SYM_03554,脘闷,SYM,3
CAU_00041,脉虚,CAU,CAUSES,SYM_03428,舌质淡,SYM,2
CAU_00056,脉滑实,CAU,CAUSES,SYM_04181,酸腐,SYM,2
CAU_00056,脉滑实,CAU,CAUSES,SYM_03998,秘结,SYM,2
CAU_00008,脉浮,CAU,CAUSES,SYM_03549,舌苔薄白,SYM,5
CAU_00008,脉浮,CAU,CAUSES,SYM_04383,脘腹满闷,SYM,2
CAU_00014,脉滑,CAU,CAUSES,SYM_03578,不思饮食,SYM,2
CAU_00000,脉弦,CAU,CAUSES,SYM_03713,白腻,SYM,5
CAU_00000,脉弦,CAU,CAUSES,SYM_05002,肠鸣泄泻,SYM,2
CAU_00067,滑数,CAU,CAUSES,SYM_03442,口苦,SYM,3
CAU_00067,滑数,CAU,CAUSES,SYM_03420,口干,SYM,2
CAU_00067,滑数,CAU,CAUSES,SYM_03464,小便短赤,SYM,3
CAU_00067,滑数,CAU,CAUSES,SYM_03408,舌红,SYM,2
CAU_00067,滑数,CAU,CAUSES,SYM_03457,腻,SYM,3
CAU_00067,滑数,CAU,CAUSES,SYM_03416,苔黄,SYM,2
CAU_00014,脉滑,CAU,CAUSES,SYM_03661,暗红,SYM,2
CAU_00011,脉濡,CAU,CAUSES,SYM_03422,疼痛,SYM,5
CAU_00011,脉濡,CAU,CAUSES,SYM_03457,腻,SYM,5
CAU_00090,脉濡缓,CAU,CAUSES,SYM_03407,发热,SYM,3
CAU_00090,脉濡缓,CAU,CAUSES,SYM_03424,恶寒,SYM,3
CAU_00056,脉滑实,CAU,CAUSES,SYM_03547,胀满,SYM,2
CAU_00030,脉细涩,CAU,CAUSES,SYM_03422,疼痛,SYM,4
CAU_00010,脉细弱,CAU,CAUSES,SYM_04145,精神疲惫,SYM,2
CAU_00030,脉细涩,CAU,CAUSES,SYM_03453,瘀斑,SYM,4
CAU_00030,脉细涩,CAU,CAUSES,SYM_03552,刺痛,SYM,2
CAU_00002,脉沉细,CAU,CAUSES,SYM_03901,怯寒,SYM,4
CAU_00000,脉弦,CAU,CAUSES,SYM_03549,舌苔薄白,SYM,6
CAU_00000,脉弦,CAU,CAUSES,SYM_03752,不舒,SYM,2
CAU_00110,脉沉紧,CAU,CAUSES,SYM_03544,小便清长,SYM,2
CAU_00035,不安,CAU,CAUSES,SYM_03418,心烦,SYM,4
CAU_00035,不安,CAU,CAUSES,SYM_03430,耳鸣,SYM,2
CAU_00211,脉多沉实,CAU,CAUSES,SYM_03532,恶心,SYM,3
CAU_00211,脉多沉实,CAU,CAUSES,SYM_03411,腹痛,SYM,3
CAU_00211,脉多沉实,CAU,CAUSES,SYM_03659,恶食,SYM,3
CAU_00211,脉多沉实,CAU,CAUSES,SYM_03886,嗳腐,SYM,3
CAU_00067,滑数,CAU,CAUSES,SYM_03410,口渴,SYM,3
CAU_00067,滑数,CAU,CAUSES,SYM_03463,苔黄腻,SYM,5
CAU_00067,滑数,CAU,CAUSES,SYM_03411,腹痛,SYM,2
CAU_00067,滑数,CAU,CAUSES,SYM_03412,舌质红,SYM,4
CAU_00011,脉濡,CAU,CAUSES,SYM_03463,苔黄腻,SYM,6
CAU_00011,脉濡,CAU,CAUSES,SYM_03859,臭,SYM,2
CAU_00014,脉滑,CAU,CAUSES,SYM_03774,酸臭,SYM,2
CAU_00014,脉滑,CAU,CAUSES,SYM_03886,嗳腐,SYM,2
CAU_00014,脉滑,CAU,CAUSES,SYM_03783,厚腻,SYM,2
CAU_00014,脉滑,CAU,CAUSES,SYM_04837,泻下粪便臭如败卵,SYM,2
CAU_00014,脉滑,CAU,CAUSES,SYM_05112,舌苔垢浊,SYM,2
CAU_00039,脉细弦,CAU,CAUSES,SYM_04407,薄腻,SYM,2
CAU_00090,脉濡缓,CAU,CAUSES,SYM_03721,酸痛,SYM,2
CAU_00090,脉濡缓,CAU,CAUSES,SYM_03490,肠鸣,SYM,2
CAU_00090,脉濡缓,CAU,CAUSES,SYM_03713,白腻,SYM,2
CAU_00090,脉濡缓,CAU,CAUSES,SYM_03411,腹痛,SYM,3
CAU_00090,脉濡缓,CAU,CAUSES,SYM_03554,脘闷,SYM,3
CAU_00090,脉濡缓,CAU,CAUSES,SYM_03409,头痛,SYM,2
CAU_00002,脉沉细,CAU,CAUSES,SYM_03736,形寒,SYM,6
CAU_00002,脉沉细,CAU,CAUSES,SYM_03622,舌淡胖,SYM,3
CAU_00002,脉沉细,CAU,CAUSES,SYM_03578,不思饮食,SYM,2
CAU_00090,脉濡缓,CAU,CAUSES,SYM_03448,食少,SYM,2
CAU_00090,脉濡缓,CAU,CAUSES,SYM_03414,苔白,SYM,2
CAU_00090,脉濡缓,CAU,CAUSES,SYM_03428,舌质淡,SYM,3
CAU_00090,脉濡缓,CAU,CAUSES,SYM_03457,腻,SYM,2
CAU_00003,脉滑数,CAU,CAUSES,SYM_03463,苔黄腻,SYM,17
CAU_00001,脉细数,CAU,CAUSES,SYM_05141,血不足,SYM,2
CAU_00003,脉滑数,CAU,CAUSES,SYM_03503,渴,SYM,2
CAU_00003,脉滑数,CAU,CAUSES,SYM_03541,灼热,SYM,7
CAU_00003,脉滑数,CAU,CAUSES,SYM_03825,关节肿痛,SYM,2
CAU_00001,脉细数,CAU,CAUSES,SYM_03661,暗红,SYM,2
CAU_00035,不安,CAU,CAUSES,SYM_03451,少苔,SYM,2
CAU_00035,不安,CAU,CAUSES,SYM_03408,舌红,SYM,2
CAU_00090,脉濡缓,CAU,CAUSES,SYM_03415,苔薄白,SYM,2
CAU_00090,脉濡缓,CAU,CAUSES,SYM_03417,乏力,SYM,2
CAU_00090,脉濡缓,CAU,CAUSES,SYM_03423,神疲,SYM,3
CAU_00090,脉濡缓,CAU,CAUSES,SYM_03459,畏寒,SYM,2
CAU_00090,脉濡缓,CAU,CAUSES,SYM_05227,黄色晦暗,SYM,2
CAU_00004,脉弦数,CAU,CAUSES,SYM_03422,疼痛,SYM,4
CAU_00075,弦细,CAU,CAUSES,SYM_03510,五心烦热,SYM,2
CAU_00075,弦细,CAU,CAUSES,SYM_03474,腰酸,SYM,2
CAU_00075,弦细,CAU,CAUSES,SYM_03451,少苔,SYM,2
CAU_00075,弦细,CAU,CAUSES,SYM_03408,舌红,SYM,2
CAU_00075,弦细,CAU,CAUSES,SYM_03425,头晕,SYM,2
CAU_00113,脉濡细,CAU,CAUSES,SYM_03417,乏力,SYM,2
CAU_00113,脉濡细,CAU,CAUSES,SYM_03413,舌淡,SYM,3
CAU_00113,脉濡细,CAU,CAUSES,SYM_03423,神疲,SYM,2
CAU_00002,脉沉细,CAU,CAUSES,SYM_03453,瘀斑,SYM,5
CAU_00002,脉沉细,CAU,CAUSES,SYM_03552,刺痛,SYM,5
CAU_00002,脉沉细,CAU,CAUSES,SYM_03634,紫暗,SYM,6
CAU_00002,脉沉细,CAU,CAUSES,SYM_03715,纳少,SYM,3
CAU_00282,沉迟,CAU,CAUSES,SYM_03423,神疲,SYM,2
CAU_00001,脉细数,CAU,CAUSES,SYM_03515,浮肿,SYM,2
CAU_00000,脉弦,CAU,CAUSES,SYM_03757,急躁,SYM,2
CAU_00000,脉弦,CAU,CAUSES,SYM_04381,脘胀,SYM,2
CAU_00000,脉弦,CAU,CAUSES,SYM_03694,薄黄,SYM,3
CAU_00002,脉沉细,CAU,CAUSES,SYM_04785,早泄,SYM,2
CAU_00002,脉沉细,CAU,CAUSES,SYM_04020,舌质淡胖,SYM,3
CAU_00101,脉弦细数,CAU,CAUSES,SYM_03420,口干,SYM,2
CAU_00101,脉弦细数,CAU,CAUSES,SYM_03418,心烦,SYM,2
CAU_00002,脉沉细,CAU,CAUSES,SYM_03515,浮肿,SYM,9
CAU_00002,脉沉细,CAU,CAUSES,SYM_03565,神倦,SYM,2
CAU_00002,脉沉细,CAU,CAUSES,SYM_03547,胀满,SYM,2
CAU_00000,脉弦,CAU,CAUSES,SYM_03457,腻,SYM,3
CAU_00032,脉缓,CAU,CAUSES,SYM_03547,胀满,SYM,2
CAU_00032,脉缓,CAU,CAUSES,SYM_04291,懒动,SYM,2
CAU_00032,脉缓,CAU,CAUSES,SYM_05200,颜面微浮,SYM,2
CAU_00032,脉缓,CAU,CAUSES,SYM_03637,舌苔白腻,SYM,2
CAU_00032,脉缓,CAU,CAUSES,SYM_04255,大便溏,SYM,2
CAU_00005,脉细,CAU,CAUSES,SYM_03453,瘀斑,SYM,6
CAU_00005,脉细,CAU,CAUSES,SYM_03479,瘀点,SYM,2
CAU_00042,细涩,CAU,CAUSES,SYM_03453,瘀斑,SYM,3
CAU_00042,细涩,CAU,CAUSES,SYM_03479,瘀点,SYM,2
CAU_00000,脉弦,CAU,CAUSES,SYM_03657,头胀,SYM,3
CAU_00093,弦滑,CAU,CAUSES,SYM_03409,头痛,SYM,3
CAU_00014,脉滑,CAU,CAUSES,SYM_04297,昏蒙,SYM,2
CAU_00011,脉濡,CAU,CAUSES,SYM_03761,溏,SYM,2
CAU_00011,脉濡,CAU,CAUSES,SYM_03743,肢体困重,SYM,2
CAU_00014,脉滑,CAU,CAUSES,SYM_03479,瘀点,SYM,2
CAU_00180,弦涩,CAU,CAUSES,SYM_03409,头痛,SYM,2
CAU_00180,弦涩,CAU,CAUSES,SYM_03569,舌质暗红,SYM,2
CAU_00180,弦涩,CAU,CAUSES,SYM_03479,瘀点,SYM,2
CAU_00002,脉沉细,CAU,CAUSES,SYM_03782,冷痛,SYM,3
CAU_00002,脉沉细,CAU,CAUSES,SYM_03663,有齿痕,SYM,7
CAU_00002,脉沉细,CAU,CAUSES,SYM_03457,腻,SYM,4
CAU_00005,脉细,CAU,CAUSES,SYM_03686,畏光,SYM,3
CAU_00005,脉细,CAU,CAUSES,SYM_03471,无力,SYM,3
CAU_00000,脉弦,CAU,CAUSES,SYM_03601,胀痛,SYM,2
CAU_00000,脉弦,CAU,CAUSES,SYM_03618,结节,SYM,2
CAU_00000,脉弦,CAU,CAUSES,SYM_03503,渴,SYM,2
CAU_00165,脉象细数,CAU,CAUSES,SYM_03715,纳少,SYM,2
CAU_00067,滑数,CAU,CAUSES,SYM_03515,浮肿,SYM,2
CAU_00067,滑数,CAU,CAUSES,SYM_03478,恶风,SYM,2
CAU_00067,滑数,CAU,CAUSES,SYM_03407,发热,SYM,3
CAU_00008,脉浮,CAU,CAUSES,SYM_03507,苔薄黄,SYM,2
CAU_00008,脉浮,CAU,CAUSES,SYM_03515,浮肿,SYM,2
CAU_00010,脉细弱,CAU,CAUSES,SYM_03680,干燥,SYM,2
CAU_00006,脉沉,CAU,CAUSES,SYM_03550,苔白腻,SYM,3
CAU_00280,沉弱,CAU,CAUSES,SYM_03417,乏力,SYM,2
CAU_00011,脉濡,CAU,CAUSES,SYM_04274,尿道热涩,SYM,3
CAU_00021,脉弱,CAU,CAUSES,SYM_04685,小便不甚赤涩,SYM,2
CAU_00021,脉弱,CAU,CAUSES,SYM_03433,腰膝酸软,SYM,2
CAU_00021,脉弱,CAU,CAUSES,SYM_03909,淋沥不已,SYM,2
CAU_00021,脉弱,CAU,CAUSES,SYM_03428,舌质淡,SYM,2
CAU_00010,脉细弱,CAU,CAUSES,SYM_03471,无力,SYM,2
CAU_00067,滑数,CAU,CAUSES,SYM_03541,灼热,SYM,2
CAU_00067,滑数,CAU,CAUSES,SYM_03436,便秘,SYM,3
CAU_00067,滑数,CAU,CAUSES,SYM_03482,小便黄赤,SYM,3
CAU_00011,脉濡,CAU,CAUSES,SYM_03541,灼热,SYM,2
CAU_00041,脉虚,CAU,CAUSES,SYM_03705,小腹坠胀,SYM,2
CAU_00005,脉细,CAU,CAUSES,SYM_04090,少腹坠胀,SYM,2
CAU_00005,脉细,CAU,CAUSES,SYM_03590,少气懒言,SYM,7
CAU_00005,脉细,CAU,CAUSES,SYM_04459,不耐劳累,SYM,2
CAU_00091,脉细无力,CAU,CAUSES,SYM_03413,舌淡,SYM,5
CAU_00011,脉濡,CAU,CAUSES,SYM_04980,置之沉淀,SYM,2
CAU_00011,脉濡,CAU,CAUSES,SYM_04479,伴有絮状凝块物,SYM,2
CAU_00011,脉濡,CAU,CAUSES,SYM_04848,混有血液血块,SYM,2
CAU_00011,脉濡,CAU,CAUSES,SYM_04678,如米泔水,SYM,2
CAU_00011,脉濡,CAU,CAUSES,SYM_04443,上有浮油,SYM,2
CAU_00011,脉濡,CAU,CAUSES,SYM_04048,乳白,SYM,2
CAU_00006,脉沉,CAU,CAUSES,SYM_03425,头晕,SYM,3
CAU_00002,脉沉细,CAU,CAUSES,SYM_04146,纳食减少,SYM,2
CAU_00185,或细数,CAU,CAUSES,SYM_03415,苔薄白,SYM,2
CAU_00001,脉细数,CAU,CAUSES,SYM_03507,苔薄黄,SYM,5
CAU_00001,脉细数,CAU,CAUSES,SYM_03510,五心烦热,SYM,18
CAU_00001,脉细数,CAU,CAUSES,SYM_03471,无力,SYM,2
CAU_00002,脉沉细,CAU,CAUSES,SYM_03510,五心烦热,SYM,7
CAU_00002,脉沉细,CAU,CAUSES,SYM_03932,膝软,SYM,4
CAU_00002,脉沉细,CAU,CAUSES,SYM_04632,夜尿清长,SYM,2
CAU_00132,脉沉弱,CAU,CAUSES,SYM_03429,腹胀,SYM,2
CAU_00132,脉沉弱,CAU,CAUSES,SYM_03413,舌淡,SYM,3
CAU_00132,脉沉弱,CAU,CAUSES,SYM_03440,气短,SYM,2
CAU_00132,脉沉弱,CAU,CAUSES,SYM_03513,倦怠乏力,SYM,2
CAU_00002,脉沉细,CAU,CAUSES,SYM_03477,大便干结,SYM,5
CAU_00001,脉细数,CAU,CAUSES,SYM_03867,衄血,SYM,2
CAU_00050,脉弦细,CAU,CAUSES,SYM_03448,食少,SYM,3
CAU_00050,脉弦细,CAU,CAUSES,SYM_03425,头晕,SYM,4
CAU_00000,脉弦,CAU,CAUSES,SYM_03617,干呕,SYM,2
CAU_00000,脉弦,CAU,CAUSES,SYM_03552,刺痛,SYM,2
CAU_00000,脉弦,CAU,CAUSES,SYM_03468,咳,SYM,3
CAU_00000,脉弦,CAU,CAUSES,SYM_03923,经久不愈,SYM,2
CAU_00000,脉弦,CAU,CAUSES,SYM_04887,痰吐白沫,SYM,2
CAU_00000,脉弦,CAU,CAUSES,SYM_04414,跗肿,SYM,2
CAU_00000,脉弦,CAU,CAUSES,SYM_03584,面浮,SYM,2
CAU_00000,脉弦,CAU,CAUSES,SYM_03612,舌苔白,SYM,2
CAU_00002,脉沉细,CAU,CAUSES,SYM_04669,头目昏眩,SYM,2
CAU_00002,脉沉细,CAU,CAUSES,SYM_03468,咳,SYM,2
CAU_00110,脉沉紧,CAU,CAUSES,SYM_03750,面色黧黑,SYM,4
CAU_00110,脉沉紧,CAU,CAUSES,SYM_03494,吐,SYM,4
CAU_00110,脉沉紧,CAU,CAUSES,SYM_04101,心下痞坚,SYM,4
CAU_00012,阴虚,CAU,CAUSES,SYM_03417,乏力,SYM,4
CAU_00012,阴虚,CAU,CAUSES,SYM_03552,刺痛,SYM,4
CAU_00012,阴虚,CAU,CAUSES,SYM_03926,肢体麻痛,SYM,4
CAU_00012,阴虚,CAU,CAUSES,SYM_04165,舌瘦红而裂,SYM,4
CAU_00012,阴虚,CAU,CAUSES,SYM_03878,口唇舌紫,SYM,4
CAU_00012,阴虚,CAU,CAUSES,SYM_03445,汗出,SYM,4
CAU_00012,阴虚,CAU,CAUSES,SYM_03877,偏瘫,SYM,4
CAU_00012,阴虚,CAU,CAUSES,SYM_03634,紫暗,SYM,4
CAU_00012,阴虚,CAU,CAUSES,SYM_03933,舌下络脉色紫怒张,SYM,4
CAU_00012,阴虚,CAU,CAUSES,SYM_03590,少气懒言,SYM,4
CAU_00001,脉细数,CAU,CAUSES,SYM_03552,刺痛,SYM,4
CAU_00001,脉细数,CAU,CAUSES,SYM_03926,肢体麻痛,SYM,4
CAU_00001,脉细数,CAU,CAUSES,SYM_04165,舌瘦红而裂,SYM,4
CAU_00001,脉细数,CAU,CAUSES,SYM_03878,口唇舌紫,SYM,4
CAU_00001,脉细数,CAU,CAUSES,SYM_03877,偏瘫,SYM,4
CAU_00001,脉细数,CAU,CAUSES,SYM_03634,紫暗,SYM,5
CAU_00001,脉细数,CAU,CAUSES,SYM_03933,舌下络脉色紫怒张,SYM,4
CAU_00001,脉细数,CAU,CAUSES,SYM_03590,少气懒言,SYM,4
CAU_00021,脉弱,CAU,CAUSES,SYM_03488,便干,SYM,4
CAU_00021,脉弱,CAU,CAUSES,SYM_03465,手足心热,SYM,4
CAU_00021,脉弱,CAU,CAUSES,SYM_03410,口渴,SYM,4
CAU_00021,脉弱,CAU,CAUSES,SYM_03552,刺痛,SYM,6
CAU_00021,脉弱,CAU,CAUSES,SYM_03926,肢体麻痛,SYM,6
CAU_00021,脉弱,CAU,CAUSES,SYM_03441,咽干,SYM,4
CAU_00021,脉弱,CAU,CAUSES,SYM_04165,舌瘦红而裂,SYM,4
CAU_00021,脉弱,CAU,CAUSES,SYM_03878,口唇舌紫,SYM,6
CAU_00021,脉弱,CAU,CAUSES,SYM_03445,汗出,SYM,4
CAU_00021,脉弱,CAU,CAUSES,SYM_03877,偏瘫,SYM,6
CAU_00021,脉弱,CAU,CAUSES,SYM_03634,紫暗,SYM,6
CAU_00021,脉弱,CAU,CAUSES,SYM_03933,舌下络脉色紫怒张,SYM,6
CAU_00021,脉弱,CAU,CAUSES,SYM_03438,盗汗,SYM,4
CAU_00021,脉弱,CAU,CAUSES,SYM_03590,少气懒言,SYM,7
CAU_00012,阴虚,CAU,CAUSES,SYM_03580,怕冷,SYM,2
CAU_00012,阴虚,CAU,CAUSES,SYM_03510,五心烦热,SYM,3
CAU_00012,阴虚,CAU,CAUSES,SYM_03414,苔白,SYM,2
CAU_00012,阴虚,CAU,CAUSES,SYM_03432,肢冷,SYM,2
CAU_00012,阴虚,CAU,CAUSES,SYM_03691,肌肤甲错,SYM,3
CAU_00012,阴虚,CAU,CAUSES,SYM_03459,畏寒,SYM,2
CAU_00001,脉细数,CAU,CAUSES,SYM_03580,怕冷,SYM,2
CAU_00001,脉细数,CAU,CAUSES,SYM_03691,肌肤甲错,SYM,3
CAU_00021,脉弱,CAU,CAUSES,SYM_03580,怕冷,SYM,4
CAU_00021,脉弱,CAU,CAUSES,SYM_03510,五心烦热,SYM,3
CAU_00021,脉弱,CAU,CAUSES,SYM_03515,浮肿,SYM,3
CAU_00021,脉弱,CAU,CAUSES,SYM_03432,肢冷,SYM,4
CAU_00021,脉弱,CAU,CAUSES,SYM_03691,肌肤甲错,SYM,5
CAU_00021,脉弱,CAU,CAUSES,SYM_03453,瘀斑,SYM,5
CAU_00021,脉弱,CAU,CAUSES,SYM_03459,畏寒,SYM,4
CAU_00002,脉沉细,CAU,CAUSES,SYM_03878,口唇舌紫,SYM,4
CAU_00002,脉沉细,CAU,CAUSES,SYM_03933,舌下络脉色紫怒张,SYM,4
CAU_00002,脉沉细,CAU,CAUSES,SYM_03877,偏瘫,SYM,4
CAU_00002,脉沉细,CAU,CAUSES,SYM_03590,少气懒言,SYM,5
CAU_00002,脉沉细,CAU,CAUSES,SYM_03691,肌肤甲错,SYM,4
CAU_00002,脉沉细,CAU,CAUSES,SYM_04165,舌瘦红而裂,SYM,2
CAU_00002,脉沉细,CAU,CAUSES,SYM_03926,肢体麻痛,SYM,4
CAU_00002,脉沉细,CAU,CAUSES,SYM_04068,唇甲色淡,SYM,2
CAU_00002,脉沉细,CAU,CAUSES,SYM_03595,不宁,SYM,2
CAU_00002,脉沉细,CAU,CAUSES,SYM_03860,舌胖,SYM,3
CAU_00002,脉沉细,CAU,CAUSES,SYM_03637,舌苔白腻,SYM,3
CAU_00002,脉沉细,CAU,CAUSES,SYM_03582,皮肤瘙痒,SYM,2
CAU_00002,脉沉细,CAU,CAUSES,SYM_04359,经少,SYM,2
CAU_00002,脉沉细,CAU,CAUSES,SYM_03537,色淡,SYM,4
CAU_00002,脉沉细,CAU,CAUSES,SYM_04396,舌胖质淡,SYM,2
CAU_00005,脉细,CAU,CAUSES,SYM_04516,口有尿味,SYM,2
CAU_00005,脉细,CAU,CAUSES,SYM_03580,怕冷,SYM,2
CAU_00005,脉细,CAU,CAUSES,SYM_04068,唇甲色淡,SYM,3
CAU_00005,脉细,CAU,CAUSES,SYM_03595,不宁,SYM,3
CAU_00005,脉细,CAU,CAUSES,SYM_03878,口唇舌紫,SYM,3
CAU_00005,脉细,CAU,CAUSES,SYM_03933,舌下络脉色紫怒张,SYM,3
CAU_00005,脉细,CAU,CAUSES,SYM_03877,偏瘫,SYM,3
CAU_00005,脉细,CAU,CAUSES,SYM_03552,刺痛,SYM,3
CAU_00005,脉细,CAU,CAUSES,SYM_03634,紫暗,SYM,3
CAU_00005,脉细,CAU,CAUSES,SYM_03860,舌胖,SYM,3
CAU_00005,脉细,CAU,CAUSES,SYM_04945,神识呆钝,SYM,2
CAU_00005,脉细,CAU,CAUSES,SYM_03637,舌苔白腻,SYM,3
CAU_00005,脉细,CAU,CAUSES,SYM_03582,皮肤瘙痒,SYM,3
CAU_00005,脉细,CAU,CAUSES,SYM_03585,食少纳呆,SYM,3
CAU_00005,脉细,CAU,CAUSES,SYM_03691,肌肤甲错,SYM,3
CAU_00005,脉细,CAU,CAUSES,SYM_04359,经少,SYM,3
CAU_00005,脉细,CAU,CAUSES,SYM_04505,口中黏腻,SYM,2
CAU_00005,脉细,CAU,CAUSES,SYM_03528,呕,SYM,2
CAU_00005,脉细,CAU,CAUSES,SYM_03537,色淡,SYM,4
CAU_00005,脉细,CAU,CAUSES,SYM_03459,畏寒,SYM,2
CAU_00005,脉细,CAU,CAUSES,SYM_03926,肢体麻痛,SYM,3
CAU_00005,脉细,CAU,CAUSES,SYM_04396,舌胖质淡,SYM,3
CAU_00021,脉弱,CAU,CAUSES,SYM_04516,口有尿味,SYM,2
CAU_00021,脉弱,CAU,CAUSES,SYM_04068,唇甲色淡,SYM,3
CAU_00021,脉弱,CAU,CAUSES,SYM_03595,不宁,SYM,3
CAU_00021,脉弱,CAU,CAUSES,SYM_03860,舌胖,SYM,4
CAU_00021,脉弱,CAU,CAUSES,SYM_04945,神识呆钝,SYM,2
CAU_00021,脉弱,CAU,CAUSES,SYM_03637,舌苔白腻,SYM,3
CAU_00021,脉弱,CAU,CAUSES,SYM_03582,皮肤瘙痒,SYM,3
CAU_00021,脉弱,CAU,CAUSES,SYM_03585,食少纳呆,SYM,3
CAU_00021,脉弱,CAU,CAUSES,SYM_04359,经少,SYM,3
CAU_00021,脉弱,CAU,CAUSES,SYM_04505,口中黏腻,SYM,2
CAU_00021,脉弱,CAU,CAUSES,SYM_03537,色淡,SYM,3
CAU_00021,脉弱,CAU,CAUSES,SYM_04396,舌胖质淡,SYM,3
CAU_00001,脉细数,CAU,CAUSES,SYM_03538,面色无华,SYM,3
CAU_00001,脉细数,CAU,CAUSES,SYM_04068,唇甲色淡,SYM,2
CAU_00001,脉细数,CAU,CAUSES,SYM_03595,不宁,SYM,5
CAU_00001,脉细数,CAU,CAUSES,SYM_03860,舌胖,SYM,2
CAU_00001,脉细数,CAU,CAUSES,SYM_03458,恶心呕吐,SYM,2
CAU_00001,脉细数,CAU,CAUSES,SYM_03637,舌苔白腻,SYM,2
CAU_00001,脉细数,CAU,CAUSES,SYM_03582,皮肤瘙痒,SYM,2
CAU_00001,脉细数,CAU,CAUSES,SYM_03457,腻,SYM,3
CAU_00001,脉细数,CAU,CAUSES,SYM_04359,经少,SYM,2
CAU_00001,脉细数,CAU,CAUSES,SYM_03537,色淡,SYM,4
CAU_00001,脉细数,CAU,CAUSES,SYM_04396,舌胖质淡,SYM,2
CAU_00021,脉弱,CAU,CAUSES,SYM_03458,恶心呕吐,SYM,2
CAU_00021,脉弱,CAU,CAUSES,SYM_03627,夜尿频多,SYM,2
CAU_00012,阴虚,CAU,CAUSES,SYM_03538,面色无华,SYM,2
CAU_00012,阴虚,CAU,CAUSES,SYM_04068,唇甲色淡,SYM,2
CAU_00012,阴虚,CAU,CAUSES,SYM_03595,不宁,SYM,2
CAU_00012,阴虚,CAU,CAUSES,SYM_03860,舌胖,SYM,2
CAU_00012,阴虚,CAU,CAUSES,SYM_03637,舌苔白腻,SYM,2
CAU_00012,阴虚,CAU,CAUSES,SYM_03582,皮肤瘙痒,SYM,2
CAU_00012,阴虚,CAU,CAUSES,SYM_03585,食少纳呆,SYM,2
CAU_00012,阴虚,CAU,CAUSES,SYM_04359,经少,SYM,2
CAU_00012,阴虚,CAU,CAUSES,SYM_03537,色淡,SYM,2
CAU_00012,阴虚,CAU,CAUSES,SYM_04396,舌胖质淡,SYM,2
CAU_00005,脉细,CAU,CAUSES,SYM_03510,五心烦热,SYM,2
CAU_00005,脉细,CAU,CAUSES,SYM_03458,恶心呕吐,SYM,2
CAU_00005,脉细,CAU,CAUSES,SYM_04165,舌瘦红而裂,SYM,2
CAU_00005,脉细,CAU,CAUSES,SYM_03438,盗汗,SYM,2
CAU_00042,细涩,CAU,CAUSES,SYM_03661,暗红,SYM,2
CAU_00002,脉沉细,CAU,CAUSES,SYM_04076,大便干稀不调,SYM,2
CAU_00002,脉沉细,CAU,CAUSES,SYM_04130,疲乏,SYM,2
CAU_00030,脉细涩,CAU,CAUSES,SYM_03457,腻,SYM,2
CAU_00004,脉弦数,CAU,CAUSES,SYM_03535,燥,SYM,2
CAU_00101,脉弦细数,CAU,CAUSES,SYM_03430,耳鸣,SYM,2
CAU_00101,脉弦细数,CAU,CAUSES,SYM_03451,少苔,SYM,2
CAU_00101,脉弦细数,CAU,CAUSES,SYM_03408,舌红,SYM,2
CAU_00090,脉濡缓,CAU,CAUSES,SYM_03454,纳呆,SYM,2
CAU_00090,脉濡缓,CAU,CAUSES,SYM_03496,大便溏薄,SYM,2
CAU_00002,脉沉细,CAU,CAUSES,SYM_03567,目眩,SYM,2
CAU_00002,脉沉细,CAU,CAUSES,SYM_03861,舌胖质暗,SYM,3
CAU_00001,脉细数,CAU,CAUSES,SYM_03535,燥,SYM,5
CAU_00219,脉细滑数,CAU,CAUSES,SYM_03408,舌红,SYM,3
CAU_00003,脉滑数,CAU,CAUSES,SYM_03495,咽痛,SYM,2
CAU_00004,脉弦数,CAU,CAUSES,SYM_03837,大便干,SYM,2
CAU_00002,脉沉细,CAU,CAUSES,SYM_03690,纳差,SYM,2
CAU_00001,脉细数,CAU,CAUSES,SYM_03591,眼花,SYM,3
CAU_00001,脉细数,CAU,CAUSES,SYM_03606,低热,SYM,4
CAU_00001,脉细数,CAU,CAUSES,SYM_03654,头昏,SYM,2
CAU_00008,脉浮,CAU,CAUSES,SYM_04094,屈伸不利,SYM,2
CAU_00070,脉弦涩,CAU,CAUSES,SYM_03509,舌质紫暗,SYM,5
CAU_00070,脉弦涩,CAU,CAUSES,SYM_03453,瘀斑,SYM,7
CAU_00070,脉弦涩,CAU,CAUSES,SYM_03479,瘀点,SYM,7
CAU_00070,脉弦涩,CAU,CAUSES,SYM_03422,疼痛,SYM,3
CAU_00003,脉滑数,CAU,CAUSES,SYM_03523,红肿,SYM,3
CAU_00003,脉滑数,CAU,CAUSES,SYM_03618,结节,SYM,2
CAU_00003,脉滑数,CAU,CAUSES,SYM_03457,腻,SYM,4
CAU_00067,滑数,CAU,CAUSES,SYM_03419,烦躁,SYM,2
CAU_00022,脉洪数,CAU,CAUSES,SYM_03535,燥,SYM,2
CAU_00022,脉洪数,CAU,CAUSES,SYM_03614,高热不退,SYM,2
CAU_00014,脉滑,CAU,CAUSES,SYM_03550,苔白腻,SYM,3
CAU_00047,脉浮数,CAU,CAUSES,SYM_03421,咳嗽,SYM,7
CAU_00047,脉浮数,CAU,CAUSES,SYM_03409,头痛,SYM,9
CAU_00047,脉浮数,CAU,CAUSES,SYM_03898,微黄,SYM,2
CAU_00047,脉浮数,CAU,CAUSES,SYM_03407,发热,SYM,14
CAU_00047,脉浮数,CAU,CAUSES,SYM_03456,鼻塞,SYM,4
CAU_00047,脉浮数,CAU,CAUSES,SYM_03424,恶寒,SYM,6
CAU_00047,脉浮数,CAU,CAUSES,SYM_03410,口渴,SYM,3
CAU_00014,脉滑,CAU,CAUSES,SYM_03629,春温,SYM,2
CAU_00014,脉滑,CAU,CAUSES,SYM_03936,舌黄,SYM,2
CAU_00133,脉浮紧,CAU,CAUSES,SYM_03483,无汗,SYM,2
CAU_00133,脉浮紧,CAU,CAUSES,SYM_03407,发热,SYM,3
CAU_00080,脉濡数,CAU,CAUSES,SYM_03422,疼痛,SYM,2
CAU_00011,脉濡,CAU,CAUSES,SYM_03612,舌苔白,SYM,2
CAU_00004,脉弦数,CAU,CAUSES,SYM_03772,苔黄燥,SYM,2
CAU_00359,脉洪滑,CAU,CAUSES,SYM_04085,小便短,SYM,2
CAU_00359,脉洪滑,CAU,CAUSES,SYM_03434,身热,SYM,2
CAU_00359,脉洪滑,CAU,CAUSES,SYM_04773,按之胸下痛,SYM,2
CAU_00359,脉洪滑,CAU,CAUSES,SYM_03892,大便闭,SYM,2
CAU_00359,脉洪滑,CAU,CAUSES,SYM_04099,得水则呕,SYM,2
CAU_00359,脉洪滑,CAU,CAUSES,SYM_04437,饮不解渴,SYM,2
CAU_00359,脉洪滑,CAU,CAUSES,SYM_03447,面赤,SYM,2
CAU_00359,脉洪滑,CAU,CAUSES,SYM_03707,恶热,SYM,2
CAU_00123,濡,CAU,CAUSES,SYM_03409,头痛,SYM,2
CAU_00003,脉滑数,CAU,CAUSES,SYM_03526,黄,SYM,6
CAU_00003,脉滑数,CAU,CAUSES,SYM_03600,白,SYM,2
CAU_00003,脉滑数,CAU,CAUSES,SYM_03494,吐,SYM,4
CAU_00001,脉细数,CAU,CAUSES,SYM_03816,舌红绛,SYM,4
CAU_00001,脉细数,CAU,CAUSES,SYM_03664,气粗,SYM,2
CAU_00001,脉细数,CAU,CAUSES,SYM_03541,灼热,SYM,7
CAU_00001,脉细数,CAU,CAUSES,SYM_03947,出血,SYM,2
CAU_00035,不安,CAU,CAUSES,SYM_03434,身热,SYM,2
CAU_00035,不安,CAU,CAUSES,SYM_03419,烦躁,SYM,4
CAU_00033,数,CAU,CAUSES,SYM_03664,气粗,SYM,2
CAU_00033,数,CAU,CAUSES,SYM_03410,口渴,SYM,2
CAU_00033,数,CAU,CAUSES,SYM_03445,汗出,SYM,2
CAU_00033,数,CAU,CAUSES,SYM_03425,头晕,SYM,3
CAU_00033,数,CAU,CAUSES,SYM_03418,心烦,SYM,2
CAU_00194,细弱,CAU,CAUSES,SYM_03417,乏力,SYM,2
CAU_00194,细弱,CAU,CAUSES,SYM_03423,神疲,SYM,2
CAU_00003,脉滑数,CAU,CAUSES,SYM_04717,尿黄赤,SYM,2
CAU_00046,缓,CAU,CAUSES,SYM_03435,寒热,SYM,2
CAU_00046,缓,CAU,CAUSES,SYM_03600,白,SYM,3
CAU_00046,缓,CAU,CAUSES,SYM_03407,发热,SYM,2
CAU_00033,数,CAU,CAUSES,SYM_03435,寒热,SYM,2
CAU_00033,数,CAU,CAUSES,SYM_03419,烦躁,SYM,3
CAU_00033,数,CAU,CAUSES,SYM_03600,白,SYM,2
CAU_00033,数,CAU,CAUSES,SYM_03407,发热,SYM,4
CAU_00050,脉弦细,CAU,CAUSES,SYM_03409,头痛,SYM,2
CAU_00032,脉缓,CAU,CAUSES,SYM_03633,滑,SYM,2
CAU_00080,脉濡数,CAU,CAUSES,SYM_03435,寒热,SYM,2
CAU_00007,脉数,CAU,CAUSES,SYM_03613,谵语,SYM,2
CAU_00046,缓,CAU,CAUSES,SYM_03429,腹胀,SYM,2
CAU_00046,缓,CAU,CAUSES,SYM_03548,舌白,SYM,2
CAU_00115,脱,CAU,CAUSES,SYM_03445,汗出,SYM,2
CAU_00002,脉沉细,CAU,CAUSES,SYM_04206,便泄,SYM,2
CAU_00004,脉弦数,CAU,CAUSES,SYM_03463,苔黄腻,SYM,3
CAU_00169,见鬼状,CAU,CAUSES,SYM_03613,谵语,SYM,3
CAU_00033,数,CAU,CAUSES,SYM_03434,身热,SYM,3
CAU_00033,数,CAU,CAUSES,SYM_03408,舌红,SYM,8
CAU_00054,气逆,CAU,CAUSES,SYM_04852,溺短赤热,SYM,2
CAU_00054,气逆,CAU,CAUSES,SYM_03531,干咳,SYM,2
CAU_00054,气逆,CAU,CAUSES,SYM_04315,渴不思饮,SYM,2
CAU_00054,气逆,CAU,CAUSES,SYM_03595,不宁,SYM,2
CAU_00054,气逆,CAU,CAUSES,SYM_04952,粗如积粉,SYM,2
CAU_00054,气逆,CAU,CAUSES,SYM_05010,肢懈,SYM,2
CAU_00054,气逆,CAU,CAUSES,SYM_03803,烦闷,SYM,2
CAU_00054,气逆,CAU,CAUSES,SYM_05214,饮水即吐,SYM,2
CAU_00054,气逆,CAU,CAUSES,SYM_05234,鼻唇先干,SYM,2
CAU_00054,气逆,CAU,CAUSES,SYM_04465,两边白滑,SYM,2
CAU_00054,气逆,CAU,CAUSES,SYM_04653,大腹满痛,SYM,2
CAU_00054,气逆,CAU,CAUSES,SYM_03623,舌苔,SYM,2
CAU_00054,气逆,CAU,CAUSES,SYM_04485,便泄不爽,SYM,2
CAU_00054,气逆,CAU,CAUSES,SYM_04558,咽喉干痛,SYM,2
CAU_00047,脉浮数,CAU,CAUSES,SYM_03701,咯痰,SYM,3
CAU_00047,脉浮数,CAU,CAUSES,SYM_03412,舌质红,SYM,6
CAU_00047,脉浮数,CAU,CAUSES,SYM_03694,薄黄,SYM,2
CAU_00001,脉细数,CAU,CAUSES,SYM_03874,齿衄,SYM,2
CAU_00001,脉细数,CAU,CAUSES,SYM_03577,鼻衄,SYM,3
CAU_00080,脉濡数,CAU,CAUSES,SYM_03426,胸闷,SYM,3
CAU_00080,脉濡数,CAU,CAUSES,SYM_03429,腹胀,SYM,2
CAU_00080,脉濡数,CAU,CAUSES,SYM_03420,口干,SYM,2
CAU_00080,脉濡数,CAU,CAUSES,SYM_03526,黄,SYM,3
CAU_00080,脉濡数,CAU,CAUSES,SYM_03457,腻,SYM,3
CAU_00080,脉濡数,CAU,CAUSES,SYM_03412,舌质红,SYM,3
CAU_00080,脉濡数,CAU,CAUSES,SYM_03751,不欲饮,SYM,2
CAU_00080,脉濡数,CAU,CAUSES,SYM_03407,发热,SYM,2
CAU_00104,弦数,CAU,CAUSES,SYM_03420,口干,SYM,2
CAU_00104,弦数,CAU,CAUSES,SYM_03526,黄,SYM,2
CAU_00104,弦数,CAU,CAUSES,SYM_03530,尿黄,SYM,2
CAU_00104,弦数,CAU,CAUSES,SYM_03412,舌质红,SYM,2
CAU_00104,弦数,CAU,CAUSES,SYM_03751,不欲饮,SYM,2
CAU_00104,弦数,CAU,CAUSES,SYM_03407,发热,SYM,2
CAU_00011,脉濡,CAU,CAUSES,SYM_03633,滑,SYM,3
CAU_00011,脉濡,CAU,CAUSES,SYM_03550,苔白腻,SYM,2
CAU_00006,脉沉,CAU,CAUSES,SYM_03744,肿痛,SYM,2
CAU_00003,脉滑数,CAU,CAUSES,SYM_03559,红,SYM,7
CAU_00002,脉沉细,CAU,CAUSES,SYM_04756,愈合缓慢,SYM,2
CAU_00002,脉沉细,CAU,CAUSES,SYM_03623,舌苔,SYM,2
CAU_00003,脉滑数,CAU,CAUSES,SYM_03762,灼热疼痛,SYM,2
CAU_00033,数,CAU,CAUSES,SYM_03409,头痛,SYM,4
CAU_00000,脉弦,CAU,CAUSES,SYM_03808,硬,SYM,2
CAU_00006,脉沉,CAU,CAUSES,SYM_03559,红,SYM,3
CAU_00007,脉数,CAU,CAUSES,SYM_03898,微黄,SYM,2
CAU_00004,脉弦数,CAU,CAUSES,SYM_03523,红肿,SYM,4
CAU_00001,脉细数,CAU,CAUSES,SYM_03658,干,SYM,5
CAU_00001,脉细数,CAU,CAUSES,SYM_03559,红,SYM,4
CAU_00001,脉细数,CAU,CAUSES,SYM_03489,壮热,SYM,2
CAU_00001,脉细数,CAU,CAUSES,SYM_03523,红肿,SYM,3
CAU_00002,脉沉细,CAU,CAUSES,SYM_04779,新肉不生,SYM,2
CAU_00001,脉细数,CAU,CAUSES,SYM_03623,舌苔,SYM,2
CAU_00001,脉细数,CAU,CAUSES,SYM_03526,黄,SYM,2
CAU_00017,无力,CAU,CAUSES,SYM_03417,乏力,SYM,7
CAU_00017,无力,CAU,CAUSES,SYM_03537,色淡,SYM,4
CAU_00017,无力,CAU,CAUSES,SYM_03423,神疲,SYM,5
CAU_00017,无力,CAU,CAUSES,SYM_03448,食少,SYM,3
CAU_00017,无力,CAU,CAUSES,SYM_03943,不红,SYM,2
CAU_00017,无力,CAU,CAUSES,SYM_03865,薄,SYM,2
CAU_00017,无力,CAU,CAUSES,SYM_03690,纳差,SYM,2
CAU_00017,无力,CAU,CAUSES,SYM_03538,面色无华,SYM,2
CAU_00017,无力,CAU,CAUSES,SYM_03428,舌质淡,SYM,5
CAU_00017,无力,CAU,CAUSES,SYM_03623,舌苔,SYM,2
CAU_00115,脱,CAU,CAUSES,SYM_03417,乏力,SYM,2
CAU_00115,脱,CAU,CAUSES,SYM_03423,神疲,SYM,2
CAU_00115,脱,CAU,CAUSES,SYM_04158,腐肉,SYM,2
CAU_00281,沉细,CAU,CAUSES,SYM_03423,神疲,SYM,2
CAU_00002,脉沉细,CAU,CAUSES,SYM_03760,清稀,SYM,2
CAU_00004,脉弦数,CAU,CAUSES,SYM_03623,舌苔,SYM,3
CAU_00004,脉弦数,CAU,CAUSES,SYM_03526,黄,SYM,2
CAU_00004,脉弦数,CAU,CAUSES,SYM_03694,薄黄,SYM,4
CAU_00007,脉数,CAU,CAUSES,SYM_03523,红肿,SYM,3
CAU_00003,脉滑数,CAU,CAUSES,SYM_03638,舌苔黄腻,SYM,3
CAU_00000,脉弦,CAU,CAUSES,SYM_03633,滑,SYM,2
CAU_00000,脉弦,CAU,CAUSES,SYM_03661,暗红,SYM,2
CAU_00001,脉细数,CAU,CAUSES,SYM_03943,不红,SYM,2
CAU_00017,无力,CAU,CAUSES,SYM_03420,口干,SYM,2
CAU_00017,无力,CAU,CAUSES,SYM_03412,舌质红,SYM,2
CAU_00017,无力,CAU,CAUSES,SYM_03427,心悸,SYM,4
CAU_00017,无力,CAU,CAUSES,SYM_03437,失眠,SYM,2
CAU_00017,无力,CAU,CAUSES,SYM_03445,汗出,SYM,3
CAU_00033,数,CAU,CAUSES,SYM_03422,疼痛,SYM,2
CAU_00033,数,CAU,CAUSES,SYM_03412,舌质红,SYM,2
CAU_00033,数,CAU,CAUSES,SYM_03694,薄黄,SYM,2
CAU_00047,脉浮数,CAU,CAUSES,SYM_03441,咽干,SYM,3
CAU_00047,脉浮数,CAU,CAUSES,SYM_03495,咽痛,SYM,4
CAU_00017,无力,CAU,CAUSES,SYM_03455,舌淡红,SYM,3
CAU_00004,脉弦数,CAU,CAUSES,SYM_03854,紫红,SYM,2
CAU_00046,缓,CAU,CAUSES,SYM_03415,苔薄白,SYM,2
CAU_00046,缓,CAU,CAUSES,SYM_03713,白腻,SYM,2
CAU_00046,缓,CAU,CAUSES,SYM_03414,苔白,SYM,5
CAU_00046,缓,CAU,CAUSES,SYM_03413,舌淡,SYM,5
CAU_00046,缓,CAU,CAUSES,SYM_03727,关节痛,SYM,2
CAU_00046,缓,CAU,CAUSES,SYM_05166,遇寒加重,SYM,2
CAU_00046,缓,CAU,CAUSES,SYM_03544,小便清长,SYM,2
CAU_00046,缓,CAU,CAUSES,SYM_03432,肢冷,SYM,3
CAU_00022,脉洪数,CAU,CAUSES,SYM_03463,苔黄腻,SYM,2
CAU_00022,脉洪数,CAU,CAUSES,SYM_03477,大便干结,SYM,2
CAU_00123,濡,CAU,CAUSES,SYM_03426,胸闷,SYM,3
CAU_00123,濡,CAU,CAUSES,SYM_03721,酸痛,SYM,3
CAU_00014,脉滑,CAU,CAUSES,SYM_03721,酸痛,SYM,3
CAU_00091,脉细无力,CAU,CAUSES,SYM_03466,面色萎黄,SYM,2
CAU_00091,脉细无力,CAU,CAUSES,SYM_03425,头晕,SYM,2
CAU_00091,脉细无力,CAU,CAUSES,SYM_03591,眼花,SYM,2
CAU_00091,脉细无力,CAU,CAUSES,SYM_03440,气短,SYM,2
CAU_00017,无力,CAU,CAUSES,SYM_03512,倦怠,SYM,4
CAU_00017,无力,CAU,CAUSES,SYM_03452,苔少,SYM,3
CAU_00017,无力,CAU,CAUSES,SYM_03493,烦躁不安,SYM,2
CAU_00289,濡数,CAU,CAUSES,SYM_03426,胸闷,SYM,2
CAU_00289,濡数,CAU,CAUSES,SYM_03638,舌苔黄腻,SYM,2
CAU_00080,脉濡数,CAU,CAUSES,SYM_03463,苔黄腻,SYM,3
CAU_00004,脉弦数,CAU,CAUSES,SYM_03747,舌质偏红,SYM,2
CAU_00050,脉弦细,CAU,CAUSES,SYM_03455,舌淡红,SYM,2
CAU_00050,脉弦细,CAU,CAUSES,SYM_03437,失眠,SYM,2
CAU_00003,脉滑数,CAU,CAUSES,SYM_03542,瘙痒,SYM,2
CAU_00011,脉濡,CAU,CAUSES,SYM_03537,色淡,SYM,2
CAU_00003,脉滑数,CAU,CAUSES,SYM_03744,肿痛,SYM,2
CAU_00004,脉弦数,CAU,CAUSES,SYM_03638,舌苔黄腻,SYM,2
CAU_00001,脉细数,CAU,CAUSES,SYM_05114,舌苔少,SYM,2
CAU_00001,脉细数,CAU,CAUSES,SYM_03567,目眩,SYM,2
CAU_00104,弦数,CAU,CAUSES,SYM_03541,灼热,SYM,2
CAU_00004,脉弦数,CAU,CAUSES,SYM_03948,剧痛,SYM,2
CAU_00004,脉弦数,CAU,CAUSES,SYM_03897,局部红肿,SYM,2
CAU_00004,脉弦数,CAU,CAUSES,SYM_03712,溃烂,SYM,2
CAU_00004,脉弦数,CAU,CAUSES,SYM_04198,不畅,SYM,2
CAU_00004,脉弦数,CAU,CAUSES,SYM_04403,色深红,SYM,2
CAU_00163,脉缓弱,CAU,CAUSES,SYM_03440,气短,SYM,2
CAU_00163,脉缓弱,CAU,CAUSES,SYM_03466,面色萎黄,SYM,2
CAU_00163,脉缓弱,CAU,CAUSES,SYM_03449,便溏,SYM,2
CAU_00163,脉缓弱,CAU,CAUSES,SYM_03415,苔薄白,SYM,2
CAU_00163,脉缓弱,CAU,CAUSES,SYM_03423,神疲,SYM,2
CAU_00163,脉缓弱,CAU,CAUSES,SYM_03622,舌淡胖,SYM,2
CAU_00163,脉缓弱,CAU,CAUSES,SYM_03537,色淡,SYM,2
CAU_00163,脉缓弱,CAU,CAUSES,SYM_03755,小腹空坠,SYM,2
CAU_00163,脉缓弱,CAU,CAUSES,SYM_03461,懒言,SYM,2
CAU_00163,脉缓弱,CAU,CAUSES,SYM_03715,纳少,SYM,2
CAU_00163,脉缓弱,CAU,CAUSES,SYM_03760,清稀,SYM,2
CAU_00050,脉弦细,CAU,CAUSES,SYM_03414,苔白,SYM,2
CAU_00050,脉弦细,CAU,CAUSES,SYM_03413,舌淡,SYM,2
CAU_00050,脉弦细,CAU,CAUSES,SYM_03433,腰膝酸软,SYM,4
CAU_00050,脉弦细,CAU,CAUSES,SYM_03597,乳房胀痛,SYM,2
CAU_00000,脉弦,CAU,CAUSES,SYM_03924,经行不畅,SYM,2
CAU_00000,脉弦,CAU,CAUSES,SYM_03841,少腹胀痛,SYM,3
CAU_00000,脉弦,CAU,CAUSES,SYM_04173,色黯红,SYM,2
CAU_00000,脉弦,CAU,CAUSES,SYM_03737,有血块,SYM,3
CAU_00070,脉弦涩,CAU,CAUSES,SYM_03924,经行不畅,SYM,3
CAU_00070,脉弦涩,CAU,CAUSES,SYM_03552,刺痛,SYM,4
CAU_00070,脉弦涩,CAU,CAUSES,SYM_05130,色紫黑,SYM,2
CAU_00070,脉弦涩,CAU,CAUSES,SYM_03737,有血块,SYM,4
CAU_00070,脉弦涩,CAU,CAUSES,SYM_03966,小腹疼痛拒按,SYM,4
CAU_00003,脉滑数,CAU,CAUSES,SYM_03641,色鲜红,SYM,2
CAU_00091,脉细无力,CAU,CAUSES,SYM_03415,苔薄白,SYM,2
CAU_00161,脉沉弦,CAU,CAUSES,SYM_04404,色紫黯,SYM,2
CAU_00161,脉沉弦,CAU,CAUSES,SYM_03479,瘀点,SYM,3
CAU_00279,沉弦,CAU,CAUSES,SYM_04173,色黯红,SYM,2
CAU_00006,脉沉,CAU,CAUSES,SYM_03537,色淡,SYM,2
CAU_00010,脉细弱,CAU,CAUSES,SYM_03591,眼花,SYM,3
CAU_00010,脉细弱,CAU,CAUSES,SYM_03537,色淡,SYM,5
CAU_00010,脉细弱,CAU,CAUSES,SYM_03690,纳差,SYM,2
CAU_00010,脉细弱,CAU,CAUSES,SYM_03590,少气懒言,SYM,2
CAU_00010,脉细弱,CAU,CAUSES,SYM_03868,质稀,SYM,3
CAU_00050,脉弦细,CAU,CAUSES,SYM_03430,耳鸣,SYM,3
CAU_00050,脉弦细,CAU,CAUSES,SYM_03415,苔薄白,SYM,3
CAU_00050,脉弦细,CAU,CAUSES,SYM_03646,两目干涩,SYM,2
CAU_00050,脉弦细,CAU,CAUSES,SYM_03521,口干咽燥,SYM,2
CAU_00017,无力,CAU,CAUSES,SYM_03440,气短,SYM,3
CAU_00017,无力,CAU,CAUSES,SYM_03449,便溏,SYM,4
CAU_00017,无力,CAU,CAUSES,SYM_03654,头昏,SYM,2
CAU_00017,无力,CAU,CAUSES,SYM_03415,苔薄白,SYM,5
CAU_00017,无力,CAU,CAUSES,SYM_03475,面色白,SYM,3
CAU_00017,无力,CAU,CAUSES,SYM_03565,神倦,SYM,2
CAU_00017,无力,CAU,CAUSES,SYM_04400,舌质偏淡,SYM,2
CAU_00017,无力,CAU,CAUSES,SYM_03461,懒言,SYM,3
CAU_00003,脉滑数,CAU,CAUSES,SYM_03815,臭秽,SYM,4
CAU_00070,脉弦涩,CAU,CAUSES,SYM_03551,面色晦暗,SYM,2
CAU_00001,脉细数,CAU,CAUSES,SYM_03722,量少,SYM,4
CAU_00001,脉细数,CAU,CAUSES,SYM_03641,色鲜红,SYM,4
CAU_00001,脉细数,CAU,CAUSES,SYM_03869,质稠,SYM,3
CAU_00039,脉细弦,CAU,CAUSES,SYM_03841,少腹胀痛,SYM,2
CAU_00039,脉细弦,CAU,CAUSES,SYM_04361,经间期出血,SYM,2
CAU_00033,数,CAU,CAUSES,SYM_05155,质黏稠,SYM,2
CAU_00033,数,CAU,CAUSES,SYM_03426,胸闷,SYM,4
CAU_00033,数,CAU,CAUSES,SYM_03423,神疲,SYM,2
CAU_00001,脉细数,CAU,CAUSES,SYM_03640,色红,SYM,5
CAU_00033,数,CAU,CAUSES,SYM_03415,苔薄白,SYM,2
CAU_00017,无力,CAU,CAUSES,SYM_03430,耳鸣,SYM,3
CAU_00017,无力,CAU,CAUSES,SYM_03433,腰膝酸软,SYM,4
CAU_00017,无力,CAU,CAUSES,SYM_03425,头晕,SYM,5
CAU_00017,无力,CAU,CAUSES,SYM_03497,面色少华,SYM,6
CAU_00017,无力,CAU,CAUSES,SYM_03849,淡,SYM,2
CAU_00132,脉沉弱,CAU,CAUSES,SYM_03430,耳鸣,SYM,2
CAU_00132,脉沉弱,CAU,CAUSES,SYM_03425,头晕,SYM,2
CAU_00132,脉沉弱,CAU,CAUSES,SYM_03551,面色晦暗,SYM,2
CAU_00046,缓,CAU,CAUSES,SYM_03466,面色萎黄,SYM,3
CAU_00046,缓,CAU,CAUSES,SYM_03423,神疲,SYM,3
CAU_00046,缓,CAU,CAUSES,SYM_03537,色淡,SYM,3
CAU_00046,缓,CAU,CAUSES,SYM_03865,薄,SYM,2
CAU_00046,缓,CAU,CAUSES,SYM_03868,质稀,SYM,2
CAU_00046,缓,CAU,CAUSES,SYM_03440,气短,SYM,2
CAU_00194,细弱,CAU,CAUSES,SYM_03466,面色萎黄,SYM,2
CAU_00194,细弱,CAU,CAUSES,SYM_03413,舌淡,SYM,2
CAU_00017,无力,CAU,CAUSES,SYM_03466,面色萎黄,SYM,3
CAU_00017,无力,CAU,CAUSES,SYM_03722,量少,SYM,2
CAU_00017,无力,CAU,CAUSES,SYM_03408,舌红,SYM,2
CAU_00169,见鬼状,CAU,CAUSES,SYM_03407,发热,SYM,2
CAU_00046,缓,CAU,CAUSES,SYM_03417,乏力,SYM,3
CAU_00046,缓,CAU,CAUSES,SYM_03449,便溏,SYM,2
CAU_00001,脉细数,CAU,CAUSES,SYM_04463,两乳作胀,SYM,2
CAU_00072,虚热,CAU,CAUSES,SYM_04010,胸膈,SYM,2
CAU_00072,虚热,CAU,CAUSES,SYM_04762,手足壮热,SYM,2
CAU_00070,脉弦涩,CAU,CAUSES,SYM_03601,胀痛,SYM,2
CAU_00010,脉细弱,CAU,CAUSES,SYM_04170,色淡红,SYM,2
CAU_00010,脉细弱,CAU,CAUSES,SYM_03760,清稀,SYM,2
CAU_00017,无力,CAU,CAUSES,SYM_03947,出血,SYM,2
CAU_00017,无力,CAU,CAUSES,SYM_03868,质稀,SYM,2
CAU_00000,脉弦,CAU,CAUSES,SYM_03722,量少,SYM,2
CAU_00101,脉弦细数,CAU,CAUSES,SYM_03598,口苦咽干,SYM,2
CAU_00004,脉弦数,CAU,CAUSES,SYM_03674,量多,SYM,2
CAU_00001,脉细数,CAU,CAUSES,SYM_04054,剥,SYM,2
CAU_00050,脉弦细,CAU,CAUSES,SYM_03752,不舒,SYM,2
CAU_00033,数,CAU,CAUSES,SYM_03543,脉弦滑,SYM,3
CAU_00035,不安,CAU,CAUSES,SYM_03412,舌质红,SYM,2
CAU_00014,脉滑,CAU,CAUSES,SYM_03674,量多,SYM,2
CAU_00219,脉细滑数,CAU,CAUSES,SYM_03465,手足心热,SYM,2
CAU_00219,脉细滑数,CAU,CAUSES,SYM_03521,口干咽燥,SYM,2
CAU_00358,脉沉迟,CAU,CAUSES,SYM_03553,四肢不温,SYM,2
CAU_00358,脉沉迟,CAU,CAUSES,SYM_03414,苔白,SYM,2
CAU_00017,无力,CAU,CAUSES,SYM_03570,食欲不振,SYM,2
CAU_00017,无力,CAU,CAUSES,SYM_03414,苔白,SYM,8
CAU_00017,无力,CAU,CAUSES,SYM_03460,面色苍白,SYM,5
CAU_00017,无力,CAU,CAUSES,SYM_03553,四肢不温,SYM,4
CAU_00017,无力,CAU,CAUSES,SYM_03622,舌淡胖,SYM,2
CAU_00033,数,CAU,CAUSES,SYM_03800,昏不知人,SYM,2
CAU_00050,脉弦细,CAU,CAUSES,SYM_03408,舌红,SYM,3
CAU_00050,脉弦细,CAU,CAUSES,SYM_03847,时作时止,SYM,2
CAU_00033,数,CAU,CAUSES,SYM_03463,苔黄腻,SYM,2
CAU_00000,脉弦,CAU,CAUSES,SYM_05127,色暗红,SYM,2
CAU_00070,脉弦涩,CAU,CAUSES,SYM_04172,色紫暗,SYM,2
CAU_00010,脉细弱,CAU,CAUSES,SYM_03606,低热,SYM,2
CAU_00133,脉浮紧,CAU,CAUSES,SYM_03424,恶寒,SYM,2
CAU_00133,脉浮紧,CAU,CAUSES,SYM_03421,咳嗽,SYM,2
CAU_00047,脉浮数,CAU,CAUSES,SYM_03507,苔薄黄,SYM,10
CAU_00047,脉浮数,CAU,CAUSES,SYM_03408,舌红,SYM,4
CAU_00047,脉浮数,CAU,CAUSES,SYM_03758,恶风寒,SYM,3
CAU_00033,数,CAU,CAUSES,SYM_03420,口干,SYM,2
CAU_00017,无力,CAU,CAUSES,SYM_03432,肢冷,SYM,4
CAU_00017,无力,CAU,CAUSES,SYM_03413,舌淡,SYM,10
CAU_00017,无力,CAU,CAUSES,SYM_03459,畏寒,SYM,3
CAU_00033,数,CAU,CAUSES,SYM_03452,苔少,SYM,2
CAU_00070,脉弦涩,CAU,CAUSES,SYM_03426,胸闷,SYM,2
CAU_00001,脉细数,CAU,CAUSES,SYM_03818,虚烦,SYM,4
CAU_00001,脉细数,CAU,CAUSES,SYM_03787,啼哭,SYM,2
CAU_00001,脉细数,CAU,CAUSES,SYM_03726,不渴,SYM,2
CAU_00003,脉滑数,CAU,CAUSES,SYM_05229,黏膜红赤,SYM,2
CAU_00003,脉滑数,CAU,CAUSES,SYM_03507,苔薄黄,SYM,2
CAU_00003,脉滑数,CAU,CAUSES,SYM_03787,啼哭,SYM,3
CAU_00003,脉滑数,CAU,CAUSES,SYM_04523,口舌白屑堆积,SYM,2
CAU_00001,脉细数,CAU,CAUSES,SYM_03703,唇红,SYM,2
CAU_00001,脉细数,CAU,CAUSES,SYM_03689,糜烂,SYM,2
CAU_00001,脉细数,CAU,CAUSES,SYM_03609,指纹紫,SYM,2
CAU_00001,脉细数,CAU,CAUSES,SYM_03447,面赤,SYM,2
CAU_00007,脉数,CAU,CAUSES,SYM_03725,鲜红,SYM,2
CAU_00007,脉数,CAU,CAUSES,SYM_03526,黄,SYM,4
CAU_00001,脉细数,CAU,CAUSES,SYM_04330,疼痛不显,SYM,3
CAU_00047,脉浮数,CAU,CAUSES,SYM_03478,恶风,SYM,2
CAU_00001,脉细数,CAU,CAUSES,SYM_04088,小便黄少,SYM,3
CAU_00001,脉细数,CAU,CAUSES,SYM_03837,大便干,SYM,2
CAU_00001,脉细数,CAU,CAUSES,SYM_04303,有异物感,SYM,2
CAU_00001,脉细数,CAU,CAUSES,SYM_04563,咽痒微痛不适,SYM,2
CAU_00001,脉细数,CAU,CAUSES,SYM_04498,午后低热,SYM,2
CAU_00001,脉细数,CAU,CAUSES,SYM_04565,咽部干燥,SYM,2
CAU_00022,脉洪数,CAU,CAUSES,SYM_03526,黄,SYM,3
CAU_00047,脉浮数,CAU,CAUSES,SYM_03541,灼热,SYM,2
CAU_00047,脉浮数,CAU,CAUSES,SYM_03821,颌下淋巴结肿大压痛,SYM,2
CAU_00047,脉浮数,CAU,CAUSES,SYM_04538,周围黏膜红肿,SYM,2
CAU_00047,脉浮数,CAU,CAUSES,SYM_03615,吞咽困难,SYM,2
CAU_00133,脉浮紧,CAU,CAUSES,SYM_04118,气塞不通,SYM,2
CAU_00133,脉浮紧,CAU,CAUSES,SYM_05017,肿大如李,SYM,2
CAU_00243,六脉弦数,CAU,CAUSES,SYM_03435,寒热,SYM,2
CAU_00173,六脉浮数,CAU,CAUSES,SYM_03434,身热,SYM,2
CAU_00173,六脉浮数,CAU,CAUSES,SYM_03532,恶心,SYM,2
CAU_00244,六脉弦紧,CAU,CAUSES,SYM_04963,红肿烂斑大痛,SYM,2
CAU_00003,脉滑数,CAU,CAUSES,SYM_03711,泻,SYM,2
CAU_00003,脉滑数,CAU,CAUSES,SYM_03774,酸臭,SYM,3
CAU_00003,脉滑数,CAU,CAUSES,SYM_03783,厚腻,SYM,2
CAU_00112,脉洪大,CAU,CAUSES,SYM_03858,腹中痛,SYM,2
CAU_00112,脉洪大,CAU,CAUSES,SYM_03828,口吐涎沫,SYM,2
CAU_00112,脉洪大,CAU,CAUSES,SYM_03475,面色白,SYM,2
CAU_00035,不安,CAU,CAUSES,SYM_03624,不思乳食,SYM,2
CAU_00035,不安,CAU,CAUSES,SYM_03516,脘腹胀满,SYM,2
CAU_00035,不安,CAU,CAUSES,SYM_03455,舌淡红,SYM,2
CAU_00035,不安,CAU,CAUSES,SYM_03443,呕吐,SYM,2
CAU_00035,不安,CAU,CAUSES,SYM_03411,腹痛,SYM,2
CAU_00035,不安,CAU,CAUSES,SYM_03631,泻后痛减,SYM,2
CAU_00035,不安,CAU,CAUSES,SYM_03533,指纹紫滞,SYM,2
CAU_00035,不安,CAU,CAUSES,SYM_03787,啼哭,SYM,2
CAU_00035,不安,CAU,CAUSES,SYM_03898,微黄,SYM,2
CAU_00002,脉沉细,CAU,CAUSES,SYM_03600,白,SYM,2
CAU_00360,脉滑有力,CAU,CAUSES,SYM_03411,腹痛,SYM,2
CAU_00017,无力,CAU,CAUSES,SYM_03711,泻,SYM,2
CAU_00017,无力,CAU,CAUSES,SYM_03704,大便稀薄,SYM,3
CAU_00017,无力,CAU,CAUSES,SYM_03454,纳呆,SYM,3
CAU_00005,脉细,CAU,CAUSES,SYM_04280,形体偏瘦,SYM,2
CAU_00005,脉细,CAU,CAUSES,SYM_03845,指纹淡红,SYM,2
CAU_00005,脉细,CAU,CAUSES,SYM_04029,软,SYM,3
CAU_00037,神疲,CAU,CAUSES,SYM_03415,苔薄白,SYM,3
CAU_00037,神疲,CAU,CAUSES,SYM_03512,倦怠,SYM,4
CAU_00037,神疲,CAU,CAUSES,SYM_03845,指纹淡红,SYM,3
CAU_00037,神疲,CAU,CAUSES,SYM_04029,软,SYM,2
CAU_00037,神疲,CAU,CAUSES,SYM_03497,面色少华,SYM,4
CAU_00037,神疲,CAU,CAUSES,SYM_03590,少气懒言,SYM,3
CAU_00003,脉滑数,CAU,CAUSES,SYM_03751,不欲饮,SYM,3
CAU_00037,神疲,CAU,CAUSES,SYM_03466,面色萎黄,SYM,2
CAU_00037,神疲,CAU,CAUSES,SYM_03499,形体消瘦,SYM,2
CAU_00005,脉细,CAU,CAUSES,SYM_03600,白,SYM,2
CAU_00017,无力,CAU,CAUSES,SYM_03600,白,SYM,2
CAU_00017,无力,CAU,CAUSES,SYM_03592,精神萎靡,SYM,2
CAU_00007,脉数,CAU,CAUSES,SYM_03641,色鲜红,SYM,2
CAU_00007,脉数,CAU,CAUSES,SYM_03658,干,SYM,3
CAU_00047,脉浮数,CAU,CAUSES,SYM_04815,有痒感,SYM,2
CAU_00047,脉浮数,CAU,CAUSES,SYM_03687,皮肤紫斑,SYM,2
CAU_00047,脉浮数,CAU,CAUSES,SYM_03411,腹痛,SYM,2
CAU_00047,脉浮数,CAU,CAUSES,SYM_03725,鲜红,SYM,2
CAU_00047,脉浮数,CAU,CAUSES,SYM_03517,便血,SYM,2
CAU_00047,脉浮数,CAU,CAUSES,SYM_03577,鼻衄,SYM,2
CAU_00047,脉浮数,CAU,CAUSES,SYM_03679,尿血,SYM,2
CAU_00007,脉数,CAU,CAUSES,SYM_03463,苔黄腻,SYM,3
CAU_00007,脉数,CAU,CAUSES,SYM_04350,神志昏迷,SYM,2
CAU_00017,无力,CAU,CAUSES,SYM_03845,指纹淡红,SYM,3
CAU_00017,无力,CAU,CAUSES,SYM_03462,抽搐,SYM,3
CAU_00035,不安,CAU,CAUSES,SYM_03801,易惊,SYM,2
CAU_00035,不安,CAU,CAUSES,SYM_03588,四肢抽搐,SYM,2
CAU_00003,脉滑数,CAU,CAUSES,SYM_04112,持续高热,SYM,2
CAU_00017,无力,CAU,CAUSES,SYM_04140,睡眠不宁,SYM,2
CAU_00037,神疲,CAU,CAUSES,SYM_03417,乏力,SYM,10
CAU_00037,神疲,CAU,CAUSES,SYM_03704,大便稀薄,SYM,2
CAU_00037,神疲,CAU,CAUSES,SYM_03414,苔白,SYM,3
CAU_00037,神疲,CAU,CAUSES,SYM_03433,腰膝酸软,SYM,2
CAU_00037,神疲,CAU,CAUSES,SYM_03413,舌淡,SYM,10
CAU_00037,神疲,CAU,CAUSES,SYM_03425,头晕,SYM,3
CAU_00037,神疲,CAU,CAUSES,SYM_03538,面色无华,SYM,3
CAU_00091,脉细无力,CAU,CAUSES,SYM_03417,乏力,SYM,2
CAU_00071,脉虚弱,CAU,CAUSES,SYM_03549,舌苔薄白,SYM,2
CAU_00037,神疲,CAU,CAUSES,SYM_03971,形体虚胖,SYM,2
CAU_00037,神疲,CAU,CAUSES,SYM_03438,盗汗,SYM,2
CAU_00037,神疲,CAU,CAUSES,SYM_03428,舌质淡,SYM,2
CAU_00037,神疲,CAU,CAUSES,SYM_03431,自汗,SYM,2
CAU_00220,脉细软,CAU,CAUSES,SYM_03413,舌淡,SYM,3
CAU_00091,脉细无力,CAU,CAUSES,SYM_04081,头颅方大,SYM,2
CAU_00091,脉细无力,CAU,CAUSES,SYM_03767,肢软,SYM,2
CAU_00091,脉细无力,CAU,CAUSES,SYM_03452,苔少,SYM,2
CAU_00091,脉细无力,CAU,CAUSES,SYM_03519,多汗,SYM,2
CAU_00037,神疲,CAU,CAUSES,SYM_03818,虚烦,SYM,2
CAU_00037,神疲,CAU,CAUSES,SYM_03452,苔少,SYM,3
CAU_00037,神疲,CAU,CAUSES,SYM_03454,纳呆,SYM,2
CAU_00037,神疲,CAU,CAUSES,SYM_03487,面白,SYM,2
CAU_00037,神疲,CAU,CAUSES,SYM_03519,多汗,SYM,3
CAU_00017,无力,CAU,CAUSES,SYM_03971,形体虚胖,SYM,2
CAU_00017,无力,CAU,CAUSES,SYM_04363,肌肉松软,SYM,2
CAU_00017,无力,CAU,CAUSES,SYM_03519,多汗,SYM,3
CAU_00220,脉细软,CAU,CAUSES,SYM_03415,苔薄白,SYM,2
CAU_00220,脉细软,CAU,CAUSES,SYM_03971,形体虚胖,SYM,2
CAU_00220,脉细软,CAU,CAUSES,SYM_04363,肌肉松软,SYM,2
CAU_00220,脉细软,CAU,CAUSES,SYM_03519,多汗,SYM,2
CAU_00037,神疲,CAU,CAUSES,SYM_03460,面色苍白,SYM,2
CAU_00017,无力,CAU,CAUSES,SYM_03439,苔薄,SYM,2
CAU_00176,夜卧不安,CAU,CAUSES,SYM_03408,舌红,SYM,2
CAU_00037,神疲,CAU,CAUSES,SYM_03455,舌淡红,SYM,2
CAU_00037,神疲,CAU,CAUSES,SYM_04252,夜间遗尿,SYM,2
CAU_00037,神疲,CAU,CAUSES,SYM_03496,大便溏薄,SYM,2
CAU_00017,无力,CAU,CAUSES,SYM_03544,小便清长,SYM,2
CAU_00037,神疲,CAU,CAUSES,SYM_03432,肢冷,SYM,3
CAU_00037,神疲,CAU,CAUSES,SYM_03544,小便清长,SYM,3
CAU_00022,脉洪数,CAU,CAUSES,SYM_03791,坚硬,SYM,2
CAU_00022,脉洪数,CAU,CAUSES,SYM_03639,舌质红绛,SYM,3
CAU_00022,脉洪数,CAU,CAUSES,SYM_03772,苔黄燥,SYM,2
CAU_00007,脉数,CAU,CAUSES,SYM_03507,苔薄黄,SYM,2
CAU_00047,脉浮数,CAU,CAUSES,SYM_03523,红肿,SYM,2
CAU_00046,缓,CAU,CAUSES,SYM_04026,身倦,SYM,2
CAU_00046,缓,CAU,CAUSES,SYM_03999,粗糙,SYM,2
CAU_00046,缓,CAU,CAUSES,SYM_04137,皮肤增厚,SYM,2
CAU_00046,缓,CAU,CAUSES,SYM_03994,皲裂,SYM,2
CAU_00046,缓,CAU,CAUSES,SYM_03690,纳差,SYM,2
CAU_00046,缓,CAU,CAUSES,SYM_03428,舌质淡,SYM,2
CAU_00046,缓,CAU,CAUSES,SYM_04445,上覆痂皮或鳞屑,SYM,2
CAU_00005,脉细,CAU,CAUSES,SYM_04026,身倦,SYM,2
CAU_00005,脉细,CAU,CAUSES,SYM_03999,粗糙,SYM,2
CAU_00005,脉细,CAU,CAUSES,SYM_04137,皮肤增厚,SYM,2
CAU_00005,脉细,CAU,CAUSES,SYM_03994,皲裂,SYM,2
CAU_00005,脉细,CAU,CAUSES,SYM_03690,纳差,SYM,2
CAU_00005,脉细,CAU,CAUSES,SYM_04445,上覆痂皮或鳞屑,SYM,2
CAU_00007,脉数,CAU,CAUSES,SYM_03414,苔白,SYM,2
CAU_00007,脉数,CAU,CAUSES,SYM_03639,舌质红绛,SYM,2
CAU_00037,神疲,CAU,CAUSES,SYM_03408,舌红,SYM,2
CAU_00037,神疲,CAU,CAUSES,SYM_04303,有异物感,SYM,2
CAU_00037,神疲,CAU,CAUSES,SYM_04814,有少许脓液,SYM,2
CAU_00022,脉洪数,CAU,CAUSES,SYM_03523,红肿,SYM,3
CAU_00007,脉数,CAU,CAUSES,SYM_05139,苔黄或黄厚,SYM,2
CAU_00007,脉数,CAU,CAUSES,SYM_04624,声门区红肿显着,SYM,2
CAU_00007,脉数,CAU,CAUSES,SYM_04556,咽喉堵塞,SYM,2
CAU_00007,脉数,CAU,CAUSES,SYM_03990,痰涎壅盛,SYM,2
CAU_00007,脉数,CAU,CAUSES,SYM_04119,汤水难下,SYM,2
CAU_00007,脉数,CAU,CAUSES,SYM_03607,呼吸困难,SYM,2
CAU_00007,脉数,CAU,CAUSES,SYM_03784,吞咽不利,SYM,2
CAU_00007,脉数,CAU,CAUSES,SYM_04562,咽喉肿胀疼痛,SYM,2
CAU_00007,脉数,CAU,CAUSES,SYM_03478,恶风,SYM,2
CAU_00007,脉数,CAU,CAUSES,SYM_04226,咽喉紧涩,SYM,2
CAU_00007,脉数,CAU,CAUSES,SYM_04411,语言不清,SYM,2
CAU_00007,脉数,CAU,CAUSES,SYM_04560,咽喉粘膜呈鲜红或紫红色,SYM,2
CAU_00008,脉浮,CAU,CAUSES,SYM_04589,喉关无红肿,SYM,2
CAU_00008,脉浮,CAU,CAUSES,SYM_04813,有咽喉微痛,SYM,2
CAU_00008,脉浮,CAU,CAUSES,SYM_04559,咽喉憋闷,SYM,2
CAU_00008,脉浮,CAU,CAUSES,SYM_03827,口不渴,SYM,2
CAU_00008,脉浮,CAU,CAUSES,SYM_04477,会厌可明显肿胀甚至如球状,SYM,2
CAU_00008,脉浮,CAU,CAUSES,SYM_04625,声门处粘膜苍白水肿,SYM,2
CAU_00008,脉浮,CAU,CAUSES,SYM_03607,呼吸困难,SYM,2
CAU_00008,脉浮,CAU,CAUSES,SYM_04626,声音不扬,SYM,2
CAU_00008,脉浮,CAU,CAUSES,SYM_03784,吞咽不利,SYM,2
CAU_00008,脉浮,CAU,CAUSES,SYM_03612,舌苔白,SYM,2
CAU_00077,脉实,CAU,CAUSES,SYM_05131,色艳红,SYM,2
CAU_00216,脉数有力,CAU,CAUSES,SYM_03416,苔黄,SYM,3
CAU_00216,脉数有力,CAU,CAUSES,SYM_03408,舌红,SYM,2
CAU_00216,脉数有力,CAU,CAUSES,SYM_03436,便秘,SYM,3
CAU_00216,脉数有力,CAU,CAUSES,SYM_03982,溲赤,SYM,2
CAU_00216,脉数有力,CAU,CAUSES,SYM_03422,疼痛,SYM,2
CAU_00216,脉数有力,CAU,CAUSES,SYM_03598,口苦咽干,SYM,2
CAU_00123,濡,CAU,CAUSES,SYM_04812,有压痛感,SYM,2
CAU_00123,濡,CAU,CAUSES,SYM_03684,流泪,SYM,2
CAU_00123,濡,CAU,CAUSES,SYM_04965,纳减,SYM,2
CAU_00123,濡,CAU,CAUSES,SYM_03925,羞明,SYM,2
CAU_00123,濡,CAU,CAUSES,SYM_03673,视物不清,SYM,2
CAU_00123,濡,CAU,CAUSES,SYM_05011,肢节肿胀,SYM,2
CAU_00123,濡,CAU,CAUSES,SYM_04347,眼珠胀闷而疼,SYM,2
CAU_00123,濡,CAU,CAUSES,SYM_05117,舌苔白厚或腻,SYM,2
CAU_00014,脉滑,CAU,CAUSES,SYM_04812,有压痛感,SYM,2
CAU_00014,脉滑,CAU,CAUSES,SYM_03684,流泪,SYM,2
CAU_00014,脉滑,CAU,CAUSES,SYM_04965,纳减,SYM,2
CAU_00014,脉滑,CAU,CAUSES,SYM_03925,羞明,SYM,2
CAU_00014,脉滑,CAU,CAUSES,SYM_03673,视物不清,SYM,2
CAU_00014,脉滑,CAU,CAUSES,SYM_05011,肢节肿胀,SYM,2
CAU_00014,脉滑,CAU,CAUSES,SYM_04347,眼珠胀闷而疼,SYM,2
CAU_00014,脉滑,CAU,CAUSES,SYM_05117,舌苔白厚或腻,SYM,2
CAU_00001,脉细数,CAU,CAUSES,SYM_03684,流泪,SYM,2
CAU_00001,脉细数,CAU,CAUSES,SYM_03686,畏光,SYM,2
CAU_00001,脉细数,CAU,CAUSES,SYM_04139,眼感酸痛,SYM,2
CAU_00001,脉细数,CAU,CAUSES,SYM_04178,视物欠清,SYM,2
CAU_00001,脉细数,CAU,CAUSES,SYM_04489,全身症可见口咽干燥,SYM,2
CAU_00001,脉细数,CAU,CAUSES,SYM_05142,血丝色偏紫暗,SYM,2
CAU_00001,脉细数,CAU,CAUSES,SYM_04614,四周有轻度肿胀,SYM,2
CAU_00001,脉细数,CAU,CAUSES,SYM_04768,抱轮微红,SYM,2
CAU_00004,脉弦数,CAU,CAUSES,SYM_04943,神水混浊,SYM,2
CAU_00050,脉弦细,CAU,CAUSES,SYM_03416,苔黄,SYM,2
CAU_00037,神疲,CAU,CAUSES,SYM_03448,食少,SYM,3
CAU_00101,脉弦细数,CAU,CAUSES,SYM_03425,头晕,SYM,2
